city,country,latitude,longitude,timestamp_utc,aqi,co,no,no2,o3,so2,pm25,pm10,nh3
Berlin,DE,52.52,13.405,2026-04-26 16:00:00+00:00,3,132.85,0.29,2.13,102.84,0.82,1.85,3.01,8.23
Berlin,DE,52.52,13.405,2026-04-26 17:00:00+00:00,2,138.58,0.28,4.51,90.83,1.01,2.17,3.49,13.6
Berlin,DE,52.52,13.405,2026-04-26 18:00:00+00:00,2,144.52,0.07,6.5,81.48,1.17,2.33,3.8,18.0
Berlin,DE,52.52,13.405,2026-04-26 19:00:00+00:00,2,149.01,0.0,7.49,73.99,1.23,2.5,4.08,22.12
Berlin,DE,52.52,13.405,2026-04-26 20:00:00+00:00,2,154.46,0.0,8.24,67.74,1.23,2.76,4.43,25.66
Berlin,DE,52.52,13.405,2026-04-26 21:00:00+00:00,2,159.14,0.0,8.81,62.78,1.14,3.09,4.81,28.17
Berlin,DE,52.52,13.405,2026-04-26 22:00:00+00:00,1,160.32,0.0,9.02,57.07,0.9,3.48,5.23,29.69
Berlin,DE,52.52,13.405,2026-04-26 23:00:00+00:00,1,164.34,0.0,9.56,50.2,0.72,4.05,5.93,30.07
Berlin,DE,52.52,13.405,2026-04-27 00:00:00+00:00,1,168.12,0.0,9.94,44.25,0.63,4.7,6.76,28.53
Berlin,DE,52.52,13.405,2026-04-27 01:00:00+00:00,1,169.88,0.0,10.12,38.83,0.57,5.34,7.54,26.39
Berlin,DE,52.52,13.405,2026-04-27 02:00:00+00:00,1,173.23,0.0,10.29,34.61,0.56,5.94,8.32,23.82
Berlin,DE,52.52,13.405,2026-04-27 03:00:00+00:00,1,177.43,0.01,10.59,30.94,0.61,6.48,9.02,23.21
Berlin,DE,52.52,13.405,2026-04-27 04:00:00+00:00,1,179.06,0.02,11.14,27.25,0.69,6.87,9.52,22.67
Berlin,DE,52.52,13.405,2026-04-27 05:00:00+00:00,1,184.41,0.62,12.56,23.53,0.88,7.39,10.16,18.88
Berlin,DE,52.52,13.405,2026-04-27 06:00:00+00:00,1,193.19,3.87,11.65,23.88,1.06,7.94,10.82,17.26
Berlin,DE,52.52,13.405,2026-04-27 07:00:00+00:00,1,195.4,5.86,10.4,29.81,1.29,8.45,11.18,19.98
Berlin,DE,52.52,13.405,2026-04-27 08:00:00+00:00,1,196.69,7.26,9.59,30.58,1.47,8.94,11.63,23.34
Berlin,DE,52.52,13.405,2026-04-27 09:00:00+00:00,1,196.33,7.73,9.25,32.7,1.74,9.74,12.39,24.28
Berlin,DE,52.52,13.405,2026-04-27 10:00:00+00:00,3,141.57,0.87,3.17,106.85,1.99,5.36,6.48,7.52
Berlin,DE,52.52,13.405,2026-04-27 11:00:00+00:00,3,133.56,0.39,1.61,118.35,1.51,4.56,5.49,5.79
Berlin,DE,52.52,13.405,2026-04-27 12:00:00+00:00,3,131.54,0.28,1.25,122.5,1.42,4.78,5.7,5.81
Berlin,DE,52.52,13.405,2026-04-27 13:00:00+00:00,3,131.73,0.23,1.12,126.23,1.41,5.26,6.21,6.1
Berlin,DE,52.52,13.405,2026-04-27 14:00:00+00:00,3,131.44,0.2,1.15,127.84,1.42,5.73,6.74,6.61
Berlin,DE,52.52,13.405,2026-04-27 15:00:00+00:00,3,131.54,0.19,1.35,127.79,1.44,6.06,7.14,7.21
Berlin,DE,52.52,13.405,2026-04-27 16:00:00+00:00,3,135.43,0.27,2.81,120.99,1.53,6.51,7.78,10.08
Berlin,DE,52.52,13.405,2026-04-27 17:00:00+00:00,3,142.61,0.26,5.4,108.32,1.68,6.97,8.52,14.58
Berlin,DE,52.52,13.405,2026-04-27 18:00:00+00:00,2,149.76,0.07,7.54,97.24,1.78,7.25,9.09,18.24
Berlin,DE,52.52,13.405,2026-04-27 19:00:00+00:00,2,155.03,0.0,8.41,88.03,1.76,7.48,9.56,21.02
Berlin,DE,52.52,13.405,2026-04-27 20:00:00+00:00,2,160.56,0.0,8.97,81.57,1.7,7.89,10.19,23.05
Berlin,DE,52.52,13.405,2026-04-27 21:00:00+00:00,2,165.32,0.0,9.42,76.98,1.6,8.42,10.85,24.0
Berlin,DE,52.52,13.405,2026-04-27 22:00:00+00:00,2,165.17,0.0,9.12,74.1,1.45,8.79,11.14,22.77
Berlin,DE,52.52,13.405,2026-04-27 23:00:00+00:00,2,165.51,0.0,8.38,74.1,1.48,9.17,11.36,20.56
Berlin,DE,52.52,13.405,2026-04-28 00:00:00+00:00,2,163.86,0.0,7.29,76.77,1.69,9.33,11.33,17.8
Berlin,DE,52.52,13.405,2026-04-28 01:00:00+00:00,2,157.98,0.0,5.75,80.62,1.92,8.83,10.61,15.02
Berlin,DE,52.52,13.405,2026-04-28 02:00:00+00:00,2,155.18,0.0,5.06,78.45,1.73,8.14,9.77,14.01
Berlin,DE,52.52,13.405,2026-04-28 03:00:00+00:00,2,153.51,0.0,4.66,75.98,1.49,7.37,8.9,13.66
Berlin,DE,52.52,13.405,2026-04-28 04:00:00+00:00,2,151.89,0.0,4.54,73.16,1.33,6.54,8.0,13.67
Berlin,DE,52.52,13.405,2026-04-28 05:00:00+00:00,2,152.52,0.08,5.26,71.41,1.41,5.82,7.25,14.1
Berlin,DE,52.52,13.405,2026-04-28 06:00:00+00:00,2,154.21,0.63,5.58,72.33,1.75,5.32,6.75,14.27
Berlin,DE,52.52,13.405,2026-04-28 07:00:00+00:00,2,152.37,0.99,4.62,79.92,2.53,5.1,6.52,12.77
Berlin,DE,52.52,13.405,2026-04-28 08:00:00+00:00,2,150.37,1.18,4.09,82.9,2.95,5.22,6.63,12.12
Berlin,DE,52.52,13.405,2026-04-28 09:00:00+00:00,2,148.33,1.23,3.68,85.29,3.17,5.67,7.03,11.52
Berlin,DE,52.52,13.405,2026-04-28 10:00:00+00:00,2,145.1,0.88,2.76,95.97,3.11,6.41,7.63,9.51
Berlin,DE,52.52,13.405,2026-04-28 11:00:00+00:00,3,140.75,0.59,2.01,103.48,2.76,6.77,7.83,7.94
Berlin,DE,52.52,13.405,2026-04-28 12:00:00+00:00,3,137.1,0.41,1.54,108.19,2.37,6.37,7.25,6.81
Berlin,DE,52.52,13.405,2026-04-28 13:00:00+00:00,3,133.72,0.27,1.09,112.84,1.77,4.46,5.13,5.27
Berlin,DE,52.52,13.405,2026-04-28 14:00:00+00:00,3,131.09,0.22,0.96,112.33,1.41,2.98,3.52,4.51
Berlin,DE,52.52,13.405,2026-04-28 15:00:00+00:00,3,129.98,0.21,1.06,110.34,1.28,2.36,2.84,4.33
Berlin,DE,52.52,13.405,2026-04-28 16:00:00+00:00,3,131.08,0.24,1.51,107.42,1.28,2.01,2.49,4.94
Berlin,DE,52.52,13.405,2026-04-28 17:00:00+00:00,3,133.93,0.23,2.41,102.81,1.41,1.82,2.34,6.34
Berlin,DE,52.52,13.405,2026-04-28 18:00:00+00:00,2,137.22,0.09,3.51,98.28,1.58,1.72,2.3,7.69
Berlin,DE,52.52,13.405,2026-04-28 19:00:00+00:00,2,140.61,0.0,4.55,92.03,1.8,1.69,2.37,9.76
Berlin,DE,52.52,13.405,2026-04-28 20:00:00+00:00,2,146.76,0.0,5.79,85.53,2.03,1.91,2.71,12.63
Berlin,DE,52.52,13.405,2026-04-28 21:00:00+00:00,2,152.72,0.0,6.76,80.27,2.13,2.27,3.2,14.88
Berlin,DE,52.52,13.405,2026-04-28 22:00:00+00:00,2,154.06,0.0,7.02,74.67,2.0,2.63,3.64,16.84
Berlin,DE,52.52,13.405,2026-04-28 23:00:00+00:00,2,156.06,0.0,6.9,70.91,1.82,3.02,4.1,18.85
Berlin,DE,52.52,13.405,2026-04-29 00:00:00+00:00,2,157.44,0.0,6.6,68.2,1.7,3.39,4.53,20.21
Berlin,DE,52.52,13.405,2026-04-29 01:00:00+00:00,2,156.6,0.0,6.28,65.47,1.62,3.73,4.92,20.7
Berlin,DE,52.52,13.405,2026-04-29 02:00:00+00:00,2,157.24,0.0,6.05,63.44,1.55,4.05,5.29,21.12
Berlin,DE,52.52,13.405,2026-04-29 03:00:00+00:00,2,157.63,0.0,5.8,62.09,1.47,4.26,5.55,21.06
Berlin,DE,52.52,13.405,2026-04-29 04:00:00+00:00,2,156.17,0.0,5.54,61.06,1.43,4.23,5.52,20.2
Berlin,DE,52.52,13.405,2026-04-29 05:00:00+00:00,2,156.42,0.12,6.06,61.16,1.54,4.09,5.39,19.09
Berlin,DE,52.52,13.405,2026-04-29 06:00:00+00:00,2,157.35,0.78,5.95,63.73,1.81,3.99,5.3,17.62
Berlin,DE,52.52,13.405,2026-04-29 07:00:00+00:00,2,155.33,1.24,4.86,72.47,2.51,4.08,5.3,14.15
Berlin,DE,52.52,13.405,2026-04-29 08:00:00+00:00,2,153.02,1.38,4.16,78.13,3.04,4.37,5.52,11.88
Berlin,DE,52.52,13.405,2026-04-29 09:00:00+00:00,2,150.78,1.32,3.62,82.84,3.27,4.88,5.98,10.44
Berlin,DE,52.52,13.405,2026-04-29 10:00:00+00:00,3,140.54,0.58,1.83,101.19,2.09,3.21,3.86,5.5
Berlin,DE,52.52,13.405,2026-04-29 11:00:00+00:00,3,135.07,0.31,1.09,109.83,1.35,2.2,2.65,3.79
Berlin,DE,52.52,13.405,2026-04-29 12:00:00+00:00,3,132.89,0.24,0.9,113.82,1.16,1.86,2.26,3.45
Berlin,DE,52.52,13.405,2026-04-29 13:00:00+00:00,3,132.79,0.21,0.84,116.7,1.08,1.71,2.08,3.31
Berlin,DE,52.52,13.405,2026-04-29 14:00:00+00:00,3,132.43,0.19,0.84,117.66,1.02,1.55,1.9,3.23
Berlin,DE,52.52,13.405,2026-04-29 15:00:00+00:00,3,132.41,0.18,0.92,117.2,0.99,1.41,1.75,3.18
Berlin,DE,52.52,13.405,2026-04-29 16:00:00+00:00,3,133.82,0.23,1.47,113.4,1.08,1.35,1.72,4.31
Berlin,DE,52.52,13.405,2026-04-29 17:00:00+00:00,3,136.8,0.24,2.52,107.03,1.28,1.4,1.84,6.48
Berlin,DE,52.52,13.405,2026-04-29 18:00:00+00:00,3,139.93,0.1,3.65,100.99,1.49,1.41,1.94,8.44
Berlin,DE,52.52,13.405,2026-04-29 19:00:00+00:00,2,142.44,0.0,4.37,94.42,1.65,1.42,2.05,10.67
Berlin,DE,52.52,13.405,2026-04-29 20:00:00+00:00,2,146.13,0.0,4.87,88.57,1.8,1.52,2.25,13.15
Berlin,DE,52.52,13.405,2026-04-29 21:00:00+00:00,2,148.65,0.0,5.15,84.28,1.89,1.65,2.46,14.96
Berlin,DE,52.52,13.405,2026-04-29 22:00:00+00:00,2,148.09,0.0,5.17,79.09,1.85,1.8,2.69,16.74
Berlin,DE,52.52,13.405,2026-04-29 23:00:00+00:00,2,149.78,0.0,5.23,74.61,1.79,2.03,3.03,19.22
Berlin,DE,52.52,13.405,2026-04-30 00:00:00+00:00,2,152.43,0.0,5.21,71.1,1.77,2.29,3.4,21.31
Berlin,DE,52.52,13.405,2026-04-30 01:00:00+00:00,2,155.06,0.0,5.54,64.66,1.52,2.59,3.84,24.8
Berlin,DE,52.52,13.405,2026-04-30 02:00:00+00:00,1,160.04,0.0,6.23,56.56,1.18,2.95,4.41,29.18
Berlin,DE,52.52,13.405,2026-04-30 03:00:00+00:00,1,165.3,0.0,7.07,49.62,1.0,3.33,5.01,31.68
Berlin,DE,52.52,13.405,2026-04-30 04:00:00+00:00,1,168.61,0.0,8.17,43.16,0.96,3.67,5.53,32.26
Berlin,DE,52.52,13.405,2026-04-30 05:00:00+00:00,1,175.48,0.42,10.49,38.04,1.21,4.11,6.14,32.59
Berlin,DE,52.52,13.405,2026-04-30 06:00:00+00:00,1,184.22,2.64,11.1,37.11,1.58,4.57,6.71,32.34
Berlin,DE,52.52,13.405,2026-04-30 07:00:00+00:00,1,182.65,3.86,9.83,47.2,2.37,4.81,6.78,27.69
Berlin,DE,52.52,13.405,2026-04-30 08:00:00+00:00,1,181.76,4.76,9.1,49.09,2.78,5.31,7.26,25.69
Berlin,DE,52.52,13.405,2026-04-30 09:00:00+00:00,1,179.8,5.05,8.45,50.44,3.12,6.14,8.05,24.38
Berlin,DE,52.52,13.405,2026-04-30 10:00:00+00:00,2,143.84,0.98,2.95,97.55,2.55,3.51,4.26,6.79
Berlin,DE,52.52,13.405,2026-04-30 11:00:00+00:00,3,136.74,0.45,1.56,105.38,1.72,3.14,3.68,4.82
Berlin,DE,52.52,13.405,2026-04-30 12:00:00+00:00,3,134.7,0.32,1.19,109.08,1.43,3.37,3.88,4.74
Berlin,DE,52.52,13.405,2026-04-30 13:00:00+00:00,3,134.57,0.24,1.02,113.01,1.29,3.48,3.97,4.72
Berlin,DE,52.52,13.405,2026-04-30 14:00:00+00:00,3,133.52,0.2,1.0,114.74,1.24,3.44,3.92,4.7
Berlin,DE,52.52,13.405,2026-04-30 15:00:00+00:00,3,133.58,0.17,1.17,115.72,1.3,3.7,4.22,4.78
Berlin,DE,52.52,13.405,2026-04-30 16:00:00+00:00,3,139.2,0.38,3.19,105.79,1.47,4.14,4.83,9.11
Berlin,DE,52.52,13.405,2026-04-30 17:00:00+00:00,2,148.85,0.58,6.66,89.56,1.71,4.86,5.84,16.22
Berlin,DE,52.52,13.405,2026-04-30 18:00:00+00:00,2,158.09,0.28,9.77,78.66,1.96,5.56,6.83,22.37
Berlin,DE,52.52,13.405,2026-04-30 19:00:00+00:00,2,167.34,0.01,12.05,70.17,2.2,6.26,7.81,29.52
Berlin,DE,52.52,13.405,2026-04-30 20:00:00+00:00,2,177.18,0.0,13.92,61.44,2.37,7.13,9.0,36.03
Berlin,DE,52.52,13.405,2026-04-30 21:00:00+00:00,1,184.5,0.0,15.36,54.56,2.4,8.04,10.18,41.65
Berlin,DE,52.52,13.405,2026-04-30 22:00:00+00:00,1,184.5,0.0,15.54,50.73,2.4,8.75,11.06,48.34
Berlin,DE,52.52,13.405,2026-04-30 23:00:00+00:00,1,184.84,0.0,15.31,50.18,2.55,9.54,12.03,56.7
Berlin,DE,52.52,13.405,2026-05-01 00:00:00+00:00,2,185.74,0.0,14.98,49.92,2.77,10.43,13.11,64.99
Berlin,DE,52.52,13.405,2026-05-01 01:00:00+00:00,2,184.56,0.0,14.26,48.53,2.8,11.26,13.94,70.33
Berlin,DE,52.52,13.405,2026-05-01 02:00:00+00:00,2,183.66,0.0,13.59,46.45,2.71,12.2,14.86,73.26
Berlin,DE,52.52,13.405,2026-05-01 03:00:00+00:00,2,183.77,0.0,13.2,43.57,2.51,13.11,15.76,72.3
Berlin,DE,52.52,13.405,2026-05-01 04:00:00+00:00,2,181.18,0.0,12.99,38.08,1.83,13.69,16.26,51.65
Berlin,DE,52.52,13.405,2026-05-01 05:00:00+00:00,2,180.95,0.6,13.92,32.44,1.4,14.07,16.6,35.57
Berlin,DE,52.52,13.405,2026-05-01 06:00:00+00:00,2,184.34,3.5,12.74,30.31,1.31,14.22,16.72,30.04
Berlin,DE,52.52,13.405,2026-05-01 07:00:00+00:00,2,184.62,5.39,10.92,34.95,1.6,14.44,16.69,31.29
Berlin,DE,52.52,13.405,2026-05-01 08:00:00+00:00,2,182.44,6.58,9.65,35.25,1.67,14.65,16.81,29.86
Berlin,DE,52.52,13.405,2026-05-01 09:00:00+00:00,2,179.42,6.77,8.9,37.11,1.85,15.3,17.39,27.67
Berlin,DE,52.52,13.405,2026-05-01 10:00:00+00:00,3,140.92,0.82,3.1,108.03,2.64,10.42,11.36,8.88
Berlin,DE,52.52,13.405,2026-05-01 11:00:00+00:00,3,131.25,0.32,1.45,118.1,1.85,7.81,8.47,6.5
Berlin,DE,52.52,13.405,2026-05-01 12:00:00+00:00,3,128.52,0.22,1.09,121.37,1.57,6.72,7.3,6.33
Berlin,DE,52.52,13.405,2026-05-01 13:00:00+00:00,3,127.92,0.19,0.96,124.4,1.4,5.62,6.16,6.41
Berlin,DE,52.52,13.405,2026-05-01 14:00:00+00:00,3,126.04,0.17,0.98,124.82,1.29,4.78,5.3,6.58
Berlin,DE,52.52,13.405,2026-05-01 15:00:00+00:00,3,124.8,0.17,1.13,124.72,1.22,4.42,4.93,6.78
Berlin,DE,52.52,13.405,2026-05-01 16:00:00+00:00,3,128.12,0.43,3.08,112.81,1.22,4.63,5.22,10.72
Berlin,DE,52.52,13.405,2026-05-01 17:00:00+00:00,2,133.82,0.61,6.18,94.45,1.26,5.05,5.81,16.72
Berlin,DE,52.52,13.405,2026-05-01 18:00:00+00:00,2,138.44,0.28,8.84,81.48,1.32,5.36,6.28,22.25
Berlin,DE,52.52,13.405,2026-05-01 19:00:00+00:00,2,141.51,0.01,9.99,73.9,1.35,5.72,6.77,27.74
Berlin,DE,52.52,13.405,2026-05-01 20:00:00+00:00,2,144.09,0.0,9.94,69.83,1.31,6.33,7.45,30.88
Berlin,DE,52.52,13.405,2026-05-01 21:00:00+00:00,2,145.22,0.0,9.58,67.4,1.25,7.16,8.3,32.28
Berlin,DE,52.52,13.405,2026-05-01 22:00:00+00:00,2,142.41,0.0,8.48,64.99,1.15,7.93,9.03,30.91
Berlin,DE,52.52,13.405,2026-05-01 23:00:00+00:00,2,140.65,0.0,7.12,63.56,1.12,8.73,9.8,27.65
Berlin,DE,52.52,13.405,2026-05-02 00:00:00+00:00,2,139.13,0.0,6.01,62.31,1.15,9.49,10.54,24.34
Berlin,DE,52.52,13.405,2026-05-02 01:00:00+00:00,2,136.78,0.0,5.27,60.23,1.19,10.12,11.15,22.18
Berlin,DE,52.52,13.405,2026-05-02 02:00:00+00:00,2,135.97,0.0,4.89,58.05,1.21,10.9,11.92,20.75
Berlin,DE,52.52,13.405,2026-05-02 03:00:00+00:00,2,135.72,0.0,4.75,56.31,1.26,11.85,12.88,18.57
Berlin,DE,52.52,13.405,2026-05-02 04:00:00+00:00,2,134.12,0.0,4.84,54.06,1.35,12.72,13.75,17.13
Berlin,DE,52.52,13.405,2026-05-02 05:00:00+00:00,2,134.05,0.15,5.74,51.74,1.59,13.44,14.52,18.45
Berlin,DE,52.52,13.405,2026-05-02 06:00:00+00:00,2,135.56,0.95,6.18,51.28,2.0,14.09,15.24,20.22
Berlin,DE,52.52,13.405,2026-05-02 07:00:00+00:00,2,137.2,1.75,6.05,56.73,2.91,14.81,16.05,20.23
Berlin,DE,52.52,13.405,2026-05-02 08:00:00+00:00,2,135.84,2.13,5.7,59.54,3.31,15.2,16.48,20.07
Berlin,DE,52.52,13.405,2026-05-02 09:00:00+00:00,2,133.94,2.07,5.22,64.07,3.59,15.64,16.97,19.67
Berlin,DE,52.52,13.405,2026-05-02 10:00:00+00:00,3,123.91,0.45,2.04,115.35,3.95,8.29,9.2,7.8
Berlin,DE,52.52,13.405,2026-05-02 11:00:00+00:00,3,118.52,0.22,1.1,121.3,2.8,4.97,5.66,6.06
Berlin,DE,52.52,13.405,2026-05-02 12:00:00+00:00,3,116.22,0.17,0.92,122.29,2.36,4.74,5.36,5.77
Berlin,DE,52.52,13.405,2026-05-02 13:00:00+00:00,3,116.01,0.16,0.87,124.11,2.11,4.61,5.2,5.72
Berlin,DE,52.52,13.405,2026-05-02 14:00:00+00:00,3,114.59,0.15,0.91,124.04,1.96,4.49,5.06,5.79
Berlin,DE,52.52,13.405,2026-05-02 15:00:00+00:00,3,113.75,0.15,1.04,123.92,1.89,4.41,4.97,5.95
Berlin,DE,52.52,13.405,2026-05-02 16:00:00+00:00,3,115.57,0.24,2.01,118.43,1.91,4.53,5.13,8.45
Berlin,DE,52.52,13.405,2026-05-02 17:00:00+00:00,3,118.68,0.25,3.69,107.75,2.0,4.75,5.44,12.7
Berlin,DE,52.52,13.405,2026-05-02 18:00:00+00:00,2,121.54,0.08,5.11,99.04,2.13,4.9,5.69,16.15
Berlin,DE,52.52,13.405,2026-05-02 19:00:00+00:00,2,123.76,0.0,5.78,91.37,2.24,5.01,5.88,19.1
Berlin,DE,52.52,13.405,2026-05-02 20:00:00+00:00,2,126.83,0.0,6.25,84.15,2.29,5.14,6.07,21.38
Berlin,DE,52.52,13.405,2026-05-02 21:00:00+00:00,2,128.98,0.0,6.54,78.77,2.24,5.18,6.13,22.63
Berlin,DE,52.52,13.405,2026-05-02 22:00:00+00:00,2,127.49,0.0,6.34,73.51,2.05,5.01,5.95,22.95
Berlin,DE,52.52,13.405,2026-05-02 23:00:00+00:00,2,127.17,0.0,5.94,69.23,1.82,4.91,5.83,23.76
Berlin,DE,52.52,13.405,2026-05-03 00:00:00+00:00,2,126.31,0.0,5.4,66.29,1.56,4.85,5.73,24.32
Berlin,DE,52.52,13.405,2026-05-03 01:00:00+00:00,2,123.89,0.0,4.89,63.23,1.28,4.69,5.53,24.6
Berlin,DE,52.52,13.405,2026-05-03 02:00:00+00:00,2,122.56,0.0,4.53,60.18,1.04,4.51,5.32,25.29
Berlin,DE,52.52,13.405,2026-05-03 03:00:00+00:00,1,121.34,0.0,4.26,58.0,0.85,4.32,5.09,25.81
Berlin,DE,52.52,13.405,2026-05-03 04:00:00+00:00,1,119.11,0.0,4.06,56.71,0.76,4.09,4.83,25.37
Berlin,DE,52.52,13.405,2026-05-03 05:00:00+00:00,1,118.36,0.1,4.47,56.31,0.79,3.77,4.51,24.48
Berlin,DE,52.52,13.405,2026-05-03 06:00:00+00:00,1,118.75,0.58,4.63,57.43,0.9,3.51,4.25,23.12
Berlin,DE,52.52,13.405,2026-05-03 07:00:00+00:00,2,119.41,1.11,4.32,61.4,1.05,3.3,4.05,21.58
Berlin,DE,52.52,13.405,2026-05-03 08:00:00+00:00,2,118.08,1.34,3.98,63.76,1.17,3.02,3.78,20.4
Berlin,DE,52.52,13.405,2026-05-03 09:00:00+00:00,2,115.97,1.23,3.47,70.18,1.31,3.08,3.84,18.76
Berlin,DE,52.52,13.405,2026-05-03 10:00:00+00:00,3,117.19,0.24,1.4,115.36,1.02,3.26,3.75,8.12
Berlin,DE,52.52,13.405,2026-05-03 11:00:00+00:00,3,118.25,0.12,0.9,122.44,0.74,2.9,3.29,5.71
Berlin,DE,52.52,13.405,2026-05-03 12:00:00+00:00,3,117.64,0.1,0.87,122.9,0.67,2.61,2.96,5.23
Berlin,DE,52.52,13.405,2026-05-03 13:00:00+00:00,3,118.36,0.08,0.95,123.58,0.66,2.45,2.77,5.22
Berlin,DE,52.52,13.405,2026-05-03 14:00:00+00:00,3,117.88,0.07,1.08,122.85,0.67,2.36,2.67,5.46
Berlin,DE,52.52,13.405,2026-05-03 15:00:00+00:00,3,117.51,0.06,1.31,121.57,0.71,2.29,2.6,5.87
Berlin,DE,52.52,13.405,2026-05-03 16:00:00+00:00,3,118.93,0.07,2.44,114.6,0.82,2.31,2.66,8.64
Berlin,DE,52.52,13.405,2026-05-03 17:00:00+00:00,3,121.39,0.06,4.16,102.99,1.0,2.31,2.74,12.96
Berlin,DE,52.52,13.405,2026-05-03 18:00:00+00:00,2,123.29,0.01,5.21,94.0,1.16,2.32,2.83,16.28
Berlin,DE,52.52,13.405,2026-05-03 19:00:00+00:00,2,123.82,0.0,5.36,87.67,1.23,2.42,2.98,18.29
Berlin,DE,52.52,13.405,2026-05-03 20:00:00+00:00,2,124.84,0.0,5.13,85.42,1.26,2.53,3.12,19.1
Berlin,DE,52.52,13.405,2026-05-03 21:00:00+00:00,2,124.98,0.0,4.66,86.21,1.24,2.47,3.06,18.64
Berlin,DE,52.52,13.405,2026-05-03 22:00:00+00:00,2,121.77,0.0,3.85,87.43,1.16,2.21,2.75,17.22
Berlin,DE,52.52,13.405,2026-05-03 23:00:00+00:00,2,120.0,0.0,3.4,86.45,1.13,2.0,2.55,17.22
Berlin,DE,52.52,13.405,2026-05-04 00:00:00+00:00,2,118.82,0.0,3.1,84.99,1.15,1.86,2.45,17.49
Berlin,DE,52.52,13.405,2026-05-04 01:00:00+00:00,2,117.01,0.0,3.02,79.21,1.11,1.81,2.48,19.04
Berlin,DE,52.52,13.405,2026-05-04 02:00:00+00:00,2,116.49,0.0,3.17,70.94,0.99,1.83,2.6,21.93
Berlin,DE,52.52,13.405,2026-05-04 03:00:00+00:00,2,116.18,0.0,3.38,63.59,0.86,1.86,2.71,24.14
Berlin,DE,52.52,13.405,2026-05-04 04:00:00+00:00,1,115.17,0.0,3.7,57.85,0.77,1.85,2.73,24.95
Berlin,DE,52.52,13.405,2026-05-04 05:00:00+00:00,1,117.04,0.04,4.72,55.75,0.85,1.85,2.75,24.11
Berlin,DE,52.52,13.405,2026-05-04 06:00:00+00:00,1,120.86,0.28,5.84,58.26,1.01,1.89,2.79,21.87
Berlin,DE,52.52,13.405,2026-05-04 07:00:00+00:00,2,122.3,0.5,5.29,70.38,1.25,1.87,2.7,17.61
Berlin,DE,52.52,13.405,2026-05-04 08:00:00+00:00,2,123.36,0.78,5.11,72.84,1.4,1.91,2.75,16.75
Berlin,DE,52.52,13.405,2026-05-04 09:00:00+00:00,2,123.58,0.96,4.58,76.05,1.54,2.03,2.88,15.92
Berlin,DE,52.52,13.405,2026-05-04 10:00:00+00:00,2,118.87,0.27,2.9,95.48,1.34,1.6,2.18,9.19
Berlin,DE,52.52,13.405,2026-05-04 11:00:00+00:00,3,116.46,0.13,2.17,100.08,1.1,1.35,1.79,6.87
Berlin,DE,52.52,13.405,2026-05-04 12:00:00+00:00,2,115.5,0.11,1.98,99.83,1.05,1.3,1.69,6.46
Berlin,DE,52.52,13.405,2026-05-04 13:00:00+00:00,3,115.72,0.09,1.78,100.57,0.96,1.22,1.57,6.06
Berlin,DE,52.52,13.405,2026-05-04 14:00:00+00:00,2,114.81,0.07,1.65,99.87,0.84,1.08,1.37,5.55
Berlin,DE,52.52,13.405,2026-05-04 15:00:00+00:00,2,114.2,0.06,1.73,98.59,0.78,0.97,1.24,5.38
Berlin,DE,52.52,13.405,2026-05-04 16:00:00+00:00,2,115.79,0.06,2.77,93.31,0.83,0.95,1.24,7.24
Berlin,DE,52.52,13.405,2026-05-04 17:00:00+00:00,2,118.68,0.05,4.48,84.52,0.97,1.01,1.36,10.7
Berlin,DE,52.52,13.405,2026-05-04 18:00:00+00:00,2,121.38,0.01,5.72,77.49,1.12,1.09,1.52,13.8
Berlin,DE,52.52,13.405,2026-05-04 19:00:00+00:00,2,123.31,0.0,6.33,71.48,1.21,1.2,1.68,16.29
Berlin,DE,52.52,13.405,2026-05-04 20:00:00+00:00,2,126.39,0.0,6.84,66.05,1.22,1.37,1.9,18.33
Berlin,DE,52.52,13.405,2026-05-04 21:00:00+00:00,2,128.99,0.0,7.25,60.7,1.14,1.57,2.15,19.57
Berlin,DE,52.52,13.405,2026-05-04 22:00:00+00:00,1,128.38,0.0,7.42,52.64,0.93,1.75,2.38,18.98
Berlin,DE,52.52,13.405,2026-05-04 23:00:00+00:00,1,128.08,0.0,7.35,44.89,0.74,1.98,2.66,16.71
Berlin,DE,52.52,13.405,2026-05-05 00:00:00+00:00,1,127.89,0.0,7.0,39.57,0.67,2.46,3.2,14.73
Berlin,DE,52.52,13.405,2026-05-05 01:00:00+00:00,1,126.26,0.0,6.68,34.5,0.61,3.01,3.82,15.07
Berlin,DE,52.52,13.405,2026-05-05 02:00:00+00:00,1,124.58,0.0,6.39,28.45,0.54,3.39,4.28,15.87
Berlin,DE,52.52,13.405,2026-05-05 03:00:00+00:00,1,122.85,0.01,6.19,23.43,0.52,3.75,4.74,17.73
Berlin,DE,52.52,13.405,2026-05-05 04:00:00+00:00,1,121.24,0.02,6.23,19.25,0.6,4.04,5.02,17.92
Berlin,DE,52.52,13.405,2026-05-05 05:00:00+00:00,1,124.02,0.19,7.32,15.29,0.71,4.36,5.29,14.09
Berlin,DE,52.52,13.405,2026-05-05 06:00:00+00:00,1,129.93,0.96,8.6,13.95,0.82,4.88,5.75,10.93
Berlin,DE,52.52,13.405,2026-05-05 07:00:00+00:00,1,133.81,1.35,8.59,20.27,0.97,5.84,6.56,8.21
Berlin,DE,52.52,13.405,2026-05-05 08:00:00+00:00,1,136.18,1.84,8.21,23.84,1.03,6.42,7.08,6.96
Berlin,DE,52.52,13.405,2026-05-05 09:00:00+00:00,1,137.07,2.04,7.75,27.66,1.11,6.9,7.52,6.42
Berlin,DE,52.52,13.405,2026-05-05 10:00:00+00:00,1,133.27,0.82,6.12,53.02,1.16,6.55,6.96,5.06
Berlin,DE,52.52,13.405,2026-05-05 11:00:00+00:00,2,130.14,0.51,5.07,62.7,1.04,5.55,5.9,5.22
Berlin,DE,52.52,13.405,2026-05-05 12:00:00+00:00,2,129.0,0.4,4.76,66.01,0.99,4.9,5.23,5.74
Berlin,DE,52.52,13.405,2026-05-05 13:00:00+00:00,2,126.38,0.2,3.79,76.6,0.8,3.43,3.67,5.09
Berlin,DE,52.52,13.405,2026-05-05 14:00:00+00:00,2,123.91,0.12,3.31,82.02,0.66,2.39,2.58,4.75
Berlin,DE,52.52,13.405,2026-05-05 15:00:00+00:00,2,124.01,0.11,3.5,81.94,0.62,2.2,2.39,4.75
Berlin,DE,52.52,13.405,2026-05-05 16:00:00+00:00,2,125.69,0.1,3.78,82.5,0.59,2.1,2.28,4.77
Berlin,DE,52.52,13.405,2026-05-05 17:00:00+00:00,2,127.51,0.05,4.21,81.06,0.6,2.07,2.26,5.03
Berlin,DE,52.52,13.405,2026-05-05 18:00:00+00:00,2,129.44,0.01,4.65,78.55,0.64,2.09,2.3,5.13
Berlin,DE,52.52,13.405,2026-05-05 19:00:00+00:00,2,130.38,0.0,4.95,74.06,0.73,2.16,2.38,4.95
Berlin,DE,52.52,13.405,2026-05-05 20:00:00+00:00,2,132.02,0.0,5.29,68.44,0.85,2.37,2.61,4.5
Berlin,DE,52.52,13.405,2026-05-05 21:00:00+00:00,2,132.61,0.0,5.43,63.45,0.97,2.72,2.98,4.1
Berlin,DE,52.52,13.405,2026-05-05 22:00:00+00:00,1,130.95,0.0,5.19,59.43,1.07,3.45,3.71,3.88
Berlin,DE,52.52,13.405,2026-05-05 23:00:00+00:00,1,129.95,0.0,4.75,57.56,1.15,4.03,4.27,3.67
Berlin,DE,52.52,13.405,2026-05-06 00:00:00+00:00,1,129.32,0.0,4.3,56.73,1.16,4.39,4.6,3.47
Berlin,DE,52.52,13.405,2026-05-06 01:00:00+00:00,1,128.04,0.0,3.9,55.71,1.05,4.41,4.59,3.18
Berlin,DE,52.52,13.405,2026-05-06 02:00:00+00:00,1,127.42,0.0,3.62,53.63,0.89,4.08,4.24,2.91
Berlin,DE,52.52,13.405,2026-05-06 03:00:00+00:00,1,127.13,0.0,3.47,51.0,0.8,3.75,3.9,2.7
Berlin,DE,52.52,13.405,2026-05-06 04:00:00+00:00,1,126.61,0.0,3.39,49.19,0.72,3.51,3.64,2.63
Berlin,DE,52.52,13.405,2026-05-06 05:00:00+00:00,1,126.64,0.02,3.68,46.61,0.7,3.3,3.46,2.81
Berlin,DE,52.52,13.405,2026-05-06 06:00:00+00:00,1,127.87,0.15,4.38,43.31,0.74,3.13,3.3,3.08
Berlin,DE,52.52,13.405,2026-05-06 07:00:00+00:00,1,129.25,0.38,4.8,41.31,0.76,2.85,3.04,3.24
Berlin,DE,52.52,13.405,2026-05-06 08:00:00+00:00,1,130.09,0.57,4.88,41.13,0.8,2.45,2.64,3.25
Berlin,DE,52.52,13.405,2026-05-06 09:00:00+00:00,1,130.53,0.68,4.85,42.21,0.85,2.2,2.39,3.28
Berlin,DE,52.52,13.405,2026-05-06 10:00:00+00:00,1,129.07,0.59,4.37,48.4,0.78,1.95,2.12,3.03
Berlin,DE,52.52,13.405,2026-05-06 11:00:00+00:00,1,127.0,0.56,3.92,52.07,0.72,1.76,1.9,2.96
Berlin,DE,52.52,13.405,2026-05-06 12:00:00+00:00,1,125.82,0.55,3.62,54.37,0.68,1.67,1.8,2.99
Berlin,DE,52.52,13.405,2026-05-06 13:00:00+00:00,2,124.32,0.35,2.85,63.07,0.56,1.53,1.64,2.81
Berlin,DE,52.52,13.405,2026-05-06 14:00:00+00:00,2,122.82,0.25,2.51,67.81,0.51,1.4,1.51,3.04
Berlin,DE,52.52,13.405,2026-05-06 15:00:00+00:00,2,122.92,0.22,2.66,69.01,0.51,1.3,1.4,3.34
Berlin,DE,52.52,13.405,2026-05-06 16:00:00+00:00,2,124.6,0.19,3.38,68.42,0.57,1.29,1.43,4.07
Berlin,DE,52.52,13.405,2026-05-06 17:00:00+00:00,2,127.25,0.11,4.5,66.19,0.72,1.37,1.58,5.1
Berlin,DE,52.52,13.405,2026-05-06 18:00:00+00:00,2,129.17,0.03,5.26,64.37,0.83,1.43,1.71,5.66
Berlin,DE,52.52,13.405,2026-05-06 19:00:00+00:00,2,129.66,0.0,5.47,62.09,0.88,1.48,1.83,5.8
Berlin,DE,52.52,13.405,2026-05-06 20:00:00+00:00,1,130.98,0.0,5.53,59.35,0.91,1.62,2.04,5.69
Berlin,DE,52.52,13.405,2026-05-06 21:00:00+00:00,1,131.92,0.0,5.52,56.49,0.91,1.98,2.45,5.3
Berlin,DE,52.52,13.405,2026-05-06 22:00:00+00:00,1,130.76,0.0,5.29,53.06,0.88,2.24,2.64,4.35
Berlin,DE,52.52,13.405,2026-05-06 23:00:00+00:00,1,130.8,0.0,4.98,50.38,0.82,2.44,2.75,3.7
Berlin,DE,52.52,13.405,2026-05-07 00:00:00+00:00,1,130.67,0.0,4.68,48.33,0.82,2.83,3.1,3.54
Berlin,DE,52.52,13.405,2026-05-07 01:00:00+00:00,1,129.42,0.0,4.43,46.54,0.88,3.28,3.53,3.52
Berlin,DE,52.52,13.405,2026-05-07 02:00:00+00:00,1,129.02,0.0,4.29,45.81,0.92,3.66,3.9,3.5
Berlin,DE,52.52,13.405,2026-05-07 03:00:00+00:00,1,128.55,0.0,4.18,45.69,0.91,3.86,4.08,3.44
Berlin,DE,52.52,13.405,2026-05-07 04:00:00+00:00,1,127.88,0.0,4.06,46.54,0.83,3.65,3.86,3.27
Berlin,DE,52.52,13.405,2026-05-07 05:00:00+00:00,1,129.13,0.02,4.39,47.43,0.78,3.44,3.65,3.18
Berlin,DE,52.52,13.405,2026-05-07 06:00:00+00:00,1,131.36,0.1,5.13,47.83,0.75,3.25,3.45,3.13
Berlin,DE,52.52,13.405,2026-05-07 07:00:00+00:00,1,132.57,0.27,5.44,47.9,0.72,2.97,3.17,3.02
Berlin,DE,52.52,13.405,2026-05-07 08:00:00+00:00,1,133.66,0.47,5.34,47.57,0.7,2.75,2.94,2.99
Berlin,DE,52.52,13.405,2026-05-07 09:00:00+00:00,1,134.55,0.7,5.06,47.48,0.69,2.66,2.85,3.01
Berlin,DE,52.52,13.405,2026-05-07 10:00:00+00:00,1,134.98,0.91,4.69,47.92,0.69,2.77,2.97,3.0
Berlin,DE,52.52,13.405,2026-05-07 11:00:00+00:00,1,135.12,0.9,4.5,49.8,0.67,3.01,3.2,2.91
Berlin,DE,52.52,13.405,2026-05-07 12:00:00+00:00,1,135.01,0.81,4.25,53.14,0.66,3.24,3.41,2.76
Berlin,DE,52.52,13.405,2026-05-07 13:00:00+00:00,1,134.44,0.62,3.98,58.76,0.64,3.36,3.51,2.57
Berlin,DE,52.52,13.405,2026-05-07 14:00:00+00:00,2,134.1,0.45,3.94,61.94,0.62,3.4,3.55,2.66
Berlin,DE,52.52,13.405,2026-05-07 15:00:00+00:00,2,133.95,0.32,4.16,63.79,0.6,3.33,3.47,2.8
Berlin,DE,52.52,13.405,2026-05-07 16:00:00+00:00,2,133.99,0.19,4.51,65.39,0.59,3.17,3.31,3.04
Berlin,DE,52.52,13.405,2026-05-07 17:00:00+00:00,2,134.13,0.09,4.77,66.22,0.61,3.02,3.19,3.46
Berlin,DE,52.52,13.405,2026-05-07 18:00:00+00:00,2,134.18,0.02,4.83,66.87,0.65,2.9,3.09,3.87
Berlin,DE,52.52,13.405,2026-05-07 19:00:00+00:00,2,133.5,0.0,4.71,65.4,0.66,2.85,3.06,4.61
Berlin,DE,52.52,13.405,2026-05-07 20:00:00+00:00,2,133.51,0.0,4.76,61.56,0.69,2.95,3.2,5.43
Berlin,DE,52.52,13.405,2026-05-07 21:00:00+00:00,1,133.51,0.0,4.96,58.39,0.72,3.13,3.43,6.2
Berlin,DE,52.52,13.405,2026-05-07 22:00:00+00:00,1,132.38,0.0,5.05,53.07,0.66,3.39,3.74,7.35
Berlin,DE,52.52,13.405,2026-05-07 23:00:00+00:00,1,130.95,0.0,4.93,46.37,0.56,3.72,4.15,7.78
Berlin,DE,52.52,13.405,2026-05-08 00:00:00+00:00,1,129.37,0.0,4.7,41.77,0.51,4.09,4.54,7.6
Berlin,DE,52.52,13.405,2026-05-08 01:00:00+00:00,1,127.6,0.0,4.54,38.87,0.49,4.46,4.93,7.34
Berlin,DE,52.52,13.405,2026-05-08 02:00:00+00:00,1,127.04,0.0,4.42,37.82,0.51,4.87,5.38,6.9
Berlin,DE,52.52,13.405,2026-05-08 03:00:00+00:00,1,127.74,0.0,4.44,39.05,0.59,5.29,5.82,6.42
Berlin,DE,52.52,13.405,2026-05-08 04:00:00+00:00,1,129.73,0.0,4.09,54.87,1.02,5.35,5.89,5.42
Berlin,DE,52.52,13.405,2026-05-08 05:00:00+00:00,1,130.02,0.01,4.16,59.85,1.05,4.86,5.37,5.03
Berlin,DE,52.52,13.405,2026-05-08 06:00:00+00:00,2,130.74,0.07,4.67,61.63,1.06,4.23,4.73,4.83
Berlin,DE,52.52,13.405,2026-05-08 07:00:00+00:00,2,130.42,0.19,4.47,65.04,1.03,3.38,3.79,4.29
Berlin,DE,52.52,13.405,2026-05-08 08:00:00+00:00,2,129.63,0.3,4.1,66.89,0.96,2.72,3.07,3.93
Berlin,DE,52.52,13.405,2026-05-08 09:00:00+00:00,2,128.81,0.4,3.72,68.47,0.92,2.39,2.7,3.81
Berlin,DE,52.52,13.405,2026-05-08 10:00:00+00:00,2,128.44,0.43,3.24,71.47,0.86,2.26,2.52,3.7
Berlin,DE,52.52,13.405,2026-05-08 11:00:00+00:00,2,127.43,0.4,2.88,74.11,0.79,2.13,2.36,3.67
Berlin,DE,52.52,13.405,2026-05-08 12:00:00+00:00,2,126.58,0.38,2.66,76.63,0.76,2.06,2.28,3.73
Berlin,DE,52.52,13.405,2026-05-08 13:00:00+00:00,2,126.55,0.38,2.46,80.12,0.74,2.13,2.35,3.84
Berlin,DE,52.52,13.405,2026-05-08 14:00:00+00:00,2,125.92,0.31,2.4,82.73,0.72,2.17,2.39,3.92
Berlin,DE,52.52,13.405,2026-05-08 15:00:00+00:00,2,125.53,0.26,2.5,84.32,0.7,2.01,2.22,4.0
Berlin,DE,52.52,13.405,2026-05-08 16:00:00+00:00,2,126.68,0.22,3.18,82.67,0.71,1.93,2.17,4.93
Berlin,DE,52.52,13.405,2026-05-08 17:00:00+00:00,2,127.98,0.14,4.23,77.7,0.76,1.98,2.29,6.32
Berlin,DE,52.52,13.405,2026-05-08 18:00:00+00:00,2,128.92,0.04,4.9,73.83,0.81,2.02,2.39,7.07
Berlin,DE,52.52,13.405,2026-05-08 19:00:00+00:00,2,129.88,0.0,5.51,66.77,0.79,2.01,2.47,8.08
Berlin,DE,52.52,13.405,2026-05-08 20:00:00+00:00,1,131.42,0.0,6.32,56.75,0.73,2.08,2.67,8.87
Berlin,DE,52.52,13.405,2026-05-08 21:00:00+00:00,1,132.19,0.0,6.93,48.52,0.67,2.22,2.92,8.93
Berlin,DE,52.52,13.405,2026-05-08 22:00:00+00:00,1,130.3,0.0,6.98,41.43,0.55,2.33,3.11,8.75
Berlin,DE,52.52,13.405,2026-05-08 23:00:00+00:00,1,127.96,0.0,6.32,37.53,0.47,2.51,3.32,8.61
Berlin,DE,52.52,13.405,2026-05-09 00:00:00+00:00,1,126.66,0.0,5.6,36.75,0.48,2.79,3.63,8.89
Berlin,DE,52.52,13.405,2026-05-09 01:00:00+00:00,1,125.36,0.0,5.1,35.35,0.46,3.11,3.97,8.81
Berlin,DE,52.52,13.405,2026-05-09 02:00:00+00:00,1,123.45,0.0,4.8,29.81,0.37,3.32,4.23,7.91
Berlin,DE,52.52,13.405,2026-05-09 03:00:00+00:00,1,121.75,0.0,4.57,25.29,0.32,3.6,4.57,7.7
Berlin,DE,52.52,13.405,2026-05-09 04:00:00+00:00,1,120.59,0.02,4.5,22.47,0.35,3.88,4.89,7.56
Berlin,DE,52.52,13.405,2026-05-09 05:00:00+00:00,1,121.75,0.34,4.71,19.96,0.42,4.03,5.09,6.87
Berlin,DE,52.52,13.405,2026-05-09 06:00:00+00:00,1,125.21,1.39,4.49,21.17,0.57,4.23,5.3,6.56
Berlin,DE,52.52,13.405,2026-05-09 07:00:00+00:00,1,128.56,1.09,4.19,41.14,1.17,4.99,5.87,6.26
Berlin,DE,52.52,13.405,2026-05-09 08:00:00+00:00,1,127.78,1.01,3.71,49.13,1.36,5.1,5.9,7.03
Berlin,DE,52.52,13.405,2026-05-09 09:00:00+00:00,1,126.17,0.9,3.33,57.17,1.55,5.34,6.08,7.8
Berlin,DE,52.52,13.405,2026-05-09 10:00:00+00:00,2,122.7,0.26,2.01,83.42,1.33,3.56,3.96,4.72
Berlin,DE,52.52,13.405,2026-05-09 11:00:00+00:00,2,120.13,0.15,1.32,91.03,0.99,2.23,2.51,3.96
Berlin,DE,52.52,13.405,2026-05-09 12:00:00+00:00,2,119.09,0.13,1.17,92.93,0.9,1.97,2.22,4.08
Berlin,DE,52.52,13.405,2026-05-09 13:00:00+00:00,2,118.86,0.12,1.13,94.07,0.89,1.93,2.17,4.3
Berlin,DE,52.52,13.405,2026-05-09 14:00:00+00:00,2,118.46,0.11,1.15,94.53,0.9,2.02,2.26,4.54
Berlin,DE,52.52,13.405,2026-05-09 15:00:00+00:00,2,118.24,0.11,1.26,94.82,0.95,2.14,2.39,4.78
Berlin,DE,52.52,13.405,2026-05-09 16:00:00+00:00,2,119.1,0.17,1.93,89.8,0.95,2.31,2.6,6.96
Berlin,DE,52.52,13.405,2026-05-09 17:00:00+00:00,2,120.26,0.25,2.84,81.72,0.95,2.64,3.03,10.27
Berlin,DE,52.52,13.405,2026-05-09 18:00:00+00:00,2,121.15,0.15,3.61,76.09,0.97,2.91,3.38,12.49
Berlin,DE,52.52,13.405,2026-05-09 19:00:00+00:00,2,121.88,0.01,4.51,67.18,0.9,3.0,3.58,14.04
Berlin,DE,52.52,13.405,2026-05-09 20:00:00+00:00,1,123.34,0.0,5.3,56.71,0.8,3.15,3.86,13.97
Berlin,DE,52.52,13.405,2026-05-09 21:00:00+00:00,1,124.56,0.0,5.92,48.9,0.77,3.41,4.24,12.97
Berlin,DE,52.52,13.405,2026-05-09 22:00:00+00:00,1,123.13,0.0,6.02,42.5,0.68,3.66,4.56,11.07
Berlin,DE,52.52,13.405,2026-05-09 23:00:00+00:00,1,122.07,0.0,5.67,37.87,0.56,3.86,4.79,8.15
Berlin,DE,52.52,13.405,2026-05-10 00:00:00+00:00,1,121.52,0.0,5.19,35.63,0.51,4.08,4.99,6.27
Berlin,DE,52.52,13.405,2026-05-10 01:00:00+00:00,1,121.42,0.0,4.63,36.42,0.51,4.4,5.27,5.41
Berlin,DE,52.52,13.405,2026-05-10 02:00:00+00:00,1,121.66,0.0,4.36,34.75,0.48,4.65,5.54,5.32
Berlin,DE,52.52,13.405,2026-05-10 03:00:00+00:00,1,122.01,0.0,4.29,32.65,0.49,4.94,5.88,5.63
Berlin,DE,52.52,13.405,2026-05-10 04:00:00+00:00,1,122.14,0.01,4.41,30.88,0.57,5.25,6.24,5.91
Berlin,DE,52.52,13.405,2026-05-10 05:00:00+00:00,1,123.36,0.32,4.73,29.38,0.71,5.48,6.55,6.24
Berlin,DE,52.52,13.405,2026-05-10 06:00:00+00:00,1,126.19,1.22,4.79,29.46,0.94,5.78,6.91,7.16
Berlin,DE,52.52,13.405,2026-05-10 07:00:00+00:00,1,129.03,1.74,4.85,32.97,1.3,6.23,7.42,8.42
Berlin,DE,52.52,13.405,2026-05-10 08:00:00+00:00,1,128.76,2.07,4.64,34.38,1.42,6.42,7.63,9.95
Berlin,DE,52.52,13.405,2026-05-10 09:00:00+00:00,1,127.88,2.12,4.36,37.2,1.56,6.83,8.06,11.47
Berlin,DE,52.52,13.405,2026-05-10 10:00:00+00:00,2,123.29,0.24,2.86,83.51,2.78,6.21,6.91,6.2
Berlin,DE,52.52,13.405,2026-05-10 11:00:00+00:00,2,120.15,0.1,1.91,92.3,2.17,3.85,4.32,5.3
Berlin,DE,52.52,13.405,2026-05-10 12:00:00+00:00,2,118.9,0.08,1.72,93.45,1.82,3.12,3.52,5.23
Berlin,DE,52.52,13.405,2026-05-10 13:00:00+00:00,2,119.2,0.07,1.66,95.0,1.6,2.79,3.14,5.32
Berlin,DE,52.52,13.405,2026-05-10 14:00:00+00:00,2,118.67,0.07,1.67,95.14,1.45,2.52,2.84,5.5
Berlin,DE,52.52,13.405,2026-05-10 15:00:00+00:00,2,118.24,0.06,1.78,94.95,1.37,2.33,2.63,5.76
Berlin,DE,52.52,13.405,2026-05-10 16:00:00+00:00,2,119.7,0.08,2.96,86.62,1.34,2.48,2.84,9.0
Berlin,DE,52.52,13.405,2026-05-10 17:00:00+00:00,2,121.91,0.08,4.73,74.9,1.35,2.78,3.27,14.74
Berlin,DE,52.52,13.405,2026-05-10 18:00:00+00:00,2,124.04,0.03,5.95,67.43,1.36,3.15,3.76,19.92
Berlin,DE,52.52,13.405,2026-05-10 19:00:00+00:00,2,125.27,0.0,6.42,62.41,1.3,3.46,4.15,22.41
Berlin,DE,52.52,13.405,2026-05-10 20:00:00+00:00,1,126.72,0.0,6.53,58.0,1.2,3.77,4.52,21.59
Berlin,DE,52.52,13.405,2026-05-10 21:00:00+00:00,1,128.09,0.0,6.72,54.03,1.08,4.29,5.09,18.81
Berlin,DE,52.52,13.405,2026-05-10 22:00:00+00:00,1,127.02,0.0,6.5,50.97,0.97,4.79,5.6,14.98
Berlin,DE,52.52,13.405,2026-05-10 23:00:00+00:00,1,126.1,0.0,6.33,46.73,0.87,5.17,6.02,13.36
Berlin,DE,52.52,13.405,2026-05-11 00:00:00+00:00,1,124.64,0.0,5.96,43.62,0.8,5.42,6.29,12.31
Berlin,DE,52.52,13.405,2026-05-12 01:00:00+00:00,2,123.67,0.0,2.47,80.04,0.74,1.63,1.98,4.31
Berlin,DE,52.52,13.405,2026-05-12 02:00:00+00:00,2,124.13,0.0,2.19,81.29,0.72,1.34,1.73,4.08
Berlin,DE,52.52,13.405,2026-05-12 03:00:00+00:00,2,125.12,0.0,2.04,82.94,0.74,1.23,1.72,4.02
Berlin,DE,52.52,13.405,2026-05-12 04:00:00+00:00,2,125.75,0.0,2.09,84.47,0.82,1.5,2.12,4.06
Berlin,DE,52.52,13.405,2026-05-12 05:00:00+00:00,2,128.03,0.06,2.92,85.12,1.03,2.09,2.81,4.32
Berlin,DE,52.52,13.405,2026-05-12 06:00:00+00:00,2,130.98,0.26,3.8,84.88,1.21,2.59,3.27,4.49
Berlin,DE,52.52,13.405,2026-05-12 07:00:00+00:00,2,132.22,0.36,3.7,87.05,1.0,2.04,2.4,3.38
Berlin,DE,52.52,13.405,2026-05-12 08:00:00+00:00,2,131.01,0.38,3.13,88.11,0.68,1.05,1.21,2.43
Berlin,DE,52.52,13.405,2026-05-12 09:00:00+00:00,2,129.22,0.36,2.64,88.62,0.54,0.6,0.63,2.05
Berlin,DE,52.52,13.405,2026-05-12 10:00:00+00:00,2,126.88,0.3,2.11,89.87,0.47,0.5,0.5,1.8
Berlin,DE,52.52,13.405,2026-05-12 11:00:00+00:00,2,124.92,0.26,1.71,90.77,0.43,0.5,0.5,1.7
Berlin,DE,52.52,13.405,2026-05-12 12:00:00+00:00,2,123.95,0.22,1.54,91.38,0.4,0.5,0.5,1.71
Berlin,DE,52.52,13.405,2026-05-12 13:00:00+00:00,2,123.86,0.2,1.46,92.6,0.38,0.5,0.5,1.71
Berlin,DE,52.52,13.405,2026-05-12 14:00:00+00:00,2,123.46,0.18,1.4,94.27,0.36,0.5,0.5,1.62
Berlin,DE,52.52,13.405,2026-05-12 15:00:00+00:00,2,123.26,0.17,1.42,96.21,0.34,0.5,0.5,1.53
Berlin,DE,52.52,13.405,2026-05-12 16:00:00+00:00,2,123.0,0.14,1.6,97.11,0.36,0.5,0.5,1.56
Berlin,DE,52.52,13.405,2026-05-12 17:00:00+00:00,2,122.92,0.07,1.94,95.87,0.44,0.5,0.52,1.72
Berlin,DE,52.52,13.405,2026-05-12 18:00:00+00:00,2,123.56,0.02,2.17,93.67,0.51,0.51,0.54,1.81
Berlin,DE,52.52,13.405,2026-05-12 19:00:00+00:00,2,124.32,0.0,2.25,91.3,0.58,0.52,0.62,2.05
Berlin,DE,52.52,13.405,2026-05-12 20:00:00+00:00,2,125.97,0.0,2.42,89.37,0.67,0.59,0.74,2.47
Berlin,DE,52.52,13.405,2026-05-12 21:00:00+00:00,2,127.01,0.0,2.58,87.93,0.72,0.73,0.93,2.83
Berlin,DE,52.52,13.405,2026-05-12 22:00:00+00:00,2,126.69,0.0,2.71,85.35,0.72,0.88,1.14,3.28
Berlin,DE,52.52,13.405,2026-05-12 23:00:00+00:00,2,125.85,0.0,2.75,82.2,0.73,1.08,1.37,3.62
Berlin,DE,52.52,13.405,2026-05-13 00:00:00+00:00,2,125.29,0.0,2.69,80.43,0.72,1.43,1.75,3.68
Berlin,DE,52.52,13.405,2026-05-13 01:00:00+00:00,2,125.22,0.0,2.66,79.4,0.76,2.03,2.33,3.59
Berlin,DE,52.52,13.405,2026-05-13 02:00:00+00:00,2,125.63,0.0,2.72,78.56,0.83,2.88,3.16,3.48
Berlin,DE,52.52,13.405,2026-05-13 03:00:00+00:00,2,126.57,0.0,2.85,76.8,0.91,3.87,4.16,3.54
Berlin,DE,52.52,13.405,2026-05-13 04:00:00+00:00,2,127.9,0.0,3.04,74.74,1.06,4.77,5.06,3.49
Berlin,DE,52.52,13.405,2026-05-13 05:00:00+00:00,2,129.27,0.01,3.6,72.88,1.06,5.41,5.68,3.31
Berlin,DE,52.52,13.405,2026-05-13 06:00:00+00:00,2,130.85,0.09,4.32,72.31,0.97,5.55,5.8,3.13
Berlin,DE,52.52,13.405,2026-05-13 07:00:00+00:00,2,130.81,0.24,4.12,76.3,0.84,4.92,5.11,2.78
Berlin,DE,52.52,13.405,2026-05-13 08:00:00+00:00,2,129.03,0.33,3.65,78.54,0.8,4.2,4.38,2.71
Berlin,DE,52.52,13.405,2026-05-13 09:00:00+00:00,2,126.9,0.37,3.12,80.36,0.81,4.09,4.27,2.72
Berlin,DE,52.52,13.405,2026-05-13 10:00:00+00:00,2,125.86,0.29,2.6,84.62,0.74,3.84,3.98,2.45
Berlin,DE,52.52,13.405,2026-05-13 11:00:00+00:00,2,124.07,0.24,2.27,86.91,0.65,3.08,3.19,2.29
Berlin,DE,52.52,13.405,2026-05-13 12:00:00+00:00,2,123.11,0.23,2.18,87.33,0.6,2.35,2.44,2.31
Berlin,DE,52.52,13.405,2026-05-13 13:00:00+00:00,2,123.74,0.24,2.14,88.63,0.58,1.77,1.84,2.34
Berlin,DE,52.52,13.405,2026-05-13 14:00:00+00:00,2,123.73,0.25,2.05,89.96,0.56,1.36,1.43,2.4
Berlin,DE,52.52,13.405,2026-05-13 15:00:00+00:00,2,123.95,0.25,2.09,91.38,0.54,1.11,1.19,2.5
Berlin,DE,52.52,13.405,2026-05-13 16:00:00+00:00,2,124.79,0.26,2.49,90.03,0.57,1.16,1.25,3.18
Berlin,DE,52.52,13.405,2026-05-13 17:00:00+00:00,2,125.72,0.24,3.29,85.34,0.69,1.38,1.52,4.23
Berlin,DE,52.52,13.405,2026-05-13 18:00:00+00:00,2,126.2,0.12,4.07,81.14,0.77,1.44,1.62,4.81
Berlin,DE,52.52,13.405,2026-05-13 19:00:00+00:00,2,125.81,0.01,4.4,77.85,0.78,1.32,1.53,4.72
Berlin,DE,52.52,13.405,2026-05-13 20:00:00+00:00,2,125.5,0.0,4.25,75.7,0.75,1.21,1.42,4.02
Berlin,DE,52.52,13.405,2026-05-13 21:00:00+00:00,2,124.61,0.0,3.99,73.86,0.69,1.08,1.28,3.32
Berlin,DE,52.52,13.405,2026-05-13 22:00:00+00:00,2,121.93,0.0,3.54,72.23,0.6,0.92,1.07,2.97
Berlin,DE,52.52,13.405,2026-05-13 23:00:00+00:00,2,120.32,0.0,3.08,71.62,0.55,0.77,0.9,2.84
Berlin,DE,52.52,13.405,2026-05-14 00:00:00+00:00,2,119.38,0.0,2.72,71.43,0.52,0.65,0.78,2.73
Berlin,DE,52.52,13.405,2026-05-14 01:00:00+00:00,2,118.9,0.0,2.46,71.14,0.49,0.54,0.63,2.5
Berlin,DE,52.52,13.405,2026-05-14 02:00:00+00:00,2,118.28,0.0,2.3,69.64,0.45,0.5,0.54,2.34
Berlin,DE,52.52,13.405,2026-05-14 03:00:00+00:00,2,117.87,0.0,2.24,67.79,0.44,0.5,0.52,2.27
Berlin,DE,52.52,13.405,2026-05-14 04:00:00+00:00,2,117.27,0.0,2.28,65.17,0.46,0.5,0.52,2.27
Berlin,DE,52.52,13.405,2026-05-14 05:00:00+00:00,2,117.51,0.08,2.61,62.03,0.52,0.5,0.54,2.35
Berlin,DE,52.52,13.405,2026-05-14 06:00:00+00:00,1,118.09,0.4,2.66,59.48,0.58,0.5,0.56,2.42
Berlin,DE,52.52,13.405,2026-05-14 07:00:00+00:00,2,118.77,0.58,2.32,61.72,0.53,0.5,0.5,2.18
Berlin,DE,52.52,13.405,2026-05-14 08:00:00+00:00,2,118.81,0.44,1.98,67.19,0.45,0.5,0.5,1.99
Berlin,DE,52.52,13.405,2026-05-14 09:00:00+00:00,2,118.7,0.3,1.78,70.77,0.41,0.5,0.5,1.95
Berlin,DE,52.52,13.405,2026-05-14 10:00:00+00:00,2,119.07,0.23,1.6,73.36,0.39,0.5,0.5,1.76
Berlin,DE,52.52,13.405,2026-05-14 11:00:00+00:00,2,118.69,0.26,1.54,73.12,0.38,0.5,0.5,1.77
Berlin,DE,52.52,13.405,2026-05-14 12:00:00+00:00,2,118.28,0.27,1.49,73.33,0.4,0.5,0.5,1.87
Berlin,DE,52.52,13.405,2026-05-14 13:00:00+00:00,2,118.7,0.26,1.48,74.43,0.4,0.5,0.5,2.08
Berlin,DE,52.52,13.405,2026-05-14 14:00:00+00:00,2,118.73,0.26,1.47,75.4,0.42,0.5,0.5,2.28
Berlin,DE,52.52,13.405,2026-05-14 15:00:00+00:00,2,118.91,0.26,1.57,76.28,0.42,0.5,0.53,2.4
Berlin,DE,52.52,13.405,2026-05-14 16:00:00+00:00,2,120.19,0.33,2.36,72.09,0.48,0.53,0.62,3.92
Berlin,DE,52.52,13.405,2026-05-14 17:00:00+00:00,2,122.53,0.38,3.78,63.84,0.6,0.65,0.83,6.45
Berlin,DE,52.52,13.405,2026-05-14 18:00:00+00:00,1,124.57,0.21,5.16,57.58,0.7,0.76,1.04,7.64
Berlin,DE,52.52,13.405,2026-05-14 19:00:00+00:00,1,126.53,0.03,6.89,46.44,0.69,0.95,1.39,9.71
Berlin,DE,52.52,13.405,2026-05-14 20:00:00+00:00,1,129.96,0.01,8.67,34.23,0.68,1.26,1.93,13.31
Berlin,DE,52.52,13.405,2026-05-14 21:00:00+00:00,1,132.43,0.03,10.11,26.13,0.68,1.57,2.44,18.24
Berlin,DE,52.52,13.405,2026-05-14 22:00:00+00:00,1,131.33,0.05,10.69,20.99,0.62,1.79,2.8,23.15
Berlin,DE,52.52,13.405,2026-05-14 23:00:00+00:00,1,129.6,0.05,10.4,17.67,0.52,2.0,3.11,23.65
Berlin,DE,52.52,13.405,2026-05-15 00:00:00+00:00,1,127.35,0.05,9.79,15.21,0.46,2.22,3.4,23.17
Berlin,DE,52.52,13.405,2026-05-15 01:00:00+00:00,1,124.17,0.07,9.15,13.01,0.41,2.42,3.63,22.73
Berlin,DE,52.52,13.405,2026-05-15 02:00:00+00:00,1,122.38,0.09,8.76,11.13,0.37,2.61,3.88,21.9
Berlin,DE,52.52,13.405,2026-05-15 03:00:00+00:00,1,122.29,0.13,8.68,9.72,0.34,2.79,4.07,19.57
Berlin,DE,52.52,13.405,2026-05-15 04:00:00+00:00,1,121.7,0.25,8.72,8.45,0.34,2.91,4.08,16.55
Berlin,DE,52.52,13.405,2026-05-15 05:00:00+00:00,1,122.84,1.73,7.75,7.89,0.43,3.11,4.24,13.3
Berlin,DE,52.52,13.405,2026-05-15 06:00:00+00:00,1,126.94,4.6,6.14,9.42,0.53,3.43,4.59,9.71
Berlin,DE,52.52,13.405,2026-05-15 07:00:00+00:00,1,130.53,2.49,8.26,19.93,0.93,4.44,5.35,7.64
Berlin,DE,52.52,13.405,2026-05-15 08:00:00+00:00,1,132.11,2.08,8.49,23.78,1.12,5.0,5.87,7.86
Berlin,DE,52.52,13.405,2026-05-15 09:00:00+00:00,1,132.4,1.86,8.39,27.5,1.37,5.47,6.32,8.84
Berlin,DE,52.52,13.405,2026-05-15 10:00:00+00:00,2,124.93,0.42,3.61,70.2,1.07,3.25,3.54,3.58
Berlin,DE,52.52,13.405,2026-05-15 11:00:00+00:00,2,120.0,0.25,1.91,81.68,0.66,1.3,1.44,2.6
Berlin,DE,52.52,13.405,2026-05-15 12:00:00+00:00,2,118.02,0.22,1.47,85.18,0.59,1.0,1.11,2.47
Berlin,DE,52.52,13.405,2026-05-15 13:00:00+00:00,2,118.41,0.24,1.45,86.07,0.61,1.15,1.27,2.85
Berlin,DE,52.52,13.405,2026-05-15 14:00:00+00:00,2,119.04,0.27,1.83,83.71,0.67,1.4,1.54,3.3
Berlin,DE,52.52,13.405,2026-05-15 15:00:00+00:00,2,120.2,0.29,2.49,80.48,0.74,1.58,1.74,3.5
Berlin,DE,52.52,13.405,2026-05-15 16:00:00+00:00,2,122.92,0.35,3.79,73.39,0.84,1.82,2.01,5.07
Berlin,DE,52.52,13.405,2026-05-15 17:00:00+00:00,2,126.25,0.41,5.17,64.96,0.95,2.33,2.6,6.59
Berlin,DE,52.52,13.405,2026-05-15 18:00:00+00:00,1,128.97,0.24,6.26,59.0,1.04,2.85,3.18,7.37
Berlin,DE,52.52,13.405,2026-05-15 19:00:00+00:00,1,130.14,0.03,7.46,48.34,0.97,3.25,3.7,9.95
Berlin,DE,52.52,13.405,2026-05-15 20:00:00+00:00,1,132.49,0.01,8.52,35.18,0.82,3.74,4.38,11.37
Berlin,DE,52.52,13.405,2026-05-15 21:00:00+00:00,1,133.97,0.03,9.27,25.44,0.68,4.32,5.13,11.5
Berlin,DE,52.52,13.405,2026-05-15 22:00:00+00:00,1,131.83,0.05,9.21,19.12,0.5,4.88,5.73,10.65
Berlin,DE,52.52,13.405,2026-05-15 23:00:00+00:00,1,128.82,0.03,8.23,16.79,0.37,5.43,6.26,8.62
Berlin,DE,52.52,13.405,2026-05-16 00:00:00+00:00,1,126.01,0.01,7.08,17.78,0.34,6.01,6.78,7.09
Berlin,DE,52.52,13.405,2026-05-16 01:00:00+00:00,1,123.04,0.0,5.82,23.9,0.41,6.49,7.17,6.18
Berlin,DE,52.52,13.405,2026-05-16 02:00:00+00:00,1,120.28,0.0,5.06,26.96,0.38,6.58,7.25,5.73
Berlin,DE,52.52,13.405,2026-05-16 03:00:00+00:00,1,118.5,0.0,4.6,30.23,0.39,6.45,7.13,5.39
Berlin,DE,52.52,13.405,2026-05-16 04:00:00+00:00,1,116.81,0.01,4.29,34.22,0.47,6.18,6.86,5.16
Berlin,DE,52.52,13.405,2026-05-16 05:00:00+00:00,1,116.79,0.32,4.21,36.48,0.59,5.96,6.67,5.17
Berlin,DE,52.52,13.405,2026-05-16 06:00:00+00:00,1,119.07,1.01,3.93,40.31,0.81,5.93,6.67,5.31
Berlin,DE,52.52,13.405,2026-05-16 07:00:00+00:00,1,122.24,1.21,3.69,49.9,1.16,5.99,6.66,5.22
Berlin,DE,52.52,13.405,2026-05-16 08:00:00+00:00,1,123.11,1.35,3.43,52.81,1.22,6.07,6.69,5.49
Berlin,DE,52.52,13.405,2026-05-16 09:00:00+00:00,1,123.42,1.3,3.19,55.71,1.23,6.3,6.85,5.78
Berlin,DE,52.52,13.405,2026-05-16 10:00:00+00:00,2,123.12,0.55,1.84,80.44,0.83,3.83,4.09,3.38
Berlin,DE,52.52,13.405,2026-05-16 11:00:00+00:00,2,121.35,0.26,1.04,91.83,0.54,2.0,2.14,2.53
Berlin,DE,52.52,13.405,2026-05-16 12:00:00+00:00,2,119.63,0.19,0.77,94.83,0.43,1.34,1.45,2.37
Berlin,DE,52.52,13.405,2026-05-16 13:00:00+00:00,2,119.01,0.16,0.66,96.66,0.38,0.99,1.05,2.34
Berlin,DE,52.52,13.405,2026-05-16 14:00:00+00:00,2,118.07,0.15,0.64,97.85,0.36,0.78,0.84,2.42
Berlin,DE,52.52,13.405,2026-05-16 15:00:00+00:00,2,117.41,0.15,0.7,99.37,0.35,0.7,0.77,2.55
Berlin,DE,52.52,13.405,2026-05-16 16:00:00+00:00,2,118.01,0.22,1.26,95.75,0.41,0.83,0.95,4.1
Berlin,DE,52.52,13.405,2026-05-16 17:00:00+00:00,2,119.27,0.27,2.25,88.08,0.52,1.09,1.28,6.53
Berlin,DE,52.52,13.405,2026-05-16 18:00:00+00:00,2,120.26,0.15,3.24,82.43,0.61,1.22,1.48,7.85
Berlin,DE,52.52,13.405,2026-05-16 19:00:00+00:00,2,120.89,0.02,4.44,70.33,0.59,1.31,1.69,9.42
Berlin,DE,52.52,13.405,2026-05-16 20:00:00+00:00,1,122.21,0.0,5.7,54.87,0.52,1.48,2.03,9.85
Berlin,DE,52.52,13.405,2026-05-16 21:00:00+00:00,1,122.75,0.0,6.7,43.04,0.44,1.67,2.38,8.94
Berlin,DE,52.52,13.405,2026-05-16 22:00:00+00:00,1,120.14,0.0,6.96,34.92,0.33,1.85,2.65,8.08
Berlin,DE,52.52,13.405,2026-05-16 23:00:00+00:00,1,118.23,0.0,6.55,31.74,0.28,2.04,2.86,7.12
Berlin,DE,52.52,13.405,2026-05-17 00:00:00+00:00,1,116.46,0.0,5.86,31.96,0.27,2.24,3.04,6.3
Berlin,DE,52.52,13.405,2026-05-17 01:00:00+00:00,1,114.53,0.0,5.12,34.2,0.27,2.37,3.12,5.61
Berlin,DE,52.52,13.405,2026-05-17 02:00:00+00:00,1,113.59,0.0,4.63,35.11,0.25,2.4,3.12,5.24
Berlin,DE,52.52,13.405,2026-05-17 03:00:00+00:00,1,113.46,0.0,4.28,36.71,0.25,2.38,3.06,5.01
Berlin,DE,52.52,13.405,2026-05-17 04:00:00+00:00,1,113.01,0.01,3.99,39.74,0.29,2.31,2.95,4.94
Berlin,DE,52.52,13.405,2026-05-17 05:00:00+00:00,1,113.54,0.31,3.92,42.17,0.39,2.25,2.89,5.54
Berlin,DE,52.52,13.405,2026-05-17 06:00:00+00:00,1,115.57,0.94,3.76,45.91,0.56,2.32,2.96,6.64
Berlin,DE,52.52,13.405,2026-05-17 07:00:00+00:00,1,118.2,1.29,3.45,53.21,0.79,2.66,3.26,7.62
Berlin,DE,52.52,13.405,2026-05-17 08:00:00+00:00,1,118.59,1.43,3.18,55.83,0.94,3.18,3.77,8.86
Berlin,DE,52.52,13.405,2026-05-17 09:00:00+00:00,2,118.3,1.26,2.8,60.86,1.09,4.0,4.56,9.06
Berlin,DE,52.52,13.405,2026-05-17 10:00:00+00:00,2,117.85,0.32,1.25,96.63,0.82,2.35,2.58,4.15
Berlin,DE,52.52,13.405,2026-05-17 11:00:00+00:00,3,116.5,0.15,0.75,102.5,0.55,1.0,1.13,3.13
Berlin,DE,52.52,13.405,2026-05-17 12:00:00+00:00,3,115.42,0.12,0.69,102.76,0.49,0.91,1.01,2.98
Berlin,DE,52.52,13.405,2026-05-17 13:00:00+00:00,3,115.17,0.12,0.75,102.98,0.46,0.87,0.97,3.26
Berlin,DE,52.52,13.405,2026-05-17 14:00:00+00:00,3,114.51,0.15,0.9,101.84,0.48,0.88,0.98,3.9
Berlin,DE,52.52,13.405,2026-05-17 15:00:00+00:00,3,114.11,0.2,1.14,101.21,0.49,0.93,1.04,4.51
Berlin,DE,52.52,13.405,2026-05-17 16:00:00+00:00,2,115.0,0.33,2.03,93.49,0.54,1.08,1.24,6.93
Berlin,DE,52.52,13.405,2026-05-17 17:00:00+00:00,2,116.65,0.39,3.35,81.98,0.61,1.25,1.5,10.25
Berlin,DE,52.52,13.405,2026-05-17 18:00:00+00:00,2,117.91,0.22,4.45,74.33,0.65,1.34,1.68,12.05
Berlin,DE,52.52,13.405,2026-05-17 19:00:00+00:00,2,118.26,0.03,5.33,65.06,0.62,1.42,1.86,13.07
Berlin,DE,52.52,13.405,2026-05-17 20:00:00+00:00,1,119.78,0.0,6.03,54.21,0.58,1.59,2.17,14.37
Berlin,DE,52.52,13.405,2026-05-17 21:00:00+00:00,1,120.69,0.0,6.57,45.62,0.5,1.78,2.46,15.41
Berlin,DE,52.52,13.405,2026-05-17 22:00:00+00:00,1,118.5,0.01,6.54,39.11,0.4,1.92,2.64,16.88
Berlin,DE,52.52,13.405,2026-05-17 23:00:00+00:00,1,116.88,0.01,6.29,34.96,0.36,2.1,2.88,18.54
Berlin,DE,52.52,13.405,2026-05-18 00:00:00+00:00,1,115.06,0.01,5.93,31.64,0.35,2.32,3.14,19.75
Berlin,DE,52.52,13.405,2026-05-18 01:00:00+00:00,1,112.16,0.01,5.5,27.78,0.32,2.48,3.36,17.86
Berlin,DE,52.52,13.405,2026-05-18 02:00:00+00:00,1,110.15,0.01,5.22,24.87,0.28,2.6,3.51,12.68
Berlin,DE,52.52,13.405,2026-05-18 03:00:00+00:00,1,109.32,0.02,5.14,23.74,0.28,2.7,3.62,9.04
Berlin,DE,52.52,13.405,2026-05-18 04:00:00+00:00,1,109.17,0.06,5.13,24.46,0.35,2.82,3.71,7.43
Berlin,DE,52.52,13.405,2026-05-18 05:00:00+00:00,1,111.01,0.84,5.06,24.5,0.5,2.95,3.87,7.55
Berlin,DE,52.52,13.405,2026-05-18 06:00:00+00:00,1,114.93,2.45,4.83,25.09,0.69,3.17,4.13,8.45
Berlin,DE,52.52,13.405,2026-05-18 07:00:00+00:00,1,119.04,2.63,5.34,33.61,1.21,3.67,4.6,9.61
Berlin,DE,52.52,13.405,2026-05-18 08:00:00+00:00,1,120.58,2.61,5.4,40.31,1.6,4.17,5.1,11.79
Berlin,DE,52.52,13.405,2026-05-18 09:00:00+00:00,1,120.63,2.43,5.31,45.3,1.85,4.77,5.71,13.02
Berlin,DE,52.52,13.405,2026-05-18 10:00:00+00:00,3,122.35,0.49,2.46,100.54,2.31,3.93,4.34,5.44
Berlin,DE,52.52,13.405,2026-05-18 11:00:00+00:00,3,120.33,0.22,1.38,111.41,1.63,2.88,3.14,4.3
Berlin,DE,52.52,13.405,2026-05-18 12:00:00+00:00,3,121.02,0.17,1.17,114.14,1.36,2.9,3.13,4.35
Berlin,DE,52.52,13.405,2026-05-18 13:00:00+00:00,3,124.24,0.15,1.1,116.44,1.21,3.13,3.34,4.58
Berlin,DE,52.52,13.405,2026-05-18 14:00:00+00:00,3,126.73,0.15,1.09,117.63,1.1,3.4,3.6,4.84
Berlin,DE,52.52,13.405,2026-05-18 15:00:00+00:00,3,128.44,0.15,1.17,118.02,1.04,3.64,3.83,5.06
Berlin,DE,52.52,13.405,2026-05-18 16:00:00+00:00,2,130.84,0.46,3.41,99.58,1.01,3.83,4.14,10.32
Berlin,DE,52.52,13.405,2026-05-18 17:00:00+00:00,2,134.27,0.73,6.76,74.45,1.02,4.05,4.58,17.76
Berlin,DE,52.52,13.405,2026-05-18 18:00:00+00:00,1,137.02,0.44,9.44,58.22,1.07,4.25,4.99,23.75
Berlin,DE,52.52,13.405,2026-05-18 19:00:00+00:00,1,138.19,0.05,10.88,48.23,1.09,4.46,5.38,27.41
Berlin,DE,52.52,13.405,2026-05-18 20:00:00+00:00,1,139.46,0.01,11.19,40.69,0.98,4.63,5.67,25.28
Berlin,DE,52.52,13.405,2026-05-18 21:00:00+00:00,1,139.88,0.01,11.37,35.74,0.85,4.73,5.82,21.21
Berlin,DE,52.52,13.405,2026-05-18 22:00:00+00:00,1,131.74,0.0,9.37,39.34,0.71,4.33,5.28,16.02
Berlin,DE,52.52,13.405,2026-05-18 23:00:00+00:00,1,125.93,0.0,7.97,35.55,0.51,3.89,4.8,12.44
Berlin,DE,52.52,13.405,2026-05-19 00:00:00+00:00,1,120.9,0.0,6.67,31.46,0.39,3.58,4.49,10.51
Berlin,DE,52.52,13.405,2026-05-20 01:00:00+00:00,1,118.17,0.01,8.29,21.01,0.39,3.72,4.9,11.68
Berlin,DE,52.52,13.405,2026-05-20 02:00:00+00:00,1,115.38,0.01,7.47,20.23,0.35,3.56,4.67,10.91
Berlin,DE,52.52,13.405,2026-05-20 03:00:00+00:00,1,113.32,0.01,6.84,21.11,0.37,3.37,4.4,12.04
Berlin,DE,52.52,13.405,2026-05-20 04:00:00+00:00,1,112.6,0.01,6.13,26.38,0.53,3.2,4.03,12.86
Berlin,DE,52.52,13.405,2026-05-20 05:00:00+00:00,1,112.57,0.15,6.13,29.0,0.65,2.75,3.45,12.11
Berlin,DE,52.52,13.405,2026-05-20 06:00:00+00:00,1,114.06,0.54,6.47,32.71,0.78,2.18,2.76,10.65
Berlin,DE,52.52,13.405,2026-05-20 07:00:00+00:00,1,114.79,0.59,5.8,46.31,0.98,1.49,1.9,7.65
Berlin,DE,52.52,13.405,2026-05-20 08:00:00+00:00,1,115.06,0.77,5.08,52.61,1.06,1.32,1.66,6.75
Berlin,DE,52.52,13.405,2026-05-20 09:00:00+00:00,1,114.76,0.87,4.42,55.95,1.12,1.33,1.64,6.52
Berlin,DE,52.52,13.405,2026-05-20 10:00:00+00:00,2,109.5,0.29,2.07,73.75,0.64,0.77,0.9,3.19
Berlin,DE,52.52,13.405,2026-05-20 11:00:00+00:00,2,106.59,0.15,1.21,79.98,0.43,0.57,0.64,2.45
Berlin,DE,52.52,13.405,2026-05-20 12:00:00+00:00,2,105.88,0.12,1.03,83.19,0.4,0.55,0.62,2.5
Berlin,DE,52.52,13.405,2026-05-20 13:00:00+00:00,2,107.02,0.14,1.06,85.63,0.43,0.6,0.67,2.74
Berlin,DE,52.52,13.405,2026-05-20 14:00:00+00:00,2,107.99,0.18,1.23,85.45,0.46,0.71,0.79,3.12
Berlin,DE,52.52,13.405,2026-05-20 15:00:00+00:00,2,109.15,0.23,1.51,84.22,0.48,0.81,0.9,3.23
Berlin,DE,52.52,13.405,2026-05-20 16:00:00+00:00,2,110.09,0.27,1.84,81.82,0.5,0.89,0.99,3.27
Berlin,DE,52.52,13.405,2026-05-20 17:00:00+00:00,2,111.13,0.26,2.23,78.83,0.56,1.02,1.14,3.57
Berlin,DE,52.52,13.405,2026-05-20 18:00:00+00:00,2,111.64,0.16,2.74,74.58,0.63,1.18,1.33,3.77
Berlin,DE,52.52,13.405,2026-05-20 19:00:00+00:00,2,111.9,0.03,3.47,67.76,0.67,1.34,1.54,4.21
Berlin,DE,52.52,13.405,2026-05-20 20:00:00+00:00,1,113.79,0.0,4.22,59.09,0.7,1.53,1.82,4.49
Berlin,DE,52.52,13.405,2026-05-20 21:00:00+00:00,1,115.36,0.0,4.77,51.33,0.66,1.68,2.04,4.44
Berlin,DE,52.52,13.405,2026-05-20 22:00:00+00:00,1,114.6,0.0,4.87,44.73,0.58,1.73,2.13,4.41
Berlin,DE,52.52,13.405,2026-05-20 23:00:00+00:00,1,114.04,0.0,4.6,40.51,0.52,1.75,2.18,4.45
Berlin,DE,52.52,13.405,2026-05-21 00:00:00+00:00,1,113.32,0.0,4.19,37.48,0.48,1.8,2.26,4.47
Berlin,DE,52.52,13.405,2026-05-21 01:00:00+00:00,1,111.63,0.0,3.78,34.63,0.46,1.87,2.36,4.43
Berlin,DE,52.52,13.405,2026-05-21 02:00:00+00:00,1,110.59,0.0,3.48,31.74,0.43,1.91,2.43,4.5
Berlin,DE,52.52,13.405,2026-05-21 03:00:00+00:00,1,109.74,0.0,3.32,28.97,0.41,1.98,2.53,4.62
Berlin,DE,52.52,13.405,2026-05-21 04:00:00+00:00,1,108.42,0.02,3.34,26.18,0.42,2.08,2.68,4.76
Berlin,DE,52.52,13.405,2026-05-21 05:00:00+00:00,1,109.59,0.31,3.68,24.46,0.53,2.28,2.97,4.96
Berlin,DE,52.52,13.405,2026-05-21 06:00:00+00:00,1,113.3,0.79,4.41,25.28,0.74,2.8,3.57,5.12
Berlin,DE,52.52,13.405,2026-05-21 07:00:00+00:00,1,117.21,0.9,4.77,31.37,1.1,3.67,4.47,5.04
Berlin,DE,52.52,13.405,2026-05-21 08:00:00+00:00,1,118.95,1.11,4.72,35.15,1.32,4.17,5.0,5.93
Berlin,DE,52.52,13.405,2026-05-21 09:00:00+00:00,1,119.91,1.14,4.5,41.57,1.56,4.99,5.87,6.83
Berlin,DE,52.52,13.405,2026-05-21 10:00:00+00:00,2,116.99,0.38,2.5,75.98,1.26,2.9,3.63,4.37
Berlin,DE,52.52,13.405,2026-05-21 11:00:00+00:00,2,113.15,0.2,1.54,85.06,0.91,1.7,2.22,3.44
Berlin,DE,52.52,13.405,2026-05-21 12:00:00+00:00,2,111.9,0.17,1.35,87.13,0.83,1.63,2.08,3.4
Berlin,DE,52.52,13.405,2026-05-21 13:00:00+00:00,2,112.56,0.16,1.3,89.88,0.81,1.78,2.18,3.52
Berlin,DE,52.52,13.405,2026-05-21 14:00:00+00:00,2,113.12,0.15,1.33,91.53,0.76,1.96,2.32,3.66
Berlin,DE,52.52,13.405,2026-05-21 15:00:00+00:00,2,114.03,0.15,1.47,92.37,0.71,2.11,2.43,3.8
Berlin,DE,52.52,13.405,2026-05-21 16:00:00+00:00,2,115.52,0.17,1.98,90.76,0.71,2.25,2.56,4.63
Berlin,DE,52.52,13.405,2026-05-21 17:00:00+00:00,2,117.43,0.17,2.83,86.47,0.8,2.44,2.79,6.31
Berlin,DE,52.52,13.405,2026-05-21 18:00:00+00:00,2,119.09,0.09,3.65,81.95,0.9,2.53,2.93,7.67
Berlin,DE,52.52,13.405,2026-05-21 19:00:00+00:00,2,120.59,0.01,4.68,73.52,0.92,2.63,3.11,9.37
Berlin,DE,52.52,13.405,2026-05-21 20:00:00+00:00,2,123.18,0.0,5.78,62.35,0.87,2.78,3.4,9.92
Berlin,DE,52.52,13.405,2026-05-21 21:00:00+00:00,1,124.76,0.0,6.55,52.75,0.77,2.92,3.64,8.5
Berlin,DE,52.52,13.405,2026-05-21 22:00:00+00:00,1,122.64,0.0,6.67,43.33,0.59,2.98,3.76,7.21
Berlin,DE,52.52,13.405,2026-05-21 23:00:00+00:00,1,120.11,0.0,6.28,35.31,0.46,3.05,3.92,7.28
Berlin,DE,52.52,13.405,2026-05-22 00:00:00+00:00,1,117.13,0.0,5.61,29.21,0.39,3.17,4.11,7.83
Berlin,DE,52.52,13.405,2026-05-22 01:00:00+00:00,1,113.25,0.01,5.05,23.83,0.36,3.32,4.34,10.04
Berlin,DE,52.52,13.405,2026-05-22 02:00:00+00:00,1,110.26,0.02,4.86,19.14,0.36,3.49,4.63,13.76
Berlin,DE,52.52,13.405,2026-05-22 03:00:00+00:00,1,108.37,0.03,4.98,15.79,0.4,3.7,4.96,18.33
Berlin,DE,52.52,13.405,2026-05-22 04:00:00+00:00,1,106.58,0.14,5.31,13.35,0.46,3.85,5.21,22.21
Berlin,DE,52.52,13.405,2026-05-22 05:00:00+00:00,1,108.98,1.61,4.99,12.63,0.6,3.97,5.42,22.05
Berlin,DE,52.52,13.405,2026-05-22 06:00:00+00:00,1,114.38,4.11,4.59,13.89,0.74,4.31,5.81,20.47
Berlin,DE,52.52,13.405,2026-05-22 07:00:00+00:00,1,120.34,3.17,5.11,32.98,1.15,5.57,6.85,12.39
Berlin,DE,52.52,13.405,2026-05-22 08:00:00+00:00,1,122.39,2.94,4.94,42.02,1.37,6.34,7.6,12.37
Berlin,DE,52.52,13.405,2026-05-22 09:00:00+00:00,1,122.76,2.57,4.7,50.77,1.61,7.38,8.66,12.92
Berlin,DE,52.52,13.405,2026-05-22 10:00:00+00:00,2,118.77,0.37,2.09,94.84,1.73,5.04,5.85,6.32
Berlin,DE,52.52,13.405,2026-05-22 11:00:00+00:00,3,116.09,0.18,1.3,103.14,1.43,4.5,5.23,5.3
Berlin,DE,52.52,13.405,2026-05-22 12:00:00+00:00,3,114.52,0.14,1.24,105.8,1.39,4.56,5.3,5.27
Berlin,DE,52.52,13.405,2026-05-22 13:00:00+00:00,3,114.88,0.18,1.49,106.68,1.44,4.77,5.53,5.98
Berlin,DE,52.52,13.405,2026-05-22 14:00:00+00:00,3,115.25,0.28,1.91,105.35,1.48,5.08,5.88,7.19
Berlin,DE,52.52,13.405,2026-05-22 15:00:00+00:00,3,116.12,0.39,2.45,104.03,1.51,5.36,6.2,8.23
Berlin,DE,52.52,13.405,2026-05-22 16:00:00+00:00,2,119.36,0.62,4.01,96.81,1.5,5.74,6.65,11.37
Berlin,DE,52.52,13.405,2026-05-22 17:00:00+00:00,2,123.05,0.73,5.75,87.38,1.5,6.1,7.13,14.87
Berlin,DE,52.52,13.405,2026-05-22 18:00:00+00:00,2,125.67,0.48,7.0,81.44,1.52,6.42,7.55,16.94
Berlin,DE,52.52,13.405,2026-05-22 19:00:00+00:00,2,127.59,0.08,8.42,70.38,1.39,6.74,7.98,19.41
Berlin,DE,52.52,13.405,2026-05-22 20:00:00+00:00,1,130.35,0.0,9.46,56.26,1.2,7.05,8.44,21.53
Berlin,DE,52.52,13.405,2026-05-22 21:00:00+00:00,1,132.01,0.0,10.21,44.86,0.98,7.31,8.81,21.6
Berlin,DE,52.52,13.405,2026-05-22 22:00:00+00:00,1,129.55,0.0,10.07,35.91,0.72,7.33,8.9,19.56
Berlin,DE,52.52,13.405,2026-05-22 23:00:00+00:00,1,126.23,0.0,8.94,30.01,0.51,7.35,8.97,15.91
Berlin,DE,52.52,13.405,2026-05-23 00:00:00+00:00,1,123.07,0.0,7.71,25.68,0.38,7.33,8.98,12.55
Berlin,DE,52.52,13.405,2026-05-23 01:00:00+00:00,1,118.82,0.01,6.75,21.94,0.32,7.25,8.9,11.93
Berlin,DE,52.52,13.405,2026-05-23 02:00:00+00:00,1,116.12,0.01,6.11,19.18,0.33,7.41,9.09,14.97
Berlin,DE,52.52,13.405,2026-05-23 03:00:00+00:00,1,113.77,0.02,5.85,17.16,0.38,7.6,9.31,19.4
Berlin,DE,52.52,13.405,2026-05-23 04:00:00+00:00,1,111.26,0.08,5.84,15.39,0.45,7.61,9.32,23.04
Berlin,DE,52.52,13.405,2026-05-23 05:00:00+00:00,1,110.94,1.22,5.1,14.57,0.57,7.54,9.28,22.65
Berlin,DE,52.52,13.405,2026-05-23 06:00:00+00:00,1,113.17,3.13,4.29,15.47,0.66,7.67,9.44,18.07
Berlin,DE,52.52,13.405,2026-05-23 07:00:00+00:00,1,117.2,2.82,4.52,30.25,1.12,9.22,10.82,15.18
Berlin,DE,52.52,13.405,2026-05-23 08:00:00+00:00,1,118.02,2.65,4.32,39.02,1.35,9.92,11.48,16.17
Berlin,DE,52.52,13.405,2026-05-23 09:00:00+00:00,2,117.81,2.05,3.89,51.53,1.59,10.94,12.47,16.83
Berlin,DE,52.52,13.405,2026-05-23 10:00:00+00:00,3,114.35,0.35,1.55,103.63,2.21,7.74,8.78,9.1
Berlin,DE,52.52,13.405,2026-05-23 11:00:00+00:00,3,110.35,0.17,0.88,110.49,1.69,6.18,7.03,7.28
Berlin,DE,52.52,13.405,2026-05-23 12:00:00+00:00,3,108.7,0.15,0.78,111.87,1.48,6.04,6.82,7.01
Berlin,DE,52.52,13.405,2026-05-23 13:00:00+00:00,3,108.52,0.15,0.83,112.91,1.37,6.02,6.77,7.09
Berlin,DE,52.52,13.405,2026-05-23 14:00:00+00:00,3,107.99,0.17,0.98,112.16,1.33,6.05,6.77,7.49
Berlin,DE,52.52,13.405,2026-05-23 15:00:00+00:00,3,108.02,0.2,1.26,112.21,1.33,6.16,6.87,8.02
Berlin,DE,52.52,13.405,2026-05-23 16:00:00+00:00,3,109.99,0.3,2.23,107.59,1.34,6.45,7.21,10.54
Berlin,DE,52.52,13.405,2026-05-23 17:00:00+00:00,3,112.73,0.34,3.55,100.23,1.37,6.79,7.65,14.02
Berlin,DE,52.52,13.405,2026-05-23 18:00:00+00:00,2,114.92,0.18,4.61,94.89,1.41,7.06,8.0,16.46
Berlin,DE,52.52,13.405,2026-05-23 19:00:00+00:00,2,116.91,0.03,5.61,84.82,1.34,7.3,8.36,19.47
Berlin,DE,52.52,13.405,2026-05-23 20:00:00+00:00,2,119.57,0.0,6.47,71.79,1.23,7.63,8.83,23.23
Berlin,DE,52.52,13.405,2026-05-23 21:00:00+00:00,2,121.8,0.0,7.38,61.79,1.19,8.17,9.5,25.9
Berlin,DE,52.52,13.405,2026-05-23 22:00:00+00:00,1,121.1,0.0,7.93,52.72,1.09,9.18,10.61,26.87
Berlin,DE,52.52,13.405,2026-05-23 23:00:00+00:00,2,119.91,0.0,7.79,43.46,0.86,10.16,11.68,22.02
Berlin,DE,52.52,13.405,2026-05-24 00:00:00+00:00,2,117.77,0.0,7.37,34.88,0.64,10.59,12.16,15.39
Berlin,DE,52.52,13.405,2026-05-24 01:00:00+00:00,2,113.4,0.0,6.85,27.41,0.47,10.26,11.84,10.88
Berlin,DE,52.52,13.405,2026-05-24 02:00:00+00:00,1,110.01,0.0,6.31,22.94,0.39,9.62,11.16,9.06
Berlin,DE,52.52,13.405,2026-05-24 03:00:00+00:00,1,106.37,0.01,5.71,21.55,0.37,8.94,10.41,7.88
Berlin,DE,52.52,13.405,2026-05-24 04:00:00+00:00,1,102.58,0.03,5.01,23.64,0.41,8.21,9.56,7.5
Berlin,DE,52.52,13.405,2026-05-24 05:00:00+00:00,1,101.42,0.43,4.73,25.18,0.5,7.45,8.76,8.77
Berlin,DE,52.52,13.405,2026-05-24 06:00:00+00:00,1,102.64,1.3,4.81,27.7,0.65,7.22,8.53,10.84
Berlin,DE,52.52,13.405,2026-05-24 07:00:00+00:00,1,105.4,1.03,5.31,45.59,1.07,7.37,8.64,12.77
Berlin,DE,52.52,13.405,2026-05-24 08:00:00+00:00,1,105.37,0.85,5.14,55.35,1.24,6.63,7.87,14.56
Berlin,DE,52.52,13.405,2026-05-24 09:00:00+00:00,2,104.7,0.64,4.76,63.18,1.36,6.52,7.76,15.48
Berlin,DE,52.52,13.405,2026-05-24 10:00:00+00:00,3,110.75,0.09,1.86,123.01,1.71,8.14,13.09,8.9
Berlin,DE,52.52,13.405,2026-05-24 11:00:00+00:00,3,111.1,0.06,1.23,125.44,1.21,6.69,12.26,7.6
Berlin,DE,52.52,13.405,2026-05-24 12:00:00+00:00,3,111.39,0.06,1.13,121.38,0.93,5.29,8.97,7.34
Berlin,DE,52.52,13.405,2026-05-24 13:00:00+00:00,3,111.37,0.06,1.13,116.71,0.76,4.58,7.04,7.07
Berlin,DE,52.52,13.405,2026-05-24 14:00:00+00:00,3,110.99,0.06,1.2,111.45,0.68,4.46,6.35,6.98
Berlin,DE,52.52,13.405,2026-05-24 15:00:00+00:00,3,109.67,0.06,1.31,106.17,0.61,4.3,5.82,6.77
Berlin,DE,52.52,13.405,2026-05-24 16:00:00+00:00,3,108.52,0.09,1.51,100.72,0.57,4.09,5.33,6.95
Berlin,DE,52.52,13.405,2026-05-24 17:00:00+00:00,2,107.95,0.12,1.81,95.14,0.6,3.89,4.94,7.69
Berlin,DE,52.52,13.405,2026-05-24 18:00:00+00:00,2,107.67,0.09,2.06,90.38,0.64,3.55,4.45,8.43
Berlin,DE,52.52,13.405,2026-05-24 19:00:00+00:00,2,106.98,0.02,2.3,85.45,0.67,3.12,3.9,9.22
Berlin,DE,52.52,13.405,2026-05-24 20:00:00+00:00,2,108.15,0.0,2.48,81.63,0.71,2.71,3.41,10.38
Berlin,DE,52.52,13.405,2026-05-24 21:00:00+00:00,2,109.21,0.0,2.66,78.75,0.75,2.32,2.97,11.29
Berlin,DE,52.52,13.405,2026-05-24 22:00:00+00:00,2,107.93,0.0,2.85,72.94,0.72,1.98,2.58,12.66
Berlin,DE,52.52,13.405,2026-05-24 23:00:00+00:00,2,108.05,0.0,3.11,66.68,0.68,1.8,2.41,14.95
Berlin,DE,52.52,13.405,2026-05-25 00:00:00+00:00,2,108.08,0.0,3.26,61.39,0.65,1.68,2.33,16.84
Berlin,DE,52.52,13.405,2026-05-25 01:00:00+00:00,1,106.24,0.0,3.41,53.49,0.55,1.61,2.33,18.64
Berlin,DE,52.52,13.405,2026-05-25 02:00:00+00:00,1,104.87,0.0,3.64,43.95,0.44,1.63,2.46,18.36
Berlin,DE,52.52,13.405,2026-05-25 03:00:00+00:00,1,103.44,0.0,3.93,36.16,0.39,1.68,2.62,16.43
Berlin,DE,52.52,13.405,2026-05-25 04:00:00+00:00,1,101.85,0.06,4.34,30.04,0.39,1.73,2.77,15.31
Berlin,DE,52.52,13.405,2026-05-25 05:00:00+00:00,1,104.37,0.84,4.83,26.88,0.53,1.86,3.0,16.69
Berlin,DE,52.52,13.405,2026-05-25 06:00:00+00:00,1,109.58,2.22,5.17,28.92,0.76,2.08,3.26,18.37
Berlin,DE,52.52,13.405,2026-05-25 07:00:00+00:00,2,112.05,1.32,4.18,63.61,1.45,2.86,3.75,12.48
Berlin,DE,52.52,13.405,2026-05-25 08:00:00+00:00,2,111.5,1.16,3.36,71.93,1.45,3.14,3.98,11.8
Berlin,DE,52.52,13.405,2026-05-25 09:00:00+00:00,2,110.38,0.81,2.49,80.84,1.42,3.77,4.59,11.24
Berlin,DE,52.52,13.405,2026-05-25 10:00:00+00:00,2,106.97,0.31,1.28,99.05,1.14,3.11,3.8,8.61
Berlin,DE,52.52,13.405,2026-05-25 11:00:00+00:00,3,104.45,0.19,0.87,104.85,0.97,2.79,3.4,7.7
Berlin,DE,52.52,13.405,2026-05-25 12:00:00+00:00,3,103.13,0.17,0.78,107.1,0.91,2.84,3.42,7.47
Berlin,DE,52.52,13.405,2026-05-25 13:00:00+00:00,3,103.33,0.17,0.84,108.96,0.89,2.92,3.5,7.72
Berlin,DE,52.52,13.405,2026-05-25 14:00:00+00:00,3,102.93,0.21,1.01,108.6,0.89,3.0,3.6,8.36
Berlin,DE,52.52,13.405,2026-05-25 15:00:00+00:00,3,102.94,0.26,1.32,108.21,0.91,3.11,3.73,9.15
Berlin,DE,52.52,13.405,2026-05-25 16:00:00+00:00,3,105.01,0.4,2.25,103.88,0.97,3.37,4.04,11.73
Berlin,DE,52.52,13.405,2026-05-25 17:00:00+00:00,2,107.3,0.5,3.51,95.83,1.07,3.66,4.44,15.22
Berlin,DE,52.52,13.405,2026-05-25 18:00:00+00:00,2,109.18,0.33,4.69,88.88,1.2,3.84,4.72,18.21
Berlin,DE,52.52,13.405,2026-05-25 19:00:00+00:00,2,111.38,0.07,6.15,77.16,1.24,3.99,4.99,22.19
Berlin,DE,52.52,13.405,2026-05-25 20:00:00+00:00,2,114.92,0.0,7.38,62.79,1.17,4.14,5.29,24.93
Berlin,DE,52.52,13.405,2026-05-25 21:00:00+00:00,1,117.29,0.0,8.31,51.27,1.01,4.28,5.55,24.14
Berlin,DE,52.52,13.405,2026-05-25 22:00:00+00:00,1,115.41,0.0,8.41,42.31,0.79,4.35,5.68,20.53
Berlin,DE,52.52,13.405,2026-05-25 23:00:00+00:00,1,113.03,0.0,7.71,37.25,0.66,4.47,5.84,18.48
Berlin,DE,52.52,13.405,2026-05-26 00:00:00+00:00,1,110.34,0.0,6.8,33.99,0.59,4.66,6.07,16.78
Berlin,DE,52.52,13.405,2026-05-26 01:00:00+00:00,1,107.14,0.0,6.04,30.62,0.52,4.84,6.3,15.06
Berlin,DE,52.52,13.405,2026-05-26 02:00:00+00:00,1,104.85,0.0,5.6,26.14,0.45,5.09,6.61,13.43
Berlin,DE,52.52,13.405,2026-05-26 03:00:00+00:00,1,103.22,0.01,5.4,22.03,0.4,5.36,6.95,12.26
Berlin,DE,52.52,13.405,2026-05-26 04:00:00+00:00,1,101.52,0.08,5.4,18.43,0.4,5.52,7.15,11.72
Berlin,DE,52.52,13.405,2026-05-26 05:00:00+00:00,1,104.19,1.18,5.3,16.85,0.54,5.73,7.43,13.51
Berlin,DE,52.52,13.405,2026-05-26 06:00:00+00:00,1,110.18,3.05,5.24,18.62,0.77,6.15,7.89,16.52
Berlin,DE,52.52,13.405,2026-05-26 07:00:00+00:00,1,115.86,2.05,5.18,44.86,1.65,7.81,9.49,18.3
Berlin,DE,52.52,13.405,2026-05-26 08:00:00+00:00,1,117.94,1.87,4.7,54.89,1.96,8.87,10.54,19.16
Berlin,DE,52.52,13.405,2026-05-26 09:00:00+00:00,2,119.21,1.52,4.13,65.31,2.16,10.02,11.67,19.35
Berlin,DE,52.52,13.405,2026-05-26 10:00:00+00:00,3,113.9,0.34,1.67,112.12,2.15,7.75,9.17,10.87
Berlin,DE,52.52,13.405,2026-05-26 11:00:00+00:00,3,109.37,0.18,1.0,119.67,1.7,6.07,8.51,8.31
Berlin,DE,52.52,13.405,2026-05-26 12:00:00+00:00,3,106.9,0.16,0.91,119.92,1.55,5.86,10.46,7.77
Berlin,DE,52.52,13.405,2026-05-26 13:00:00+00:00,3,105.12,0.17,0.95,118.66,1.47,6.2,15.89,7.48
Berlin,DE,52.52,13.405,2026-05-26 14:00:00+00:00,3,103.12,0.19,1.1,116.31,1.42,6.74,20.73,7.62
Berlin,DE,52.52,13.405,2026-05-26 15:00:00+00:00,3,102.15,0.22,1.39,114.88,1.42,7.11,23.54,8.02
Berlin,DE,52.52,13.405,2026-05-26 16:00:00+00:00,3,104.12,0.33,2.33,111.71,1.49,7.48,25.0,10.03
Berlin,DE,52.52,13.405,2026-05-26 17:00:00+00:00,3,107.41,0.4,3.72,105.3,1.63,7.77,25.08,13.15
Berlin,DE,52.52,13.405,2026-05-26 18:00:00+00:00,2,110.36,0.25,5.05,98.98,1.78,7.97,24.91,15.79
Berlin,DE,52.52,13.405,2026-05-26 19:00:00+00:00,2,113.07,0.04,6.34,91.01,1.87,8.13,24.33,18.98
Berlin,DE,52.52,13.405,2026-05-26 20:00:00+00:00,2,117.69,0.0,7.55,80.91,1.93,8.53,23.39,23.52
Berlin,DE,52.52,13.405,2026-05-26 21:00:00+00:00,2,122.37,0.0,8.74,72.33,1.95,9.14,21.99,28.48
Berlin,DE,52.52,13.405,2026-05-26 22:00:00+00:00,2,123.51,0.0,9.12,63.6,1.78,9.63,20.09,31.92
Berlin,DE,52.52,13.405,2026-05-26 23:00:00+00:00,2,123.51,0.0,8.56,56.23,1.46,10.33,19.1,30.76
Berlin,DE,52.52,13.405,2026-05-27 00:00:00+00:00,2,121.65,0.0,7.59,50.24,1.16,11.11,19.38,26.37
Berlin,DE,52.52,13.405,2026-05-27 01:00:00+00:00,2,117.36,0.0,6.5,45.63,0.93,11.51,20.46,21.26
Berlin,DE,52.52,13.405,2026-05-27 02:00:00+00:00,2,113.8,0.0,5.57,44.16,0.85,11.43,21.55,18.05
Berlin,DE,52.52,13.405,2026-05-27 03:00:00+00:00,2,110.94,0.0,4.78,46.79,0.89,11.48,22.73,15.66
Berlin,DE,52.52,13.405,2026-05-27 04:00:00+00:00,2,109.55,0.01,4.04,55.85,1.13,12.15,23.98,14.31
Berlin,DE,52.52,13.405,2026-05-27 05:00:00+00:00,2,111.24,0.21,3.93,61.87,1.3,12.65,23.74,14.04
Berlin,DE,52.52,13.405,2026-05-27 06:00:00+00:00,2,113.71,0.62,3.81,67.92,1.41,12.86,22.76,14.1
Berlin,DE,52.52,13.405,2026-05-27 07:00:00+00:00,2,113.37,0.58,2.76,80.1,1.45,11.47,19.46,12.82
Berlin,DE,52.52,13.405,2026-05-27 08:00:00+00:00,2,112.36,0.48,1.97,85.67,1.27,8.88,14.63,11.31
Berlin,DE,52.52,13.405,2026-05-27 09:00:00+00:00,2,110.79,0.34,1.36,90.53,1.15,7.34,11.45,10.21
Berlin,DE,52.52,13.405,2026-05-27 10:00:00+00:00,2,109.04,0.22,0.9,95.05,0.97,5.12,8.1,8.63
Berlin,DE,52.52,13.405,2026-05-27 11:00:00+00:00,2,106.97,0.18,0.72,96.17,0.81,3.38,5.61,7.35
Berlin,DE,52.52,13.405,2026-05-27 12:00:00+00:00,2,105.79,0.17,0.68,96.23,0.76,2.66,4.43,6.96
Berlin,DE,52.52,13.405,2026-05-27 13:00:00+00:00,2,105.38,0.17,0.68,96.58,0.74,2.23,3.75,6.88
Berlin,DE,52.52,13.405,2026-05-27 14:00:00+00:00,2,104.87,0.17,0.73,96.63,0.71,1.9,3.26,6.65
Berlin,DE,52.52,13.405,2026-05-27 15:00:00+00:00,2,104.57,0.19,0.86,96.62,0.7,1.69,3.01,6.55
Berlin,DE,52.52,13.405,2026-05-27 16:00:00+00:00,2,105.26,0.22,1.18,96.02,0.74,1.64,3.05,6.98
Berlin,DE,52.52,13.405,2026-05-27 17:00:00+00:00,2,106.63,0.23,1.67,94.02,0.84,1.67,3.23,7.97
Berlin,DE,52.52,13.405,2026-05-27 18:00:00+00:00,2,108.0,0.15,2.19,91.19,0.94,1.68,3.38,8.87
Berlin,DE,52.52,13.405,2026-05-27 19:00:00+00:00,2,109.1,0.03,2.85,85.57,1.0,1.65,3.45,10.45
Berlin,DE,52.52,13.405,2026-05-27 20:00:00+00:00,2,111.79,0.0,3.5,78.77,1.06,1.64,3.51,12.8
Berlin,DE,52.52,13.405,2026-05-27 21:00:00+00:00,2,114.43,0.0,4.04,73.03,1.07,1.61,3.52,14.79
Berlin,DE,52.52,13.405,2026-05-27 22:00:00+00:00,2,114.23,0.0,4.57,63.39,0.93,1.56,3.44,17.98
Berlin,DE,52.52,13.405,2026-05-27 23:00:00+00:00,1,114.19,0.0,4.98,52.74,0.75,1.56,3.45,22.49
Berlin,DE,52.52,13.405,2026-05-28 00:00:00+00:00,1,113.35,0.0,5.08,44.61,0.63,1.58,3.52,26.33
Berlin,DE,52.52,13.405,2026-05-28 01:00:00+00:00,1,111.53,0.0,5.1,38.26,0.57,1.67,3.65,29.22
Berlin,DE,52.52,13.405,2026-05-28 02:00:00+00:00,1,110.42,0.0,5.06,34.07,0.53,1.81,3.83,29.68
Berlin,DE,52.52,13.405,2026-05-28 03:00:00+00:00,1,109.61,0.0,5.06,31.04,0.5,1.95,4.02,27.46
Berlin,DE,52.52,13.405,2026-05-28 04:00:00+00:00,1,107.78,0.07,5.15,28.4,0.5,2.02,4.17,23.87
Berlin,DE,52.52,13.405,2026-05-28 05:00:00+00:00,1,109.54,0.97,5.12,26.99,0.63,2.12,4.44,22.86
Berlin,DE,52.52,13.405,2026-05-28 06:00:00+00:00,1,113.29,2.47,4.92,28.2,0.83,2.43,4.97,21.91
Berlin,DE,52.52,13.405,2026-05-28 07:00:00+00:00,1,113.82,1.58,3.78,51.86,1.62,3.47,6.54,17.52
Berlin,DE,52.52,13.405,2026-05-28 08:00:00+00:00,1,113.7,1.53,3.24,57.64,1.77,4.59,7.84,16.56
Berlin,DE,52.52,13.405,2026-05-28 09:00:00+00:00,2,113.43,1.31,2.77,63.39,1.87,6.21,9.56,15.86
Berlin,DE,52.52,13.405,2026-05-28 10:00:00+00:00,2,110.79,0.54,1.56,82.8,1.73,6.24,9.24,11.47
Berlin,DE,52.52,13.405,2026-05-28 11:00:00+00:00,2,107.72,0.28,0.96,91.99,1.42,5.07,7.52,8.78
Berlin,DE,52.52,13.405,2026-05-28 12:00:00+00:00,2,105.81,0.21,0.78,95.48,1.22,3.79,5.85,7.65
Berlin,DE,52.52,13.405,2026-05-28 13:00:00+00:00,2,105.23,0.19,0.73,98.37,1.08,3.06,4.82,6.88
Berlin,DE,52.52,13.405,2026-05-28 14:00:00+00:00,2,104.13,0.18,0.76,99.4,0.96,2.53,4.05,6.42
Berlin,DE,52.52,13.405,2026-05-28 15:00:00+00:00,2,103.78,0.19,0.89,99.7,0.9,2.23,3.62,6.29
Berlin,DE,52.52,13.405,2026-05-28 16:00:00+00:00,2,104.68,0.24,1.31,98.59,0.91,2.19,3.58,7.01
Berlin,DE,52.52,13.405,2026-05-28 17:00:00+00:00,2,106.15,0.28,2.0,94.87,1.0,2.31,3.8,8.61
Berlin,DE,52.52,13.405,2026-05-28 18:00:00+00:00,2,107.52,0.19,2.73,90.51,1.1,2.36,3.96,10.19
Berlin,DE,52.52,13.405,2026-05-28 19:00:00+00:00,2,110.19,0.05,4.43,76.98,1.11,2.39,4.12,15.01
Berlin,DE,52.52,13.405,2026-05-28 20:00:00+00:00,2,114.83,0.0,6.44,60.3,1.08,2.53,4.47,21.39
Berlin,DE,52.52,13.405,2026-05-28 21:00:00+00:00,1,118.43,0.0,7.96,48.82,1.01,2.69,4.79,26.46
Berlin,DE,52.52,13.405,2026-05-28 22:00:00+00:00,1,118.04,0.0,8.52,41.1,0.91,2.81,5.01,31.22
Berlin,DE,52.52,13.405,2026-05-28 23:00:00+00:00,1,117.11,0.0,8.29,36.09,0.84,3.02,5.3,35.13
Berlin,DE,52.52,13.405,2026-05-29 00:00:00+00:00,1,116.08,0.0,7.93,32.24,0.82,3.34,5.7,38.03
Berlin,DE,52.52,13.405,2026-05-29 01:00:00+00:00,1,114.44,0.0,7.6,28.7,0.77,3.69,6.11,38.48
Berlin,DE,52.52,13.405,2026-05-29 02:00:00+00:00,1,113.49,0.0,7.28,25.19,0.64,4.05,6.5,32.67
Berlin,DE,52.52,13.405,2026-05-29 03:00:00+00:00,1,112.65,0.01,7.18,22.24,0.51,4.4,6.85,25.37
Berlin,DE,52.52,13.405,2026-05-29 04:00:00+00:00,1,110.38,0.15,7.17,19.44,0.45,4.61,6.98,20.29
Berlin,DE,52.52,13.405,2026-05-29 05:00:00+00:00,1,112.09,1.69,6.5,18.69,0.58,4.81,7.18,20.6
Berlin,DE,52.52,13.405,2026-05-29 06:00:00+00:00,1,116.96,3.88,6.2,20.76,0.81,5.18,7.57,22.73
Berlin,DE,52.52,13.405,2026-05-29 07:00:00+00:00,1,119.6,2.78,6.36,46.56,1.83,6.56,8.9,19.78
Berlin,DE,52.52,13.405,2026-05-29 08:00:00+00:00,1,119.51,2.64,5.83,55.36,2.24,7.53,9.88,18.43
Berlin,DE,52.52,13.405,2026-05-29 09:00:00+00:00,2,118.81,2.34,5.27,62.59,2.53,8.96,11.3,17.79
Berlin,DE,52.52,13.405,2026-05-29 10:00:00+00:00,3,108.77,0.6,2.18,100.06,2.24,4.71,6.56,9.05
Berlin,DE,52.52,13.405,2026-05-29 11:00:00+00:00,3,104.79,0.28,1.19,110.46,1.76,3.18,4.76,7.25
Berlin,DE,52.52,13.405,2026-05-29 12:00:00+00:00,3,103.21,0.22,1.0,115.18,1.64,3.33,4.84,7.0
Berlin,DE,52.52,13.405,2026-05-29 13:00:00+00:00,3,103.33,0.21,1.01,119.79,1.64,3.56,5.07,7.17
Berlin,DE,52.52,13.405,2026-05-29 14:00:00+00:00,3,103.01,0.22,1.16,122.06,1.67,3.83,5.35,7.66
Berlin,DE,52.52,13.405,2026-05-29 15:00:00+00:00,3,102.93,0.25,1.47,123.56,1.7,4.01,5.54,8.16
Berlin,DE,52.52,13.405,2026-05-29 16:00:00+00:00,3,106.11,0.46,2.96,116.33,1.75,4.34,5.95,11.11
Berlin,DE,52.52,13.405,2026-05-29 17:00:00+00:00,3,110.91,0.67,5.3,102.41,1.83,4.74,6.52,15.52
Berlin,DE,52.52,13.405,2026-05-29 18:00:00+00:00,2,114.74,0.47,7.44,90.95,1.89,5.02,6.95,18.93
Berlin,DE,52.52,13.405,2026-05-29 19:00:00+00:00,2,117.01,0.06,8.91,81.92,1.87,5.19,7.25,21.46
Berlin,DE,52.52,13.405,2026-05-29 20:00:00+00:00,2,119.55,0.0,9.41,74.05,1.78,5.37,7.5,23.38
Berlin,DE,52.52,13.405,2026-05-29 21:00:00+00:00,2,121.66,0.0,9.96,66.37,1.59,5.51,7.64,25.01
Berlin,DE,52.52,13.405,2026-05-29 22:00:00+00:00,1,119.98,0.0,9.69,59.25,1.29,5.48,7.51,25.77
Berlin,DE,52.52,13.405,2026-05-29 23:00:00+00:00,1,116.57,0.0,8.34,55.41,1.05,5.4,7.34,25.62
Berlin,DE,52.52,13.405,2026-05-30 00:00:00+00:00,1,111.73,0.0,6.56,55.18,0.91,5.35,7.32,22.88
Berlin,DE,52.52,13.405,2026-05-30 01:00:00+00:00,2,106.4,0.0,4.58,60.7,0.87,5.12,7.05,17.36
Berlin,DE,52.52,13.405,2026-05-30 02:00:00+00:00,1,103.82,0.0,3.59,59.6,0.69,4.41,5.98,12.98
Berlin,DE,52.52,13.405,2026-05-30 03:00:00+00:00,1,102.81,0.0,2.97,59.57,0.58,3.86,5.03,8.97
Berlin,DE,52.52,13.405,2026-05-30 04:00:00+00:00,2,102.18,0.0,2.68,60.11,0.54,3.56,4.45,6.94
Berlin,DE,52.52,13.405,2026-05-30 05:00:00+00:00,2,104.42,0.05,2.92,61.88,0.6,3.58,4.27,6.83
Berlin,DE,52.52,13.405,2026-05-30 06:00:00+00:00,2,110.92,0.19,3.37,66.36,0.76,4.08,4.66,6.94
Berlin,DE,52.52,13.405,2026-05-30 07:00:00+00:00,2,119.14,0.31,3.01,77.03,0.91,4.99,5.52,6.03
Berlin,DE,52.52,13.405,2026-05-30 08:00:00+00:00,2,119.92,0.37,2.38,82.12,0.93,5.45,6.03,5.86
Berlin,DE,52.52,13.405,2026-05-30 09:00:00+00:00,2,117.71,0.28,1.75,88.43,0.91,5.89,6.54,5.76
Berlin,DE,52.52,13.405,2026-05-30 10:00:00+00:00,2,113.82,0.2,1.2,96.14,0.84,5.77,6.47,5.55
Berlin,DE,52.52,13.405,2026-05-30 11:00:00+00:00,3,109.38,0.16,0.82,101.06,0.78,5.24,6.01,5.45
Berlin,DE,52.52,13.405,2026-05-30 12:00:00+00:00,3,105.61,0.14,0.66,102.52,0.74,4.97,5.83,5.37
Berlin,DE,52.52,13.405,2026-05-30 13:00:00+00:00,3,102.41,0.13,0.62,102.02,0.68,4.4,5.38,5.17
Berlin,DE,52.52,13.405,2026-05-30 14:00:00+00:00,2,99.15,0.12,0.63,99.46,0.63,3.67,4.85,4.9
Berlin,DE,52.52,13.405,2026-05-30 15:00:00+00:00,2,97.37,0.12,0.74,96.22,0.63,3.28,4.72,4.96
Berlin,DE,52.52,13.405,2026-05-30 16:00:00+00:00,2,97.45,0.15,1.04,92.93,0.69,3.13,4.81,5.74
Berlin,DE,52.52,13.405,2026-05-30 17:00:00+00:00,2,97.99,0.16,1.51,88.62,0.8,3.07,4.87,7.09
Berlin,DE,52.52,13.405,2026-05-30 18:00:00+00:00,2,98.53,0.11,1.98,84.25,0.9,2.99,4.82,8.4
Berlin,DE,52.52,13.405,2026-05-30 19:00:00+00:00,2,99.3,0.03,2.61,77.66,0.95,2.92,4.74,10.65
Berlin,DE,52.52,13.405,2026-05-30 20:00:00+00:00,2,101.07,0.0,3.27,69.47,0.96,2.9,4.71,13.77
Berlin,DE,52.52,13.405,2026-05-30 21:00:00+00:00,2,102.34,0.0,3.81,62.41,0.9,2.88,4.69,16.48
Berlin,DE,52.52,13.405,2026-05-30 22:00:00+00:00,1,101.06,0.0,4.07,55.0,0.75,2.83,4.59,18.41
Berlin,DE,52.52,13.405,2026-05-30 23:00:00+00:00,1,100.3,0.0,4.05,48.47,0.61,2.81,4.55,18.07
Berlin,DE,52.52,13.405,2026-05-31 00:00:00+00:00,1,99.11,0.0,3.87,42.93,0.51,2.8,4.55,15.4
Berlin,DE,52.52,13.405,2026-05-31 01:00:00+00:00,1,96.72,0.0,3.76,35.94,0.4,2.8,4.55,12.32
Berlin,DE,52.52,13.405,2026-05-31 02:00:00+00:00,1,94.37,0.0,3.76,28.08,0.3,2.84,4.63,10.64
Berlin,DE,52.52,13.405,2026-05-31 03:00:00+00:00,1,92.23,0.01,3.84,21.64,0.27,2.92,4.76,10.88
Berlin,DE,52.52,13.405,2026-05-31 04:00:00+00:00,1,89.85,0.08,4.0,16.72,0.28,2.98,4.87,11.54
Berlin,DE,52.52,13.405,2026-05-31 05:00:00+00:00,1,90.65,0.93,3.95,14.18,0.37,3.09,5.05,11.35
Berlin,DE,52.52,13.405,2026-05-31 06:00:00+00:00,1,94.23,2.51,3.75,15.06,0.5,3.25,5.28,12.88
Berlin,DE,52.52,13.405,2026-05-31 07:00:00+00:00,1,99.2,1.51,3.69,39.98,1.0,3.64,5.61,13.42
Berlin,DE,52.52,13.405,2026-05-31 08:00:00+00:00,1,100.01,1.34,3.35,48.31,1.18,3.68,5.6,14.01
Berlin,DE,52.52,13.405,2026-05-31 09:00:00+00:00,1,99.49,1.17,3.0,55.13,1.39,4.08,5.96,14.48
Berlin,DE,52.52,13.405,2026-05-31 10:00:00+00:00,2,99.21,0.37,1.7,85.59,1.36,3.44,4.82,9.28
Berlin,DE,52.52,13.405,2026-05-31 11:00:00+00:00,2,98.24,0.17,1.1,97.4,1.01,2.74,3.7,7.19
Berlin,DE,52.52,13.405,2026-05-31 12:00:00+00:00,3,97.9,0.13,0.96,101.48,0.86,2.34,3.07,6.56
Berlin,DE,52.52,13.405,2026-05-31 13:00:00+00:00,3,99.64,0.12,1.16,102.81,0.85,2.14,2.7,6.66
Berlin,DE,52.52,13.405,2026-05-31 14:00:00+00:00,2,101.31,0.14,1.67,99.14,0.87,2.05,2.48,6.98
Berlin,DE,52.52,13.405,2026-05-31 15:00:00+00:00,2,103.34,0.11,2.47,93.31,0.86,1.94,2.28,6.0
Berlin,DE,52.52,13.405,2026-05-31 16:00:00+00:00,2,103.99,0.06,3.35,85.72,0.81,1.77,2.03,4.73
Berlin,DE,52.52,13.405,2026-05-31 17:00:00+00:00,2,105.08,0.04,3.92,79.55,0.77,1.65,1.88,4.21
Berlin,DE,52.52,13.405,2026-05-31 18:00:00+00:00,2,105.61,0.02,4.14,74.09,0.74,1.58,1.79,4.0
Berlin,DE,52.52,13.405,2026-05-31 19:00:00+00:00,2,104.65,0.0,3.97,69.28,0.7,1.58,1.76,3.83
Berlin,DE,52.52,13.405,2026-05-31 20:00:00+00:00,2,105.07,0.0,3.67,65.95,0.66,1.75,1.91,3.5
Berlin,DE,52.52,13.405,2026-05-31 21:00:00+00:00,2,106.03,0.0,3.45,62.76,0.61,2.27,2.41,3.17
Berlin,DE,52.52,13.405,2026-05-31 22:00:00+00:00,1,106.91,0.0,3.29,58.13,0.54,2.88,3.02,3.06
Berlin,DE,52.52,13.405,2026-05-31 23:00:00+00:00,1,108.17,0.0,3.28,51.21,0.52,3.47,3.64,3.26
Berlin,DE,52.52,13.405,2026-06-01 00:00:00+00:00,1,108.6,0.0,3.24,44.79,0.54,3.86,4.1,3.51
Berlin,DE,52.52,13.405,2026-06-01 01:00:00+00:00,1,108.04,0.0,3.14,38.32,0.52,3.99,4.34,2.66
Berlin,DE,52.52,13.405,2026-06-01 02:00:00+00:00,1,107.24,0.0,3.08,32.96,0.52,4.05,4.54,2.27
Berlin,DE,52.52,13.405,2026-06-01 03:00:00+00:00,1,106.62,0.0,3.09,29.39,0.54,4.04,4.63,2.17
Berlin,DE,52.52,13.405,2026-06-01 04:00:00+00:00,1,104.99,0.0,3.16,26.95,0.57,3.96,4.64,2.17
Berlin,DE,52.52,13.405,2026-06-01 05:00:00+00:00,1,104.97,0.05,3.58,25.42,0.66,3.88,4.7,2.27
Berlin,DE,52.52,13.405,2026-06-01 06:00:00+00:00,1,106.0,0.21,4.28,24.79,0.79,3.81,4.83,2.42
Berlin,DE,52.52,13.405,2026-06-01 07:00:00+00:00,1,106.72,0.4,4.51,31.15,1.1,3.48,4.65,3.09
Berlin,DE,52.52,13.405,2026-06-01 08:00:00+00:00,1,105.19,0.69,3.92,38.72,1.15,2.78,3.92,3.26
Berlin,DE,52.52,13.405,2026-06-01 09:00:00+00:00,1,103.07,0.78,3.2,46.32,1.15,2.42,3.55,3.38
Berlin,DE,52.52,13.405,2026-06-01 10:00:00+00:00,2,100.62,0.48,1.97,65.31,0.95,2.04,3.07,3.74
Berlin,DE,52.52,13.405,2026-06-01 11:00:00+00:00,2,98.65,0.26,1.14,79.79,0.8,1.93,2.84,3.96
Berlin,DE,52.52,13.405,2026-06-01 12:00:00+00:00,2,97.54,0.18,0.8,87.34,0.76,1.99,2.85,3.87
Berlin,DE,52.52,13.405,2026-06-01 13:00:00+00:00,2,97.45,0.15,0.65,94.94,0.69,1.86,2.59,3.25
Berlin,DE,52.52,13.405,2026-06-01 14:00:00+00:00,2,97.08,0.14,0.65,98.44,0.62,1.68,2.24,2.6
Berlin,DE,52.52,13.405,2026-06-01 15:00:00+00:00,2,96.93,0.15,0.78,99.02,0.6,1.63,2.12,2.35
Berlin,DE,52.52,13.405,2026-06-01 16:00:00+00:00,2,97.84,0.2,1.19,97.06,0.64,1.65,2.13,2.48
Berlin,DE,52.52,13.405,2026-06-01 17:00:00+00:00,2,99.07,0.24,1.87,92.31,0.75,1.74,2.23,2.92
Berlin,DE,52.52,13.405,2026-06-01 18:00:00+00:00,2,100.25,0.16,2.55,88.0,0.86,1.8,2.32,3.32
Berlin,DE,52.52,13.405,2026-06-01 19:00:00+00:00,2,102.01,0.04,4.0,74.18,0.89,1.91,2.53,4.73
Berlin,DE,52.52,13.405,2026-06-01 20:00:00+00:00,1,105.05,0.0,5.72,57.65,0.91,2.11,2.89,6.56
Berlin,DE,52.52,13.405,2026-06-01 21:00:00+00:00,1,107.55,0.0,7.16,46.85,0.95,2.41,3.35,7.66
Berlin,DE,52.52,13.405,2026-06-01 22:00:00+00:00,1,106.74,0.0,7.79,39.0,0.89,2.68,3.73,8.49
Berlin,DE,52.52,13.405,2026-06-01 23:00:00+00:00,1,104.4,0.0,7.34,32.07,0.76,2.9,4.04,8.2
Berlin,DE,52.52,13.405,2026-06-02 00:00:00+00:00,1,101.85,0.0,6.54,26.03,0.61,3.03,4.24,7.14
Berlin,DE,52.52,13.405,2026-06-02 01:00:00+00:00,1,98.57,0.0,5.77,21.17,0.48,2.91,4.16,5.88
Berlin,DE,52.52,13.405,2026-06-02 02:00:00+00:00,1,95.58,0.01,5.08,17.64,0.37,2.78,4.06,4.4
Berlin,DE,52.52,13.405,2026-06-02 03:00:00+00:00,1,92.99,0.02,4.57,15.65,0.31,2.85,4.14,3.29
Berlin,DE,52.52,13.405,2026-06-02 04:00:00+00:00,1,90.44,0.07,4.36,15.38,0.34,2.91,4.17,2.72
Berlin,DE,52.52,13.405,2026-06-02 05:00:00+00:00,1,91.48,0.45,4.97,15.06,0.49,3.03,4.29,2.81
Berlin,DE,52.52,13.405,2026-06-02 06:00:00+00:00,1,95.77,1.46,5.95,16.23,0.68,3.23,4.49,3.4
Berlin,DE,52.52,13.405,2026-06-02 07:00:00+00:00,1,100.31,0.64,6.45,41.79,1.75,3.74,4.77,3.6
Berlin,DE,52.52,13.405,2026-06-02 08:00:00+00:00,1,101.71,0.77,6.11,49.71,2.19,4.04,4.99,4.02
Berlin,DE,52.52,13.405,2026-06-02 09:00:00+00:00,1,102.47,0.97,5.87,52.44,2.45,4.25,5.17,4.34
Berlin,DE,52.52,13.405,2026-06-02 10:00:00+00:00,2,100.34,0.18,2.93,88.77,2.19,2.8,3.18,1.94
Berlin,DE,52.52,13.405,2026-06-02 11:00:00+00:00,2,99.54,0.09,1.93,94.75,1.39,1.64,1.83,1.45
Berlin,DE,52.52,13.405,2026-06-02 12:00:00+00:00,2,99.4,0.08,1.77,95.39,1.14,1.19,1.33,1.37
Berlin,DE,52.52,13.405,2026-06-02 13:00:00+00:00,2,99.84,0.08,1.82,95.52,1.03,0.97,1.08,1.43
Berlin,DE,52.52,13.405,2026-06-02 14:00:00+00:00,2,99.83,0.1,1.98,94.35,1.03,0.9,1.01,1.59
Berlin,DE,52.52,13.405,2026-06-02 15:00:00+00:00,2,99.9,0.12,2.21,93.55,1.07,0.87,1.01,1.74
Berlin,DE,52.52,13.405,2026-06-02 16:00:00+00:00,2,101.22,0.17,2.69,92.2,1.18,0.97,1.14,2.09
Berlin,DE,52.52,13.405,2026-06-02 17:00:00+00:00,2,102.63,0.2,3.28,89.73,1.41,1.16,1.4,2.63
Berlin,DE,52.52,13.405,2026-06-02 18:00:00+00:00,2,103.99,0.14,3.83,87.61,1.69,1.36,1.68,3.12
Berlin,DE,52.52,13.405,2026-06-02 19:00:00+00:00,2,105.1,0.03,4.35,84.6,1.95,1.51,1.92,3.59
Berlin,DE,52.52,13.405,2026-06-02 20:00:00+00:00,2,106.88,0.0,4.64,80.88,2.14,1.63,2.13,4.11
Berlin,DE,52.52,13.405,2026-06-02 21:00:00+00:00,2,107.97,0.0,4.82,76.85,2.24,1.74,2.32,4.6
Berlin,DE,52.52,13.405,2026-06-02 22:00:00+00:00,2,107.09,0.0,4.81,71.16,2.25,1.84,2.42,4.78
Berlin,DE,52.52,13.405,2026-06-02 23:00:00+00:00,2,106.57,0.0,4.68,64.98,1.99,1.89,2.42,4.47
Berlin,DE,52.52,13.405,2026-06-03 00:00:00+00:00,1,105.96,0.0,4.49,58.46,1.58,1.81,2.26,3.59
Berlin,DE,52.52,13.405,2026-06-03 01:00:00+00:00,1,104.03,0.0,4.14,52.62,1.16,1.56,1.86,2.38
Berlin,DE,52.52,13.405,2026-06-03 02:00:00+00:00,1,102.41,0.0,3.63,48.51,0.81,1.28,1.48,1.48
Berlin,DE,52.52,13.405,2026-06-03 03:00:00+00:00,1,101.43,0.0,3.12,46.16,0.65,1.12,1.28,1.08
Berlin,DE,52.52,13.405,2026-06-03 04:00:00+00:00,1,100.51,0.0,2.86,43.98,0.6,1.09,1.23,0.96
Berlin,DE,52.52,13.405,2026-06-03 05:00:00+00:00,1,101.46,0.01,3.31,39.69,0.66,1.1,1.26,1.01
Berlin,DE,52.52,13.405,2026-06-03 06:00:00+00:00,1,103.99,0.07,4.32,34.23,0.78,1.09,1.29,1.12
Berlin,DE,52.52,13.405,2026-06-03 07:00:00+00:00,1,106.3,0.18,5.1,31.27,0.88,1.01,1.21,1.16
Berlin,DE,52.52,13.405,2026-06-03 08:00:00+00:00,1,107.05,0.34,5.15,31.92,0.94,0.86,1.06,1.25
Berlin,DE,52.52,13.405,2026-06-03 09:00:00+00:00,1,106.26,0.59,4.52,36.37,0.96,0.72,0.91,1.39
Berlin,DE,52.52,13.405,2026-06-03 10:00:00+00:00,1,104.2,0.55,3.1,49.57,0.76,0.54,0.66,1.28
Berlin,DE,52.52,13.405,2026-06-03 11:00:00+00:00,1,101.78,0.32,2.24,59.74,0.6,0.51,0.55,1.19
Berlin,DE,52.52,13.405,2026-06-03 12:00:00+00:00,2,100.11,0.26,1.78,64.26,0.54,0.5,0.53,1.14
Berlin,DE,52.52,13.405,2026-06-03 13:00:00+00:00,2,99.26,0.17,1.59,67.26,0.49,0.5,0.5,1.07
Berlin,DE,52.52,13.405,2026-06-03 14:00:00+00:00,2,98.37,0.12,1.56,68.74,0.45,0.5,0.5,1.02
Berlin,DE,52.52,13.405,2026-06-03 15:00:00+00:00,2,97.82,0.09,1.58,70.15,0.43,0.5,0.5,1.02
Berlin,DE,52.52,13.405,2026-06-03 16:00:00+00:00,2,98.62,0.14,1.84,70.96,0.49,0.5,0.5,1.29
Berlin,DE,52.52,13.405,2026-06-03 17:00:00+00:00,2,99.51,0.23,2.31,70.13,0.62,0.53,0.61,1.84
Berlin,DE,52.52,13.405,2026-06-03 18:00:00+00:00,2,100.18,0.19,2.78,68.75,0.73,0.64,0.78,2.32
Berlin,DE,52.52,13.405,2026-06-03 19:00:00+00:00,2,101.04,0.05,3.41,65.65,0.82,0.74,0.95,2.92
Berlin,DE,52.52,13.405,2026-06-03 20:00:00+00:00,2,102.62,0.0,3.99,61.2,0.9,0.88,1.15,3.7
Berlin,DE,52.52,13.405,2026-06-03 21:00:00+00:00,1,104.07,0.0,4.45,56.8,0.93,1.01,1.34,4.23
Berlin,DE,52.52,13.405,2026-06-03 22:00:00+00:00,1,103.25,0.0,4.49,52.58,0.86,1.08,1.43,4.15
Berlin,DE,52.52,13.405,2026-06-03 23:00:00+00:00,1,102.51,0.0,4.15,50.48,0.78,1.09,1.46,3.86
Berlin,DE,52.52,13.405,2026-06-04 00:00:00+00:00,1,101.68,0.0,3.63,50.44,0.73,1.09,1.46,3.38
Berlin,DE,52.52,13.405,2026-06-04 01:00:00+00:00,1,100.6,0.0,3.1,51.95,0.73,1.05,1.4,2.91
Berlin,DE,52.52,13.405,2026-06-04 02:00:00+00:00,1,100.16,0.0,2.73,52.81,0.74,0.99,1.32,2.83
Berlin,DE,52.52,13.405,2026-06-04 03:00:00+00:00,1,100.04,0.0,2.53,52.92,0.78,0.9,1.21,2.85
Berlin,DE,52.52,13.405,2026-06-04 04:00:00+00:00,1,99.66,0.01,2.48,52.49,0.83,0.78,1.07,2.83
Berlin,DE,52.52,13.405,2026-06-04 05:00:00+00:00,1,99.69,0.1,2.65,51.01,0.89,0.7,1.0,2.9
Berlin,DE,52.52,13.405,2026-06-04 06:00:00+00:00,1,99.98,0.34,2.78,50.44,0.95,0.67,0.97,2.88
Berlin,DE,52.52,13.405,2026-06-04 07:00:00+00:00,1,100.18,0.44,2.47,54.13,0.9,0.62,0.89,2.44
Berlin,DE,52.52,13.405,2026-06-04 08:00:00+00:00,1,99.0,0.37,2.19,55.37,0.83,0.57,0.81,2.17
Berlin,DE,52.52,13.405,2026-06-04 09:00:00+00:00,1,98.14,0.3,1.97,55.26,0.77,0.53,0.73,2.06
Berlin,DE,52.52,13.405,2026-06-04 10:00:00+00:00,1,98.79,0.19,1.48,55.17,0.57,0.5,0.51,1.62
Berlin,DE,52.52,13.405,2026-06-04 11:00:00+00:00,1,98.62,0.14,1.3,55.19,0.46,0.5,0.5,1.41
Berlin,DE,52.52,13.405,2026-06-04 12:00:00+00:00,1,98.3,0.12,1.38,55.1,0.45,0.5,0.5,1.42
Berlin,DE,52.52,13.405,2026-06-04 13:00:00+00:00,1,99.11,0.11,1.54,54.8,0.47,0.5,0.5,1.43
Berlin,DE,52.52,13.405,2026-06-04 14:00:00+00:00,1,100.05,0.12,1.69,54.28,0.48,0.5,0.5,1.4
Berlin,DE,52.52,13.405,2026-06-04 15:00:00+00:00,1,101.46,0.13,1.84,55.13,0.47,0.5,0.5,1.32
Berlin,DE,52.52,13.405,2026-06-04 16:00:00+00:00,1,101.76,0.13,2.12,56.71,0.49,0.5,0.5,1.28
Berlin,DE,52.52,13.405,2026-06-04 17:00:00+00:00,1,102.7,0.08,2.6,59.67,0.56,0.5,0.5,1.35
Berlin,DE,52.52,13.405,2026-06-04 18:00:00+00:00,2,103.17,0.04,2.84,66.04,0.6,0.5,0.5,1.36
Berlin,DE,52.52,13.405,2026-06-04 19:00:00+00:00,2,102.2,0.01,2.77,72.97,0.61,0.5,0.5,1.43
Berlin,DE,52.52,13.405,2026-06-04 20:00:00+00:00,2,101.1,0.0,2.63,76.9,0.65,0.5,0.5,1.64
Berlin,DE,52.52,13.405,2026-06-04 21:00:00+00:00,2,99.82,0.0,2.58,77.36,0.68,0.5,0.5,1.86
Berlin,DE,52.52,13.405,2026-06-04 22:00:00+00:00,2,98.45,0.0,2.45,75.59,0.65,0.5,0.5,1.8
Berlin,DE,52.52,13.405,2026-06-04 23:00:00+00:00,2,97.97,0.0,2.29,72.55,0.57,0.5,0.5,1.5
Berlin,DE,52.52,13.405,2026-06-05 00:00:00+00:00,2,97.99,0.0,2.17,68.65,0.52,0.5,0.5,1.24
Berlin,DE,52.52,13.405,2026-06-05 01:00:00+00:00,2,97.29,0.0,2.1,63.94,0.5,0.5,0.5,1.09
Berlin,DE,52.52,13.405,2026-06-05 02:00:00+00:00,2,97.44,0.0,2.1,60.18,0.53,0.5,0.5,1.05
Berlin,DE,52.52,13.405,2026-06-05 03:00:00+00:00,1,97.87,0.0,2.18,56.72,0.56,0.5,0.5,1.04
Berlin,DE,52.52,13.405,2026-06-05 04:00:00+00:00,1,97.78,0.0,2.39,52.93,0.61,0.5,0.55,1.11
Berlin,DE,52.52,13.405,2026-06-05 05:00:00+00:00,1,98.98,0.05,2.93,49.27,0.72,0.5,0.67,1.26
Berlin,DE,52.52,13.405,2026-06-05 06:00:00+00:00,1,100.97,0.26,3.54,46.23,0.86,0.57,0.82,1.42
Berlin,DE,52.52,13.405,2026-06-05 07:00:00+00:00,1,102.45,0.24,4.15,44.74,0.98,0.64,0.94,1.59
Berlin,DE,52.52,13.405,2026-06-05 08:00:00+00:00,1,102.99,0.3,4.13,45.2,1.09,0.68,1.01,1.78
Berlin,DE,52.52,13.405,2026-06-05 09:00:00+00:00,1,102.81,0.35,3.82,46.54,1.16,0.71,1.05,1.85
Berlin,DE,52.52,13.405,2026-06-05 10:00:00+00:00,1,101.52,0.27,2.32,57.33,0.82,0.56,0.78,1.25
Berlin,DE,52.52,13.405,2026-06-05 11:00:00+00:00,2,99.53,0.23,1.35,64.85,0.56,0.5,0.6,0.97
Berlin,DE,52.52,13.405,2026-06-05 12:00:00+00:00,2,98.4,0.22,1.02,68.66,0.49,0.52,0.62,0.93
Berlin,DE,52.52,13.405,2026-06-05 13:00:00+00:00,2,98.85,0.24,1.04,71.24,0.53,0.61,0.74,1.07
Berlin,DE,52.52,13.405,2026-06-05 14:00:00+00:00,2,99.56,0.29,1.33,71.48,0.62,0.75,0.88,1.32
Berlin,DE,52.52,13.405,2026-06-05 15:00:00+00:00,2,100.71,0.34,1.74,70.87,0.66,0.83,0.97,1.46
Berlin,DE,52.52,13.405,2026-06-05 16:00:00+00:00,2,101.58,0.38,2.16,69.59,0.67,0.87,1.01,1.54
Berlin,DE,52.52,13.405,2026-06-05 17:00:00+00:00,2,102.22,0.37,2.49,68.35,0.7,0.91,1.07,1.68
Berlin,DE,52.52,13.405,2026-06-05 18:00:00+00:00,2,102.65,0.24,2.87,66.89,0.74,0.93,1.11,1.81
Berlin,DE,52.52,13.405,2026-06-05 19:00:00+00:00,1,103.53,0.07,3.9,59.1,0.74,0.99,1.25,2.71
Berlin,DE,52.52,13.405,2026-06-05 20:00:00+00:00,1,105.77,0.0,5.29,47.31,0.69,1.13,1.53,3.73
Berlin,DE,52.52,13.405,2026-06-05 21:00:00+00:00,1,107.63,0.0,6.41,37.88,0.61,1.27,1.79,3.6
Berlin,DE,52.52,13.405,2026-06-05 22:00:00+00:00,1,106.14,0.0,6.85,30.27,0.48,1.36,1.96,3.04
Berlin,DE,52.52,13.405,2026-06-05 23:00:00+00:00,1,103.81,0.0,6.48,24.64,0.37,1.41,2.09,2.73
Berlin,DE,52.52,13.405,2026-06-06 00:00:00+00:00,1,100.78,0.01,5.81,20.17,0.29,1.45,2.2,2.6
Berlin,DE,52.52,13.405,2026-06-06 01:00:00+00:00,1,97.17,0.01,5.18,16.33,0.25,1.48,2.3,2.73
Berlin,DE,52.52,13.405,2026-06-06 02:00:00+00:00,1,94.33,0.03,4.72,13.32,0.22,1.52,2.41,3.14
Berlin,DE,52.52,13.405,2026-06-06 03:00:00+00:00,1,91.78,0.05,4.41,11.33,0.22,1.55,2.5,3.82
Berlin,DE,52.52,13.405,2026-06-06 04:00:00+00:00,1,89.03,0.15,4.21,9.99,0.24,1.56,2.52,4.04
Berlin,DE,52.52,13.405,2026-06-06 05:00:00+00:00,1,89.06,1.09,3.69,9.75,0.29,1.59,2.6,3.38
Berlin,DE,52.52,13.405,2026-06-06 06:00:00+00:00,1,91.59,2.85,2.99,11.22,0.38,1.67,2.7,3.48
Berlin,DE,52.52,13.405,2026-06-06 07:00:00+00:00,1,98.53,1.71,3.97,29.58,0.91,1.78,2.53,3.44
Berlin,DE,52.52,13.405,2026-06-06 08:00:00+00:00,1,99.7,1.77,3.63,35.31,1.07,1.92,2.61,3.79
Berlin,DE,52.52,13.405,2026-06-06 09:00:00+00:00,1,99.99,1.64,3.2,41.63,1.24,2.23,2.89,3.94
Berlin,DE,52.52,13.405,2026-06-06 10:00:00+00:00,2,100.51,0.37,1.43,75.48,1.13,2.05,2.36,1.75
Berlin,DE,52.52,13.405,2026-06-06 11:00:00+00:00,2,99.03,0.15,0.85,83.28,0.87,1.73,1.93,1.26
Berlin,DE,52.52,13.405,2026-06-06 12:00:00+00:00,2,98.08,0.1,0.81,85.66,0.84,1.63,1.81,1.21
Berlin,DE,52.52,13.405,2026-06-06 13:00:00+00:00,2,98.54,0.09,0.94,87.31,0.88,1.59,1.78,1.33
Berlin,DE,52.52,13.405,2026-06-06 14:00:00+00:00,2,98.42,0.09,1.24,86.58,0.94,1.6,1.8,1.62
Berlin,DE,52.52,13.405,2026-06-06 15:00:00+00:00,2,98.57,0.08,1.68,85.52,0.99,1.58,1.8,1.92
Berlin,DE,52.52,13.405,2026-06-06 16:00:00+00:00,2,100.41,0.15,3.04,79.1,1.03,1.63,1.92,3.23
Berlin,DE,52.52,13.405,2026-06-06 17:00:00+00:00,2,102.97,0.25,4.79,69.39,1.07,1.77,2.18,5.24
Berlin,DE,52.52,13.405,2026-06-06 18:00:00+00:00,2,104.79,0.23,6.0,62.51,1.15,1.89,2.42,7.07
Berlin,DE,52.52,13.405,2026-06-06 19:00:00+00:00,1,105.76,0.07,6.83,55.66,1.17,2.03,2.66,8.63
Berlin,DE,52.52,13.405,2026-06-06 20:00:00+00:00,1,107.16,0.0,7.15,48.2,1.06,2.19,2.91,9.12
Berlin,DE,52.52,13.405,2026-06-06 21:00:00+00:00,1,108.21,0.0,7.36,42.89,0.94,2.32,3.08,9.27
Berlin,DE,52.52,13.405,2026-06-06 22:00:00+00:00,1,106.66,0.0,7.24,38.07,0.82,2.34,3.07,8.95
Berlin,DE,52.52,13.405,2026-06-06 23:00:00+00:00,1,105.43,0.0,6.94,34.2,0.72,2.27,2.95,8.44
Berlin,DE,52.52,13.405,2026-06-07 00:00:00+00:00,1,104.14,0.0,6.35,33.86,0.72,2.08,2.67,7.49
Berlin,DE,52.52,13.405,2026-06-07 01:00:00+00:00,1,102.63,0.0,4.7,46.49,0.93,1.65,2.04,4.64
Berlin,DE,52.52,13.405,2026-06-07 02:00:00+00:00,1,100.75,0.0,3.99,43.84,0.69,1.43,1.75,2.88
Berlin,DE,52.52,13.405,2026-06-07 03:00:00+00:00,1,98.65,0.0,3.49,38.77,0.51,1.29,1.61,1.82
Berlin,DE,52.52,13.405,2026-06-07 04:00:00+00:00,1,95.99,0.03,3.14,34.39,0.42,1.2,1.55,1.59
Berlin,DE,52.52,13.405,2026-06-07 05:00:00+00:00,1,95.76,0.34,2.85,34.08,0.48,1.22,1.6,1.56
Berlin,DE,52.52,13.405,2026-06-07 06:00:00+00:00,1,97.39,0.74,2.62,40.64,0.63,1.3,1.68,1.61
Berlin,DE,52.52,13.405,2026-06-07 07:00:00+00:00,2,98.99,0.48,1.8,63.55,0.69,1.07,1.33,1.31
Berlin,DE,52.52,13.405,2026-06-07 08:00:00+00:00,2,99.19,0.35,1.34,72.86,0.63,0.98,1.24,1.31
Berlin,DE,52.52,13.405,2026-06-07 09:00:00+00:00,2,98.07,0.24,1.0,79.42,0.56,0.91,1.19,1.21
Berlin,DE,52.52,13.405,2026-06-07 10:00:00+00:00,2,97.06,0.15,0.71,86.01,0.44,0.7,0.92,1.02
Berlin,DE,52.52,13.405,2026-06-07 11:00:00+00:00,2,95.79,0.11,0.62,88.48,0.37,0.59,0.77,0.96
Berlin,DE,52.52,13.405,2026-06-07 12:00:00+00:00,2,95.02,0.09,0.64,88.44,0.37,0.59,0.78,0.99
Berlin,DE,52.52,13.405,2026-06-07 13:00:00+00:00,2,95.46,0.1,0.69,87.75,0.4,0.65,0.89,1.07
Berlin,DE,52.52,13.405,2026-06-07 14:00:00+00:00,2,95.84,0.12,0.72,86.24,0.44,0.75,1.08,1.18
Berlin,DE,52.52,13.405,2026-06-07 15:00:00+00:00,2,96.1,0.15,0.81,84.69,0.47,0.84,1.29,1.3
Berlin,DE,52.52,13.405,2026-06-07 16:00:00+00:00,2,96.77,0.17,1.0,82.97,0.53,0.93,1.5,1.47
Berlin,DE,52.52,13.405,2026-06-07 17:00:00+00:00,2,97.77,0.18,1.31,80.8,0.62,1.02,1.74,1.77
Berlin,DE,52.52,13.405,2026-06-07 18:00:00+00:00,2,98.77,0.12,1.65,78.66,0.71,1.1,1.97,2.06
Berlin,DE,52.52,13.405,2026-06-07 19:00:00+00:00,2,99.74,0.03,2.33,72.41,0.77,1.2,2.23,2.99
Berlin,DE,52.52,13.405,2026-06-07 20:00:00+00:00,2,101.66,0.0,3.18,63.49,0.79,1.36,2.59,4.45
Berlin,DE,52.52,13.405,2026-06-07 21:00:00+00:00,1,103.02,0.0,3.86,56.24,0.78,1.56,3.02,5.23
Berlin,DE,52.52,13.405,2026-06-07 22:00:00+00:00,1,101.73,0.0,4.29,47.7,0.64,1.73,3.38,4.92
Berlin,DE,52.52,13.405,2026-06-07 23:00:00+00:00,1,100.5,0.0,4.52,39.51,0.53,1.88,3.72,4.69
Berlin,DE,52.52,13.405,2026-06-08 00:00:00+00:00,1,99.09,0.0,4.5,33.28,0.49,2.03,4.06,4.77
Berlin,DE,52.52,13.405,2026-06-08 01:00:00+00:00,1,97.25,0.0,4.46,29.03,0.54,2.15,4.37,6.52
Berlin,DE,52.52,13.405,2026-06-08 02:00:00+00:00,1,96.14,0.0,4.66,26.91,0.68,2.34,4.7,9.9
Berlin,DE,52.52,13.405,2026-06-08 03:00:00+00:00,1,96.09,0.01,5.11,25.84,0.85,2.63,5.08,13.6
Berlin,DE,52.52,13.405,2026-06-08 04:00:00+00:00,1,95.55,0.12,5.61,24.46,1.01,2.73,5.19,16.47
Berlin,DE,52.52,13.405,2026-06-08 05:00:00+00:00,1,96.67,1.27,5.4,22.28,1.1,2.75,5.23,16.27
Berlin,DE,52.52,13.405,2026-06-08 06:00:00+00:00,1,100.32,3.17,4.97,21.05,1.04,2.68,5.19,13.02
Berlin,DE,52.52,13.405,2026-06-08 07:00:00+00:00,2,104.21,1.07,3.04,63.81,1.77,2.64,5.08,4.24
Berlin,DE,52.52,13.405,2026-06-08 08:00:00+00:00,2,101.78,0.79,2.19,74.07,1.79,2.46,4.54,3.19
Berlin,DE,52.52,13.405,2026-06-08 09:00:00+00:00,2,99.93,0.65,1.82,80.66,1.96,2.75,4.66,2.94
Berlin,DE,52.52,13.405,2026-06-08 10:00:00+00:00,2,98.89,0.29,1.15,94.86,2.18,3.25,5.03,2.19
Berlin,DE,52.52,13.405,2026-06-08 11:00:00+00:00,3,97.11,0.19,0.86,102.0,2.03,3.59,5.29,1.97
Berlin,DE,52.52,13.405,2026-06-08 12:00:00+00:00,3,95.77,0.16,0.78,106.75,2.01,3.94,5.59,1.91
Berlin,DE,52.52,13.405,2026-06-08 13:00:00+00:00,3,95.79,0.14,0.82,111.44,2.04,4.29,5.96,1.91
Berlin,DE,52.52,13.405,2026-06-08 14:00:00+00:00,3,95.15,0.13,0.93,113.43,2.02,4.45,6.14,1.96
Berlin,DE,52.52,13.405,2026-06-08 15:00:00+00:00,3,94.65,0.12,1.16,114.15,1.97,4.48,6.22,2.04
Berlin,DE,52.52,13.405,2026-06-08 16:00:00+00:00,3,97.93,0.18,3.43,100.95,1.88,4.58,6.45,3.53
Berlin,DE,52.52,13.405,2026-06-08 17:00:00+00:00,2,103.0,0.19,6.66,80.8,1.78,4.74,6.75,5.7
Berlin,DE,52.52,13.405,2026-06-08 18:00:00+00:00,2,107.01,0.09,8.52,67.18,1.7,4.86,7.01,7.26
Berlin,DE,52.52,13.405,2026-06-08 19:00:00+00:00,1,108.79,0.01,8.81,59.55,1.59,4.97,7.19,8.14
Berlin,DE,52.52,13.405,2026-06-08 20:00:00+00:00,1,109.11,0.0,8.2,56.87,1.48,5.05,7.24,8.16
Berlin,DE,52.52,13.405,2026-06-08 21:00:00+00:00,1,108.01,0.0,7.44,57.94,1.43,5.04,7.14,7.82
Berlin,DE,52.52,13.405,2026-06-08 22:00:00+00:00,2,104.02,0.0,5.82,65.42,1.53,4.73,6.78,6.83
Berlin,DE,52.52,13.405,2026-06-08 23:00:00+00:00,2,102.88,0.0,5.46,62.43,1.41,4.39,6.43,7.08
Berlin,DE,52.52,13.405,2026-06-09 00:00:00+00:00,2,102.4,0.0,5.09,60.59,1.31,4.0,6.08,7.21
Berlin,DE,52.52,13.405,2026-06-09 01:00:00+00:00,2,101.72,0.0,3.96,66.03,1.27,3.37,5.3,6.16
Berlin,DE,52.52,13.405,2026-06-09 02:00:00+00:00,2,100.88,0.0,3.13,66.78,1.11,2.72,4.24,5.38
Berlin,DE,52.52,13.405,2026-06-09 03:00:00+00:00,2,100.21,0.0,2.63,65.65,0.98,2.16,3.25,4.63
Berlin,DE,52.52,13.405,2026-06-09 04:00:00+00:00,2,99.38,0.0,2.45,63.77,0.91,1.71,2.39,3.58
Berlin,DE,52.52,13.405,2026-06-09 05:00:00+00:00,2,99.68,0.02,2.83,60.8,0.89,1.49,1.92,2.63
Berlin,DE,52.52,13.405,2026-06-09 06:00:00+00:00,1,100.91,0.09,3.54,57.22,0.91,1.43,1.77,2.02
Berlin,DE,52.52,13.405,2026-06-09 07:00:00+00:00,1,102.12,0.18,4.0,54.82,0.88,1.34,1.59,1.54
Berlin,DE,52.52,13.405,2026-06-09 08:00:00+00:00,1,103.4,0.26,4.15,53.83,0.83,1.21,1.39,1.33
Berlin,DE,52.52,13.405,2026-06-09 09:00:00+00:00,1,104.09,0.31,4.11,53.83,0.81,1.14,1.29,1.28
Berlin,DE,52.52,13.405,2026-06-09 10:00:00+00:00,1,103.54,0.39,3.69,55.49,0.77,1.12,1.25,1.3
Berlin,DE,52.52,13.405,2026-06-09 11:00:00+00:00,2,102.89,0.43,2.86,61.21,0.71,1.12,1.25,1.27
Berlin,DE,52.52,13.405,2026-06-09 12:00:00+00:00,2,102.09,0.34,2.0,70.78,0.64,1.18,1.3,1.19
Berlin,DE,52.52,13.405,2026-06-09 13:00:00+00:00,2,101.5,0.22,1.26,82.61,0.55,1.24,1.36,1.1
Berlin,DE,52.52,13.405,2026-06-09 14:00:00+00:00,2,101.14,0.18,1.03,90.53,0.53,1.26,1.37,1.12
Berlin,DE,52.52,13.405,2026-06-09 15:00:00+00:00,2,101.4,0.18,1.04,94.89,0.54,1.24,1.35,1.13
Berlin,DE,52.52,13.405,2026-06-09 16:00:00+00:00,2,102.95,0.18,1.3,97.21,0.58,1.29,1.41,1.23
Berlin,DE,52.52,13.405,2026-06-09 17:00:00+00:00,2,104.38,0.16,1.76,96.72,0.68,1.37,1.51,1.51
Berlin,DE,52.52,13.405,2026-06-09 18:00:00+00:00,2,105.27,0.08,2.18,95.42,0.76,1.38,1.54,1.82
Berlin,DE,52.52,13.405,2026-06-09 19:00:00+00:00,2,106.36,0.02,3.23,85.2,0.8,1.43,1.67,3.19
Berlin,DE,52.52,13.405,2026-06-09 20:00:00+00:00,2,109.18,0.0,4.67,70.59,0.8,1.57,1.95,5.22
Berlin,DE,52.52,13.405,2026-06-09 21:00:00+00:00,2,111.05,0.0,5.82,60.04,0.76,1.7,2.2,6.59
Berlin,DE,52.52,13.405,2026-06-09 22:00:00+00:00,1,109.83,0.0,6.37,51.97,0.7,1.76,2.37,7.83
Berlin,DE,52.52,13.405,2026-06-09 23:00:00+00:00,1,108.37,0.0,6.49,46.11,0.71,1.93,2.64,9.76
Berlin,DE,52.52,13.405,2026-06-10 00:00:00+00:00,1,106.96,0.0,6.43,41.72,0.75,2.27,3.1,11.71
Berlin,DE,52.52,13.405,2026-06-10 01:00:00+00:00,1,104.41,0.0,6.29,36.82,0.75,2.53,3.45,12.8
Berlin,DE,52.52,13.405,2026-06-10 02:00:00+00:00,1,102.05,0.0,6.05,30.92,0.63,2.58,3.56,11.48
Berlin,DE,52.52,13.405,2026-06-10 03:00:00+00:00,1,99.75,0.0,5.86,26.63,0.51,2.42,3.42,9.07
Berlin,DE,52.52,13.405,2026-06-10 04:00:00+00:00,1,98.51,0.02,5.39,28.44,0.49,2.19,3.09,5.1
Berlin,DE,52.52,13.405,2026-06-10 05:00:00+00:00,1,98.92,0.26,5.81,27.2,0.55,2.03,2.95,4.62
Berlin,DE,52.52,13.405,2026-06-10 06:00:00+00:00,1,101.85,1.15,6.5,26.46,0.7,2.03,3.01,5.26
Berlin,DE,52.52,13.405,2026-06-10 07:00:00+00:00,1,105.25,0.9,8.05,31.29,1.01,2.11,3.13,5.83
Berlin,DE,52.52,13.405,2026-06-10 08:00:00+00:00,1,105.97,0.94,8.25,34.13,1.28,2.09,3.14,5.99
Berlin,DE,52.52,13.405,2026-06-10 09:00:00+00:00,1,105.72,1.03,7.68,39.4,1.65,2.0,3.03,5.65
Berlin,DE,52.52,13.405,2026-06-10 10:00:00+00:00,2,101.34,0.3,3.56,74.51,1.38,1.25,1.77,2.4
Berlin,DE,52.52,13.405,2026-06-10 11:00:00+00:00,2,98.94,0.19,2.15,81.91,0.91,0.84,1.16,1.64
Berlin,DE,52.52,13.405,2026-06-10 12:00:00+00:00,2,97.91,0.17,1.8,83.1,0.76,0.69,0.92,1.5
Berlin,DE,52.52,13.405,2026-06-10 13:00:00+00:00,2,97.53,0.16,1.64,83.49,0.69,0.62,0.78,1.49
Berlin,DE,52.52,13.405,2026-06-10 14:00:00+00:00,2,97.19,0.14,1.64,83.2,0.65,0.57,0.68,1.56
Berlin,DE,52.52,13.405,2026-06-10 15:00:00+00:00,2,97.0,0.14,1.81,82.71,0.61,0.55,0.62,1.64
Berlin,DE,52.52,13.405,2026-06-10 16:00:00+00:00,2,97.54,0.14,2.25,81.38,0.63,0.54,0.6,1.88
Berlin,DE,52.52,13.405,2026-06-10 17:00:00+00:00,2,98.67,0.1,3.02,78.48,0.76,0.55,0.63,2.34
Berlin,DE,52.52,13.405,2026-06-10 18:00:00+00:00,2,99.74,0.05,3.62,75.58,0.87,0.55,0.67,2.74
Berlin,DE,52.52,13.405,2026-06-10 19:00:00+00:00,2,100.42,0.01,3.97,71.87,0.92,0.55,0.71,3.08
Berlin,DE,52.52,13.405,2026-06-10 20:00:00+00:00,2,101.99,0.0,4.26,67.81,0.94,0.57,0.77,3.34
Berlin,DE,52.52,13.405,2026-06-10 21:00:00+00:00,2,102.96,0.0,4.4,64.1,0.9,0.57,0.79,3.08
Berlin,DE,52.52,13.405,2026-06-10 22:00:00+00:00,1,101.64,0.0,4.25,59.77,0.79,0.55,0.78,2.59
Berlin,DE,52.52,13.405,2026-06-10 23:00:00+00:00,1,101.02,0.0,4.0,55.84,0.71,0.53,0.8,2.35
Berlin,DE,52.52,13.405,2026-06-11 00:00:00+00:00,1,100.09,0.0,3.69,52.7,0.66,0.52,0.82,2.12
Berlin,DE,52.52,13.405,2026-06-11 01:00:00+00:00,1,98.97,0.0,3.38,50.45,0.66,0.52,0.84,1.89
Berlin,DE,52.52,13.405,2026-06-11 02:00:00+00:00,1,98.52,0.0,3.14,49.18,0.66,0.54,0.87,1.72
Berlin,DE,52.52,13.405,2026-06-11 03:00:00+00:00,1,98.58,0.0,2.95,49.4,0.7,0.61,0.96,1.57
Berlin,DE,52.52,13.405,2026-06-11 04:00:00+00:00,1,99.52,0.01,2.9,52.29,0.88,0.8,1.18,1.53
Berlin,DE,52.52,13.405,2026-06-11 05:00:00+00:00,1,101.62,0.14,3.29,52.98,1.11,1.04,1.49,1.76
Berlin,DE,52.52,13.405,2026-06-11 06:00:00+00:00,1,104.59,0.43,3.77,52.66,1.36,1.29,1.79,2.07
Berlin,DE,52.52,13.405,2026-06-11 07:00:00+00:00,2,109.53,0.39,3.36,65.18,1.26,1.31,1.6,1.51
Berlin,DE,52.52,13.405,2026-06-11 08:00:00+00:00,2,109.74,0.37,2.82,69.9,0.95,0.91,1.09,1.28
Berlin,DE,52.52,13.405,2026-06-11 09:00:00+00:00,2,109.28,0.36,2.41,72.06,0.83,0.88,1.03,1.2
Berlin,DE,52.52,13.405,2026-06-11 10:00:00+00:00,2,109.68,0.33,2.09,75.2,0.81,0.99,1.12,1.18
Berlin,DE,52.52,13.405,2026-06-11 11:00:00+00:00,2,109.25,0.29,2.0,76.61,0.83,1.15,1.27,1.22
Berlin,DE,52.52,13.405,2026-06-11 12:00:00+00:00,2,108.41,0.27,2.05,76.79,0.82,1.3,1.4,1.14
Berlin,DE,52.52,13.405,2026-06-11 13:00:00+00:00,2,107.67,0.27,2.08,76.78,0.8,1.48,1.59,1.04
Berlin,DE,52.52,13.405,2026-06-11 14:00:00+00:00,2,107.3,0.3,2.0,78.02,0.77,1.7,1.81,1.08
Berlin,DE,52.52,13.405,2026-06-11 15:00:00+00:00,2,107.29,0.31,2.0,79.9,0.74,1.83,1.94,1.16
Berlin,DE,52.52,13.405,2026-06-11 16:00:00+00:00,2,107.92,0.29,2.23,81.29,0.74,1.92,2.02,1.33
Berlin,DE,52.52,13.405,2026-06-11 17:00:00+00:00,2,108.55,0.22,2.66,80.87,0.79,1.94,2.06,1.58
Berlin,DE,52.52,13.405,2026-06-11 18:00:00+00:00,2,109.09,0.12,3.15,79.07,0.84,1.86,2.0,1.8
Berlin,DE,52.52,13.405,2026-06-11 19:00:00+00:00,2,109.87,0.03,3.81,74.18,0.84,1.79,1.98,2.24
Berlin,DE,52.52,13.405,2026-06-11 20:00:00+00:00,2,111.59,0.0,4.52,66.03,0.83,1.8,2.07,2.55
Berlin,DE,52.52,13.405,2026-06-11 21:00:00+00:00,1,112.83,0.0,5.12,58.18,0.77,1.79,2.12,2.33
Berlin,DE,52.52,13.405,2026-06-11 22:00:00+00:00,1,111.34,0.0,5.3,50.49,0.67,1.66,2.03,1.98
Berlin,DE,52.52,13.405,2026-06-11 23:00:00+00:00,1,109.7,0.0,5.08,45.52,0.61,1.43,1.83,1.84
Berlin,DE,52.52,13.405,2026-06-12 00:00:00+00:00,1,107.8,0.0,4.72,42.4,0.59,1.19,1.61,1.75
Berlin,DE,52.52,13.405,2026-06-12 01:00:00+00:00,1,105.71,0.0,4.37,40.19,0.58,0.98,1.4,1.69
Berlin,DE,52.52,13.405,2026-06-12 02:00:00+00:00,1,103.87,0.0,4.11,38.22,0.58,0.82,1.25,1.63
Berlin,DE,52.52,13.405,2026-06-12 03:00:00+00:00,1,102.48,0.0,3.91,37.45,0.61,0.72,1.13,1.55
Berlin,DE,52.52,13.405,2026-06-12 04:00:00+00:00,1,101.37,0.01,3.79,38.18,0.66,0.65,1.0,1.46
Berlin,DE,52.52,13.405,2026-06-12 05:00:00+00:00,1,101.18,0.06,4.02,38.88,0.7,0.6,0.91,1.46
Berlin,DE,52.52,13.405,2026-06-12 06:00:00+00:00,1,102.01,0.18,4.48,39.83,0.75,0.57,0.85,1.49
Berlin,DE,52.52,13.405,2026-06-12 07:00:00+00:00,1,103.55,0.25,4.57,43.4,0.74,0.55,0.75,1.28
Berlin,DE,52.52,13.405,2026-06-12 08:00:00+00:00,1,103.89,0.36,4.35,45.12,0.71,0.6,0.75,1.09
Berlin,DE,52.52,13.405,2026-06-12 09:00:00+00:00,1,104.22,0.46,4.18,44.95,0.72,0.7,0.83,1.0
Berlin,DE,52.52,13.405,2026-06-12 10:00:00+00:00,1,104.74,0.58,3.84,45.53,0.7,0.84,0.95,0.87
Berlin,DE,52.52,13.405,2026-06-12 11:00:00+00:00,1,104.63,0.64,3.6,45.33,0.68,1.01,1.11,0.81
Berlin,DE,52.52,13.405,2026-06-12 12:00:00+00:00,1,104.75,0.68,3.43,44.96,0.68,1.22,1.32,0.79
Berlin,DE,52.52,13.405,2026-06-12 13:00:00+00:00,1,105.14,0.64,3.45,44.47,0.69,1.42,1.52,0.8
Berlin,DE,52.52,13.405,2026-06-12 14:00:00+00:00,1,104.86,0.56,3.7,42.84,0.68,1.46,1.56,0.79
Berlin,DE,52.52,13.405,2026-06-12 15:00:00+00:00,1,105.02,0.5,4.27,40.32,0.66,1.41,1.51,0.77
Berlin,DE,52.52,13.405,2026-06-12 16:00:00+00:00,1,106.82,0.41,5.19,37.57,0.66,1.41,1.52,0.75
Berlin,DE,52.52,13.405,2026-06-12 17:00:00+00:00,1,108.6,0.27,6.15,34.01,0.69,1.46,1.6,0.77
Berlin,DE,52.52,13.405,2026-06-12 18:00:00+00:00,1,109.95,0.13,7.1,30.59,0.74,1.54,1.7,0.8
Berlin,DE,52.52,13.405,2026-06-12 19:00:00+00:00,1,110.8,0.06,7.72,27.8,0.76,1.59,1.79,0.87
Berlin,DE,52.52,13.405,2026-06-12 20:00:00+00:00,1,111.55,0.0,8.16,24.93,0.81,1.63,1.88,0.95
Berlin,DE,52.52,13.405,2026-06-12 21:00:00+00:00,1,111.95,0.0,8.47,22.39,0.84,1.64,1.93,1.02
Berlin,DE,52.52,13.405,2026-06-12 22:00:00+00:00,1,110.91,0.0,8.46,20.58,0.81,1.58,1.9,1.09
Berlin,DE,52.52,13.405,2026-06-12 23:00:00+00:00,1,109.27,0.0,8.02,19.47,0.75,1.51,1.87,1.17
Berlin,DE,52.52,13.405,2026-06-13 00:00:00+00:00,1,107.72,0.0,7.42,18.8,0.68,1.46,1.85,1.23
Berlin,DE,52.52,13.405,2026-06-13 01:00:00+00:00,1,105.77,0.0,6.82,18.02,0.62,1.43,1.86,1.24
Berlin,DE,52.52,13.405,2026-06-13 02:00:00+00:00,1,104.44,0.0,6.33,17.49,0.6,1.46,1.9,1.23
Berlin,DE,52.52,13.405,2026-06-13 03:00:00+00:00,1,103.48,0.0,5.9,17.18,0.58,1.51,1.93,1.19
Berlin,DE,52.52,13.405,2026-06-13 04:00:00+00:00,1,102.26,0.06,5.45,17.0,0.58,1.51,1.9,1.17
Berlin,DE,52.52,13.405,2026-06-13 05:00:00+00:00,1,101.57,0.55,4.68,17.33,0.62,1.43,1.81,1.18
Berlin,DE,52.52,13.405,2026-06-13 06:00:00+00:00,1,101.73,1.2,4.15,18.16,0.68,1.32,1.68,1.18
Berlin,DE,52.52,13.405,2026-06-13 07:00:00+00:00,1,102.54,1.51,4.15,21.77,0.73,1.18,1.46,1.04
Berlin,DE,52.52,13.405,2026-06-13 08:00:00+00:00,1,101.84,1.48,4.13,26.07,0.73,1.05,1.27,0.98
Berlin,DE,52.52,13.405,2026-06-13 09:00:00+00:00,1,100.51,1.25,4.07,30.9,0.72,1.01,1.19,1.01
Berlin,DE,52.52,13.405,2026-06-13 10:00:00+00:00,1,98.78,0.77,3.21,43.24,0.62,1.06,1.19,0.92
Berlin,DE,52.52,13.405,2026-06-13 11:00:00+00:00,1,96.26,0.38,1.97,58.01,0.52,1.32,1.45,0.89
Berlin,DE,52.52,13.405,2026-06-13 12:00:00+00:00,2,94.92,0.22,1.29,68.01,0.49,1.63,1.76,0.92
Berlin,DE,52.52,13.405,2026-06-13 13:00:00+00:00,2,94.88,0.17,1.02,75.16,0.48,1.81,1.96,0.95
Berlin,DE,52.52,13.405,2026-06-13 14:00:00+00:00,2,95.12,0.16,0.99,79.68,0.52,2.04,2.23,0.99
Berlin,DE,52.52,13.405,2026-06-13 15:00:00+00:00,2,95.63,0.15,1.09,82.78,0.6,2.39,2.66,1.05
Berlin,DE,52.52,13.405,2026-06-13 16:00:00+00:00,2,96.84,0.15,1.23,85.57,0.66,2.75,3.11,1.19
Berlin,DE,52.52,13.405,2026-06-13 17:00:00+00:00,2,97.52,0.13,1.37,87.29,0.68,2.81,3.24,1.43
Berlin,DE,52.52,13.405,2026-06-13 18:00:00+00:00,2,97.73,0.08,1.49,86.89,0.67,2.55,3.0,1.63
Berlin,DE,52.52,13.405,2026-06-13 19:00:00+00:00,2,96.88,0.02,1.61,83.17,0.65,2.15,2.63,1.87
Berlin,DE,52.52,13.405,2026-06-13 20:00:00+00:00,2,97.39,0.0,1.75,78.94,0.7,1.95,2.51,2.22
Berlin,DE,52.52,13.405,2026-06-13 21:00:00+00:00,2,97.93,0.0,1.89,75.12,0.74,1.88,2.53,2.5
Berlin,DE,52.52,13.405,2026-06-13 22:00:00+00:00,2,97.14,0.0,1.93,71.24,0.74,1.84,2.55,2.59
Berlin,DE,52.52,13.405,2026-06-13 23:00:00+00:00,2,97.03,0.0,1.89,68.58,0.73,1.8,2.56,2.49
Berlin,DE,52.52,13.405,2026-06-14 00:00:00+00:00,2,97.1,0.0,1.84,66.22,0.72,1.73,2.52,2.28
Berlin,DE,52.52,13.405,2026-06-14 01:00:00+00:00,2,96.64,0.0,1.82,63.66,0.69,1.62,2.41,2.06
Berlin,DE,52.52,13.405,2026-06-14 02:00:00+00:00,2,96.67,0.0,1.82,61.77,0.68,1.51,2.29,2.0
Berlin,DE,52.52,13.405,2026-06-14 03:00:00+00:00,2,96.82,0.0,1.86,60.46,0.69,1.44,2.27,1.97
Berlin,DE,52.52,13.405,2026-06-14 04:00:00+00:00,1,96.97,0.01,1.98,59.59,0.73,1.41,2.32,1.97
Berlin,DE,52.52,13.405,2026-06-14 05:00:00+00:00,1,97.25,0.09,2.19,59.53,0.8,1.38,2.36,1.97
Berlin,DE,52.52,13.405,2026-06-14 06:00:00+00:00,2,98.17,0.23,2.35,60.79,0.88,1.34,2.29,1.88
Berlin,DE,52.52,13.405,2026-06-14 07:00:00+00:00,2,98.9,0.3,2.06,64.26,0.77,1.18,1.89,1.49
Berlin,DE,52.52,13.405,2026-06-14 08:00:00+00:00,2,98.26,0.3,1.57,66.1,0.62,0.99,1.47,1.23
Berlin,DE,52.52,13.405,2026-06-14 09:00:00+00:00,2,97.27,0.27,1.21,66.97,0.54,0.87,1.25,1.13
Berlin,DE,52.52,13.405,2026-06-14 10:00:00+00:00,2,96.96,0.23,1.0,67.8,0.49,0.77,1.07,1.06
Berlin,DE,52.52,13.405,2026-06-14 11:00:00+00:00,2,95.68,0.21,0.81,67.53,0.42,0.63,0.84,0.96
Berlin,DE,52.52,13.405,2026-06-14 12:00:00+00:00,2,94.28,0.19,0.67,67.47,0.36,0.56,0.67,0.88
Berlin,DE,52.52,13.405,2026-06-14 13:00:00+00:00,2,93.88,0.17,0.61,68.15,0.34,0.54,0.6,0.85
Berlin,DE,52.52,13.405,2026-06-14 14:00:00+00:00,2,93.42,0.16,0.63,68.3,0.34,0.53,0.57,0.9
Berlin,DE,52.52,13.405,2026-06-14 15:00:00+00:00,2,93.05,0.17,0.72,68.43,0.35,0.52,0.56,0.97
Berlin,DE,52.52,13.405,2026-06-14 16:00:00+00:00,2,93.44,0.16,0.85,68.73,0.35,0.52,0.55,1.09
Berlin,DE,52.52,13.405,2026-06-14 17:00:00+00:00,2,93.89,0.14,0.94,68.67,0.37,0.51,0.55,1.23
Berlin,DE,52.52,13.405,2026-06-14 18:00:00+00:00,2,94.13,0.08,1.06,68.19,0.39,0.5,0.56,1.36
Berlin,DE,52.52,13.405,2026-06-14 19:00:00+00:00,2,94.24,0.02,1.27,66.69,0.44,0.51,0.63,1.61
Berlin,DE,52.52,13.405,2026-06-14 20:00:00+00:00,2,95.08,0.0,1.54,64.39,0.53,0.53,0.78,1.98
Berlin,DE,52.52,13.405,2026-06-14 21:00:00+00:00,2,95.67,0.0,1.77,62.26,0.58,0.59,0.94,2.21
Berlin,DE,52.52,13.405,2026-06-14 22:00:00+00:00,1,94.56,0.0,1.83,59.77,0.6,0.63,1.07,2.26
Berlin,DE,52.52,13.405,2026-06-14 23:00:00+00:00,1,94.38,0.0,1.86,58.27,0.63,0.67,1.2,2.22
Berlin,DE,52.52,13.405,2026-06-15 00:00:00+00:00,1,94.32,0.0,1.88,57.13,0.68,0.71,1.33,2.09
Berlin,DE,52.52,13.405,2026-06-15 01:00:00+00:00,1,93.81,0.0,1.9,55.84,0.72,0.77,1.49,1.93
Berlin,DE,52.52,13.405,2026-06-15 02:00:00+00:00,1,93.97,0.0,1.96,54.61,0.75,0.85,1.69,1.83
Berlin,DE,52.52,13.405,2026-06-15 03:00:00+00:00,1,93.88,0.0,2.03,53.32,0.77,0.93,1.89,1.73
Berlin,DE,52.52,13.405,2026-06-15 04:00:00+00:00,1,93.61,0.01,2.13,52.08,0.79,1.01,2.08,1.69
Berlin,DE,52.52,13.405,2026-06-15 05:00:00+00:00,1,93.95,0.08,2.36,51.43,0.86,1.1,2.35,1.77
Berlin,DE,52.52,13.405,2026-06-15 06:00:00+00:00,1,94.77,0.14,2.73,51.11,0.95,1.2,2.64,1.86
Berlin,DE,52.52,13.405,2026-06-15 07:00:00+00:00,1,95.09,0.18,2.62,54.54,0.89,1.21,2.41,1.63
Berlin,DE,52.52,13.405,2026-06-15 08:00:00+00:00,1,94.6,0.26,2.23,58.34,0.78,1.12,1.94,1.38
Berlin,DE,52.52,13.405,2026-06-15 09:00:00+00:00,2,94.47,0.31,1.97,60.94,0.74,1.01,1.63,1.26
Berlin,DE,52.52,13.405,2026-06-15 10:00:00+00:00,2,95.12,0.26,1.92,63.66,0.7,0.95,1.46,1.22
Berlin,DE,52.52,13.405,2026-06-15 11:00:00+00:00,2,95.44,0.23,2.0,64.69,0.69,0.92,1.35,1.2
Berlin,DE,52.52,13.405,2026-06-15 12:00:00+00:00,2,95.82,0.22,2.02,65.64,0.66,0.9,1.23,1.18
Berlin,DE,52.52,13.405,2026-06-15 13:00:00+00:00,2,96.56,0.24,1.84,68.18,0.64,0.93,1.17,1.14
Berlin,DE,52.52,13.405,2026-06-15 14:00:00+00:00,2,96.45,0.24,1.55,71.48,0.6,1.02,1.23,1.13
Berlin,DE,52.52,13.405,2026-06-15 15:00:00+00:00,2,95.89,0.22,1.4,74.58,0.58,1.12,1.38,1.17
Berlin,DE,52.52,13.405,2026-06-15 16:00:00+00:00,2,96.03,0.23,1.41,77.16,0.61,1.25,1.73,1.38
Berlin,DE,52.52,13.405,2026-06-15 17:00:00+00:00,2,96.05,0.21,1.65,77.43,0.72,1.37,2.13,1.77
Berlin,DE,52.52,13.405,2026-06-15 18:00:00+00:00,2,96.1,0.14,1.96,76.52,0.81,1.38,2.29,2.13
Berlin,DE,52.52,13.405,2026-06-15 19:00:00+00:00,2,96.46,0.04,2.45,73.25,0.88,1.35,2.27,2.66
Berlin,DE,52.52,13.405,2026-06-15 20:00:00+00:00,2,97.64,0.0,2.95,68.26,0.92,1.35,2.27,3.31
Berlin,DE,52.52,13.405,2026-06-15 21:00:00+00:00,2,98.57,0.0,3.31,63.77,0.9,1.36,2.3,3.69
Berlin,DE,52.52,13.405,2026-06-15 22:00:00+00:00,1,97.52,0.0,3.47,58.28,0.81,1.36,2.33,3.54
Berlin,DE,52.52,13.405,2026-06-15 23:00:00+00:00,1,96.97,0.0,3.48,53.21,0.7,1.38,2.42,2.98
Berlin,DE,52.52,13.405,2026-06-16 00:00:00+00:00,1,96.23,0.0,3.37,48.72,0.62,1.4,2.53,2.32
Berlin,DE,52.52,13.405,2026-06-16 01:00:00+00:00,1,94.8,0.0,3.23,44.18,0.57,1.42,2.64,1.93
Berlin,DE,52.52,13.405,2026-06-16 02:00:00+00:00,1,94.01,0.0,3.16,40.38,0.54,1.47,2.75,1.8
Berlin,DE,52.52,13.405,2026-06-16 03:00:00+00:00,1,93.52,0.0,3.18,37.09,0.54,1.54,2.86,1.74
Berlin,DE,52.52,13.405,2026-06-16 04:00:00+00:00,1,92.52,0.03,3.3,34.48,0.58,1.61,2.95,1.71
Berlin,DE,52.52,13.405,2026-06-16 05:00:00+00:00,1,93.54,0.36,3.54,34.43,0.75,1.74,3.14,1.86
Berlin,DE,52.52,13.405,2026-06-16 06:00:00+00:00,1,96.63,0.91,3.75,39.63,1.09,2.03,3.52,2.29
Berlin,DE,52.52,13.405,2026-06-16 07:00:00+00:00,1,100.29,0.47,3.66,59.78,1.59,2.97,4.61,2.63
Berlin,DE,52.52,13.405,2026-06-16 08:00:00+00:00,2,101.29,0.48,3.34,66.39,1.69,3.37,4.95,2.88
Berlin,DE,52.52,13.405,2026-06-16 09:00:00+00:00,2,101.4,0.49,2.98,71.09,1.81,3.72,5.24,2.98
Berlin,DE,52.52,13.405,2026-06-16 10:00:00+00:00,2,102.09,0.35,2.31,80.87,1.8,4.01,5.41,2.74
Berlin,DE,52.52,13.405,2026-06-16 11:00:00+00:00,2,101.1,0.27,1.84,85.77,1.61,3.78,4.92,2.53
Berlin,DE,52.52,13.405,2026-06-16 12:00:00+00:00,2,100.06,0.23,1.61,88.08,1.43,3.55,4.44,2.36
Berlin,DE,52.52,13.405,2026-06-16 13:00:00+00:00,2,100.46,0.22,1.53,90.49,1.31,3.36,4.05,2.31
Berlin,DE,52.52,13.405,2026-06-16 14:00:00+00:00,2,99.87,0.22,1.57,90.56,1.21,3.22,3.76,2.35
Berlin,DE,52.52,13.405,2026-06-16 15:00:00+00:00,2,99.23,0.22,1.73,89.62,1.13,3.22,3.66,2.42
Berlin,DE,52.52,13.405,2026-06-16 16:00:00+00:00,2,99.04,0.22,2.07,88.12,1.07,3.35,3.72,2.49
Berlin,DE,52.52,13.405,2026-06-16 17:00:00+00:00,2,98.39,0.21,2.55,84.39,1.03,3.44,3.76,2.49
Berlin,DE,52.52,13.405,2026-06-16 18:00:00+00:00,2,97.68,0.14,3.01,79.72,0.99,3.44,3.73,2.33
Berlin,DE,52.52,13.405,2026-06-16 19:00:00+00:00,2,97.19,0.04,3.6,71.82,0.95,3.44,3.72,2.33
Berlin,DE,52.52,13.405,2026-06-16 20:00:00+00:00,2,98.25,0.0,4.15,61.94,0.89,3.54,3.86,2.24
Berlin,DE,52.52,13.405,2026-06-16 21:00:00+00:00,1,99.28,0.0,4.48,53.18,0.8,3.63,3.98,1.83
Berlin,DE,52.52,13.405,2026-06-16 22:00:00+00:00,1,97.6,0.0,4.54,43.13,0.62,3.58,3.97,1.56
Berlin,DE,52.52,13.405,2026-06-16 23:00:00+00:00,1,95.88,0.0,4.32,35.02,0.49,3.5,3.96,1.65
Berlin,DE,52.52,13.405,2026-06-17 00:00:00+00:00,1,93.83,0.0,3.94,29.87,0.44,3.44,3.99,1.85
Berlin,DE,52.52,13.405,2026-06-17 01:00:00+00:00,1,91.34,0.0,3.61,24.93,0.38,3.38,4.07,2.15
Berlin,DE,52.52,13.405,2026-06-17 02:00:00+00:00,1,88.84,0.01,3.4,19.83,0.31,3.36,4.2,2.4
Berlin,DE,52.52,13.405,2026-06-17 03:00:00+00:00,1,86.87,0.02,3.33,15.97,0.29,3.39,4.39,2.68
Berlin,DE,52.52,13.405,2026-06-17 04:00:00+00:00,1,85.46,0.09,3.48,13.07,0.31,3.45,4.62,2.82
Berlin,DE,52.52,13.405,2026-06-17 05:00:00+00:00,1,87.76,0.73,3.82,11.7,0.41,3.64,4.98,2.68
Berlin,DE,52.52,13.405,2026-06-17 06:00:00+00:00,1,92.89,2.16,3.99,13.22,0.59,3.98,5.55,2.57
Berlin,DE,52.52,13.405,2026-06-17 07:00:00+00:00,1,97.31,1.99,4.43,24.76,1.1,4.45,6.52,2.59
Berlin,DE,52.52,13.405,2026-06-17 08:00:00+00:00,1,99.14,2.15,4.31,31.12,1.37,4.85,7.27,3.03
Berlin,DE,52.52,13.405,2026-06-17 09:00:00+00:00,1,100.2,2.05,4.07,39.61,1.61,5.41,8.15,3.75
Berlin,DE,52.52,13.405,2026-06-17 10:00:00+00:00,2,98.83,0.4,2.11,83.11,1.63,5.59,8.22,3.18
Berlin,DE,52.52,13.405,2026-06-17 11:00:00+00:00,2,97.42,0.19,1.22,93.7,1.34,5.68,7.86,3.02
Berlin,DE,52.52,13.405,2026-06-17 12:00:00+00:00,2,97.21,0.15,1.09,96.64,1.26,5.97,7.97,3.14
Berlin,DE,52.52,13.405,2026-06-17 13:00:00+00:00,2,98.67,0.12,1.17,98.3,1.18,6.1,7.89,3.27
Berlin,DE,52.52,13.405,2026-06-17 14:00:00+00:00,2,99.32,0.12,1.38,97.44,1.1,6.14,7.7,3.32
Berlin,DE,52.52,13.405,2026-06-17 15:00:00+00:00,2,100.71,0.12,1.7,96.41,1.04,6.19,7.54,3.37
Berlin,DE,52.52,13.405,2026-06-17 16:00:00+00:00,2,103.47,0.16,2.64,92.35,1.04,6.34,7.57,3.76
Berlin,DE,52.52,13.405,2026-06-17 17:00:00+00:00,2,106.9,0.19,3.91,85.92,1.11,6.65,7.85,4.51
Berlin,DE,52.52,13.405,2026-06-17 18:00:00+00:00,2,109.53,0.14,4.85,81.0,1.18,6.85,8.06,5.16
Berlin,DE,52.52,13.405,2026-06-17 19:00:00+00:00,2,111.51,0.05,5.67,74.11,1.17,7.0,8.25,5.7
Berlin,DE,52.52,13.405,2026-06-17 20:00:00+00:00,2,113.89,0.0,6.32,64.3,1.06,7.27,8.54,5.67
Berlin,DE,52.52,13.405,2026-06-17 21:00:00+00:00,1,115.95,0.0,6.85,54.75,0.91,7.59,8.83,4.86
Berlin,DE,52.52,13.405,2026-06-17 22:00:00+00:00,1,115.27,0.0,6.88,45.96,0.72,7.81,8.98,3.8
Berlin,DE,52.52,13.405,2026-06-17 23:00:00+00:00,1,113.78,0.0,6.35,40.35,0.61,7.94,9.06,3.09
Berlin,DE,52.52,13.405,2026-06-18 00:00:00+00:00,1,111.24,0.0,5.58,36.85,0.56,7.95,9.04,2.57
Berlin,DE,52.52,13.405,2026-06-18 01:00:00+00:00,1,107.56,0.0,4.84,33.28,0.51,7.88,8.95,2.17
Berlin,DE,52.52,13.405,2026-06-18 02:00:00+00:00,1,103.61,0.0,4.36,27.29,0.41,7.82,8.92,2.02
Berlin,DE,52.52,13.405,2026-06-18 03:00:00+00:00,1,99.97,0.01,4.07,22.16,0.35,7.76,8.91,2.05
Berlin,DE,52.52,13.405,2026-06-18 04:00:00+00:00,1,96.61,0.08,3.99,18.53,0.36,7.62,8.81,2.14
Berlin,DE,52.52,13.405,2026-06-18 05:00:00+00:00,1,96.86,0.71,4.23,17.98,0.5,7.51,8.74,2.43
Berlin,DE,52.52,13.405,2026-06-18 06:00:00+00:00,1,100.42,1.44,5.1,22.22,0.79,7.5,8.78,2.98
Berlin,DE,52.52,13.405,2026-06-18 07:00:00+00:00,1,104.5,1.11,5.17,41.28,1.58,7.56,8.79,3.08
Berlin,DE,52.52,13.405,2026-06-18 08:00:00+00:00,1,105.5,1.32,4.66,47.97,1.76,7.44,8.54,3.32
Berlin,DE,52.52,13.405,2026-06-18 09:00:00+00:00,1,106.07,1.18,3.84,56.47,1.88,7.58,8.57,3.33
Berlin,DE,52.52,13.405,2026-06-18 10:00:00+00:00,2,101.63,0.33,1.61,74.91,1.42,4.54,5.0,1.7
Berlin,DE,52.52,13.405,2026-06-18 11:00:00+00:00,2,96.52,0.17,0.99,74.59,0.9,2.65,2.89,1.25
Berlin,DE,52.52,13.405,2026-06-18 12:00:00+00:00,2,94.38,0.13,0.93,74.82,0.76,2.09,2.27,1.15
Berlin,DE,52.52,13.405,2026-06-18 13:00:00+00:00,2,94.4,0.14,1.04,76.97,0.76,1.95,2.11,1.23
Berlin,DE,52.52,13.405,2026-06-18 14:00:00+00:00,2,94.58,0.18,1.27,78.94,0.82,2.05,2.22,1.45
Berlin,DE,52.52,13.405,2026-06-18 15:00:00+00:00,2,94.97,0.22,1.58,80.53,0.87,2.19,2.37,1.68
Berlin,DE,52.52,13.405,2026-06-18 16:00:00+00:00,2,96.55,0.28,2.26,80.18,0.94,2.35,2.57,2.22
Berlin,DE,52.52,13.405,2026-06-18 17:00:00+00:00,2,98.35,0.31,3.18,77.01,1.07,2.52,2.81,3.06
Berlin,DE,52.52,13.405,2026-06-18 18:00:00+00:00,2,99.74,0.22,4.02,73.36,1.19,2.61,2.96,3.83
Berlin,DE,52.52,13.405,2026-06-18 19:00:00+00:00,2,102.05,0.07,5.58,65.25,1.28,2.71,3.19,6.05
Berlin,DE,52.52,13.405,2026-06-18 20:00:00+00:00,1,106.14,0.0,7.45,56.05,1.4,2.89,3.55,9.56
Berlin,DE,52.52,13.405,2026-06-18 21:00:00+00:00,1,109.85,0.0,9.0,49.16,1.49,3.05,3.86,12.72
Berlin,DE,52.52,13.405,2026-06-18 22:00:00+00:00,1,110.09,0.0,9.62,42.84,1.41,3.12,4.03,14.79
Berlin,DE,52.52,13.405,2026-06-18 23:00:00+00:00,1,108.5,0.0,9.13,36.98,1.23,3.3,4.28,15.12
Berlin,DE,52.52,13.405,2026-06-19 00:00:00+00:00,1,106.04,0.0,8.12,30.73,0.94,3.42,4.43,12.71
Berlin,DE,52.52,13.405,2026-06-19 01:00:00+00:00,1,102.44,0.0,6.95,24.0,0.56,3.22,4.2,5.84
Berlin,DE,52.52,13.405,2026-06-19 02:00:00+00:00,1,99.95,0.0,6.06,20.5,0.45,3.21,4.17,3.85
Berlin,DE,52.52,13.405,2026-06-19 03:00:00+00:00,1,98.04,0.01,5.4,20.14,0.52,3.21,4.12,3.26
Berlin,DE,52.52,13.405,2026-06-19 04:00:00+00:00,1,96.42,0.1,4.89,22.55,0.87,3.18,4.03,3.14
Berlin,DE,52.52,13.405,2026-06-19 05:00:00+00:00,1,97.21,0.89,4.53,22.91,1.17,3.21,4.06,4.05
Berlin,DE,52.52,13.405,2026-06-19 06:00:00+00:00,1,100.59,2.19,4.6,23.88,1.47,3.33,4.2,5.18
Berlin,DE,52.52,13.405,2026-06-19 07:00:00+00:00,1,104.65,2.11,4.94,37.38,2.96,3.55,4.39,5.0
Berlin,DE,52.52,13.405,2026-06-19 08:00:00+00:00,1,105.77,2.01,4.92,44.25,3.48,3.95,4.82,5.21
Berlin,DE,52.52,13.405,2026-06-19 09:00:00+00:00,1,105.88,1.63,4.63,51.68,3.45,4.69,5.57,5.45
Berlin,DE,52.52,13.405,2026-06-19 10:00:00+00:00,2,97.89,0.27,1.73,89.44,2.16,4.09,4.6,2.7
Berlin,DE,52.52,13.405,2026-06-19 11:00:00+00:00,2,94.2,0.12,1.02,95.74,1.19,3.64,4.04,2.14
Berlin,DE,52.52,13.405,2026-06-19 12:00:00+00:00,2,92.55,0.1,0.96,96.72,0.93,3.37,3.74,1.98
Berlin,DE,52.52,13.405,2026-06-19 13:00:00+00:00,2,92.7,0.13,1.18,97.39,0.91,3.37,3.75,2.19
Berlin,DE,52.52,13.405,2026-06-19 14:00:00+00:00,2,93.7,0.2,1.65,97.02,0.97,3.54,3.95,2.73
Berlin,DE,52.52,13.405,2026-06-19 15:00:00+00:00,2,95.16,0.28,2.32,97.02,1.03,3.68,4.13,3.22
Berlin,DE,52.52,13.405,2026-06-19 16:00:00+00:00,2,99.35,0.49,4.46,93.02,1.16,3.89,4.42,5.14
Berlin,DE,52.52,13.405,2026-06-19 17:00:00+00:00,2,105.55,0.53,7.5,88.27,1.43,4.11,4.79,8.24
Berlin,DE,52.52,13.405,2026-06-19 18:00:00+00:00,2,110.95,0.3,10.04,83.7,1.7,4.23,5.04,11.22
Berlin,DE,52.52,13.405,2026-06-19 19:00:00+00:00,2,115.42,0.08,11.93,76.83,1.88,4.33,5.26,14.18
Berlin,DE,52.52,13.405,2026-06-19 20:00:00+00:00,2,118.71,0.0,12.54,68.4,1.94,4.47,5.5,16.47
Berlin,DE,52.52,13.405,2026-06-19 21:00:00+00:00,1,120.26,0.0,12.58,58.75,1.81,4.63,5.74,17.15
Berlin,DE,52.52,13.405,2026-06-19 22:00:00+00:00,1,117.59,0.0,11.67,46.5,1.3,4.61,5.71,14.53
Berlin,DE,52.52,13.405,2026-06-19 23:00:00+00:00,1,115.21,0.0,10.37,38.21,0.95,4.67,5.79,12.94
Berlin,DE,52.52,13.405,2026-06-20 00:00:00+00:00,1,112.55,0.0,9.13,32.14,0.73,4.71,5.86,11.04
Berlin,DE,52.52,13.405,2026-06-20 01:00:00+00:00,1,108.8,0.0,8.11,26.62,0.57,4.67,5.85,9.08
Berlin,DE,52.52,13.405,2026-06-20 02:00:00+00:00,1,106.0,0.0,7.34,22.61,0.5,4.68,5.87,7.17
Berlin,DE,52.52,13.405,2026-06-20 03:00:00+00:00,1,103.56,0.0,6.76,20.63,0.5,4.69,5.86,5.74
Berlin,DE,52.52,13.405,2026-06-20 04:00:00+00:00,1,100.79,0.04,5.87,25.76,0.69,4.61,5.69,5.33
Berlin,DE,52.52,13.405,2026-06-20 05:00:00+00:00,1,98.94,0.46,5.23,27.34,0.74,4.52,5.56,5.43
Berlin,DE,52.52,13.405,2026-06-20 06:00:00+00:00,1,98.83,1.12,4.86,30.45,0.81,4.44,5.46,5.87
Berlin,DE,52.52,13.405,2026-06-20 07:00:00+00:00,1,99.6,0.74,4.26,51.36,1.13,4.47,5.36,5.47
Berlin,DE,52.52,13.405,2026-06-20 08:00:00+00:00,2,99.22,0.67,3.62,62.08,1.26,4.56,5.45,5.19
Berlin,DE,52.52,13.405,2026-06-20 09:00:00+00:00,2,98.75,0.53,2.97,71.04,1.35,4.85,5.74,5.06
Berlin,DE,52.52,13.405,2026-06-20 10:00:00+00:00,2,96.7,0.2,2.2,85.54,1.24,4.62,5.33,4.18
Berlin,DE,52.52,13.405,2026-06-20 11:00:00+00:00,2,95.45,0.16,2.19,87.19,1.1,4.37,4.96,3.89
Berlin,DE,52.52,13.405,2026-06-20 12:00:00+00:00,2,95.32,0.18,2.41,86.47,1.04,4.34,4.85,3.87
Berlin,DE,52.52,13.405,2026-06-20 13:00:00+00:00,2,95.78,0.25,2.64,83.72,0.96,4.21,4.67,3.83
Berlin,DE,52.52,13.405,2026-06-20 14:00:00+00:00,2,97.34,0.4,2.94,79.17,0.93,4.41,4.87,4.18
Berlin,DE,52.52,13.405,2026-06-20 15:00:00+00:00,2,99.66,0.55,3.51,77.21,0.95,4.77,5.25,4.64
Berlin,DE,52.52,13.405,2026-06-20 16:00:00+00:00,2,101.18,0.73,4.23,74.21,0.97,5.17,5.68,5.33
Berlin,DE,52.52,13.405,2026-06-20 17:00:00+00:00,2,102.87,0.65,4.89,70.16,0.96,5.5,6.07,5.83
Berlin,DE,52.52,13.405,2026-06-20 18:00:00+00:00,2,103.18,0.42,5.39,67.79,0.94,5.45,6.07,6.4
Berlin,DE,52.52,13.405,2026-06-20 19:00:00+00:00,2,103.58,0.14,6.19,62.75,0.92,5.32,6.01,7.58
Berlin,DE,52.52,13.405,2026-06-20 20:00:00+00:00,1,104.13,0.0,6.83,52.0,0.87,5.46,6.27,8.71
Berlin,DE,52.52,13.405,2026-06-20 21:00:00+00:00,1,104.12,0.0,7.17,43.44,0.81,5.68,6.59,9.51
Berlin,DE,52.52,13.405,2026-06-20 22:00:00+00:00,1,101.37,0.0,6.88,35.8,0.67,5.82,6.79,8.95
Berlin,DE,52.52,13.405,2026-06-20 23:00:00+00:00,1,98.54,0.0,5.98,28.95,0.5,5.7,6.72,6.94
Berlin,DE,52.52,13.405,2026-06-21 00:00:00+00:00,1,95.73,0.0,5.03,23.3,0.39,5.29,6.35,5.36
Berlin,DE,52.52,13.405,2026-06-21 01:00:00+00:00,1,92.49,0.01,4.3,19.04,0.31,4.88,5.94,4.6
Berlin,DE,52.52,13.405,2026-06-21 02:00:00+00:00,1,90.03,0.01,3.97,16.71,0.29,4.73,5.85,4.58
Berlin,DE,52.52,13.405,2026-06-21 03:00:00+00:00,1,87.82,0.02,3.96,15.3,0.29,4.65,5.81,4.97
Berlin,DE,52.52,13.405,2026-06-21 04:00:00+00:00,1,86.14,0.12,4.07,14.04,0.31,4.5,5.71,5.13
Berlin,DE,52.52,13.405,2026-06-21 05:00:00+00:00,1,86.62,1.11,3.85,13.37,0.39,4.43,5.67,5.07
Berlin,DE,52.52,13.405,2026-06-21 06:00:00+00:00,1,88.98,2.76,3.74,14.3,0.49,4.39,5.64,5.65
Berlin,DE,52.52,13.405,2026-06-21 07:00:00+00:00,1,91.74,1.73,4.1,36.77,0.91,4.14,5.03,5.68
Berlin,DE,52.52,13.405,2026-06-21 08:00:00+00:00,1,93.4,1.37,3.6,50.11,1.07,4.54,5.3,5.53
Berlin,DE,52.52,13.405,2026-06-21 09:00:00+00:00,2,94.38,0.84,2.8,64.52,1.18,5.44,6.13,5.26
Berlin,DE,52.52,13.405,2026-06-21 10:00:00+00:00,2,94.93,0.17,1.54,96.62,1.2,5.38,5.84,3.6
Berlin,DE,52.52,13.405,2026-06-21 11:00:00+00:00,3,93.64,0.11,1.14,104.21,1.05,4.85,5.22,3.07
Berlin,DE,52.52,13.405,2026-06-21 12:00:00+00:00,3,92.71,0.1,1.01,105.96,0.94,4.7,5.05,2.92
Berlin,DE,52.52,13.405,2026-06-21 13:00:00+00:00,3,93.19,0.09,1.02,107.96,0.81,4.45,4.75,2.72
Berlin,DE,52.52,13.405,2026-06-21 14:00:00+00:00,3,93.96,0.09,1.34,105.6,0.75,4.31,4.58,2.83
Berlin,DE,52.52,13.405,2026-06-21 15:00:00+00:00,3,95.09,0.07,1.89,102.0,0.74,4.23,4.49,2.97
Berlin,DE,52.52,13.405,2026-06-21 16:00:00+00:00,2,95.61,0.08,2.93,93.44,0.72,4.15,4.42,3.26
Berlin,DE,52.52,13.405,2026-06-21 17:00:00+00:00,2,97.62,0.09,4.15,83.6,0.77,4.23,4.56,3.82
Berlin,DE,52.52,13.405,2026-06-21 18:00:00+00:00,2,99.04,0.06,4.94,76.4,0.83,4.3,4.7,4.36
Berlin,DE,52.52,13.405,2026-06-21 19:00:00+00:00,2,99.8,0.03,5.62,66.76,0.82,4.37,4.86,5.31
Berlin,DE,52.52,13.405,2026-06-21 20:00:00+00:00,1,100.74,0.0,6.16,55.11,0.76,4.48,5.09,5.92
Berlin,DE,52.52,13.405,2026-06-21 21:00:00+00:00,1,100.92,0.0,6.43,45.46,0.68,4.56,5.27,6.26
Berlin,DE,52.52,13.405,2026-06-21 22:00:00+00:00,1,98.62,0.0,6.2,37.62,0.57,4.54,5.31,6.75
Berlin,DE,52.52,13.405,2026-06-21 23:00:00+00:00,1,96.59,0.0,5.78,31.57,0.52,4.6,5.43,7.44
Berlin,DE,52.52,13.405,2026-06-22 00:00:00+00:00,1,95.13,0.0,5.36,26.46,0.5,4.73,5.58,8.19
Berlin,DE,52.52,13.405,2026-06-22 01:00:00+00:00,1,93.36,0.0,5.04,22.15,0.5,4.77,5.6,8.63
Berlin,DE,52.52,13.405,2026-06-22 02:00:00+00:00,1,92.27,0.01,4.71,18.54,0.47,4.75,5.65,7.75
Berlin,DE,52.52,13.405,2026-06-22 03:00:00+00:00,1,91.41,0.02,4.44,15.9,0.44,4.82,5.81,6.78
Berlin,DE,52.52,13.405,2026-06-22 04:00:00+00:00,1,90.29,0.09,4.3,14.27,0.44,4.95,6.0,5.58
Berlin,DE,52.52,13.405,2026-06-22 05:00:00+00:00,1,93.03,0.77,4.43,13.78,0.52,5.18,6.25,3.99
Berlin,DE,52.52,13.405,2026-06-22 06:00:00+00:00,1,98.12,1.93,4.77,15.91,0.65,5.42,6.47,3.28
Berlin,DE,52.52,13.405,2026-06-22 07:00:00+00:00,1,101.02,1.03,4.35,42.67,1.35,5.86,6.7,2.59
Berlin,DE,52.52,13.405,2026-06-22 08:00:00+00:00,1,100.78,1.08,3.61,50.27,1.47,5.92,6.72,2.74
Berlin,DE,52.52,13.405,2026-06-22 09:00:00+00:00,1,99.69,0.86,2.86,59.37,1.56,6.05,6.79,2.84
Berlin,DE,52.52,13.405,2026-06-22 10:00:00+00:00,2,94.94,0.32,1.45,82.19,1.3,5.13,5.61,1.81
Berlin,DE,52.52,13.405,2026-06-22 11:00:00+00:00,2,92.63,0.2,0.95,88.99,1.02,4.5,4.89,1.61
Berlin,DE,52.52,13.405,2026-06-22 12:00:00+00:00,2,91.86,0.17,0.79,91.22,0.88,4.21,4.59,1.64
Berlin,DE,52.52,13.405,2026-06-22 13:00:00+00:00,2,91.68,0.14,0.72,92.27,0.77,3.87,4.22,1.64
Berlin,DE,52.52,13.405,2026-06-22 14:00:00+00:00,2,90.99,0.13,0.76,91.7,0.73,3.61,3.95,1.66
Berlin,DE,52.52,13.405,2026-06-22 15:00:00+00:00,2,90.68,0.13,0.9,91.81,0.74,3.48,3.83,1.73
Berlin,DE,52.52,13.405,2026-06-22 16:00:00+00:00,2,91.44,0.15,1.21,92.11,0.8,3.45,3.85,1.95
Berlin,DE,52.52,13.405,2026-06-22 17:00:00+00:00,2,92.46,0.16,1.66,91.23,0.92,3.47,3.95,2.33
Berlin,DE,52.52,13.405,2026-06-22 18:00:00+00:00,2,93.36,0.12,2.15,89.66,1.03,3.47,4.03,2.72
Berlin,DE,52.52,13.405,2026-06-22 19:00:00+00:00,2,94.43,0.04,2.9,85.07,1.14,3.46,4.11,3.39
Berlin,DE,52.52,13.405,2026-06-22 20:00:00+00:00,2,96.65,0.0,3.69,78.66,1.21,3.49,4.25,4.29
Berlin,DE,52.52,13.405,2026-06-22 21:00:00+00:00,2,98.52,0.0,4.31,73.26,1.24,3.52,4.35,4.99
Berlin,DE,52.52,13.405,2026-06-22 22:00:00+00:00,2,98.05,0.0,4.56,67.15,1.17,3.47,4.35,5.46
Berlin,DE,52.52,13.405,2026-06-22 23:00:00+00:00,2,97.74,0.0,4.49,61.9,1.09,3.44,4.36,5.73
Berlin,DE,52.52,13.405,2026-06-23 00:00:00+00:00,1,96.71,0.0,4.19,57.06,1.02,3.38,4.32,5.6
Berlin,DE,52.52,13.405,2026-06-23 01:00:00+00:00,1,94.4,0.0,3.89,51.34,0.93,3.33,4.27,5.26
Berlin,DE,52.52,13.405,2026-06-23 02:00:00+00:00,1,92.64,0.0,3.75,44.98,0.79,3.37,4.32,5.07
Berlin,DE,52.52,13.405,2026-06-23 03:00:00+00:00,1,91.17,0.0,3.69,39.8,0.69,3.44,4.41,4.94
Berlin,DE,52.52,13.405,2026-06-23 04:00:00+00:00,1,90.01,0.01,3.83,35.85,0.65,3.52,4.51,5.0
Berlin,DE,52.52,13.405,2026-06-23 05:00:00+00:00,1,91.03,0.19,4.56,33.75,0.76,3.65,4.66,5.47
Berlin,DE,52.52,13.405,2026-06-23 06:00:00+00:00,1,93.96,0.75,5.35,34.96,0.99,3.81,4.84,5.66
Berlin,DE,52.52,13.405,2026-06-23 07:00:00+00:00,1,95.31,1.04,5.04,44.72,1.45,4.0,4.98,5.01
Berlin,DE,52.52,13.405,2026-06-23 08:00:00+00:00,1,94.87,1.33,4.28,50.92,1.64,4.12,5.08,4.93
Berlin,DE,52.52,13.405,2026-06-23 09:00:00+00:00,1,93.98,1.25,3.48,59.04,1.74,4.48,5.43,4.99
Berlin,DE,52.52,13.405,2026-06-23 10:00:00+00:00,2,88.6,0.34,1.42,85.59,1.46,4.58,5.3,2.68
Berlin,DE,52.52,13.405,2026-06-23 11:00:00+00:00,2,86.4,0.17,0.81,90.61,1.06,4.19,4.83,2.26
Berlin,DE,52.52,13.405,2026-06-23 12:00:00+00:00,2,85.56,0.15,0.72,92.6,0.95,4.16,4.79,2.24
Berlin,DE,52.52,13.405,2026-06-23 13:00:00+00:00,2,86.29,0.14,0.75,95.6,0.93,4.28,4.91,2.29
Berlin,DE,52.52,13.405,2026-06-23 14:00:00+00:00,2,86.45,0.14,0.82,97.75,0.92,4.34,4.95,2.32
Berlin,DE,52.52,13.405,2026-06-23 15:00:00+00:00,2,86.67,0.15,0.98,99.77,0.92,4.4,5.0,2.37
Berlin,DE,52.52,13.405,2026-06-23 16:00:00+00:00,3,88.23,0.19,1.4,100.76,0.98,4.61,5.23,2.68
Berlin,DE,52.52,13.405,2026-06-23 17:00:00+00:00,2,90.27,0.22,2.05,99.38,1.1,4.94,5.62,3.27
Berlin,DE,52.52,13.405,2026-06-23 18:00:00+00:00,2,92.15,0.16,2.7,96.69,1.2,5.23,5.99,3.84
Berlin,DE,52.52,13.405,2026-06-23 19:00:00+00:00,2,94.61,0.06,3.77,88.53,1.24,5.5,6.36,4.93
Berlin,DE,52.52,13.405,2026-06-23 20:00:00+00:00,2,98.42,0.0,4.94,77.38,1.26,5.79,6.77,6.32
Berlin,DE,52.52,13.405,2026-06-23 21:00:00+00:00,2,101.77,0.0,5.86,68.37,1.22,6.04,7.1,7.17
Berlin,DE,52.52,13.405,2026-06-23 22:00:00+00:00,1,101.31,0.0,6.22,58.88,1.04,6.07,7.16,7.42
Berlin,DE,52.52,13.405,2026-06-23 23:00:00+00:00,1,100.37,0.0,6.06,50.3,0.83,6.06,7.2,7.77
Berlin,DE,52.52,13.405,2026-06-24 00:00:00+00:00,1,98.41,0.0,5.59,43.12,0.68,6.0,7.17,7.74
Berlin,DE,52.52,13.405,2026-06-24 01:00:00+00:00,1,95.38,0.0,5.18,36.0,0.57,5.85,7.07,7.03
Berlin,DE,52.52,13.405,2026-06-24 02:00:00+00:00,1,93.13,0.0,4.98,29.23,0.48,5.79,7.08,6.26
Berlin,DE,52.52,13.405,2026-06-24 03:00:00+00:00,1,91.22,0.01,5.02,23.49,0.46,5.77,7.15,6.37
Berlin,DE,52.52,13.405,2026-06-24 04:00:00+00:00,1,89.72,0.12,5.21,18.73,0.5,5.74,7.19,6.83
Berlin,DE,52.52,13.405,2026-06-24 05:00:00+00:00,1,91.31,1.37,4.94,15.8,0.62,5.77,7.31,6.57
Berlin,DE,52.52,13.405,2026-06-24 06:00:00+00:00,1,96.17,3.47,4.79,15.59,0.82,5.91,7.52,7.17
Berlin,DE,52.52,13.405,2026-06-24 07:00:00+00:00,1,99.6,2.5,5.2,37.54,1.82,6.03,7.45,6.97
Berlin,DE,52.52,13.405,2026-06-24 08:00:00+00:00,1,101.25,2.26,4.89,47.09,2.16,6.52,7.92,7.02
Berlin,DE,52.52,13.405,2026-06-24 09:00:00+00:00,2,102.45,1.57,4.15,61.3,2.47,7.81,9.22,6.89
Berlin,DE,52.52,13.405,2026-06-24 10:00:00+00:00,3,95.48,0.29,1.51,108.78,2.48,7.53,8.53,3.85
Berlin,DE,52.52,13.405,2026-06-24 11:00:00+00:00,3,92.08,0.15,0.87,114.18,1.78,6.87,7.72,3.1
Berlin,DE,52.52,13.405,2026-06-24 12:00:00+00:00,3,90.86,0.14,0.78,114.4,1.52,6.59,7.39,2.89
Berlin,DE,52.52,13.405,2026-06-24 13:00:00+00:00,3,90.16,0.13,0.75,113.33,1.35,6.26,7.03,2.72
Berlin,DE,52.52,13.405,2026-06-24 14:00:00+00:00,3,88.58,0.13,0.77,109.19,1.17,5.63,6.37,2.49
Berlin,DE,52.52,13.405,2026-06-24 15:00:00+00:00,3,87.73,0.14,0.86,106.39,1.06,5.18,5.89,2.36
Berlin,DE,52.52,13.405,2026-06-24 16:00:00+00:00,3,89.7,0.31,1.85,100.51,1.04,5.12,5.87,3.19
Berlin,DE,52.52,13.405,2026-06-24 17:00:00+00:00,2,92.92,0.5,3.22,92.27,1.08,5.24,6.07,4.45
Berlin,DE,52.52,13.405,2026-06-24 18:00:00+00:00,2,95.0,0.41,4.37,84.21,1.12,5.25,6.16,5.35
Berlin,DE,52.52,13.405,2026-06-24 19:00:00+00:00,2,97.29,0.14,6.01,71.36,1.16,5.27,6.26,6.83
Berlin,DE,52.52,13.405,2026-06-24 20:00:00+00:00,1,101.03,0.0,7.52,57.87,1.18,5.38,6.49,8.47
Berlin,DE,52.52,13.405,2026-06-24 21:00:00+00:00,1,104.19,0.0,8.65,48.13,1.12,5.49,6.71,9.78
Berlin,DE,52.52,13.405,2026-06-24 22:00:00+00:00,1,103.87,0.0,9.09,41.34,1.0,5.51,6.8,11.25
Berlin,DE,52.52,13.405,2026-06-24 23:00:00+00:00,1,103.61,0.0,8.86,37.29,0.92,5.63,6.99,12.71
Berlin,DE,52.52,13.405,2026-06-25 00:00:00+00:00,1,103.11,0.0,8.31,33.79,0.86,5.94,7.38,13.73
Berlin,DE,52.52,13.405,2026-06-25 01:00:00+00:00,1,101.36,0.0,7.74,30.39,0.81,6.27,7.77,14.29
Berlin,DE,52.52,13.405,2026-06-25 02:00:00+00:00,1,100.08,0.0,7.34,27.58,0.79,6.58,8.15,14.24
Berlin,DE,52.52,13.405,2026-06-25 03:00:00+00:00,1,98.78,0.0,7.13,24.83,0.77,6.78,8.4,13.05
Berlin,DE,52.52,13.405,2026-06-25 04:00:00+00:00,1,97.07,0.12,6.88,21.41,0.67,6.31,7.95,8.96
Berlin,DE,52.52,13.405,2026-06-25 05:00:00+00:00,1,98.88,1.33,6.42,20.19,0.8,6.31,7.97,9.42
Berlin,DE,52.52,13.405,2026-06-25 06:00:00+00:00,1,103.42,3.11,6.43,22.46,1.08,6.52,8.22,10.1
Berlin,DE,52.52,13.405,2026-06-25 07:00:00+00:00,1,105.18,2.18,6.31,47.58,2.12,6.61,8.18,8.73
Berlin,DE,52.52,13.405,2026-06-25 08:00:00+00:00,2,105.71,1.87,5.64,60.38,2.5,7.12,8.67,8.34
Berlin,DE,52.52,13.405,2026-06-25 09:00:00+00:00,2,105.87,1.31,4.59,75.71,2.71,8.48,10.03,8.18
Berlin,DE,52.52,13.405,2026-06-25 10:00:00+00:00,3,92.24,0.24,1.39,107.36,2.11,6.23,7.66,3.86
Berlin,DE,52.52,13.405,2026-06-25 11:00:00+00:00,3,87.8,0.13,0.82,106.0,1.44,5.34,7.06,3.11
Berlin,DE,52.52,13.405,2026-06-25 12:00:00+00:00,3,86.92,0.11,0.79,104.94,1.26,5.2,7.12,3.08
Berlin,DE,52.52,13.405,2026-06-25 13:00:00+00:00,3,87.07,0.11,0.82,105.23,1.18,5.18,7.2,3.15
Berlin,DE,52.52,13.405,2026-06-25 14:00:00+00:00,3,87.17,0.11,0.86,105.59,1.12,5.17,7.21,3.24
Berlin,DE,52.52,13.405,2026-06-25 15:00:00+00:00,3,87.43,0.12,0.97,105.83,1.07,5.16,7.16,3.33
Berlin,DE,52.52,13.405,2026-06-25 16:00:00+00:00,3,88.87,0.16,1.41,105.52,1.09,5.31,7.27,3.69
Berlin,DE,52.52,13.405,2026-06-25 17:00:00+00:00,3,91.12,0.18,2.09,103.62,1.17,5.62,7.56,4.3
Berlin,DE,52.52,13.405,2026-06-25 18:00:00+00:00,3,93.09,0.13,2.7,100.73,1.25,5.87,7.79,4.82
Berlin,DE,52.52,13.405,2026-06-25 19:00:00+00:00,2,94.96,0.04,3.48,94.14,1.29,6.05,7.92,5.47
Berlin,DE,52.52,13.405,2026-06-25 20:00:00+00:00,2,97.98,0.0,4.26,85.2,1.32,6.18,7.98,6.29
Berlin,DE,52.52,13.405,2026-06-25 21:00:00+00:00,2,100.65,0.0,4.89,77.08,1.31,6.16,7.85,6.87
Berlin,DE,52.52,13.405,2026-06-25 22:00:00+00:00,2,100.68,0.0,5.21,68.81,1.25,5.89,7.44,7.2
Berlin,DE,52.52,13.405,2026-06-25 23:00:00+00:00,2,101.21,0.0,5.24,62.77,1.22,5.66,7.11,7.51
Berlin,DE,52.52,13.405,2026-06-26 00:00:00+00:00,1,101.54,0.0,5.15,58.04,1.24,5.44,6.82,7.46
Berlin,DE,52.52,13.405,2026-06-26 01:00:00+00:00,1,100.49,0.0,5.04,52.8,1.23,5.22,6.55,7.18
Berlin,DE,52.52,13.405,2026-06-26 02:00:00+00:00,1,99.98,0.0,5.0,47.22,1.13,5.15,6.47,7.09
Berlin,DE,52.52,13.405,2026-06-26 03:00:00+00:00,1,99.31,0.0,5.01,42.22,1.03,5.17,6.5,6.76
Berlin,DE,52.52,13.405,2026-06-26 04:00:00+00:00,1,97.78,0.04,5.18,37.75,0.97,5.18,6.52,6.42
Berlin,DE,52.52,13.405,2026-06-26 05:00:00+00:00,1,99.01,0.59,5.43,35.12,1.07,5.33,6.69,6.57
Berlin,DE,52.52,13.405,2026-06-26 06:00:00+00:00,1,102.08,1.67,5.47,36.12,1.28,5.59,6.99,6.73
Berlin,DE,52.52,13.405,2026-06-26 07:00:00+00:00,1,101.72,1.34,4.46,53.53,1.94,6.08,7.42,5.73
Berlin,DE,52.52,13.405,2026-06-26 08:00:00+00:00,2,100.94,1.13,3.67,63.23,2.11,6.68,7.99,5.43
Berlin,DE,52.52,13.405,2026-06-26 09:00:00+00:00,2,100.16,0.76,2.8,74.89,2.19,7.8,9.09,5.23
Berlin,DE,52.52,13.405,2026-06-26 10:00:00+00:00,3,93.03,0.21,1.11,103.11,1.86,6.97,8.13,3.3
Berlin,DE,52.52,13.405,2026-06-26 11:00:00+00:00,3,89.05,0.13,0.72,107.62,1.31,6.04,7.2,2.66
Berlin,DE,52.52,13.405,2026-06-26 12:00:00+00:00,3,87.27,0.12,0.69,108.56,1.13,5.7,6.89,2.46
Berlin,DE,52.52,13.405,2026-06-26 13:00:00+00:00,3,87.15,0.12,0.7,110.44,1.05,5.59,6.89,2.38
Berlin,DE,52.52,13.405,2026-06-26 14:00:00+00:00,3,86.28,0.12,0.74,110.48,0.98,5.47,7.01,2.3
Berlin,DE,52.52,13.405,2026-06-26 15:00:00+00:00,3,85.61,0.12,0.84,110.37,0.93,5.39,7.11,2.27
Berlin,DE,52.52,13.405,2026-06-26 16:00:00+00:00,3,87.12,0.2,1.51,109.25,0.97,5.43,7.13,2.81
Berlin,DE,52.52,13.405,2026-06-26 17:00:00+00:00,3,89.2,0.27,2.52,105.39,1.09,5.47,7.0,3.74
Berlin,DE,52.52,13.405,2026-06-26 18:00:00+00:00,3,90.66,0.2,3.41,100.36,1.21,5.41,6.82,4.52
Berlin,DE,52.52,13.405,2026-06-26 19:00:00+00:00,2,91.44,0.06,4.24,93.77,1.36,5.24,6.6,5.28
Berlin,DE,52.52,13.405,2026-06-26 20:00:00+00:00,2,92.71,0.0,4.73,86.97,1.56,5.08,6.47,6.03
Berlin,DE,52.52,13.405,2026-06-26 21:00:00+00:00,2,93.54,0.0,4.95,81.32,1.78,4.95,6.41,6.59
Berlin,DE,52.52,13.405,2026-06-26 22:00:00+00:00,2,92.37,0.0,4.85,74.56,1.91,4.83,6.31,6.89
Berlin,DE,52.52,13.405,2026-06-26 23:00:00+00:00,2,92.23,0.0,4.49,69.19,1.98,4.9,6.39,7.23
Berlin,DE,52.52,13.405,2026-06-27 00:00:00+00:00,2,92.46,0.0,4.09,64.71,2.01,5.07,6.54,7.47
Berlin,DE,52.52,13.405,2026-06-27 01:00:00+00:00,2,91.93,0.0,3.81,60.25,2.01,5.26,6.72,7.64
Berlin,DE,52.52,13.405,2026-06-27 02:00:00+00:00,1,92.28,0.0,3.65,56.1,2.0,5.56,7.04,7.92
Berlin,DE,52.52,13.405,2026-06-27 03:00:00+00:00,1,92.85,0.0,3.62,52.42,2.01,5.94,7.47,8.19
Berlin,DE,52.52,13.405,2026-06-27 04:00:00+00:00,1,92.96,0.01,3.77,50.4,2.17,6.31,7.92,8.16
Berlin,DE,52.52,13.405,2026-06-27 05:00:00+00:00,1,94.12,0.22,4.14,50.03,2.44,6.73,8.45,7.97
Berlin,DE,52.52,13.405,2026-06-27 06:00:00+00:00,1,96.33,0.65,4.53,52.18,2.71,7.27,9.1,7.69
Berlin,DE,52.52,13.405,2026-06-27 07:00:00+00:00,2,98.21,0.95,4.27,60.22,2.95,7.95,9.85,7.29
Berlin,DE,52.52,13.405,2026-06-27 08:00:00+00:00,2,98.37,0.95,3.73,67.35,2.87,8.73,10.61,7.12
Berlin,DE,52.52,13.405,2026-06-27 09:00:00+00:00,2,97.67,0.66,2.87,80.33,2.76,10.13,11.95,6.77
Berlin,DE,52.52,13.405,2026-06-27 10:00:00+00:00,3,91.0,0.09,1.51,109.21,2.02,9.52,11.13,3.51
Berlin,DE,52.52,13.405,2026-06-27 11:00:00+00:00,3,87.11,0.06,1.07,108.67,1.34,8.03,9.83,2.78
Berlin,DE,52.52,13.405,2026-06-27 12:00:00+00:00,3,85.1,0.06,0.95,106.35,1.07,7.19,9.3,2.6
Berlin,DE,52.52,13.405,2026-06-27 13:00:00+00:00,3,84.6,0.06,0.92,105.81,0.93,6.71,9.13,2.52
Berlin,DE,52.52,13.405,2026-06-27 14:00:00+00:00,3,83.95,0.05,0.99,104.47,0.86,6.36,8.94,2.51
Berlin,DE,52.52,13.405,2026-06-27 15:00:00+00:00,3,83.71,0.05,1.16,103.36,0.83,6.09,8.74,2.55
Berlin,DE,52.52,13.405,2026-06-27 16:00:00+00:00,2,85.48,0.12,2.29,96.62,0.87,6.01,8.63,3.59
Berlin,DE,52.52,13.405,2026-06-27 17:00:00+00:00,2,88.38,0.21,3.8,86.76,0.97,6.11,8.69,5.1
Berlin,DE,52.52,13.405,2026-06-27 18:00:00+00:00,2,90.58,0.17,4.9,78.3,1.06,6.22,8.8,6.3
Berlin,DE,52.52,13.405,2026-06-27 19:00:00+00:00,2,92.72,0.06,6.16,65.98,1.13,6.33,8.88,7.96
Berlin,DE,52.52,13.405,2026-06-27 20:00:00+00:00,1,95.78,0.0,7.29,53.33,1.18,6.49,9.03,9.77
Berlin,DE,52.52,13.405,2026-06-27 21:00:00+00:00,1,98.41,0.0,8.22,43.98,1.18,6.62,9.18,11.42
Berlin,DE,52.52,13.405,2026-06-27 22:00:00+00:00,1,97.84,0.0,8.45,37.05,1.09,6.61,9.14,12.66
Berlin,DE,52.52,13.405,2026-06-27 23:00:00+00:00,1,97.23,0.0,7.98,32.69,0.98,6.7,9.19,12.65
Berlin,DE,52.52,13.405,2026-06-28 00:00:00+00:00,1,96.64,0.0,7.23,30.86,0.93,6.79,9.23,12.22
Berlin,DE,52.52,13.405,2026-06-28 01:00:00+00:00,1,94.68,0.0,6.32,31.22,0.96,6.83,9.18,11.34
Berlin,DE,52.52,13.405,2026-06-28 02:00:00+00:00,1,93.75,0.0,5.62,31.62,1.01,6.99,9.25,10.72
Berlin,DE,52.52,13.405,2026-06-28 03:00:00+00:00,1,93.31,0.0,5.03,34.17,1.18,7.17,9.37,10.13
Berlin,DE,52.52,13.405,2026-06-28 04:00:00+00:00,1,92.17,0.01,4.42,41.67,1.54,7.34,9.48,9.18
Berlin,DE,52.52,13.405,2026-06-28 05:00:00+00:00,1,91.86,0.12,4.57,43.96,1.78,7.44,9.5,8.6
Berlin,DE,52.52,13.405,2026-06-28 06:00:00+00:00,1,93.02,0.51,4.98,46.46,2.02,7.51,9.54,8.1
Berlin,DE,52.52,13.405,2026-06-28 07:00:00+00:00,1,94.44,0.92,4.74,53.86,2.29,7.64,9.68,7.59
Berlin,DE,52.52,13.405,2026-06-28 08:00:00+00:00,1,94.01,0.96,4.34,59.61,2.31,7.82,9.79,7.43
Berlin,DE,52.52,13.405,2026-06-28 09:00:00+00:00,2,93.47,0.77,3.63,69.05,2.25,8.56,10.47,7.32
Berlin,DE,52.52,13.405,2026-06-28 10:00:00+00:00,3,87.68,0.13,1.37,105.69,1.46,7.37,9.3,3.37
Berlin,DE,52.52,13.405,2026-06-28 11:00:00+00:00,3,85.38,0.08,0.9,109.52,0.97,6.4,8.21,2.69
Berlin,DE,52.52,13.405,2026-06-28 12:00:00+00:00,3,84.96,0.08,0.82,109.92,0.82,5.81,7.37,2.6
Berlin,DE,52.52,13.405,2026-06-28 13:00:00+00:00,3,85.78,0.09,0.82,110.79,0.75,5.3,6.57,2.59
Berlin,DE,52.52,13.405,2026-06-28 14:00:00+00:00,3,86.59,0.08,0.86,110.56,0.7,4.65,5.58,2.61
Berlin,DE,52.52,13.405,2026-06-28 15:00:00+00:00,3,87.32,0.08,0.95,109.54,0.64,3.92,4.59,2.64
Berlin,DE,52.52,13.405,2026-06-28 16:00:00+00:00,3,87.75,0.1,1.23,107.3,0.66,3.38,3.95,2.88
Berlin,DE,52.52,13.405,2026-06-28 17:00:00+00:00,3,88.41,0.12,1.66,104.13,0.76,3.13,3.81,3.31
Berlin,DE,52.52,13.405,2026-06-28 18:00:00+00:00,3,88.28,0.09,2.01,100.47,0.84,3.01,3.86,3.63
Berlin,DE,52.52,13.405,2026-06-28 19:00:00+00:00,2,87.92,0.03,2.3,96.26,0.9,3.0,3.97,3.94
Berlin,DE,52.52,13.405,2026-06-28 20:00:00+00:00,2,88.83,0.0,2.45,92.98,0.96,3.09,4.1,4.37
Berlin,DE,52.52,13.405,2026-06-28 21:00:00+00:00,2,90.2,0.0,2.49,90.49,1.0,3.14,4.14,4.81
Berlin,DE,52.52,13.405,2026-06-28 22:00:00+00:00,2,89.9,0.0,2.42,86.32,1.01,3.1,4.04,5.15
Berlin,DE,52.52,13.405,2026-06-28 23:00:00+00:00,2,90.79,0.0,2.4,82.95,1.03,3.22,4.13,5.55
Berlin,DE,52.52,13.405,2026-06-29 00:00:00+00:00,2,91.97,0.0,2.38,80.08,1.04,3.59,4.47,5.79
Berlin,DE,52.52,13.405,2026-06-29 01:00:00+00:00,2,91.56,0.0,2.45,73.68,0.98,4.05,4.87,5.68
Berlin,DE,52.52,13.405,2026-06-29 02:00:00+00:00,2,91.88,0.0,2.64,65.85,0.91,4.42,5.22,5.46
Berlin,DE,52.52,13.405,2026-06-29 03:00:00+00:00,1,91.88,0.0,2.87,58.49,0.89,4.62,5.42,5.25
Berlin,DE,52.52,13.405,2026-06-29 04:00:00+00:00,1,91.62,0.0,3.27,51.44,0.86,4.67,5.49,5.32
Berlin,DE,52.52,13.405,2026-06-29 05:00:00+00:00,1,94.02,0.07,4.52,45.13,0.9,4.8,5.65,5.36
Berlin,DE,52.52,13.405,2026-06-29 06:00:00+00:00,1,99.15,0.41,6.49,40.45,0.98,4.98,5.87,5.56
Berlin,DE,52.52,13.405,2026-06-29 07:00:00+00:00,1,102.67,0.59,7.05,46.76,1.11,5.21,6.03,5.45
Berlin,DE,52.52,13.405,2026-06-29 08:00:00+00:00,1,104.88,0.8,6.98,48.4,1.15,5.53,6.29,5.19
Berlin,DE,52.52,13.405,2026-06-29 09:00:00+00:00,1,105.96,0.84,6.37,53.25,1.24,6.09,6.77,4.74
Berlin,DE,52.52,13.405,2026-06-29 10:00:00+00:00,2,103.47,0.48,4.28,72.46,1.29,6.69,7.17,3.45
Berlin,DE,52.52,13.405,2026-06-29 11:00:00+00:00,2,102.37,0.35,3.14,80.38,1.13,6.91,7.27,2.85
Berlin,DE,52.52,13.405,2026-06-29 12:00:00+00:00,2,102.21,0.26,2.51,84.95,1.02,6.97,7.26,2.53
Berlin,DE,52.52,13.405,2026-06-29 13:00:00+00:00,2,101.54,0.15,2.13,89.16,0.87,6.48,6.72,2.25
Berlin,DE,52.52,13.405,2026-06-29 14:00:00+00:00,2,101.13,0.11,2.27,89.01,0.78,5.9,6.1,2.22
Berlin,DE,52.52,13.405,2026-06-29 15:00:00+00:00,2,101.15,0.07,2.77,86.7,0.76,5.45,5.63,2.28
Berlin,DE,52.52,13.405,2026-06-29 16:00:00+00:00,2,101.61,0.05,3.31,84.24,0.75,5.02,5.19,2.3
Berlin,DE,52.52,13.405,2026-06-29 17:00:00+00:00,2,101.66,0.03,3.6,81.99,0.77,4.6,4.79,2.22
Berlin,DE,52.52,13.405,2026-06-29 18:00:00+00:00,2,101.21,0.01,3.67,79.57,0.78,4.15,4.34,2.03
Berlin,DE,52.52,13.405,2026-06-29 19:00:00+00:00,2,99.7,0.0,3.59,75.46,0.78,3.65,3.86,1.74
Berlin,DE,52.52,13.405,2026-06-29 20:00:00+00:00,2,99.54,0.0,3.59,69.92,0.76,3.25,3.46,1.44
Berlin,DE,52.52,13.405,2026-06-29 21:00:00+00:00,2,98.98,0.0,3.52,64.61,0.69,2.87,3.08,1.22
Berlin,DE,52.52,13.405,2026-06-29 22:00:00+00:00,1,96.37,0.0,3.25,59.04,0.59,2.53,2.75,1.16
Berlin,DE,52.52,13.405,2026-06-29 23:00:00+00:00,1,94.96,0.0,3.03,54.99,0.53,2.35,2.59,1.21
Berlin,DE,52.52,13.405,2026-06-30 00:00:00+00:00,1,94.0,0.0,2.9,51.27,0.5,2.27,2.53,1.28
Berlin,DE,52.52,13.405,2026-06-30 01:00:00+00:00,1,93.36,0.0,2.9,47.68,0.5,2.27,2.55,1.37
Berlin,DE,52.52,13.405,2026-06-30 02:00:00+00:00,1,93.57,0.0,3.07,44.49,0.55,2.34,2.64,1.4
Berlin,DE,52.52,13.405,2026-06-30 03:00:00+00:00,1,94.58,0.0,3.46,41.54,0.65,2.46,2.78,1.37
Berlin,DE,52.52,13.405,2026-06-30 04:00:00+00:00,1,95.42,0.01,3.99,39.24,0.77,2.56,2.9,1.37
Berlin,DE,52.52,13.405,2026-06-30 05:00:00+00:00,1,96.13,0.13,4.47,38.63,0.91,2.59,2.97,1.45
Berlin,DE,52.52,13.405,2026-06-30 06:00:00+00:00,1,96.63,0.26,4.86,40.59,1.02,2.56,2.96,1.55
Berlin,DE,52.52,13.405,2026-06-30 07:00:00+00:00,1,94.94,0.2,4.18,52.53,0.94,2.29,2.61,1.34
Berlin,DE,52.52,13.405,2026-06-30 08:00:00+00:00,1,93.61,0.23,3.56,59.88,0.9,2.09,2.37,1.31
Berlin,DE,52.52,13.405,2026-06-30 09:00:00+00:00,2,92.94,0.25,3.03,65.07,0.91,2.05,2.32,1.34
Berlin,DE,52.52,13.405,2026-06-30 10:00:00+00:00,2,92.7,0.2,2.32,73.31,0.84,1.97,2.21,1.27
Berlin,DE,52.52,13.405,2026-06-30 11:00:00+00:00,2,92.07,0.17,1.8,78.69,0.77,1.94,2.16,1.26
Berlin,DE,52.52,13.405,2026-06-30 12:00:00+00:00,2,91.46,0.16,1.58,81.09,0.76,2.05,2.28,1.3
Berlin,DE,52.52,13.405,2026-06-30 13:00:00+00:00,2,92.2,0.15,1.54,83.79,0.76,2.18,2.4,1.36
Berlin,DE,52.52,13.405,2026-06-30 14:00:00+00:00,2,92.55,0.15,1.72,83.91,0.77,2.22,2.42,1.46
Berlin,DE,52.52,13.405,2026-06-30 15:00:00+00:00,2,92.92,0.14,2.09,82.45,0.77,2.14,2.32,1.54
Berlin,DE,52.52,13.405,2026-06-30 16:00:00+00:00,2,93.89,0.14,2.58,80.53,0.77,2.07,2.25,1.71
Berlin,DE,52.52,13.405,2026-06-30 17:00:00+00:00,2,94.58,0.15,2.92,78.39,0.78,2.07,2.26,1.96
Berlin,DE,52.52,13.405,2026-06-30 18:00:00+00:00,2,95.07,0.11,3.13,76.6,0.78,2.07,2.28,2.11
Berlin,DE,52.52,13.405,2026-06-30 19:00:00+00:00,2,95.54,0.03,3.6,71.66,0.8,2.13,2.38,2.51
Berlin,DE,52.52,13.405,2026-06-30 20:00:00+00:00,2,97.15,0.0,4.2,63.47,0.83,2.29,2.6,2.84
Berlin,DE,52.52,13.405,2026-06-30 21:00:00+00:00,1,98.41,0.0,4.69,55.78,0.83,2.49,2.86,2.6
Berlin,DE,52.52,13.405,2026-06-30 22:00:00+00:00,1,97.67,0.0,4.88,47.53,0.75,2.66,3.08,2.39
Berlin,DE,52.52,13.405,2026-06-30 23:00:00+00:00,1,97.03,0.0,4.75,40.87,0.71,2.84,3.31,2.74
Berlin,DE,52.52,13.405,2026-07-01 00:00:00+00:00,1,96.15,0.0,4.51,36.36,0.71,3.04,3.56,3.49
Berlin,DE,52.52,13.405,2026-07-01 01:00:00+00:00,1,95.41,0.0,4.37,33.09,0.73,3.3,3.83,4.71
Berlin,DE,52.52,13.405,2026-07-01 02:00:00+00:00,1,94.98,0.0,4.15,29.97,0.73,3.5,4.04,4.82
Berlin,DE,52.52,13.405,2026-07-01 03:00:00+00:00,1,95.37,0.0,4.02,27.97,0.73,3.69,4.23,3.79
Berlin,DE,52.52,13.405,2026-07-01 04:00:00+00:00,1,96.47,0.0,4.14,27.19,0.84,3.83,4.35,2.71
Berlin,DE,52.52,13.405,2026-07-01 05:00:00+00:00,1,98.85,0.06,4.94,24.87,0.9,3.9,4.41,2.44
Berlin,DE,52.52,13.405,2026-07-01 06:00:00+00:00,1,101.85,0.31,6.26,22.1,0.94,3.97,4.48,2.32
Berlin,DE,52.52,13.405,2026-07-01 07:00:00+00:00,1,103.55,0.71,6.71,21.96,0.96,4.05,4.52,2.11
Berlin,DE,52.52,13.405,2026-07-01 08:00:00+00:00,1,104.22,1.04,6.42,23.42,0.95,4.16,4.61,1.9
Berlin,DE,52.52,13.405,2026-07-01 09:00:00+00:00,1,104.34,1.26,5.92,25.78,0.93,4.37,4.81,1.71
Berlin,DE,52.52,13.405,2026-07-01 10:00:00+00:00,1,103.68,1.03,5.85,29.39,0.9,4.57,5.0,1.54
Berlin,DE,52.52,13.405,2026-07-01 11:00:00+00:00,1,101.74,0.81,5.52,33.54,0.84,4.65,5.05,1.48
Berlin,DE,52.52,13.405,2026-07-01 12:00:00+00:00,1,99.17,0.62,5.1,38.72,0.8,4.6,4.97,1.46
Berlin,DE,52.52,13.405,2026-07-01 13:00:00+00:00,1,94.58,0.37,4.02,52.53,0.69,4.28,4.59,1.3
Berlin,DE,52.52,13.405,2026-07-01 14:00:00+00:00,2,91.49,0.25,3.29,63.59,0.61,3.86,4.14,1.3
Berlin,DE,52.52,13.405,2026-07-01 15:00:00+00:00,2,90.54,0.2,3.19,69.37,0.57,3.49,3.76,1.41
Berlin,DE,52.52,13.405,2026-07-01 16:00:00+00:00,2,90.83,0.14,3.33,73.08,0.53,3.1,3.38,1.62
Berlin,DE,52.52,13.405,2026-07-01 17:00:00+00:00,2,91.48,0.09,3.63,72.85,0.54,2.86,3.15,2.05
Berlin,DE,52.52,13.405,2026-07-01 18:00:00+00:00,2,92.16,0.04,3.89,71.72,0.59,2.69,2.98,2.59
Berlin,DE,52.52,13.405,2026-07-01 19:00:00+00:00,2,93.17,0.02,4.33,66.84,0.68,2.65,2.95,3.17
Berlin,DE,52.52,13.405,2026-07-01 20:00:00+00:00,1,94.78,0.0,4.85,57.54,0.72,2.75,3.08,3.1
Berlin,DE,52.52,13.405,2026-07-01 21:00:00+00:00,1,95.98,0.0,5.13,48.78,0.69,2.88,3.24,2.82
Berlin,DE,52.52,13.405,2026-07-01 22:00:00+00:00,1,94.75,0.0,4.9,41.96,0.59,3.0,3.38,2.66
Berlin,DE,52.52,13.405,2026-07-01 23:00:00+00:00,1,93.85,0.0,4.32,39.78,0.56,3.2,3.61,2.49
Berlin,DE,52.52,13.405,2026-07-02 00:00:00+00:00,1,93.01,0.0,3.67,40.48,0.58,3.53,3.96,2.37
Berlin,DE,52.52,13.405,2026-07-02 01:00:00+00:00,1,91.63,0.0,3.15,39.66,0.57,3.88,4.36,2.28
Berlin,DE,52.52,13.405,2026-07-02 02:00:00+00:00,1,90.25,0.0,2.88,34.33,0.47,4.04,4.56,2.35
Berlin,DE,52.52,13.405,2026-07-02 03:00:00+00:00,1,89.0,0.0,2.82,29.52,0.42,4.19,4.76,2.58
Berlin,DE,52.52,13.405,2026-07-02 04:00:00+00:00,1,87.68,0.04,2.94,25.65,0.43,4.24,4.86,2.75
Berlin,DE,52.52,13.405,2026-07-02 05:00:00+00:00,1,88.92,0.53,3.17,24.4,0.55,4.28,5.01,2.74
Berlin,DE,52.52,13.405,2026-07-02 06:00:00+00:00,1,92.11,1.36,3.45,28.57,0.82,4.37,5.18,2.8
Berlin,DE,52.52,13.405,2026-07-02 07:00:00+00:00,1,94.51,1.4,3.41,42.6,1.35,4.49,5.33,2.99
Berlin,DE,52.52,13.405,2026-07-02 08:00:00+00:00,1,95.37,1.29,3.25,52.66,1.62,4.74,5.63,3.53
Berlin,DE,52.52,13.405,2026-07-02 09:00:00+00:00,2,95.54,0.95,2.85,65.73,1.88,5.35,6.28,4.17
Berlin,DE,52.52,13.405,2026-07-02 10:00:00+00:00,2,90.24,0.26,1.25,97.72,1.48,4.38,5.09,3.38
Berlin,DE,52.52,13.405,2026-07-02 11:00:00+00:00,3,86.47,0.14,0.81,104.16,1.03,3.57,4.22,3.14
Berlin,DE,52.52,13.405,2026-07-02 12:00:00+00:00,3,85.32,0.13,0.79,106.24,0.95,3.51,4.16,3.13
Berlin,DE,52.52,13.405,2026-07-02 13:00:00+00:00,3,86.35,0.12,0.87,109.09,1.01,3.81,4.47,3.14
Berlin,DE,52.52,13.405,2026-07-02 14:00:00+00:00,3,87.12,0.12,1.04,108.97,1.1,4.11,4.77,3.07
Berlin,DE,52.52,13.405,2026-07-02 15:00:00+00:00,3,88.01,0.12,1.31,108.07,1.16,4.31,4.94,2.96
Berlin,DE,52.52,13.405,2026-07-02 16:00:00+00:00,3,89.89,0.15,1.86,107.1,1.26,4.46,5.07,3.06
Berlin,DE,52.52,13.405,2026-07-02 17:00:00+00:00,3,92.06,0.15,2.58,104.58,1.42,4.66,5.28,3.44
Berlin,DE,52.52,13.405,2026-07-02 18:00:00+00:00,3,94.09,0.1,3.11,101.67,1.57,4.89,5.53,3.82
Berlin,DE,52.52,13.405,2026-07-02 19:00:00+00:00,2,95.35,0.02,3.44,97.77,1.71,5.01,5.6,3.99
Berlin,DE,52.52,13.405,2026-07-02 20:00:00+00:00,2,96.93,0.0,3.61,91.86,1.63,4.92,5.41,3.9
Berlin,DE,52.52,13.405,2026-07-02 21:00:00+00:00,2,98.21,0.0,4.07,81.08,1.4,4.44,4.85,3.5
Berlin,DE,52.52,13.405,2026-07-02 22:00:00+00:00,2,96.72,0.0,4.36,67.45,1.15,3.68,4.09,2.92
Berlin,DE,52.52,13.405,2026-07-02 23:00:00+00:00,1,95.32,0.0,4.18,59.39,0.97,3.17,3.91,2.93
Berlin,DE,52.52,13.405,2026-07-03 00:00:00+00:00,1,92.52,0.0,3.58,56.85,0.88,2.84,4.21,3.12
Berlin,DE,52.52,13.405,2026-07-03 01:00:00+00:00,1,88.3,0.0,2.91,56.22,0.84,2.55,4.58,3.21
Berlin,DE,52.52,13.405,2026-07-03 02:00:00+00:00,1,85.81,0.0,2.51,56.11,0.84,2.32,4.84,3.09
Berlin,DE,52.52,13.405,2026-07-03 03:00:00+00:00,1,84.24,0.0,2.32,55.58,0.85,2.13,4.97,2.86
Berlin,DE,52.52,13.405,2026-07-03 04:00:00+00:00,1,82.39,0.01,2.29,54.14,0.87,1.95,5.0,2.75
Berlin,DE,52.52,13.405,2026-07-03 05:00:00+00:00,1,82.27,0.17,2.37,53.42,0.93,1.82,5.02,2.91
Berlin,DE,52.52,13.405,2026-07-03 06:00:00+00:00,1,82.85,0.46,2.34,53.7,0.98,1.71,4.97,2.97
Berlin,DE,52.52,13.405,2026-07-03 07:00:00+00:00,1,82.72,0.5,1.93,57.33,0.9,1.51,4.55,2.54
Berlin,DE,52.52,13.405,2026-07-03 08:00:00+00:00,2,82.32,0.39,1.59,61.12,0.81,1.33,3.97,2.16
Berlin,DE,52.52,13.405,2026-07-03 09:00:00+00:00,2,82.13,0.28,1.38,64.47,0.78,1.25,3.59,1.98
Berlin,DE,52.52,13.405,2026-07-03 10:00:00+00:00,2,83.11,0.22,1.18,68.62,0.74,1.26,3.37,1.88
Berlin,DE,52.52,13.405,2026-07-03 11:00:00+00:00,2,83.77,0.19,1.07,72.16,0.72,1.32,3.21,1.86
Berlin,DE,52.52,13.405,2026-07-03 12:00:00+00:00,2,84.66,0.18,1.03,75.02,0.72,1.41,3.12,1.93
Berlin,DE,52.52,13.405,2026-07-03 13:00:00+00:00,2,86.24,0.17,1.03,77.37,0.72,1.5,3.03,2.05
Berlin,DE,52.52,13.405,2026-07-03 14:00:00+00:00,2,87.09,0.15,1.13,77.81,0.72,1.53,2.86,2.17
Berlin,DE,52.52,13.405,2026-07-03 15:00:00+00:00,2,87.58,0.15,1.31,77.23,0.72,1.55,2.76,2.33
Berlin,DE,52.52,13.405,2026-07-03 16:00:00+00:00,2,88.16,0.17,1.54,77.12,0.74,1.61,2.88,2.6
Berlin,DE,52.52,13.405,2026-07-03 17:00:00+00:00,2,88.22,0.18,1.75,77.05,0.8,1.72,3.18,2.97
Berlin,DE,52.52,13.405,2026-07-03 18:00:00+00:00,2,88.31,0.14,1.97,76.51,0.87,1.79,3.46,3.31
Berlin,DE,52.52,13.405,2026-07-03 19:00:00+00:00,2,88.14,0.04,2.35,74.5,0.94,1.82,3.65,3.76
Berlin,DE,52.52,13.405,2026-07-03 20:00:00+00:00,2,88.77,0.0,2.77,71.42,1.04,1.87,3.88,4.44
Berlin,DE,52.52,13.405,2026-07-03 21:00:00+00:00,2,89.32,0.0,3.1,68.54,1.1,1.95,4.15,5.09
Berlin,DE,52.52,13.405,2026-07-03 22:00:00+00:00,2,88.23,0.0,3.24,64.94,1.07,1.99,4.38,5.58
Berlin,DE,52.52,13.405,2026-07-03 23:00:00+00:00,2,87.87,0.0,3.09,62.08,0.97,2.04,4.6,5.66
Berlin,DE,52.52,13.405,2026-07-04 00:00:00+00:00,1,87.08,0.0,2.82,59.51,0.87,2.05,4.77,5.07
Berlin,DE,52.52,13.405,2026-07-04 01:00:00+00:00,1,85.73,0.0,2.61,56.17,0.77,2.04,4.86,4.29
Berlin,DE,52.52,13.405,2026-07-04 02:00:00+00:00,1,84.99,0.0,2.56,52.72,0.71,2.06,4.94,3.76
Berlin,DE,52.52,13.405,2026-07-04 03:00:00+00:00,1,84.59,0.0,2.61,49.34,0.68,2.08,5.01,3.32
Berlin,DE,52.52,13.405,2026-07-04 04:00:00+00:00,1,83.48,0.01,2.78,46.19,0.68,2.09,5.05,3.16
Berlin,DE,52.52,13.405,2026-07-04 05:00:00+00:00,1,83.65,0.16,3.13,44.63,0.78,2.1,5.18,3.54
Berlin,DE,52.52,13.405,2026-07-04 06:00:00+00:00,1,84.35,0.47,3.37,45.98,0.96,2.1,5.34,4.01
Berlin,DE,52.52,13.405,2026-07-04 07:00:00+00:00,1,83.45,0.19,2.61,59.07,1.02,1.79,4.95,2.96
Berlin,DE,52.52,13.405,2026-07-04 08:00:00+00:00,2,83.59,0.21,2.06,63.88,0.89,1.6,4.45,2.52
Berlin,DE,52.52,13.405,2026-07-04 09:00:00+00:00,2,83.78,0.23,1.77,65.69,0.84,1.53,4.19,2.44
Berlin,DE,52.52,13.405,2026-07-04 10:00:00+00:00,2,84.64,0.21,1.54,68.28,0.81,1.46,3.89,2.4
Berlin,DE,52.52,13.405,2026-07-04 11:00:00+00:00,2,84.98,0.19,1.36,70.67,0.78,1.39,3.53,2.36
Berlin,DE,52.52,13.405,2026-07-04 12:00:00+00:00,2,85.47,0.18,1.2,72.95,0.76,1.34,3.18,2.29
Berlin,DE,52.52,13.405,2026-07-04 13:00:00+00:00,2,86.92,0.2,1.25,74.35,0.79,1.39,2.91,2.43
Berlin,DE,52.52,13.405,2026-07-04 14:00:00+00:00,2,88.49,0.21,1.63,73.38,0.84,1.53,2.86,2.87
Berlin,DE,52.52,13.405,2026-07-04 15:00:00+00:00,2,90.21,0.24,2.16,72.14,0.9,1.69,2.95,3.29
Berlin,DE,52.52,13.405,2026-07-04 16:00:00+00:00,2,91.56,0.23,2.78,70.39,0.94,1.88,3.13,3.61
Berlin,DE,52.52,13.405,2026-07-04 17:00:00+00:00,2,92.41,0.13,3.36,68.45,1.0,2.06,3.27,3.9
Berlin,DE,52.52,13.405,2026-07-04 18:00:00+00:00,2,93.1,0.05,3.71,67.36,1.08,2.26,3.39,4.06
Berlin,DE,52.52,13.405,2026-07-04 19:00:00+00:00,2,94.52,0.01,3.93,66.99,1.26,2.57,3.56,4.07
Berlin,DE,52.52,13.405,2026-07-04 20:00:00+00:00,2,96.14,0.0,4.07,65.94,1.37,3.01,3.88,3.85
Berlin,DE,52.52,13.405,2026-07-04 21:00:00+00:00,2,98.18,0.0,4.11,66.9,1.34,3.65,4.42,3.51
Berlin,DE,52.52,13.405,2026-07-04 22:00:00+00:00,2,99.66,0.0,3.86,68.69,1.12,4.21,4.88,3.09
Berlin,DE,52.52,13.405,2026-07-04 23:00:00+00:00,2,98.92,0.0,3.48,65.27,0.89,4.21,4.85,2.65
Berlin,DE,52.52,13.405,2026-07-05 00:00:00+00:00,2,96.24,0.0,3.04,60.08,0.73,3.87,4.51,2.48
Berlin,DE,52.52,13.405,2026-07-05 01:00:00+00:00,1,92.21,0.0,2.66,54.83,0.64,3.4,3.98,2.28
Berlin,DE,52.52,13.405,2026-07-05 02:00:00+00:00,1,89.17,0.0,2.46,50.7,0.58,2.94,3.47,1.95
Berlin,DE,52.52,13.405,2026-07-05 03:00:00+00:00,1,86.81,0.0,2.39,48.0,0.57,2.54,3.03,1.79
Berlin,DE,52.52,13.405,2026-07-05 04:00:00+00:00,1,85.39,0.0,2.45,45.71,0.6,2.17,2.65,1.79
Berlin,DE,52.52,13.405,2026-07-05 05:00:00+00:00,1,84.81,0.08,2.71,42.67,0.63,1.93,2.4,1.74
Berlin,DE,52.52,13.405,2026-07-05 06:00:00+00:00,1,85.54,0.27,3.01,41.21,0.68,1.84,2.28,1.68
Berlin,DE,52.52,13.405,2026-07-05 07:00:00+00:00,1,86.39,0.34,2.97,43.99,0.65,1.76,2.12,1.44
Berlin,DE,52.52,13.405,2026-07-05 08:00:00+00:00,1,85.91,0.32,2.77,47.03,0.62,1.65,1.95,1.46
Berlin,DE,52.52,13.405,2026-07-05 09:00:00+00:00,1,84.99,0.25,2.53,49.62,0.57,1.45,1.71,1.51
Berlin,DE,52.52,13.405,2026-07-05 10:00:00+00:00,1,83.51,0.16,2.03,53.47,0.45,1.02,1.19,1.29
Berlin,DE,52.52,13.405,2026-07-05 11:00:00+00:00,1,81.35,0.16,1.47,55.66,0.36,0.72,0.84,1.11
Berlin,DE,52.52,13.405,2026-07-05 12:00:00+00:00,1,80.29,0.15,1.21,56.72,0.33,0.62,0.7,1.06
Berlin,DE,52.52,13.405,2026-07-05 13:00:00+00:00,1,80.49,0.14,1.14,57.91,0.34,0.58,0.65,1.14
Berlin,DE,52.52,13.405,2026-07-05 14:00:00+00:00,1,80.52,0.14,1.27,57.96,0.37,0.56,0.62,1.32
Berlin,DE,52.52,13.405,2026-07-05 15:00:00+00:00,1,80.67,0.13,1.53,57.25,0.39,0.55,0.59,1.43
Berlin,DE,52.52,13.405,2026-07-05 16:00:00+00:00,1,81.22,0.15,1.77,56.48,0.39,0.56,0.59,1.55
Berlin,DE,52.52,13.405,2026-07-05 17:00:00+00:00,1,81.57,0.18,1.89,55.78,0.42,0.58,0.64,1.78
Berlin,DE,52.52,13.405,2026-07-05 18:00:00+00:00,1,81.63,0.14,1.99,54.96,0.45,0.61,0.72,1.99
Berlin,DE,52.52,13.405,2026-07-05 19:00:00+00:00,1,81.35,0.04,2.18,53.23,0.48,0.65,0.78,2.28
Berlin,DE,52.52,13.405,2026-07-05 20:00:00+00:00,1,81.86,0.0,2.37,51.21,0.53,0.69,0.87,2.68
Berlin,DE,52.52,13.405,2026-07-05 21:00:00+00:00,1,82.56,0.0,2.55,49.51,0.57,0.74,0.99,2.92
Berlin,DE,52.52,13.405,2026-07-05 22:00:00+00:00,1,82.05,0.0,2.61,47.36,0.58,0.79,1.1,2.93
Berlin,DE,52.52,13.405,2026-07-05 23:00:00+00:00,1,82.25,0.0,2.67,45.32,0.61,0.83,1.22,2.89
Berlin,DE,52.52,13.405,2026-07-06 00:00:00+00:00,1,82.39,0.0,2.73,42.88,0.64,0.89,1.36,2.73
Berlin,DE,52.52,13.405,2026-07-06 01:00:00+00:00,1,81.94,0.0,2.76,40.21,0.65,0.95,1.45,2.41
Berlin,DE,52.52,13.405,2026-07-06 02:00:00+00:00,1,82.02,0.0,2.8,38.11,0.66,1.04,1.55,2.07
Berlin,DE,52.52,13.405,2026-07-06 03:00:00+00:00,1,82.24,0.0,2.89,36.41,0.67,1.15,1.66,1.85
Berlin,DE,52.52,13.405,2026-07-06 04:00:00+00:00,1,82.73,0.0,3.04,35.13,0.69,1.25,1.73,1.64
Berlin,DE,52.52,13.405,2026-07-06 05:00:00+00:00,1,83.99,0.03,3.5,33.33,0.72,1.33,1.78,1.55
Berlin,DE,52.52,13.405,2026-07-06 06:00:00+00:00,1,85.7,0.12,4.26,31.28,0.77,1.37,1.8,1.57
Berlin,DE,52.52,13.405,2026-07-06 07:00:00+00:00,1,86.08,0.25,4.41,32.73,0.77,1.23,1.62,1.48
Berlin,DE,52.52,13.405,2026-07-06 08:00:00+00:00,1,84.98,0.37,4.02,36.18,0.75,0.98,1.28,1.48
Berlin,DE,52.52,13.405,2026-07-06 09:00:00+00:00,1,83.77,0.47,3.53,40.1,0.78,0.81,1.06,1.59
Berlin,DE,52.52,13.405,2026-07-06 10:00:00+00:00,1,84.06,0.48,3.09,44.82,0.79,0.72,0.92,1.53
Berlin,DE,52.52,13.405,2026-07-06 11:00:00+00:00,1,84.74,0.45,2.94,47.13,0.76,0.77,0.93,1.36
Berlin,DE,52.52,13.405,2026-07-06 12:00:00+00:00,1,86.24,0.43,2.92,48.57,0.77,1.02,1.18,1.21
Berlin,DE,52.52,13.405,2026-07-06 13:00:00+00:00,1,87.49,0.36,2.9,51.22,0.77,1.44,1.6,1.25
Berlin,DE,52.52,13.405,2026-07-06 14:00:00+00:00,1,88.11,0.25,3.01,55.21,0.82,2.05,2.22,1.47
Berlin,DE,52.52,13.405,2026-07-06 15:00:00+00:00,1,89.06,0.17,3.3,59.41,0.91,2.67,2.85,1.69
Berlin,DE,52.52,13.405,2026-07-06 16:00:00+00:00,2,91.93,0.13,4.07,60.31,0.96,2.99,3.22,2.11
Berlin,DE,52.52,13.405,2026-07-06 17:00:00+00:00,1,93.78,0.1,4.9,57.93,1.02,2.96,3.25,2.66
Berlin,DE,52.52,13.405,2026-07-06 18:00:00+00:00,1,94.89,0.05,5.42,56.32,1.09,2.78,3.13,3.15
Berlin,DE,52.52,13.405,2026-07-06 19:00:00+00:00,1,95.92,0.02,5.71,55.65,1.16,2.68,3.08,3.56
Berlin,DE,52.52,13.405,2026-07-06 20:00:00+00:00,1,97.04,0.0,5.81,54.79,1.26,2.68,3.15,3.88
Berlin,DE,52.52,13.405,2026-07-06 21:00:00+00:00,1,97.49,0.0,5.81,53.52,1.34,2.74,3.28,4.16
Berlin,DE,52.52,13.405,2026-07-06 22:00:00+00:00,1,96.07,0.0,5.47,51.96,1.31,2.75,3.34,4.29
Berlin,DE,52.52,13.405,2026-07-06 23:00:00+00:00,1,94.6,0.0,5.04,49.99,1.22,2.74,3.4,4.36
Berlin,DE,52.52,13.405,2026-07-07 00:00:00+00:00,1,93.1,0.0,4.55,48.62,1.15,2.78,3.53,4.39
Berlin,DE,52.52,13.405,2026-07-07 01:00:00+00:00,1,91.08,0.0,4.1,47.88,1.11,2.89,3.73,4.55
Berlin,DE,52.52,13.405,2026-07-07 02:00:00+00:00,1,89.55,0.0,3.75,48.25,1.13,3.06,4.0,5.1
Berlin,DE,52.52,13.405,2026-07-07 03:00:00+00:00,1,88.42,0.0,3.54,49.02,1.21,3.22,4.18,5.75
Berlin,DE,52.52,13.405,2026-07-07 04:00:00+00:00,1,87.66,0.0,3.5,49.77,1.36,3.26,4.18,6.2
Berlin,DE,52.52,13.405,2026-07-07 05:00:00+00:00,1,87.89,0.02,3.96,48.94,1.57,3.28,4.17,6.54
Berlin,DE,52.52,13.405,2026-07-07 06:00:00+00:00,1,89.57,0.12,4.8,48.03,1.93,3.37,4.27,6.48
Berlin,DE,52.52,13.405,2026-07-07 07:00:00+00:00,1,92.09,0.27,5.25,53.38,2.43,3.81,4.83,5.56
Berlin,DE,52.52,13.405,2026-07-07 08:00:00+00:00,1,92.69,0.46,5.31,56.85,2.56,4.02,5.13,5.21
Berlin,DE,52.52,13.405,2026-07-07 09:00:00+00:00,2,92.38,0.75,4.78,61.04,2.4,3.98,5.01,4.89
Berlin,DE,52.52,13.405,2026-07-07 10:00:00+00:00,2,90.48,0.8,3.53,69.06,1.95,3.58,4.32,4.08
Berlin,DE,52.52,13.405,2026-07-07 11:00:00+00:00,2,87.1,0.51,2.37,77.59,1.45,2.96,3.45,3.19
Berlin,DE,52.52,13.405,2026-07-07 12:00:00+00:00,2,84.4,0.32,1.63,83.44,1.14,2.54,2.91,2.69
Berlin,DE,52.52,13.405,2026-07-07 13:00:00+00:00,2,83.53,0.2,1.44,86.44,1.06,2.35,2.69,2.52
Berlin,DE,52.52,13.405,2026-07-07 14:00:00+00:00,2,84.45,0.16,1.66,87.29,1.22,2.54,2.93,2.72
Berlin,DE,52.52,13.405,2026-07-07 15:00:00+00:00,2,86.35,0.12,2.1,88.43,1.48,3.06,3.52,3.03
Berlin,DE,52.52,13.405,2026-07-07 16:00:00+00:00,2,90.07,0.08,2.72,91.44,1.76,3.71,4.17,3.26
Berlin,DE,52.52,13.405,2026-07-07 17:00:00+00:00,2,93.61,0.05,3.26,93.93,1.88,4.5,4.96,3.42
Berlin,DE,52.52,13.405,2026-07-07 18:00:00+00:00,2,95.79,0.02,3.58,94.75,1.77,4.84,5.29,3.59
Berlin,DE,52.52,13.405,2026-07-07 19:00:00+00:00,2,95.7,0.0,3.5,92.05,1.5,4.61,5.1,3.85
Berlin,DE,52.52,13.405,2026-07-07 20:00:00+00:00,2,96.51,0.0,3.22,88.17,1.28,4.23,4.89,4.18
Berlin,DE,52.52,13.405,2026-07-07 21:00:00+00:00,2,96.93,0.0,2.95,81.74,1.06,3.62,4.39,3.94
Berlin,DE,52.52,13.405,2026-07-07 22:00:00+00:00,2,96.01,0.0,2.64,72.5,0.83,2.65,3.33,3.2
Berlin,DE,52.52,13.405,2026-07-07 23:00:00+00:00,2,95.32,0.0,2.37,63.71,0.67,1.83,2.37,2.49
Berlin,DE,52.52,13.405,2026-07-08 00:00:00+00:00,1,94.66,0.0,2.16,56.65,0.59,1.38,1.85,1.98
Berlin,DE,52.52,13.405,2026-07-08 01:00:00+00:00,1,92.87,0.0,2.02,51.42,0.57,1.2,1.72,1.7
Berlin,DE,52.52,13.405,2026-07-08 02:00:00+00:00,1,91.79,0.0,1.98,48.5,0.6,1.17,1.85,1.67
Berlin,DE,52.52,13.405,2026-07-08 03:00:00+00:00,1,91.06,0.0,1.97,47.04,0.63,1.18,2.06,1.69
Berlin,DE,52.52,13.405,2026-07-08 04:00:00+00:00,1,89.88,0.0,1.98,46.48,0.67,1.16,2.32,1.77
Berlin,DE,52.52,13.405,2026-07-08 05:00:00+00:00,1,89.51,0.05,2.17,46.8,0.72,1.16,2.63,1.84
Berlin,DE,52.52,13.405,2026-07-08 06:00:00+00:00,1,89.91,0.22,2.4,47.54,0.76,1.17,2.89,1.88
Berlin,DE,52.52,13.405,2026-07-08 07:00:00+00:00,1,89.48,0.44,2.23,49.24,0.79,1.17,3.12,1.91
Berlin,DE,52.52,13.405,2026-07-08 08:00:00+00:00,1,88.38,0.51,1.86,52.1,0.84,1.22,3.43,1.95
Berlin,DE,52.52,13.405,2026-07-08 09:00:00+00:00,1,86.99,0.45,1.49,55.76,0.89,1.34,3.78,1.98
Berlin,DE,52.52,13.405,2026-07-08 10:00:00+00:00,2,86.25,0.35,1.08,61.3,0.85,1.43,3.93,1.93
Berlin,DE,52.52,13.405,2026-07-08 11:00:00+00:00,2,85.5,0.26,0.84,66.26,0.78,1.43,3.79,1.87
Berlin,DE,52.52,13.405,2026-07-08 12:00:00+00:00,2,85.11,0.22,0.73,69.89,0.76,1.46,3.8,1.88
Berlin,DE,52.52,13.405,2026-07-08 13:00:00+00:00,2,85.64,0.2,0.7,73.43,0.76,1.53,3.87,1.94
Berlin,DE,52.52,13.405,2026-07-08 14:00:00+00:00,2,85.54,0.19,0.78,75.22,0.79,1.61,4.03,2.08
Berlin,DE,52.52,13.405,2026-07-08 15:00:00+00:00,2,85.67,0.19,0.96,76.27,0.84,1.73,4.31,2.27
Berlin,DE,52.52,13.405,2026-07-08 16:00:00+00:00,2,86.87,0.23,1.26,77.35,0.92,1.92,4.75,2.62
Berlin,DE,52.52,13.405,2026-07-08 17:00:00+00:00,2,87.94,0.22,1.7,77.13,1.02,2.13,5.23,3.12
Berlin,DE,52.52,13.405,2026-07-08 18:00:00+00:00,2,88.72,0.13,2.14,76.17,1.1,2.28,5.59,3.6
Berlin,DE,52.52,13.405,2026-07-08 19:00:00+00:00,2,89.26,0.04,2.47,74.83,1.15,2.39,5.82,4.09
Berlin,DE,52.52,13.405,2026-07-08 20:00:00+00:00,2,89.94,0.0,2.68,73.24,1.2,2.49,6.02,4.67
Berlin,DE,52.52,13.405,2026-07-08 21:00:00+00:00,2,90.63,0.0,2.84,71.59,1.23,2.55,6.11,5.22
Berlin,DE,52.52,13.405,2026-07-08 22:00:00+00:00,2,89.72,0.0,2.89,68.45,1.2,2.51,5.92,5.53
Berlin,DE,52.52,13.405,2026-07-08 23:00:00+00:00,2,89.77,0.0,2.84,65.4,1.15,2.41,5.62,5.58
Berlin,DE,52.52,13.405,2026-07-09 00:00:00+00:00,2,89.75,0.0,2.74,62.15,1.09,2.28,5.28,5.19
Berlin,DE,52.52,13.405,2026-07-09 01:00:00+00:00,1,88.86,0.0,2.66,58.35,1.05,2.14,4.94,4.65
Berlin,DE,52.52,13.405,2026-07-09 02:00:00+00:00,1,89.04,0.0,2.65,55.19,1.05,2.06,4.8,4.39
Berlin,DE,52.52,13.405,2026-07-09 03:00:00+00:00,1,89.17,0.0,2.73,52.38,1.07,2.06,4.85,4.2
Berlin,DE,52.52,13.405,2026-07-09 04:00:00+00:00,1,88.79,0.01,2.9,49.69,1.12,2.1,5.04,3.97
Berlin,DE,52.52,13.405,2026-07-09 05:00:00+00:00,1,88.89,0.23,3.09,47.54,1.21,2.19,5.33,3.78
Berlin,DE,52.52,13.405,2026-07-09 06:00:00+00:00,1,89.55,0.67,3.04,46.8,1.31,2.29,5.63,3.57
Berlin,DE,52.52,13.405,2026-07-09 07:00:00+00:00,1,89.35,0.9,2.66,48.97,1.37,2.35,5.79,3.22
Berlin,DE,52.52,13.405,2026-07-09 08:00:00+00:00,1,88.68,0.91,2.25,51.97,1.37,2.37,5.68,3.09
Berlin,DE,52.52,13.405,2026-07-09 09:00:00+00:00,1,88.03,0.75,1.84,56.76,1.35,2.47,5.58,2.97
Berlin,DE,52.52,13.405,2026-07-09 10:00:00+00:00,2,87.78,0.49,1.31,64.74,1.18,2.4,4.98,2.6
Berlin,DE,52.52,13.405,2026-07-09 11:00:00+00:00,2,86.87,0.32,0.96,69.83,0.95,2.08,3.94,2.22
Berlin,DE,52.52,13.405,2026-07-09 12:00:00+00:00,2,86.65,0.27,0.83,72.5,0.85,1.9,3.32,2.07
Berlin,DE,52.52,13.405,2026-07-09 13:00:00+00:00,2,88.03,0.24,0.79,75.17,0.77,1.7,2.75,1.96
Berlin,DE,52.52,13.405,2026-07-09 14:00:00+00:00,2,89.01,0.22,0.8,76.42,0.69,1.47,2.23,1.86
Berlin,DE,52.52,13.405,2026-07-09 15:00:00+00:00,2,90.64,0.22,0.91,76.79,0.66,1.37,1.99,1.89
Berlin,DE,52.52,13.405,2026-07-09 16:00:00+00:00,2,93.48,0.25,1.21,76.7,0.69,1.39,1.96,2.17
Berlin,DE,52.52,13.405,2026-07-09 17:00:00+00:00,2,96.39,0.27,1.69,75.3,0.77,1.47,2.04,2.74
Berlin,DE,52.52,13.405,2026-07-09 18:00:00+00:00,2,98.8,0.19,2.21,73.14,0.84,1.52,2.12,3.31
Berlin,DE,52.52,13.405,2026-07-09 19:00:00+00:00,2,101.14,0.07,3.28,66.11,0.84,1.59,2.23,4.89
Berlin,DE,52.52,13.405,2026-07-09 20:00:00+00:00,1,104.26,0.0,4.57,56.61,0.8,1.7,2.43,6.99
Berlin,DE,52.52,13.405,2026-07-09 21:00:00+00:00,1,106.86,0.0,5.58,49.29,0.73,1.81,2.65,7.77
Berlin,DE,52.52,13.405,2026-07-09 22:00:00+00:00,1,106.49,0.0,6.18,42.2,0.59,1.89,2.82,7.0
Berlin,DE,52.52,13.405,2026-07-09 23:00:00+00:00,1,105.75,0.0,6.17,36.36,0.49,1.97,3.02,6.08
Berlin,DE,52.52,13.405,2026-07-10 00:00:00+00:00,1,104.32,0.0,5.75,31.71,0.42,2.04,3.23,5.3
Berlin,DE,52.52,13.405,2026-07-11 01:00:00+00:00,1,92.92,0.0,4.78,45.28,0.75,3.08,4.54,7.01
Berlin,DE,52.52,13.405,2026-07-11 02:00:00+00:00,1,91.34,0.0,4.7,40.27,0.72,2.84,4.15,6.5
Berlin,DE,52.52,13.405,2026-07-11 03:00:00+00:00,1,89.96,0.0,4.73,36.09,0.73,2.68,3.91,6.02
Berlin,DE,52.52,13.405,2026-07-11 04:00:00+00:00,1,88.3,0.03,4.96,32.45,0.78,2.55,3.71,5.85
Berlin,DE,52.52,13.405,2026-07-11 05:00:00+00:00,1,88.77,0.59,5.07,30.64,0.95,2.49,3.6,6.17
Berlin,DE,52.52,13.405,2026-07-11 06:00:00+00:00,1,90.56,1.6,4.83,32.54,1.27,2.49,3.53,6.29
Berlin,DE,52.52,13.405,2026-07-11 07:00:00+00:00,1,88.49,1.42,3.83,45.74,2.05,2.34,3.11,4.48
Berlin,DE,52.52,13.405,2026-07-11 08:00:00+00:00,1,87.32,1.36,3.31,51.02,2.11,2.42,3.14,4.36
Berlin,DE,52.52,13.405,2026-07-11 09:00:00+00:00,1,87.01,1.11,2.86,57.98,2.07,2.84,3.52,4.47
Berlin,DE,52.52,13.405,2026-07-11 10:00:00+00:00,2,80.94,0.32,1.16,69.93,1.0,2.08,2.47,2.11
Berlin,DE,52.52,13.405,2026-07-11 11:00:00+00:00,2,79.49,0.14,0.72,73.66,0.63,1.83,2.12,1.53
Berlin,DE,52.52,13.405,2026-07-11 12:00:00+00:00,2,79.78,0.1,0.72,75.07,0.59,1.82,2.11,1.5
Berlin,DE,52.52,13.405,2026-07-11 13:00:00+00:00,2,80.82,0.07,0.78,75.98,0.59,1.81,2.14,1.55
Berlin,DE,52.52,13.405,2026-07-11 14:00:00+00:00,2,81.48,0.07,0.83,76.38,0.6,1.79,2.17,1.63
Berlin,DE,52.52,13.405,2026-07-11 15:00:00+00:00,2,82.16,0.07,0.91,76.88,0.61,1.81,2.23,1.74
Berlin,DE,52.52,13.405,2026-07-11 16:00:00+00:00,2,83.89,0.11,1.22,77.16,0.64,1.93,2.4,2.16
Berlin,DE,52.52,13.405,2026-07-11 17:00:00+00:00,2,85.59,0.16,1.63,76.67,0.68,2.14,2.67,2.87
Berlin,DE,52.52,13.405,2026-07-11 18:00:00+00:00,2,86.85,0.14,1.99,75.7,0.7,2.34,2.9,3.5
Berlin,DE,52.52,13.405,2026-07-11 19:00:00+00:00,2,87.75,0.04,2.53,72.39,0.72,2.46,3.05,4.37
Berlin,DE,52.52,13.405,2026-07-11 20:00:00+00:00,2,89.19,0.0,3.12,67.44,0.74,2.51,3.1,5.54
Berlin,DE,52.52,13.405,2026-07-11 21:00:00+00:00,2,89.92,0.0,3.64,62.34,0.73,2.44,3.02,6.52
Berlin,DE,52.52,13.405,2026-07-11 22:00:00+00:00,1,88.96,0.0,4.0,55.67,0.66,2.27,2.83,7.44
Berlin,DE,52.52,13.405,2026-07-11 23:00:00+00:00,1,88.47,0.0,4.11,49.7,0.58,2.15,2.72,7.93
Berlin,DE,52.52,13.405,2026-07-12 00:00:00+00:00,1,87.67,0.0,4.02,44.74,0.51,2.03,2.63,7.17
Berlin,DE,52.52,13.405,2026-07-12 01:00:00+00:00,1,85.55,0.0,3.9,38.23,0.4,1.94,2.59,6.04
Berlin,DE,52.52,13.405,2026-07-12 02:00:00+00:00,1,83.78,0.0,3.85,31.9,0.31,1.93,2.66,5.84
Berlin,DE,52.52,13.405,2026-07-12 03:00:00+00:00,1,82.27,0.0,3.88,27.28,0.29,1.95,2.78,6.33
Berlin,DE,52.52,13.405,2026-07-12 04:00:00+00:00,1,81.1,0.03,4.07,23.9,0.32,1.99,2.91,7.32
Berlin,DE,52.52,13.405,2026-07-12 05:00:00+00:00,1,82.06,0.68,4.19,21.79,0.4,2.06,3.06,7.87
Berlin,DE,52.52,13.405,2026-07-12 06:00:00+00:00,1,85.2,1.96,4.12,22.99,0.55,2.18,3.22,8.32
Berlin,DE,52.52,13.405,2026-07-12 07:00:00+00:00,1,84.92,0.99,3.04,48.74,1.21,2.15,3.01,5.47
Berlin,DE,52.52,13.405,2026-07-12 08:00:00+00:00,1,84.85,0.85,2.73,54.59,1.26,2.36,3.16,5.39
Berlin,DE,52.52,13.405,2026-07-12 09:00:00+00:00,2,85.07,0.61,2.35,61.16,1.23,2.73,3.46,5.4
Berlin,DE,52.52,13.405,2026-07-12 10:00:00+00:00,2,87.57,0.15,1.01,78.08,0.69,2.36,2.77,2.78
Berlin,DE,52.52,13.405,2026-07-12 11:00:00+00:00,2,87.98,0.1,0.63,80.77,0.45,1.91,2.21,2.08
Berlin,DE,52.52,13.405,2026-07-12 12:00:00+00:00,2,88.0,0.1,0.56,81.81,0.41,1.85,2.15,1.98
Berlin,DE,52.52,13.405,2026-07-12 13:00:00+00:00,2,88.98,0.11,0.56,83.62,0.41,1.92,2.26,2.04
Berlin,DE,52.52,13.405,2026-07-12 14:00:00+00:00,2,89.31,0.11,0.62,85.03,0.43,2.08,2.47,2.22
Berlin,DE,52.52,13.405,2026-07-12 15:00:00+00:00,2,89.34,0.12,0.72,85.82,0.45,2.23,2.68,2.37
Berlin,DE,52.52,13.405,2026-07-12 16:00:00+00:00,2,89.67,0.14,0.94,86.26,0.48,2.41,2.92,2.65
Berlin,DE,52.52,13.405,2026-07-12 17:00:00+00:00,2,90.08,0.15,1.29,85.45,0.55,2.64,3.21,3.12
Berlin,DE,52.52,13.405,2026-07-12 18:00:00+00:00,2,90.16,0.1,1.66,83.53,0.6,2.8,3.42,3.55
Berlin,DE,52.52,13.405,2026-07-12 19:00:00+00:00,2,90.31,0.02,2.11,80.04,0.64,2.9,3.54,4.14
Berlin,DE,52.52,13.405,2026-07-12 20:00:00+00:00,2,91.09,0.0,2.51,76.19,0.69,2.96,3.6,4.91
Berlin,DE,52.52,13.405,2026-07-12 21:00:00+00:00,2,92.2,0.0,2.87,73.4,0.74,2.92,3.52,5.46
Berlin,DE,52.52,13.405,2026-07-12 22:00:00+00:00,2,91.92,0.0,3.18,69.06,0.74,2.77,3.31,6.05
Berlin,DE,52.52,13.405,2026-07-12 23:00:00+00:00,2,92.97,0.0,3.46,64.77,0.75,2.7,3.21,6.95
Berlin,DE,52.52,13.405,2026-07-13 00:00:00+00:00,2,94.05,0.0,3.51,61.28,0.75,2.71,3.21,7.44
Berlin,DE,52.52,13.405,2026-07-13 01:00:00+00:00,1,93.77,0.0,3.48,56.73,0.72,2.75,3.27,7.63
Berlin,DE,52.52,13.405,2026-07-13 02:00:00+00:00,1,94.01,0.0,3.57,51.4,0.66,2.87,3.44,7.73
Berlin,DE,52.52,13.405,2026-07-13 03:00:00+00:00,1,94.12,0.0,3.79,46.13,0.62,3.01,3.64,7.21
Berlin,DE,52.52,13.405,2026-07-13 04:00:00+00:00,1,93.65,0.01,4.22,40.94,0.62,3.15,3.84,6.64
Berlin,DE,52.52,13.405,2026-07-13 05:00:00+00:00,1,95.86,0.44,5.02,37.22,0.76,3.35,4.09,6.88
Berlin,DE,52.52,13.405,2026-07-13 06:00:00+00:00,1,99.77,1.53,5.45,37.77,1.05,3.62,4.38,7.02
Berlin,DE,52.52,13.405,2026-07-13 07:00:00+00:00,1,99.58,1.27,4.21,53.41,1.64,3.88,4.51,4.66
Berlin,DE,52.52,13.405,2026-07-13 08:00:00+00:00,2,99.04,1.12,3.43,60.78,1.63,4.12,4.7,4.02
Berlin,DE,52.52,13.405,2026-07-13 09:00:00+00:00,2,98.74,0.85,2.79,69.71,1.63,4.67,5.25,3.86
Berlin,DE,52.52,13.405,2026-07-13 10:00:00+00:00,2,97.71,0.38,1.67,83.8,1.25,4.17,4.59,2.66
Berlin,DE,52.52,13.405,2026-07-13 11:00:00+00:00,2,96.24,0.21,1.1,90.54,0.96,3.56,3.88,2.09
Berlin,DE,52.52,13.405,2026-07-13 12:00:00+00:00,2,95.63,0.16,0.95,93.38,0.86,3.34,3.63,1.9
Berlin,DE,52.52,13.405,2026-07-13 13:00:00+00:00,2,95.26,0.13,0.79,96.12,0.66,2.61,2.85,1.52
Berlin,DE,52.52,13.405,2026-07-13 14:00:00+00:00,2,93.94,0.12,0.72,97.08,0.52,2.04,2.28,1.29
Berlin,DE,52.52,13.405,2026-07-13 15:00:00+00:00,2,93.18,0.12,0.8,97.74,0.48,1.89,2.13,1.27
Berlin,DE,52.52,13.405,2026-07-13 16:00:00+00:00,2,94.09,0.13,1.15,98.19,0.51,1.86,2.11,1.52
Berlin,DE,52.52,13.405,2026-07-13 17:00:00+00:00,2,95.37,0.11,1.7,96.7,0.59,1.9,2.15,1.99
Berlin,DE,52.52,13.405,2026-07-13 18:00:00+00:00,2,96.33,0.05,2.22,94.36,0.7,1.97,2.21,2.43
Berlin,DE,52.52,13.405,2026-07-13 19:00:00+00:00,2,97.3,0.01,2.79,90.78,0.87,2.11,2.37,3.08
Berlin,DE,52.52,13.405,2026-07-13 20:00:00+00:00,2,99.27,0.0,3.35,86.54,1.12,2.35,2.66,3.93
Berlin,DE,52.52,13.405,2026-07-13 21:00:00+00:00,2,101.19,0.0,3.79,81.98,1.33,2.54,2.91,4.62
Berlin,DE,52.52,13.405,2026-07-13 22:00:00+00:00,2,100.83,0.0,3.89,75.87,1.44,2.61,3.02,5.05
Berlin,DE,52.52,13.405,2026-07-13 23:00:00+00:00,2,101.0,0.0,3.79,70.65,1.49,2.65,3.12,5.32
Berlin,DE,52.52,13.405,2026-07-14 00:00:00+00:00,2,100.66,0.0,3.64,65.65,1.49,2.71,3.22,5.27
Berlin,DE,52.52,13.405,2026-07-14 01:00:00+00:00,2,99.49,0.0,3.46,60.78,1.55,2.71,3.15,3.99
Berlin,DE,52.52,13.405,2026-07-14 02:00:00+00:00,1,99.1,0.0,3.29,56.79,1.33,2.7,3.03,2.37
Berlin,DE,52.52,13.405,2026-07-14 03:00:00+00:00,1,99.37,0.0,3.09,55.31,1.07,2.75,3.01,1.5
Berlin,DE,52.52,13.405,2026-07-14 04:00:00+00:00,1,98.9,0.0,2.9,55.59,0.87,2.78,3.0,1.29
Berlin,DE,52.52,13.405,2026-07-14 05:00:00+00:00,1,100.05,0.03,3.3,54.92,0.85,2.83,3.05,1.36
Berlin,DE,52.52,13.405,2026-07-14 06:00:00+00:00,1,101.88,0.16,4.18,51.61,0.91,2.88,3.13,1.52
Berlin,DE,52.52,13.405,2026-07-14 07:00:00+00:00,1,103.52,0.35,4.79,48.76,1.01,2.95,3.22,1.74
Berlin,DE,52.52,13.405,2026-07-14 08:00:00+00:00,1,103.8,0.49,4.95,46.5,1.12,3.0,3.31,2.09
Berlin,DE,52.52,13.405,2026-07-14 09:00:00+00:00,1,103.52,0.58,4.8,46.17,1.23,3.07,3.4,2.44
Berlin,DE,52.52,13.405,2026-07-14 10:00:00+00:00,1,102.35,0.46,3.75,57.81,1.28,3.07,3.36,2.23
Berlin,DE,52.52,13.405,2026-07-14 11:00:00+00:00,2,100.58,0.27,2.95,67.58,1.18,2.96,3.19,2.0
Berlin,DE,52.52,13.405,2026-07-14 12:00:00+00:00,2,99.56,0.21,2.47,72.97,1.06,2.74,2.92,1.84
Berlin,DE,52.52,13.405,2026-07-14 13:00:00+00:00,2,98.67,0.16,1.85,80.75,0.84,2.34,2.47,1.5
Berlin,DE,52.52,13.405,2026-07-14 14:00:00+00:00,2,97.71,0.14,1.5,85.59,0.66,2.16,2.26,1.35
Berlin,DE,52.52,13.405,2026-07-14 15:00:00+00:00,2,97.93,0.15,1.52,86.97,0.6,2.18,2.28,1.3
Berlin,DE,52.52,13.405,2026-07-14 16:00:00+00:00,2,98.01,0.17,1.87,85.07,0.63,2.39,2.49,1.47
Berlin,DE,52.52,13.405,2026-07-14 17:00:00+00:00,2,98.55,0.14,2.53,80.51,0.73,2.68,2.82,1.89
Berlin,DE,52.52,13.405,2026-07-14 18:00:00+00:00,2,98.93,0.06,3.15,75.71,0.84,2.9,3.08,2.23
Berlin,DE,52.52,13.405,2026-07-14 19:00:00+00:00,2,99.46,0.01,3.67,70.26,0.91,3.06,3.27,2.57
Berlin,DE,52.52,13.405,2026-07-14 20:00:00+00:00,2,101.0,0.0,4.1,64.21,0.94,3.17,3.42,2.84
Berlin,DE,52.52,13.405,2026-07-14 21:00:00+00:00,1,102.45,0.0,4.42,59.46,0.96,3.21,3.51,3.07
Berlin,DE,52.52,13.405,2026-07-14 22:00:00+00:00,1,102.02,0.0,4.41,55.32,0.93,3.18,3.52,3.29
Berlin,DE,52.52,13.405,2026-07-14 23:00:00+00:00,1,102.21,0.0,4.15,52.37,0.89,3.18,3.56,3.03
Berlin,DE,52.52,13.405,2026-07-15 00:00:00+00:00,1,102.34,0.0,3.86,50.33,0.87,3.23,3.63,2.7
Berlin,DE,52.52,13.405,2026-07-15 01:00:00+00:00,1,101.79,0.0,3.67,47.1,0.78,3.12,3.55,2.62
Berlin,DE,52.52,13.405,2026-07-15 02:00:00+00:00,1,101.53,0.0,3.57,42.47,0.68,2.94,3.42,2.92
Berlin,DE,52.52,13.405,2026-07-15 03:00:00+00:00,1,101.33,0.0,3.6,38.96,0.64,2.78,3.32,3.34
Berlin,DE,52.52,13.405,2026-07-15 04:00:00+00:00,1,101.1,0.01,3.81,36.23,0.66,2.63,3.22,3.74
Berlin,DE,52.52,13.405,2026-07-15 05:00:00+00:00,1,102.58,0.32,4.23,34.45,0.78,2.55,3.21,3.98
Berlin,DE,52.52,13.405,2026-07-15 06:00:00+00:00,1,105.08,1.03,4.39,35.84,0.99,2.61,3.31,4.03
Berlin,DE,52.52,13.405,2026-07-15 07:00:00+00:00,1,105.04,1.15,3.82,45.73,1.36,2.83,3.5,3.5
Berlin,DE,52.52,13.405,2026-07-15 08:00:00+00:00,1,104.12,1.15,3.35,52.98,1.55,3.16,3.79,3.4
Berlin,DE,52.52,13.405,2026-07-15 09:00:00+00:00,2,103.17,0.97,2.84,61.17,1.65,3.74,4.36,3.44
Berlin,DE,52.52,13.405,2026-07-15 10:00:00+00:00,2,99.96,0.37,1.48,81.63,1.07,3.15,3.52,2.22
Berlin,DE,52.52,13.405,2026-07-15 11:00:00+00:00,2,97.88,0.19,1.0,88.09,0.71,2.53,2.76,1.71
Berlin,DE,52.52,13.405,2026-07-15 12:00:00+00:00,2,97.17,0.14,1.0,89.12,0.63,2.35,2.56,1.6
Berlin,DE,52.52,13.405,2026-07-15 13:00:00+00:00,2,97.91,0.13,1.09,90.33,0.62,2.28,2.48,1.62
Berlin,DE,52.52,13.405,2026-07-15 14:00:00+00:00,2,98.25,0.15,1.2,90.69,0.66,2.31,2.51,1.71
Berlin,DE,52.52,13.405,2026-07-15 15:00:00+00:00,2,98.75,0.17,1.38,91.02,0.7,2.32,2.53,1.79
Berlin,DE,52.52,13.405,2026-07-15 16:00:00+00:00,2,99.28,0.17,1.6,91.25,0.74,2.31,2.53,1.91
Berlin,DE,52.52,13.405,2026-07-15 17:00:00+00:00,2,99.89,0.15,1.91,89.87,0.8,2.33,2.57,2.25
Berlin,DE,52.52,13.405,2026-07-15 18:00:00+00:00,2,100.27,0.08,2.2,87.38,0.86,2.36,2.62,2.58
Berlin,DE,52.52,13.405,2026-07-15 19:00:00+00:00,2,100.45,0.02,2.65,81.91,0.9,2.4,2.7,3.31
Berlin,DE,52.52,13.405,2026-07-15 20:00:00+00:00,2,102.24,0.0,3.26,74.62,0.94,2.5,2.87,4.32
Berlin,DE,52.52,13.405,2026-07-15 21:00:00+00:00,2,104.1,0.0,3.89,68.23,0.97,2.6,3.03,4.94
Berlin,DE,52.52,13.405,2026-07-15 22:00:00+00:00,2,103.95,0.0,4.24,61.9,0.95,2.65,3.13,5.22
Berlin,DE,52.52,13.405,2026-07-15 23:00:00+00:00,1,104.17,0.0,4.32,57.07,0.93,2.73,3.25,5.42
Berlin,DE,52.52,13.405,2026-07-16 00:00:00+00:00,1,104.33,0.0,4.29,52.69,0.91,2.82,3.38,5.44
Berlin,DE,52.52,13.405,2026-07-16 01:00:00+00:00,1,103.38,0.0,4.3,45.69,0.73,2.89,3.51,5.41
Berlin,DE,52.52,13.405,2026-07-16 02:00:00+00:00,1,102.46,0.0,4.4,37.46,0.51,2.97,3.67,4.98
Berlin,DE,52.52,13.405,2026-07-16 03:00:00+00:00,1,101.34,0.0,4.52,30.72,0.4,3.07,3.84,4.51
Berlin,DE,52.52,13.405,2026-07-16 04:00:00+00:00,1,99.99,0.02,4.79,25.09,0.36,3.14,3.97,4.43
Berlin,DE,52.52,13.405,2026-07-16 05:00:00+00:00,1,101.2,0.69,5.05,21.27,0.41,3.25,4.12,4.66
Berlin,DE,52.52,13.405,2026-07-16 06:00:00+00:00,1,104.44,2.3,4.81,20.72,0.51,3.44,4.31,5.19
Berlin,DE,52.52,13.405,2026-07-16 07:00:00+00:00,1,105.33,1.51,4.02,46.1,1.33,4.37,5.05,3.89
Berlin,DE,52.52,13.405,2026-07-16 08:00:00+00:00,1,105.36,1.41,3.54,55.32,1.68,5.23,5.89,3.99
Berlin,DE,52.52,13.405,2026-07-16 09:00:00+00:00,2,105.18,1.09,3.0,64.74,1.91,6.4,7.04,4.16
Berlin,DE,52.52,13.405,2026-07-16 10:00:00+00:00,2,102.07,0.32,1.36,92.59,1.66,6.23,6.58,2.12
Berlin,DE,52.52,13.405,2026-07-16 11:00:00+00:00,3,98.57,0.17,0.82,100.25,1.14,4.99,5.22,1.56
Berlin,DE,52.52,13.405,2026-07-16 12:00:00+00:00,3,96.75,0.14,0.75,102.96,0.98,4.57,4.77,1.5
Berlin,DE,52.52,13.405,2026-07-16 13:00:00+00:00,3,96.0,0.13,0.74,106.11,0.9,4.28,4.47,1.5
Berlin,DE,52.52,13.405,2026-07-16 14:00:00+00:00,3,94.65,0.13,0.8,107.76,0.85,4.12,4.31,1.57
Berlin,DE,52.52,13.405,2026-07-16 15:00:00+00:00,3,94.26,0.14,0.95,109.2,0.87,4.18,4.38,1.68
Berlin,DE,52.52,13.405,2026-07-16 16:00:00+00:00,3,96.72,0.26,1.93,107.82,0.91,4.46,4.69,2.55
Berlin,DE,52.52,13.405,2026-07-16 17:00:00+00:00,3,99.9,0.38,3.19,103.54,0.97,4.85,5.15,3.8
Berlin,DE,52.52,13.405,2026-07-16 18:00:00+00:00,3,102.3,0.27,4.18,100.3,1.09,5.24,5.59,5.0
Berlin,DE,52.52,13.405,2026-07-16 19:00:00+00:00,2,104.35,0.05,5.02,95.43,1.24,5.68,6.09,6.54
Berlin,DE,52.52,13.405,2026-07-16 20:00:00+00:00,2,106.39,0.0,5.17,88.82,1.29,6.18,6.65,7.52
Berlin,DE,52.52,13.405,2026-07-16 21:00:00+00:00,2,108.01,0.0,5.1,84.58,1.3,6.63,7.14,8.17
Berlin,DE,52.52,13.405,2026-07-16 22:00:00+00:00,2,106.79,0.0,4.32,83.91,1.39,6.89,7.4,7.78
Berlin,DE,52.52,13.405,2026-07-16 23:00:00+00:00,2,107.71,0.0,4.03,80.96,1.47,7.15,7.71,7.74
Berlin,DE,52.52,13.405,2026-07-17 00:00:00+00:00,2,109.05,0.0,3.83,77.09,1.53,7.45,8.05,7.42
Berlin,DE,52.52,13.405,2026-07-17 01:00:00+00:00,2,110.13,0.0,3.7,72.68,1.74,7.74,8.34,6.53
Berlin,DE,52.52,13.405,2026-07-17 02:00:00+00:00,2,111.71,0.0,3.61,69.58,1.85,8.03,8.59,5.52
Berlin,DE,52.52,13.405,2026-07-17 03:00:00+00:00,2,113.08,0.0,3.57,67.76,1.84,8.17,8.7,4.47
Berlin,DE,52.52,13.405,2026-07-17 04:00:00+00:00,2,113.61,0.0,3.65,65.55,1.91,7.97,8.41,3.28
Berlin,DE,52.52,13.405,2026-07-17 05:00:00+00:00,1,115.0,0.02,4.46,58.77,1.62,7.61,7.99,2.58
Berlin,DE,52.52,13.405,2026-07-17 06:00:00+00:00,1,118.01,0.13,6.15,51.02,1.26,7.18,7.55,2.49
Berlin,DE,52.52,13.405,2026-07-17 07:00:00+00:00,1,119.71,0.51,6.98,47.09,1.0,6.67,7.07,2.78
Berlin,DE,52.52,13.405,2026-07-17 08:00:00+00:00,1,118.9,0.79,6.69,49.03,0.98,6.14,6.57,3.58
Berlin,DE,52.52,13.405,2026-07-17 09:00:00+00:00,1,116.96,0.88,5.92,55.25,1.15,5.74,6.19,4.53
Berlin,DE,52.52,13.405,2026-07-17 10:00:00+00:00,2,105.11,0.27,2.22,99.47,0.93,3.0,3.2,2.66
Berlin,DE,52.52,13.405,2026-07-17 11:00:00+00:00,3,100.8,0.11,1.4,108.07,0.68,2.07,2.21,2.43
Berlin,DE,52.52,13.405,2026-07-17 12:00:00+00:00,3,99.47,0.09,1.32,109.12,0.65,1.92,2.05,2.48
Berlin,DE,52.52,13.405,2026-07-17 13:00:00+00:00,3,101.21,0.1,1.74,109.17,0.84,2.08,2.22,2.81
Berlin,DE,52.52,13.405,2026-07-17 14:00:00+00:00,3,104.09,0.15,2.47,106.61,1.08,2.52,2.67,3.2
Berlin,DE,52.52,13.405,2026-07-17 15:00:00+00:00,3,107.78,0.23,3.28,103.47,1.24,2.94,3.11,3.0
Berlin,DE,52.52,13.405,2026-07-17 16:00:00+00:00,2,109.01,0.2,4.33,96.77,1.24,3.11,3.29,2.67
Berlin,DE,52.52,13.405,2026-07-17 17:00:00+00:00,2,110.69,0.2,5.09,91.17,1.17,3.3,3.48,2.51
Berlin,DE,52.52,13.405,2026-07-17 18:00:00+00:00,2,111.0,0.13,5.46,86.07,1.09,3.51,3.7,2.39
Berlin,DE,52.52,13.405,2026-07-17 19:00:00+00:00,2,110.67,0.03,5.6,81.12,1.01,3.64,3.85,2.33
Berlin,DE,52.52,13.405,2026-07-17 20:00:00+00:00,2,111.03,0.0,5.43,75.18,0.94,3.68,3.9,2.15
Berlin,DE,52.52,13.405,2026-07-17 21:00:00+00:00,2,111.06,0.0,5.2,70.3,0.85,3.56,3.79,1.92
Berlin,DE,52.52,13.405,2026-07-17 22:00:00+00:00,2,108.91,0.0,4.69,66.22,0.72,3.25,3.5,1.85
Berlin,DE,52.52,13.405,2026-07-17 23:00:00+00:00,2,107.38,0.0,3.95,65.36,0.65,2.94,3.24,1.91
Berlin,DE,52.52,13.405,2026-07-18 00:00:00+00:00,2,106.2,0.0,3.22,66.69,0.63,2.75,3.08,1.99
Berlin,DE,52.52,13.405,2026-07-18 01:00:00+00:00,2,105.75,0.0,2.67,69.92,0.67,2.81,3.18,2.19
Berlin,DE,52.52,13.405,2026-07-18 02:00:00+00:00,2,105.69,0.0,2.35,71.49,0.7,3.12,3.54,2.35
Berlin,DE,52.52,13.405,2026-07-18 03:00:00+00:00,2,105.3,0.0,2.2,71.54,0.74,3.57,4.05,2.4
Berlin,DE,52.52,13.405,2026-07-18 04:00:00+00:00,2,104.46,0.0,2.21,69.8,0.82,4.02,4.54,2.45
Berlin,DE,52.52,13.405,2026-07-18 05:00:00+00:00,2,104.17,0.05,2.59,66.81,0.89,4.41,5.03,2.62
Berlin,DE,52.52,13.405,2026-07-18 06:00:00+00:00,2,104.45,0.24,2.97,64.53,0.98,4.69,5.49,2.91
Berlin,DE,52.52,13.405,2026-07-18 07:00:00+00:00,2,103.32,0.42,2.78,67.54,1.06,4.73,5.74,3.17
Berlin,DE,52.52,13.405,2026-07-18 08:00:00+00:00,2,102.32,0.44,2.38,71.46,1.06,4.54,5.62,3.36
Berlin,DE,52.52,13.405,2026-07-18 09:00:00+00:00,2,101.56,0.35,1.88,76.79,1.03,4.28,5.41,3.32
Berlin,DE,52.52,13.405,2026-07-18 10:00:00+00:00,2,99.51,0.17,0.99,89.71,0.67,2.63,3.4,2.16
Berlin,DE,52.52,13.405,2026-07-18 11:00:00+00:00,2,97.11,0.11,0.58,94.89,0.44,1.6,2.12,1.55
Berlin,DE,52.52,13.405,2026-07-18 12:00:00+00:00,2,96.5,0.09,0.48,96.55,0.38,1.33,1.81,1.43
Berlin,DE,52.52,13.405,2026-07-18 13:00:00+00:00,2,97.53,0.09,0.48,98.46,0.37,1.3,1.81,1.48
Berlin,DE,52.52,13.405,2026-07-18 14:00:00+00:00,2,98.72,0.1,0.55,99.44,0.41,1.45,2.12,1.69
Berlin,DE,52.52,13.405,2026-07-18 15:00:00+00:00,2,100.05,0.11,0.68,99.99,0.46,1.67,2.58,1.95
Berlin,DE,52.52,13.405,2026-07-18 16:00:00+00:00,3,101.95,0.13,0.94,100.65,0.53,1.93,3.16,2.39
Berlin,DE,52.52,13.405,2026-07-18 17:00:00+00:00,3,103.54,0.13,1.35,100.01,0.64,2.15,3.69,3.03
Berlin,DE,52.52,13.405,2026-07-18 18:00:00+00:00,2,104.46,0.08,1.77,98.07,0.73,2.21,3.92,3.62
Berlin,DE,52.52,13.405,2026-07-18 19:00:00+00:00,2,104.83,0.02,2.22,94.36,0.79,2.16,3.88,4.38
Berlin,DE,52.52,13.405,2026-07-18 20:00:00+00:00,2,105.82,0.0,2.6,89.45,0.83,2.06,3.7,5.41
Berlin,DE,52.52,13.405,2026-07-18 21:00:00+00:00,2,106.23,0.0,2.92,84.0,0.81,1.92,3.39,6.34
Berlin,DE,52.52,13.405,2026-07-18 22:00:00+00:00,2,104.4,0.0,3.0,77.36,0.72,1.74,3.05,7.01
Berlin,DE,52.52,13.405,2026-07-18 23:00:00+00:00,2,103.85,0.0,2.89,72.81,0.65,1.62,2.83,7.41
Berlin,DE,52.52,13.405,2026-07-19 00:00:00+00:00,2,103.33,0.0,2.67,69.19,0.6,1.52,2.72,7.07
Berlin,DE,52.52,13.405,2026-07-19 01:00:00+00:00,2,101.75,0.0,2.49,64.44,0.57,1.43,2.66,6.24
Berlin,DE,52.52,13.405,2026-07-19 02:00:00+00:00,2,100.73,0.0,2.42,60.02,0.56,1.39,2.71,5.89
Berlin,DE,52.52,13.405,2026-07-19 03:00:00+00:00,1,99.98,0.0,2.43,56.25,0.58,1.38,2.82,6.0
Berlin,DE,52.52,13.405,2026-07-19 04:00:00+00:00,1,99.33,0.0,2.52,53.22,0.63,1.37,2.8,5.89
Berlin,DE,52.52,13.405,2026-07-19 05:00:00+00:00,1,100.29,0.01,3.0,50.6,0.67,1.35,2.68,5.04
Berlin,DE,52.52,13.405,2026-07-19 06:00:00+00:00,1,102.57,0.07,3.83,48.91,0.71,1.35,2.6,4.24
Berlin,DE,52.52,13.405,2026-07-19 07:00:00+00:00,1,103.45,0.14,3.78,53.28,0.76,1.3,2.54,3.62
Berlin,DE,52.52,13.405,2026-07-19 08:00:00+00:00,1,102.95,0.2,3.45,56.19,0.81,1.24,2.52,3.33
Berlin,DE,52.52,13.405,2026-07-19 09:00:00+00:00,1,101.89,0.22,2.99,59.34,0.84,1.15,2.4,3.04
Berlin,DE,52.52,13.405,2026-07-19 10:00:00+00:00,2,100.15,0.22,2.11,65.15,0.74,1.02,2.21,2.57
Berlin,DE,52.52,13.405,2026-07-19 11:00:00+00:00,2,97.95,0.2,1.46,69.63,0.65,0.93,2.0,2.26
Berlin,DE,52.52,13.405,2026-07-19 12:00:00+00:00,2,95.62,0.16,1.07,73.14,0.58,0.9,1.76,1.93
Berlin,DE,52.52,13.405,2026-07-19 13:00:00+00:00,2,95.4,0.14,0.98,76.62,0.55,0.9,1.45,1.66
Berlin,DE,52.52,13.405,2026-07-19 14:00:00+00:00,2,95.38,0.13,1.17,77.4,0.53,0.88,1.17,1.58
Berlin,DE,52.52,13.405,2026-07-19 15:00:00+00:00,2,95.62,0.13,1.53,76.16,0.48,0.78,0.94,1.49
Berlin,DE,52.52,13.405,2026-07-19 16:00:00+00:00,2,95.01,0.15,1.88,72.3,0.44,0.66,0.76,1.39
Berlin,DE,52.52,13.405,2026-07-19 17:00:00+00:00,2,95.24,0.17,2.1,68.85,0.44,0.59,0.7,1.59
Berlin,DE,52.52,13.405,2026-07-19 18:00:00+00:00,2,95.24,0.11,2.3,66.44,0.47,0.61,0.74,1.88
Berlin,DE,52.52,13.405,2026-07-19 19:00:00+00:00,2,95.27,0.03,2.58,63.7,0.51,0.69,0.89,2.34
Berlin,DE,52.52,13.405,2026-07-19 20:00:00+00:00,2,95.85,0.0,2.86,60.58,0.57,0.87,1.24,2.89
Berlin,DE,52.52,13.405,2026-07-19 21:00:00+00:00,1,96.11,0.0,3.1,58.11,0.63,1.14,1.87,3.28
Berlin,DE,52.52,13.405,2026-07-19 22:00:00+00:00,1,95.21,0.0,3.12,56.11,0.66,1.44,2.73,3.65
Berlin,DE,52.52,13.405,2026-07-19 23:00:00+00:00,1,94.56,0.0,2.99,55.2,0.73,1.7,3.59,4.04
Berlin,DE,52.52,13.405,2026-07-20 00:00:00+00:00,1,93.98,0.0,2.82,54.64,0.81,1.9,4.24,4.39
Berlin,DE,52.52,13.405,2026-07-20 01:00:00+00:00,1,93.09,0.0,2.65,53.9,0.86,2.01,4.56,4.48
Berlin,DE,52.52,13.405,2026-07-20 02:00:00+00:00,1,92.73,0.0,2.62,52.63,0.88,2.09,4.73,4.44
Berlin,DE,52.52,13.405,2026-07-20 03:00:00+00:00,1,92.58,0.0,2.66,51.16,0.9,2.14,4.88,4.39
Berlin,DE,52.52,13.405,2026-07-20 04:00:00+00:00,1,92.25,0.0,2.79,49.67,0.94,2.15,4.88,4.27
Berlin,DE,52.52,13.405,2026-07-20 05:00:00+00:00,1,92.58,0.07,3.15,47.94,0.98,2.09,4.58,4.05
Berlin,DE,52.52,13.405,2026-07-20 06:00:00+00:00,1,93.65,0.24,3.47,47.01,1.01,1.94,4.03,3.65
Berlin,DE,52.52,13.405,2026-07-20 07:00:00+00:00,1,93.98,0.32,3.01,50.45,0.89,1.43,2.67,2.61
Berlin,DE,52.52,13.405,2026-07-20 08:00:00+00:00,1,93.88,0.35,2.6,53.29,0.77,1.02,1.74,2.06
Berlin,DE,52.52,13.405,2026-07-20 09:00:00+00:00,1,93.44,0.31,2.34,55.58,0.72,0.86,1.39,1.79
Berlin,DE,52.52,13.405,2026-07-20 10:00:00+00:00,2,93.86,0.23,1.67,61.08,0.58,0.71,1.09,1.39
Berlin,DE,52.52,13.405,2026-07-20 11:00:00+00:00,2,93.54,0.2,1.11,65.72,0.48,0.65,0.92,1.18
Berlin,DE,52.52,13.405,2026-07-20 12:00:00+00:00,2,93.37,0.18,0.92,68.44,0.45,0.68,0.9,1.16
Berlin,DE,52.52,13.405,2026-07-20 13:00:00+00:00,2,93.92,0.17,0.9,70.49,0.46,0.71,0.92,1.23
Berlin,DE,52.52,13.405,2026-07-20 14:00:00+00:00,2,94.14,0.19,0.99,71.45,0.47,0.73,0.91,1.34
Berlin,DE,52.52,13.405,2026-07-20 15:00:00+00:00,2,94.5,0.21,1.15,72.02,0.47,0.74,0.9,1.46
Berlin,DE,52.52,13.405,2026-07-20 16:00:00+00:00,2,95.72,0.22,1.36,72.44,0.48,0.75,0.92,1.62
Berlin,DE,52.52,13.405,2026-07-20 17:00:00+00:00,2,96.61,0.19,1.58,71.72,0.52,0.79,0.95,1.81
Berlin,DE,52.52,13.405,2026-07-20 18:00:00+00:00,2,97.26,0.11,1.83,70.27,0.56,0.79,0.95,1.94
Berlin,DE,52.52,13.405,2026-07-20 19:00:00+00:00,2,97.42,0.02,2.42,65.17,0.59,0.8,0.99,2.6
Berlin,DE,52.52,13.405,2026-07-20 20:00:00+00:00,1,98.7,0.0,3.17,58.8,0.63,0.85,1.1,3.46
Berlin,DE,52.52,13.405,2026-07-20 21:00:00+00:00,1,99.6,0.0,3.75,54.22,0.63,0.9,1.21,3.58
Berlin,DE,52.52,13.405,2026-07-20 22:00:00+00:00,1,98.85,0.0,3.99,50.87,0.59,0.92,1.29,3.25
Berlin,DE,52.52,13.405,2026-07-20 23:00:00+00:00,1,98.25,0.0,3.87,49.28,0.59,0.94,1.37,3.07
Berlin,DE,52.52,13.405,2026-07-21 00:00:00+00:00,1,97.58,0.0,3.59,48.58,0.61,0.96,1.44,2.95
Berlin,DE,52.52,13.405,2026-07-21 01:00:00+00:00,1,96.59,0.0,3.3,48.17,0.63,0.98,1.49,2.84
Berlin,DE,52.52,13.405,2026-07-21 02:00:00+00:00,1,96.26,0.0,3.11,47.43,0.62,1.02,1.56,2.7
Berlin,DE,52.52,13.405,2026-07-21 03:00:00+00:00,1,96.23,0.0,3.03,46.8,0.65,1.1,1.67,2.6
Berlin,DE,52.52,13.405,2026-07-21 04:00:00+00:00,1,96.11,0.0,3.12,46.12,0.73,1.21,1.81,2.61
Berlin,DE,52.52,13.405,2026-07-21 05:00:00+00:00,1,97.14,0.16,3.54,45.36,0.87,1.37,2.03,2.8
Berlin,DE,52.52,13.405,2026-07-21 06:00:00+00:00,1,98.49,0.66,3.66,46.79,1.07,1.55,2.3,3.05
Berlin,DE,52.52,13.405,2026-07-21 07:00:00+00:00,1,98.31,0.94,3.23,52.64,1.28,1.76,2.55,3.25
Berlin,DE,52.52,13.405,2026-07-21 08:00:00+00:00,1,97.19,0.96,2.88,57.1,1.39,1.88,2.73,3.44
Berlin,DE,52.52,13.405,2026-07-21 09:00:00+00:00,2,95.87,0.82,2.49,62.09,1.46,2.17,3.09,3.51
Berlin,DE,52.52,13.405,2026-07-21 10:00:00+00:00,2,91.11,0.35,1.3,73.43,1.0,1.73,2.39,2.31
Berlin,DE,52.52,13.405,2026-07-21 11:00:00+00:00,2,88.02,0.19,0.77,78.77,0.7,1.4,1.87,1.71
Berlin,DE,52.52,13.405,2026-07-21 12:00:00+00:00,2,86.91,0.15,0.66,81.24,0.62,1.33,1.75,1.6
Berlin,DE,52.52,13.405,2026-07-21 13:00:00+00:00,2,86.58,0.14,0.63,83.87,0.58,1.3,1.7,1.59
Berlin,DE,52.52,13.405,2026-07-21 14:00:00+00:00,2,85.77,0.13,0.66,86.01,0.54,1.23,1.6,1.61
Berlin,DE,52.52,13.405,2026-07-21 15:00:00+00:00,2,85.32,0.13,0.78,86.99,0.51,1.18,1.52,1.66
Berlin,DE,52.52,13.405,2026-07-21 16:00:00+00:00,2,85.82,0.16,1.14,86.5,0.56,1.21,1.57,1.99
Berlin,DE,52.52,13.405,2026-07-21 17:00:00+00:00,2,86.83,0.19,1.7,84.19,0.66,1.32,1.72,2.62
Berlin,DE,52.52,13.405,2026-07-21 18:00:00+00:00,2,87.79,0.12,2.23,81.58,0.75,1.39,1.85,3.19
Berlin,DE,52.52,13.405,2026-07-21 19:00:00+00:00,2,90.11,0.03,3.72,71.38,0.79,1.49,2.06,5.81
Berlin,DE,52.52,13.405,2026-07-21 20:00:00+00:00,2,94.23,0.0,5.7,60.5,0.89,1.65,2.38,10.07
Berlin,DE,52.52,13.405,2026-07-21 21:00:00+00:00,1,97.95,0.0,7.5,53.9,1.0,1.8,2.68,13.96
Berlin,DE,52.52,13.405,2026-07-21 22:00:00+00:00,1,98.85,0.0,8.42,49.56,1.01,1.98,2.97,16.15
Berlin,DE,52.52,13.405,2026-07-21 23:00:00+00:00,1,97.94,0.0,7.96,47.01,0.96,2.24,3.3,15.95
Berlin,DE,52.52,13.405,2026-07-22 00:00:00+00:00,1,96.42,0.0,6.88,45.45,0.85,2.38,3.45,13.48
Berlin,DE,52.52,13.405,2026-07-22 01:00:00+00:00,1,93.26,0.0,4.94,50.33,0.85,2.05,3.2,7.99
Berlin,DE,52.52,13.405,2026-07-22 02:00:00+00:00,1,92.17,0.0,4.23,49.88,0.82,2.03,3.37,6.61
Berlin,DE,52.52,13.405,2026-07-22 03:00:00+00:00,1,91.78,0.0,3.87,48.74,0.81,2.04,3.64,5.88
Berlin,DE,52.52,13.405,2026-07-22 04:00:00+00:00,1,91.47,0.0,3.75,47.78,0.87,2.06,3.96,5.56
Berlin,DE,52.52,13.405,2026-07-22 05:00:00+00:00,1,92.35,0.14,4.19,46.14,0.99,2.1,4.3,5.7
Berlin,DE,52.52,13.405,2026-07-22 06:00:00+00:00,1,94.56,0.58,4.62,46.18,1.24,2.19,4.71,5.91
Berlin,DE,52.52,13.405,2026-07-22 07:00:00+00:00,1,95.45,0.76,4.2,54.1,1.64,2.23,5.05,5.11
Berlin,DE,52.52,13.405,2026-07-22 08:00:00+00:00,1,95.6,0.79,4.26,56.49,1.83,2.29,5.18,4.97
Berlin,DE,52.52,13.405,2026-07-22 09:00:00+00:00,1,95.3,0.71,4.24,58.27,1.91,2.28,5.07,4.9
Berlin,DE,52.52,13.405,2026-07-22 10:00:00+00:00,2,92.28,0.33,2.58,71.03,1.39,1.9,4.21,3.34
Berlin,DE,52.52,13.405,2026-07-22 11:00:00+00:00,2,90.36,0.2,1.67,76.43,0.99,1.55,3.31,2.58
Berlin,DE,52.52,13.405,2026-07-22 12:00:00+00:00,2,89.64,0.17,1.4,77.6,0.82,1.28,2.55,2.18
Berlin,DE,52.52,13.405,2026-07-22 13:00:00+00:00,2,89.77,0.14,1.41,77.56,0.73,1.05,1.89,1.91
Berlin,DE,52.52,13.405,2026-07-22 14:00:00+00:00,2,89.59,0.18,1.48,76.66,0.65,0.89,1.41,1.76
Berlin,DE,52.52,13.405,2026-07-22 15:00:00+00:00,2,89.91,0.22,1.61,76.58,0.61,0.83,1.17,1.71
Berlin,DE,52.52,13.405,2026-07-22 16:00:00+00:00,2,90.87,0.2,1.79,78.07,0.6,0.82,1.07,1.73
Berlin,DE,52.52,13.405,2026-07-22 17:00:00+00:00,2,92.58,0.16,1.96,79.71,0.6,0.8,1.0,1.83
Berlin,DE,52.52,13.405,2026-07-22 18:00:00+00:00,2,95.15,0.09,2.15,80.26,0.62,0.77,0.95,1.98
Berlin,DE,52.52,13.405,2026-07-22 19:00:00+00:00,2,97.94,0.02,2.46,79.0,0.67,0.78,0.97,2.37
Berlin,DE,52.52,13.405,2026-07-22 20:00:00+00:00,2,100.88,0.0,2.78,76.26,0.76,0.84,1.07,3.0
Berlin,DE,52.52,13.405,2026-07-22 21:00:00+00:00,2,102.61,0.0,2.96,72.93,0.79,0.91,1.18,3.38
Berlin,DE,52.52,13.405,2026-07-22 22:00:00+00:00,2,101.82,0.0,2.89,68.53,0.76,0.94,1.25,3.24
Berlin,DE,52.52,13.405,2026-07-22 23:00:00+00:00,2,101.18,0.0,2.63,65.02,0.73,0.99,1.35,2.9
Berlin,DE,52.52,13.405,2026-07-23 00:00:00+00:00,2,101.05,0.0,2.34,61.91,0.72,1.08,1.56,2.48
Berlin,DE,52.52,13.405,2026-07-23 01:00:00+00:00,1,101.77,0.0,2.06,59.56,0.71,1.2,1.92,2.08
Berlin,DE,52.52,13.405,2026-07-23 02:00:00+00:00,1,104.45,0.0,1.9,58.64,0.72,1.31,2.33,1.81
Berlin,DE,52.52,13.405,2026-07-23 03:00:00+00:00,1,107.26,0.0,1.83,58.85,0.73,1.39,2.73,1.64
Berlin,DE,52.52,13.405,2026-07-23 04:00:00+00:00,1,108.97,0.0,1.84,59.72,0.74,1.48,3.25,1.59
Berlin,DE,52.52,13.405,2026-07-23 05:00:00+00:00,2,109.45,0.01,2.09,60.57,0.78,1.52,3.63,1.65
Berlin,DE,52.52,13.405,2026-07-23 06:00:00+00:00,2,108.96,0.06,2.52,60.9,0.81,1.53,3.78,1.71
Berlin,DE,52.52,13.405,2026-07-23 07:00:00+00:00,2,107.04,0.14,2.66,61.68,0.82,1.48,3.51,1.64
Berlin,DE,52.52,13.405,2026-07-23 08:00:00+00:00,2,104.44,0.21,2.47,62.88,0.78,1.38,2.95,1.57
Berlin,DE,52.52,13.405,2026-07-23 09:00:00+00:00,2,102.25,0.25,2.21,64.56,0.73,1.24,2.43,1.54
Berlin,DE,52.52,13.405,2026-07-23 10:00:00+00:00,2,100.91,0.25,1.95,66.9,0.68,1.12,2.08,1.56
Berlin,DE,52.52,13.405,2026-07-23 11:00:00+00:00,2,99.47,0.26,1.67,69.19,0.66,1.06,1.91,1.6
Berlin,DE,52.52,13.405,2026-07-23 12:00:00+00:00,2,98.22,0.23,1.42,71.88,0.63,1.05,1.86,1.59
Berlin,DE,52.52,13.405,2026-07-23 13:00:00+00:00,2,98.29,0.17,1.16,74.93,0.56,0.96,1.68,1.52
Berlin,DE,52.52,13.405,2026-07-23 14:00:00+00:00,2,97.54,0.13,1.03,76.65,0.5,0.83,1.44,1.46
Berlin,DE,52.52,13.405,2026-07-23 15:00:00+00:00,2,96.55,0.11,1.1,78.49,0.5,0.8,1.41,1.53
Berlin,DE,52.52,13.405,2026-07-23 16:00:00+00:00,2,97.02,0.14,1.45,79.73,0.57,0.86,1.57,1.94
Berlin,DE,52.52,13.405,2026-07-23 17:00:00+00:00,2,97.78,0.18,1.93,78.84,0.7,1.0,1.94,2.57
Berlin,DE,52.52,13.405,2026-07-23 18:00:00+00:00,2,98.39,0.13,2.36,77.2,0.8,1.15,2.39,2.92
Berlin,DE,52.52,13.405,2026-07-23 19:00:00+00:00,2,98.34,0.02,2.79,73.43,0.86,1.27,2.86,3.52
Berlin,DE,52.52,13.405,2026-07-23 20:00:00+00:00,2,98.87,0.0,3.14,69.46,0.93,1.4,3.35,4.26
Berlin,DE,52.52,13.405,2026-07-23 21:00:00+00:00,2,99.15,0.0,3.45,67.06,0.98,1.52,3.78,4.88
Berlin,DE,52.52,13.405,2026-07-23 22:00:00+00:00,2,97.94,0.0,3.51,65.22,0.96,1.59,4.07,5.16
Berlin,DE,52.52,13.405,2026-07-23 23:00:00+00:00,2,97.36,0.0,3.33,64.63,0.93,1.67,4.3,5.11
Berlin,DE,52.52,13.405,2026-07-24 00:00:00+00:00,2,96.93,0.0,3.08,64.94,0.91,1.73,4.5,4.79
Berlin,DE,52.52,13.405,2026-07-24 01:00:00+00:00,2,96.18,0.0,2.92,64.77,0.89,1.77,4.68,4.28
Berlin,DE,52.52,13.405,2026-07-24 02:00:00+00:00,2,95.91,0.0,2.97,60.14,0.74,1.8,4.71,3.58
Berlin,DE,52.52,13.405,2026-07-24 03:00:00+00:00,1,95.97,0.0,3.14,55.0,0.64,1.82,4.7,3.07
Berlin,DE,52.52,13.405,2026-07-24 04:00:00+00:00,1,95.05,0.0,3.49,49.69,0.6,1.83,4.68,2.92
Berlin,DE,52.52,13.405,2026-07-24 05:00:00+00:00,1,96.46,0.12,4.44,46.33,0.73,1.9,4.85,3.39
Berlin,DE,52.52,13.405,2026-07-24 06:00:00+00:00,1,98.8,0.58,5.26,46.64,1.03,2.01,5.2,4.12
Berlin,DE,52.52,13.405,2026-07-24 07:00:00+00:00,1,99.9,0.79,5.35,51.5,1.49,2.14,5.7,4.69
Berlin,DE,52.52,13.405,2026-07-24 08:00:00+00:00,1,100.69,1.18,5.36,52.17,1.72,2.26,5.94,5.35
Berlin,DE,52.52,13.405,2026-07-24 09:00:00+00:00,1,101.3,1.39,5.12,54.92,2.01,2.46,6.23,5.79
Berlin,DE,52.52,13.405,2026-07-24 10:00:00+00:00,2,95.85,0.61,2.65,80.44,1.84,2.39,5.89,3.76
Berlin,DE,52.52,13.405,2026-07-24 11:00:00+00:00,2,92.92,0.31,1.41,92.57,1.44,2.47,5.43,3.16
Berlin,DE,52.52,13.405,2026-07-24 12:00:00+00:00,2,91.84,0.23,1.01,98.52,1.28,2.74,5.46,3.09
Berlin,DE,52.52,13.405,2026-07-24 13:00:00+00:00,3,92.06,0.19,0.85,104.19,1.18,2.93,5.51,3.07
Berlin,DE,52.52,13.405,2026-07-24 14:00:00+00:00,3,91.1,0.17,0.85,106.98,1.1,2.99,5.48,3.07
Berlin,DE,52.52,13.405,2026-07-24 15:00:00+00:00,3,90.67,0.18,0.99,108.28,1.07,3.05,5.52,3.12
Berlin,DE,52.52,13.405,2026-07-24 16:00:00+00:00,3,92.1,0.23,1.6,107.49,1.11,3.15,5.69,3.6
Berlin,DE,52.52,13.405,2026-07-24 17:00:00+00:00,3,93.93,0.24,2.69,103.1,1.21,3.24,5.86,4.52
Berlin,DE,52.52,13.405,2026-07-24 18:00:00+00:00,2,95.51,0.11,3.76,98.51,1.32,3.27,5.98,5.41
Berlin,DE,52.52,13.405,2026-07-24 19:00:00+00:00,2,98.75,0.02,5.57,87.02,1.32,3.35,6.16,8.1
Berlin,DE,52.52,13.405,2026-07-24 20:00:00+00:00,2,103.63,0.0,7.61,73.03,1.25,3.59,6.51,11.97
Berlin,DE,52.52,13.405,2026-07-24 21:00:00+00:00,2,107.29,0.0,9.24,62.76,1.21,3.84,6.87,15.66
Berlin,DE,52.52,13.405,2026-07-24 22:00:00+00:00,1,107.43,0.0,9.8,54.74,1.13,4.04,7.1,18.31
Berlin,DE,52.52,13.405,2026-07-24 23:00:00+00:00,1,106.37,0.0,9.06,47.31,0.85,4.32,7.4,17.18
Berlin,DE,52.52,13.405,2026-07-25 00:00:00+00:00,1,105.05,0.0,8.17,40.41,0.58,4.67,7.67,13.51
Berlin,DE,52.52,13.405,2026-07-25 01:00:00+00:00,1,102.74,0.0,7.5,33.85,0.37,4.81,7.65,8.68
Berlin,DE,52.52,13.405,2026-07-25 02:00:00+00:00,1,101.63,0.0,7.02,30.05,0.29,4.97,7.69,6.95
Berlin,DE,52.52,13.405,2026-07-25 03:00:00+00:00,1,100.4,0.0,6.64,28.59,0.31,5.18,7.78,6.1
Berlin,DE,52.52,13.405,2026-07-25 04:00:00+00:00,1,98.99,0.01,6.29,29.8,0.5,5.36,7.85,5.77
Berlin,DE,52.52,13.405,2026-07-25 05:00:00+00:00,1,99.18,0.51,6.15,28.8,0.61,5.21,7.6,6.7
Berlin,DE,52.52,13.405,2026-07-25 06:00:00+00:00,1,101.25,1.86,5.7,29.78,0.75,5.04,7.37,7.86
Berlin,DE,52.52,13.405,2026-07-25 07:00:00+00:00,1,102.64,2.11,5.23,43.26,1.21,5.12,7.42,8.05
Berlin,DE,52.52,13.405,2026-07-25 08:00:00+00:00,1,101.44,2.03,4.77,51.98,1.53,4.99,7.21,8.19
Berlin,DE,52.52,13.405,2026-07-25 09:00:00+00:00,2,100.17,1.72,4.24,60.38,1.68,5.37,7.52,8.39
Berlin,DE,52.52,13.405,2026-07-25 10:00:00+00:00,3,94.54,0.34,1.57,107.09,1.64,4.68,6.97,4.85
Berlin,DE,52.52,13.405,2026-07-25 11:00:00+00:00,3,94.13,0.17,0.89,115.53,1.22,4.51,6.81,4.12
Berlin,DE,52.52,13.405,2026-07-25 12:00:00+00:00,3,94.85,0.14,0.79,118.71,1.1,4.64,6.89,3.99
Berlin,DE,52.52,13.405,2026-07-25 13:00:00+00:00,3,96.88,0.13,0.78,122.45,1.04,4.79,6.94,3.91
Berlin,DE,52.52,13.405,2026-07-25 14:00:00+00:00,3,98.58,0.13,0.82,124.03,0.98,4.76,6.74,3.75
Berlin,DE,52.52,13.405,2026-07-25 15:00:00+00:00,3,99.44,0.13,0.94,125.31,0.95,4.81,6.67,3.73
Berlin,DE,52.52,13.405,2026-07-25 16:00:00+00:00,3,102.29,0.31,2.33,118.03,0.99,5.09,6.94,5.28
London,GB,51.5074,-0.1278,2026-04-26 16:00:00+00:00,3,144.77,0.96,7.2,128.68,5.93,28.48,31.48,0.84
London,GB,51.5074,-0.1278,2026-04-26 17:00:00+00:00,3,144.28,0.65,8.04,128.97,5.72,26.35,29.33,0.89
London,GB,51.5074,-0.1278,2026-04-26 18:00:00+00:00,3,143.98,0.28,8.77,126.94,5.43,23.82,26.75,1.05
London,GB,51.5074,-0.1278,2026-04-26 19:00:00+00:00,3,144.7,0.06,8.88,124.11,5.14,21.35,24.38,1.31
London,GB,51.5074,-0.1278,2026-04-26 20:00:00+00:00,3,144.38,0.0,8.39,120.3,4.9,18.87,22.15,1.5
London,GB,51.5074,-0.1278,2026-04-26 21:00:00+00:00,3,142.75,0.0,8.11,116.41,4.68,16.0,19.54,1.71
London,GB,51.5074,-0.1278,2026-04-26 22:00:00+00:00,3,139.57,0.0,7.29,113.68,4.26,13.27,16.94,1.94
London,GB,51.5074,-0.1278,2026-04-26 23:00:00+00:00,3,138.5,0.0,7.31,109.05,4.23,11.65,15.49,1.86
London,GB,51.5074,-0.1278,2026-04-27 00:00:00+00:00,3,138.17,0.0,7.58,103.68,4.26,10.93,14.89,1.75
London,GB,51.5074,-0.1278,2026-04-27 01:00:00+00:00,2,137.9,0.0,7.89,97.87,4.33,10.58,14.62,1.66
London,GB,51.5074,-0.1278,2026-04-27 02:00:00+00:00,2,138.16,0.0,8.19,93.16,4.46,10.44,14.59,1.6
London,GB,51.5074,-0.1278,2026-04-27 03:00:00+00:00,2,138.42,0.0,8.41,89.33,4.58,10.53,14.74,1.53
London,GB,51.5074,-0.1278,2026-04-27 04:00:00+00:00,2,138.41,0.0,8.39,86.15,4.61,10.57,14.79,1.48
London,GB,51.5074,-0.1278,2026-04-27 05:00:00+00:00,2,138.51,0.0,8.53,83.22,4.7,10.35,14.61,1.45
London,GB,51.5074,-0.1278,2026-04-27 06:00:00+00:00,2,138.69,0.1,9.0,80.36,4.86,10.09,14.43,1.42
London,GB,51.5074,-0.1278,2026-04-27 07:00:00+00:00,2,139.12,0.79,9.13,78.12,5.07,9.89,14.36,1.44
London,GB,51.5074,-0.1278,2026-04-27 08:00:00+00:00,2,140.74,1.84,9.25,76.02,5.44,10.18,14.85,1.49
London,GB,51.5074,-0.1278,2026-04-27 09:00:00+00:00,2,142.35,2.77,9.55,74.57,5.94,11.05,15.92,1.56
London,GB,51.5074,-0.1278,2026-04-27 10:00:00+00:00,2,143.29,3.29,9.56,75.41,6.47,12.56,17.61,1.5
London,GB,51.5074,-0.1278,2026-04-27 11:00:00+00:00,2,143.28,3.42,9.36,78.37,6.96,14.37,19.58,1.4
London,GB,51.5074,-0.1278,2026-04-27 12:00:00+00:00,2,143.65,3.35,9.23,82.3,7.49,17.33,22.72,1.28
London,GB,51.5074,-0.1278,2026-04-27 13:00:00+00:00,2,145.14,3.24,9.4,87.9,8.12,20.99,26.55,1.23
London,GB,51.5074,-0.1278,2026-04-27 14:00:00+00:00,2,146.43,3.11,9.81,93.57,8.43,24.58,30.25,1.21
London,GB,51.5074,-0.1278,2026-04-27 15:00:00+00:00,3,148.65,2.93,10.61,99.05,8.44,28.04,33.72,1.26
London,GB,51.5074,-0.1278,2026-04-27 16:00:00+00:00,3,151.48,2.81,12.46,102.87,8.61,30.93,36.56,1.36
London,GB,51.5074,-0.1278,2026-04-27 17:00:00+00:00,3,153.98,2.62,15.95,101.83,9.46,32.73,38.29,1.52
London,GB,51.5074,-0.1278,2026-04-27 18:00:00+00:00,3,156.3,1.74,21.29,96.79,10.59,33.58,39.05,1.71
London,GB,51.5074,-0.1278,2026-04-27 19:00:00+00:00,3,158.29,0.37,26.98,89.86,11.55,33.43,38.81,1.88
London,GB,51.5074,-0.1278,2026-04-27 20:00:00+00:00,3,159.4,0.0,29.74,82.01,12.08,33.08,38.37,1.76
London,GB,51.5074,-0.1278,2026-04-27 21:00:00+00:00,3,159.77,0.0,32.31,74.12,12.41,33.01,38.21,1.5
London,GB,51.5074,-0.1278,2026-04-27 22:00:00+00:00,3,159.6,0.0,33.77,69.0,12.05,32.84,37.91,1.32
London,GB,51.5074,-0.1278,2026-04-27 23:00:00+00:00,3,158.72,0.0,31.6,70.35,10.36,32.08,36.76,1.53
London,GB,51.5074,-0.1278,2026-04-28 00:00:00+00:00,3,155.97,0.0,26.81,73.22,8.34,29.89,33.91,2.01
London,GB,51.5074,-0.1278,2026-04-28 01:00:00+00:00,3,150.48,0.0,18.35,84.78,6.82,25.52,28.36,2.23
London,GB,51.5074,-0.1278,2026-04-28 02:00:00+00:00,2,148.22,0.0,13.83,88.82,5.51,21.17,23.06,1.76
London,GB,51.5074,-0.1278,2026-04-28 03:00:00+00:00,2,146.89,0.0,11.63,88.52,4.92,17.65,19.05,1.35
London,GB,51.5074,-0.1278,2026-04-28 04:00:00+00:00,2,144.09,0.0,8.83,88.48,4.11,14.4,15.61,1.15
London,GB,51.5074,-0.1278,2026-04-28 05:00:00+00:00,2,142.8,0.0,7.96,86.84,3.87,11.74,13.03,1.12
London,GB,51.5074,-0.1278,2026-04-28 06:00:00+00:00,2,141.79,0.04,7.43,87.94,3.51,9.16,10.45,1.11
London,GB,51.5074,-0.1278,2026-04-28 07:00:00+00:00,2,138.83,0.25,6.46,93.47,2.94,6.23,7.43,1.13
London,GB,51.5074,-0.1278,2026-04-28 08:00:00+00:00,2,137.13,0.6,5.99,96.95,2.85,4.73,6.03,1.24
London,GB,51.5074,-0.1278,2026-04-28 09:00:00+00:00,2,136.18,0.95,5.81,98.98,2.9,3.8,5.25,1.36
London,GB,51.5074,-0.1278,2026-04-28 10:00:00+00:00,3,134.7,1.06,5.11,104.18,2.77,2.77,4.25,1.35
London,GB,51.5074,-0.1278,2026-04-28 11:00:00+00:00,3,130.92,0.85,3.91,113.9,2.52,1.92,3.38,1.19
London,GB,51.5074,-0.1278,2026-04-28 12:00:00+00:00,3,127.61,0.64,2.94,121.83,2.38,1.61,3.09,1.1
London,GB,51.5074,-0.1278,2026-04-28 13:00:00+00:00,3,127.18,0.53,2.51,126.49,2.45,1.96,3.61,1.26
London,GB,51.5074,-0.1278,2026-04-28 14:00:00+00:00,3,128.58,0.47,2.41,129.41,2.64,3.47,5.51,1.77
London,GB,51.5074,-0.1278,2026-04-28 15:00:00+00:00,3,131.55,0.43,2.46,132.47,2.85,6.65,9.34,2.62
London,GB,51.5074,-0.1278,2026-04-28 16:00:00+00:00,3,135.6,0.34,2.78,135.21,3.01,10.2,13.44,3.68
London,GB,51.5074,-0.1278,2026-04-28 17:00:00+00:00,3,137.77,0.24,3.28,134.27,3.02,12.43,15.89,4.44
London,GB,51.5074,-0.1278,2026-04-28 18:00:00+00:00,3,138.82,0.12,3.96,131.27,2.99,12.58,16.1,4.73
London,GB,51.5074,-0.1278,2026-04-28 19:00:00+00:00,3,139.16,0.02,4.46,127.59,2.92,10.87,14.33,4.61
London,GB,51.5074,-0.1278,2026-04-28 20:00:00+00:00,3,138.9,0.0,4.7,123.54,2.95,8.79,12.27,4.26
London,GB,51.5074,-0.1278,2026-04-28 21:00:00+00:00,3,138.54,0.0,4.8,119.47,3.06,7.48,11.16,4.06
London,GB,51.5074,-0.1278,2026-04-28 22:00:00+00:00,3,137.21,0.0,4.8,114.96,3.13,7.0,10.94,3.93
London,GB,51.5074,-0.1278,2026-04-28 23:00:00+00:00,3,137.26,0.0,4.88,111.54,3.17,7.13,11.27,3.92
London,GB,51.5074,-0.1278,2026-04-29 00:00:00+00:00,3,137.96,0.0,4.98,108.45,3.14,7.99,12.04,4.12
London,GB,51.5074,-0.1278,2026-04-29 01:00:00+00:00,3,139.29,0.0,5.07,105.33,3.14,9.32,13.07,4.55
London,GB,51.5074,-0.1278,2026-04-29 02:00:00+00:00,3,140.51,0.0,5.2,102.2,3.16,10.58,13.95,5.21
London,GB,51.5074,-0.1278,2026-04-29 03:00:00+00:00,2,142.2,0.0,5.33,99.39,3.25,11.28,14.28,6.03
London,GB,51.5074,-0.1278,2026-04-29 04:00:00+00:00,2,143.64,0.0,5.46,96.62,3.41,11.32,14.04,7.05
London,GB,51.5074,-0.1278,2026-04-29 05:00:00+00:00,2,145.12,0.0,5.66,93.81,3.67,11.03,13.58,8.48
London,GB,51.5074,-0.1278,2026-04-29 06:00:00+00:00,2,147.06,0.05,6.6,91.25,4.03,10.45,12.94,10.14
London,GB,51.5074,-0.1278,2026-04-29 07:00:00+00:00,2,149.26,0.47,7.36,89.78,4.39,9.32,11.83,11.71
London,GB,51.5074,-0.1278,2026-04-29 08:00:00+00:00,2,150.78,1.08,7.29,89.4,4.6,8.33,10.87,12.52
London,GB,51.5074,-0.1278,2026-04-29 09:00:00+00:00,2,152.5,1.47,6.87,91.02,4.61,8.01,10.57,12.6
London,GB,51.5074,-0.1278,2026-04-29 10:00:00+00:00,2,153.37,1.54,6.14,95.07,4.47,8.63,11.22,11.87
London,GB,51.5074,-0.1278,2026-04-29 11:00:00+00:00,3,151.9,1.33,5.18,101.62,4.19,9.94,12.46,10.32
London,GB,51.5074,-0.1278,2026-04-29 12:00:00+00:00,3,149.88,1.06,4.3,109.67,3.97,11.88,14.32,8.84
London,GB,51.5074,-0.1278,2026-04-29 13:00:00+00:00,3,148.93,0.87,3.84,117.19,3.88,14.33,16.76,7.95
London,GB,51.5074,-0.1278,2026-04-29 14:00:00+00:00,3,148.85,0.75,3.66,122.32,3.87,16.76,19.3,7.65
London,GB,51.5074,-0.1278,2026-04-29 15:00:00+00:00,3,148.58,0.66,3.65,125.12,3.84,18.31,21.02,7.46
London,GB,51.5074,-0.1278,2026-04-29 16:00:00+00:00,3,148.79,0.56,3.86,127.37,3.79,18.84,21.69,7.22
London,GB,51.5074,-0.1278,2026-04-29 17:00:00+00:00,3,149.28,0.42,4.27,128.91,3.76,18.98,21.93,7.19
London,GB,51.5074,-0.1278,2026-04-29 18:00:00+00:00,3,149.6,0.22,4.88,129.97,3.75,18.51,21.55,7.22
London,GB,51.5074,-0.1278,2026-04-29 19:00:00+00:00,3,150.16,0.03,5.45,130.14,3.78,17.45,20.52,7.26
London,GB,51.5074,-0.1278,2026-04-29 20:00:00+00:00,3,152.08,0.0,5.65,129.08,3.99,16.79,19.89,7.38
London,GB,51.5074,-0.1278,2026-04-29 21:00:00+00:00,3,154.93,0.0,5.88,126.75,4.32,16.56,19.69,7.61
London,GB,51.5074,-0.1278,2026-04-29 22:00:00+00:00,3,158.09,0.0,6.0,123.42,4.67,16.29,19.45,7.94
London,GB,51.5074,-0.1278,2026-04-29 23:00:00+00:00,3,159.9,0.0,5.97,119.73,4.94,15.4,18.53,8.29
London,GB,51.5074,-0.1278,2026-04-30 00:00:00+00:00,3,159.3,0.0,5.87,115.96,5.03,13.95,16.97,8.51
London,GB,51.5074,-0.1278,2026-04-30 01:00:00+00:00,3,156.94,0.0,5.74,111.86,4.94,12.39,15.3,8.84
London,GB,51.5074,-0.1278,2026-04-30 02:00:00+00:00,3,153.36,0.0,5.47,107.82,4.59,10.92,13.68,9.38
London,GB,51.5074,-0.1278,2026-04-30 03:00:00+00:00,3,148.85,0.0,5.06,103.93,4.08,9.59,12.16,9.97
London,GB,51.5074,-0.1278,2026-04-30 04:00:00+00:00,3,144.33,0.0,4.6,100.75,3.59,8.47,10.85,10.48
London,GB,51.5074,-0.1278,2026-04-30 05:00:00+00:00,2,141.66,0.0,4.23,98.85,3.29,7.9,10.13,10.86
London,GB,51.5074,-0.1278,2026-04-30 06:00:00+00:00,2,140.48,0.05,4.27,97.5,3.15,7.68,9.8,11.04
London,GB,51.5074,-0.1278,2026-04-30 07:00:00+00:00,2,140.12,0.28,4.11,96.37,3.17,7.62,9.67,10.99
London,GB,51.5074,-0.1278,2026-04-30 08:00:00+00:00,2,141.42,0.57,3.91,96.11,3.31,7.96,10.01,10.88
London,GB,51.5074,-0.1278,2026-04-30 09:00:00+00:00,2,143.01,0.78,3.77,97.13,3.46,8.81,10.83,10.67
London,GB,51.5074,-0.1278,2026-04-30 10:00:00+00:00,2,144.67,0.86,3.62,99.44,3.61,10.29,12.3,10.29
London,GB,51.5074,-0.1278,2026-04-30 11:00:00+00:00,3,146.41,0.84,3.38,104.23,3.75,12.41,14.5,9.71
London,GB,51.5074,-0.1278,2026-04-30 12:00:00+00:00,3,147.03,0.73,3.03,110.85,3.82,14.94,17.06,9.13
London,GB,51.5074,-0.1278,2026-04-30 13:00:00+00:00,3,147.75,0.63,2.8,117.55,3.87,17.12,19.25,8.75
London,GB,51.5074,-0.1278,2026-04-30 14:00:00+00:00,3,148.02,0.56,2.69,122.34,3.9,18.44,20.59,8.54
London,GB,51.5074,-0.1278,2026-04-30 15:00:00+00:00,3,148.11,0.5,2.73,126.0,3.91,18.97,21.14,8.33
London,GB,51.5074,-0.1278,2026-04-30 16:00:00+00:00,3,147.92,0.47,3.04,128.7,3.92,18.65,20.81,7.78
London,GB,51.5074,-0.1278,2026-04-30 17:00:00+00:00,3,145.44,0.42,3.66,129.1,3.93,17.37,19.47,6.97
London,GB,51.5074,-0.1278,2026-04-30 18:00:00+00:00,3,143.14,0.28,4.52,127.29,3.97,15.46,17.52,6.46
London,GB,51.5074,-0.1278,2026-04-30 19:00:00+00:00,3,141.59,0.07,5.32,124.06,3.98,13.33,15.37,6.31
London,GB,51.5074,-0.1278,2026-04-30 20:00:00+00:00,3,139.86,0.0,5.41,119.88,3.97,11.3,13.33,6.51
London,GB,51.5074,-0.1278,2026-04-30 21:00:00+00:00,3,139.79,0.0,5.46,116.34,3.96,9.76,11.76,6.99
London,GB,51.5074,-0.1278,2026-04-30 22:00:00+00:00,3,142.42,0.0,5.65,112.81,3.98,8.9,10.87,7.65
London,GB,51.5074,-0.1278,2026-04-30 23:00:00+00:00,3,146.99,0.0,6.22,109.04,4.13,8.92,10.83,8.29
London,GB,51.5074,-0.1278,2026-05-01 00:00:00+00:00,3,152.51,0.0,7.05,105.02,4.38,9.79,11.63,8.72
London,GB,51.5074,-0.1278,2026-05-01 01:00:00+00:00,3,157.08,0.0,8.18,100.18,4.64,10.79,12.6,8.82
London,GB,51.5074,-0.1278,2026-05-01 02:00:00+00:00,2,161.81,0.0,9.59,94.61,4.95,11.78,13.61,8.75
London,GB,51.5074,-0.1278,2026-05-01 03:00:00+00:00,2,165.81,0.0,10.97,88.15,5.25,12.81,14.68,8.58
London,GB,51.5074,-0.1278,2026-05-01 04:00:00+00:00,2,168.36,0.0,12.48,80.9,5.4,13.76,15.72,7.76
London,GB,51.5074,-0.1278,2026-05-01 05:00:00+00:00,2,170.38,0.0,14.54,72.78,5.57,14.79,16.82,6.32
London,GB,51.5074,-0.1278,2026-05-01 06:00:00+00:00,2,171.47,0.17,17.4,64.16,5.87,15.84,17.9,5.0
London,GB,51.5074,-0.1278,2026-05-01 07:00:00+00:00,2,170.86,1.15,19.42,55.76,5.94,16.38,18.39,3.52
London,GB,51.5074,-0.1278,2026-05-01 08:00:00+00:00,2,170.6,2.4,20.92,48.05,5.85,16.75,18.73,2.26
London,GB,51.5074,-0.1278,2026-05-01 09:00:00+00:00,2,169.58,3.22,23.23,40.11,5.94,17.33,19.28,1.5
London,GB,51.5074,-0.1278,2026-05-01 10:00:00+00:00,2,167.64,4.53,24.74,33.43,6.31,18.09,20.02,1.05
London,GB,51.5074,-0.1278,2026-05-01 11:00:00+00:00,2,166.07,6.65,26.02,28.91,7.11,19.34,21.38,0.79
London,GB,51.5074,-0.1278,2026-05-01 12:00:00+00:00,2,165.81,9.19,27.88,26.93,8.44,21.39,23.65,0.59
London,GB,51.5074,-0.1278,2026-05-01 13:00:00+00:00,2,164.56,11.34,28.88,30.1,10.42,23.97,26.56,0.35
London,GB,51.5074,-0.1278,2026-05-01 14:00:00+00:00,2,162.52,11.09,28.21,36.67,10.79,23.94,26.78,0.23
London,GB,51.5074,-0.1278,2026-05-01 15:00:00+00:00,2,158.23,9.2,25.65,46.92,10.51,22.26,25.25,0.18
London,GB,51.5074,-0.1278,2026-05-01 16:00:00+00:00,2,153.76,6.24,22.7,59.97,9.83,19.38,22.4,0.18
London,GB,51.5074,-0.1278,2026-05-01 17:00:00+00:00,2,150.97,3.36,21.49,72.47,9.2,16.61,19.63,0.24
London,GB,51.5074,-0.1278,2026-05-01 18:00:00+00:00,2,150.05,1.5,21.48,83.29,8.9,15.09,18.2,0.31
London,GB,51.5074,-0.1278,2026-05-01 19:00:00+00:00,2,149.72,0.33,21.45,92.36,8.74,14.57,17.79,0.39
London,GB,51.5074,-0.1278,2026-05-01 20:00:00+00:00,2,149.97,0.0,19.72,99.38,8.78,14.87,18.23,0.39
London,GB,51.5074,-0.1278,2026-05-01 21:00:00+00:00,3,150.42,0.0,18.21,104.16,8.86,15.38,18.86,0.35
London,GB,51.5074,-0.1278,2026-05-01 22:00:00+00:00,3,150.08,0.0,17.33,106.27,8.91,15.56,19.03,0.3
London,GB,51.5074,-0.1278,2026-05-01 23:00:00+00:00,3,150.28,0.0,17.14,106.35,9.04,15.74,19.18,0.24
London,GB,51.5074,-0.1278,2026-05-02 00:00:00+00:00,3,150.47,0.0,17.12,105.63,9.2,15.54,18.97,0.21
London,GB,51.5074,-0.1278,2026-05-02 01:00:00+00:00,3,149.89,0.0,17.23,104.26,9.31,15.19,18.63,0.2
London,GB,51.5074,-0.1278,2026-05-02 02:00:00+00:00,3,149.29,0.0,17.67,101.26,9.39,14.58,18.05,0.21
London,GB,51.5074,-0.1278,2026-05-02 03:00:00+00:00,2,148.32,0.0,18.3,96.99,9.49,13.95,17.45,0.19
London,GB,51.5074,-0.1278,2026-05-02 04:00:00+00:00,2,147.72,0.0,19.72,91.28,9.64,13.44,16.93,0.18
London,GB,51.5074,-0.1278,2026-05-02 05:00:00+00:00,2,148.06,0.0,22.05,83.88,10.06,13.47,16.91,0.19
London,GB,51.5074,-0.1278,2026-05-02 06:00:00+00:00,2,148.58,0.24,25.43,78.18,10.73,14.12,17.42,0.16
London,GB,51.5074,-0.1278,2026-05-02 07:00:00+00:00,2,149.84,1.97,27.36,75.59,11.53,14.92,18.06,0.19
London,GB,51.5074,-0.1278,2026-05-02 08:00:00+00:00,2,151.66,4.64,27.39,74.04,12.74,15.95,18.95,0.21
London,GB,51.5074,-0.1278,2026-05-02 09:00:00+00:00,2,153.47,7.09,27.57,73.3,14.58,17.19,20.07,0.18
London,GB,51.5074,-0.1278,2026-05-02 10:00:00+00:00,2,155.79,7.63,29.43,71.64,16.21,18.42,21.17,0.15
London,GB,51.5074,-0.1278,2026-05-02 11:00:00+00:00,2,156.74,7.81,29.09,71.57,16.05,18.84,21.49,0.11
London,GB,51.5074,-0.1278,2026-05-02 12:00:00+00:00,2,156.75,7.03,26.42,74.28,14.27,18.58,21.18,0.09
London,GB,51.5074,-0.1278,2026-05-02 13:00:00+00:00,2,155.62,3.52,25.09,77.77,10.24,17.64,19.76,0.13
London,GB,51.5074,-0.1278,2026-05-02 14:00:00+00:00,2,152.05,2.07,20.13,86.09,6.43,15.7,17.29,0.24
London,GB,51.5074,-0.1278,2026-05-02 15:00:00+00:00,2,147.37,1.09,15.61,93.03,4.56,13.23,14.5,0.34
London,GB,51.5074,-0.1278,2026-05-02 16:00:00+00:00,2,142.33,0.66,12.41,96.37,3.9,11.09,12.14,0.37
London,GB,51.5074,-0.1278,2026-05-02 17:00:00+00:00,2,138.76,0.6,12.18,91.62,3.92,9.81,10.66,0.34
London,GB,51.5074,-0.1278,2026-05-02 18:00:00+00:00,2,136.41,0.48,13.96,83.88,4.18,8.7,9.35,0.31
London,GB,51.5074,-0.1278,2026-05-02 19:00:00+00:00,2,135.39,0.16,16.86,76.08,4.65,7.78,8.36,0.31
London,GB,51.5074,-0.1278,2026-05-02 20:00:00+00:00,2,134.41,0.0,19.23,68.55,5.18,7.02,7.57,0.34
London,GB,51.5074,-0.1278,2026-05-02 21:00:00+00:00,2,133.7,0.0,21.32,62.32,5.64,6.41,6.96,0.37
London,GB,51.5074,-0.1278,2026-05-02 22:00:00+00:00,1,133.16,0.0,22.46,56.6,5.95,5.92,6.49,0.38
London,GB,51.5074,-0.1278,2026-05-02 23:00:00+00:00,1,133.18,0.0,22.69,51.66,6.13,5.63,6.24,0.35
London,GB,51.5074,-0.1278,2026-05-03 00:00:00+00:00,1,133.47,0.0,22.39,47.36,6.35,5.58,6.24,0.35
London,GB,51.5074,-0.1278,2026-05-03 01:00:00+00:00,1,134.17,0.0,22.32,43.03,6.18,5.96,6.64,0.33
London,GB,51.5074,-0.1278,2026-05-03 02:00:00+00:00,1,135.94,0.0,24.35,37.36,6.0,6.58,7.28,0.34
London,GB,51.5074,-0.1278,2026-05-03 03:00:00+00:00,1,138.27,0.01,28.47,31.05,6.34,7.79,8.5,0.3
London,GB,51.5074,-0.1278,2026-05-03 04:00:00+00:00,1,140.4,0.03,34.34,23.84,6.68,9.15,9.83,0.28
London,GB,51.5074,-0.1278,2026-05-03 05:00:00+00:00,2,142.35,0.1,40.48,17.0,7.23,10.71,11.34,0.27
London,GB,51.5074,-0.1278,2026-05-03 06:00:00+00:00,2,144.11,1.84,43.93,13.58,8.01,12.33,12.89,0.28
London,GB,51.5074,-0.1278,2026-05-03 07:00:00+00:00,2,145.86,7.11,41.37,16.24,8.72,13.14,13.63,0.26
London,GB,51.5074,-0.1278,2026-05-03 08:00:00+00:00,2,148.15,11.21,40.78,17.26,9.58,13.12,13.57,0.25
London,GB,51.5074,-0.1278,2026-05-03 09:00:00+00:00,2,150.63,13.64,41.6,16.75,10.68,12.87,13.3,0.24
London,GB,51.5074,-0.1278,2026-05-03 10:00:00+00:00,2,152.49,15.69,40.15,17.95,12.48,13.28,13.75,0.24
London,GB,51.5074,-0.1278,2026-05-03 11:00:00+00:00,2,153.36,18.06,35.99,20.94,14.11,14.1,14.62,0.23
London,GB,51.5074,-0.1278,2026-05-03 12:00:00+00:00,2,153.85,19.26,32.2,23.4,15.36,14.94,15.53,0.19
London,GB,51.5074,-0.1278,2026-05-03 13:00:00+00:00,2,153.4,18.58,29.73,25.67,16.28,15.92,16.61,0.16
London,GB,51.5074,-0.1278,2026-05-03 14:00:00+00:00,2,152.18,15.69,29.41,26.86,16.08,16.38,17.23,0.14
London,GB,51.5074,-0.1278,2026-05-03 15:00:00+00:00,2,150.4,12.57,29.57,28.54,14.98,15.74,16.75,0.17
London,GB,51.5074,-0.1278,2026-05-03 16:00:00+00:00,2,148.66,9.25,30.47,31.02,14.26,15.84,17.06,0.19
London,GB,51.5074,-0.1278,2026-05-03 17:00:00+00:00,2,146.39,5.89,30.92,35.53,13.29,16.18,17.53,0.2
London,GB,51.5074,-0.1278,2026-05-03 18:00:00+00:00,2,143.57,2.74,30.17,43.08,11.78,15.15,16.45,0.24
London,GB,51.5074,-0.1278,2026-05-03 19:00:00+00:00,2,140.34,0.54,27.04,53.61,10.39,13.47,14.59,0.24
London,GB,51.5074,-0.1278,2026-05-03 20:00:00+00:00,2,139.3,0.01,25.04,57.68,9.83,12.43,13.47,0.22
London,GB,51.5074,-0.1278,2026-05-03 21:00:00+00:00,2,138.16,0.0,23.03,61.19,9.35,12.05,13.0,0.17
London,GB,51.5074,-0.1278,2026-05-03 22:00:00+00:00,2,136.45,0.0,20.36,66.37,8.33,11.57,12.39,0.16
London,GB,51.5074,-0.1278,2026-05-03 23:00:00+00:00,2,135.02,0.0,18.08,70.44,7.63,11.37,12.11,0.15
London,GB,51.5074,-0.1278,2026-05-04 00:00:00+00:00,2,133.95,0.0,16.04,74.67,7.16,11.13,11.85,0.12
London,GB,51.5074,-0.1278,2026-05-04 01:00:00+00:00,2,133.84,0.0,16.29,76.22,7.42,11.1,11.91,0.12
London,GB,51.5074,-0.1278,2026-05-04 02:00:00+00:00,2,134.6,0.0,18.83,74.06,8.26,11.45,12.41,0.1
London,GB,51.5074,-0.1278,2026-05-04 03:00:00+00:00,2,135.36,0.0,21.62,70.38,8.93,11.8,12.85,0.06
London,GB,51.5074,-0.1278,2026-05-04 04:00:00+00:00,2,135.54,0.0,23.87,65.65,9.41,12.01,13.09,0.05
London,GB,51.5074,-0.1278,2026-05-04 05:00:00+00:00,2,135.97,0.0,25.59,60.98,10.13,12.1,13.26,0.06
London,GB,51.5074,-0.1278,2026-05-04 06:00:00+00:00,2,136.21,0.21,26.98,57.5,10.86,12.26,13.5,0.06
London,GB,51.5074,-0.1278,2026-05-04 07:00:00+00:00,2,135.7,0.76,21.78,66.2,10.21,11.31,12.58,0.11
London,GB,51.5074,-0.1278,2026-05-04 08:00:00+00:00,2,135.75,1.7,18.85,68.38,9.71,11.18,12.4,0.19
London,GB,51.5074,-0.1278,2026-05-04 09:00:00+00:00,2,135.81,2.73,17.82,67.49,9.98,11.29,12.41,0.29
London,GB,51.5074,-0.1278,2026-05-04 10:00:00+00:00,2,135.81,4.47,16.87,67.29,10.86,11.7,12.72,0.34
London,GB,51.5074,-0.1278,2026-05-04 11:00:00+00:00,2,136.12,5.92,16.75,68.02,12.42,12.31,13.23,0.31
London,GB,51.5074,-0.1278,2026-05-04 12:00:00+00:00,2,136.81,6.92,16.97,69.67,14.06,13.2,14.05,0.22
London,GB,51.5074,-0.1278,2026-05-04 13:00:00+00:00,2,137.76,7.45,17.86,72.22,15.79,14.15,14.96,0.13
London,GB,51.5074,-0.1278,2026-05-04 14:00:00+00:00,2,138.69,7.36,19.79,74.88,17.45,15.02,15.83,0.07
London,GB,51.5074,-0.1278,2026-05-04 15:00:00+00:00,2,139.72,7.01,22.94,76.82,19.22,15.51,16.37,0.08
London,GB,51.5074,-0.1278,2026-05-04 16:00:00+00:00,2,141.01,6.33,27.51,76.28,21.03,15.7,16.71,0.09
London,GB,51.5074,-0.1278,2026-05-04 17:00:00+00:00,2,141.73,4.63,32.02,73.61,21.08,15.1,16.31,0.11
London,GB,51.5074,-0.1278,2026-05-04 18:00:00+00:00,2,141.62,2.07,35.66,71.09,19.12,13.97,15.42,0.12
London,GB,51.5074,-0.1278,2026-05-04 19:00:00+00:00,2,141.86,0.2,36.07,69.56,16.1,12.85,14.48,0.15
London,GB,51.5074,-0.1278,2026-05-04 20:00:00+00:00,2,141.42,0.0,32.18,68.38,13.48,11.88,13.56,0.2
London,GB,51.5074,-0.1278,2026-05-04 21:00:00+00:00,2,140.52,0.0,28.25,66.33,11.47,10.85,12.48,0.29
London,GB,51.5074,-0.1278,2026-05-04 22:00:00+00:00,2,139.15,0.0,25.08,63.65,9.69,9.71,11.32,0.37
London,GB,51.5074,-0.1278,2026-05-04 23:00:00+00:00,2,137.98,0.0,22.8,61.24,8.19,9.05,10.69,0.35
London,GB,51.5074,-0.1278,2026-05-05 00:00:00+00:00,2,136.52,0.0,20.24,61.64,7.08,8.75,10.55,0.28
London,GB,51.5074,-0.1278,2026-05-05 01:00:00+00:00,2,134.93,0.0,13.38,69.31,5.0,8.02,9.89,0.31
London,GB,51.5074,-0.1278,2026-05-05 02:00:00+00:00,2,134.24,0.0,9.55,72.8,3.84,6.94,8.93,0.4
London,GB,51.5074,-0.1278,2026-05-05 03:00:00+00:00,2,134.37,0.0,7.85,74.34,3.53,6.07,8.26,0.46
London,GB,51.5074,-0.1278,2026-05-05 04:00:00+00:00,2,134.27,0.0,7.01,75.42,3.49,5.55,7.91,0.49
London,GB,51.5074,-0.1278,2026-05-05 05:00:00+00:00,2,134.66,0.0,6.67,76.47,3.47,5.16,7.59,0.52
London,GB,51.5074,-0.1278,2026-05-05 06:00:00+00:00,2,135.23,0.02,6.77,76.88,3.46,4.88,7.26,0.55
London,GB,51.5074,-0.1278,2026-05-05 07:00:00+00:00,2,135.67,0.17,7.03,78.13,3.43,4.33,6.52,0.55
London,GB,51.5074,-0.1278,2026-05-05 08:00:00+00:00,2,136.06,0.65,7.9,78.57,3.91,3.96,6.01,0.58
London,GB,51.5074,-0.1278,2026-05-05 09:00:00+00:00,2,136.36,1.33,8.56,79.25,4.48,3.95,5.9,0.62
London,GB,51.5074,-0.1278,2026-05-05 10:00:00+00:00,2,136.33,1.72,8.91,81.8,4.83,4.06,5.95,0.64
London,GB,51.5074,-0.1278,2026-05-05 11:00:00+00:00,2,135.32,1.52,8.91,86.61,4.81,3.93,5.72,0.64
London,GB,51.5074,-0.1278,2026-05-05 12:00:00+00:00,2,134.22,1.34,8.64,91.26,4.76,3.71,5.4,0.68
London,GB,51.5074,-0.1278,2026-05-05 13:00:00+00:00,2,133.91,1.38,8.37,95.45,4.9,3.8,5.43,0.68
London,GB,51.5074,-0.1278,2026-05-05 14:00:00+00:00,2,133.47,1.24,8.55,98.25,5.05,4.02,5.66,0.69
London,GB,51.5074,-0.1278,2026-05-05 15:00:00+00:00,3,132.85,0.98,8.68,100.5,5.02,4.09,5.84,0.74
London,GB,51.5074,-0.1278,2026-05-05 16:00:00+00:00,3,132.85,0.89,9.41,100.58,5.24,3.99,5.88,0.78
London,GB,51.5074,-0.1278,2026-05-05 17:00:00+00:00,2,132.73,0.67,11.66,97.14,5.85,4.0,6.03,0.77
London,GB,51.5074,-0.1278,2026-05-05 18:00:00+00:00,2,132.8,0.37,14.2,93.0,6.56,4.06,6.22,0.75
London,GB,51.5074,-0.1278,2026-05-05 19:00:00+00:00,2,132.37,0.08,15.7,89.53,6.93,4.04,6.26,0.72
London,GB,51.5074,-0.1278,2026-05-05 20:00:00+00:00,2,130.77,0.0,15.11,87.53,6.48,3.73,5.87,0.66
London,GB,51.5074,-0.1278,2026-05-05 21:00:00+00:00,2,129.0,0.0,13.42,88.47,5.77,3.17,5.13,0.68
London,GB,51.5074,-0.1278,2026-05-05 22:00:00+00:00,2,128.23,0.0,10.0,93.99,4.59,2.44,4.21,0.73
London,GB,51.5074,-0.1278,2026-05-05 23:00:00+00:00,2,128.3,0.0,7.98,95.77,3.89,1.95,3.65,0.75
London,GB,51.5074,-0.1278,2026-05-06 00:00:00+00:00,2,128.83,0.0,6.63,96.29,3.41,1.65,3.28,0.78
London,GB,51.5074,-0.1278,2026-05-06 01:00:00+00:00,2,128.97,0.0,5.7,96.55,3.04,1.62,3.17,0.78
London,GB,51.5074,-0.1278,2026-05-06 02:00:00+00:00,2,130.28,0.0,5.81,95.99,3.15,1.96,3.54,0.79
London,GB,51.5074,-0.1278,2026-05-06 03:00:00+00:00,2,131.23,0.0,5.97,94.16,3.34,2.63,4.37,0.82
London,GB,51.5074,-0.1278,2026-05-06 04:00:00+00:00,2,131.18,0.0,6.07,90.51,3.45,3.53,5.48,0.83
London,GB,51.5074,-0.1278,2026-05-06 05:00:00+00:00,2,131.06,0.0,6.23,85.59,3.54,4.23,6.55,0.84
London,GB,51.5074,-0.1278,2026-05-06 06:00:00+00:00,2,131.13,0.01,6.53,80.9,3.65,4.38,7.13,0.84
London,GB,51.5074,-0.1278,2026-05-06 07:00:00+00:00,2,131.43,0.09,7.09,77.21,3.75,3.82,6.91,0.92
London,GB,51.5074,-0.1278,2026-05-06 08:00:00+00:00,2,132.44,0.31,7.65,75.49,3.98,3.42,6.68,0.96
London,GB,51.5074,-0.1278,2026-05-06 09:00:00+00:00,2,134.11,0.73,8.16,74.82,4.33,3.27,6.55,1.01
London,GB,51.5074,-0.1278,2026-05-06 10:00:00+00:00,2,135.36,1.53,9.1,74.23,5.11,3.3,6.61,1.06
London,GB,51.5074,-0.1278,2026-05-06 11:00:00+00:00,2,136.02,2.12,10.33,74.61,6.02,3.42,6.64,1.07
London,GB,51.5074,-0.1278,2026-05-06 12:00:00+00:00,2,135.84,2.51,11.0,76.74,6.94,3.78,6.77,1.07
London,GB,51.5074,-0.1278,2026-05-06 13:00:00+00:00,2,136.0,2.71,11.68,79.95,7.97,4.43,7.17,1.04
London,GB,51.5074,-0.1278,2026-05-06 14:00:00+00:00,2,135.09,2.85,12.23,83.58,8.8,4.98,7.47,0.97
London,GB,51.5074,-0.1278,2026-05-06 15:00:00+00:00,2,134.38,3.05,12.93,86.72,9.74,5.44,7.76,0.92
London,GB,51.5074,-0.1278,2026-05-06 16:00:00+00:00,2,133.94,3.04,14.79,87.48,10.76,5.7,7.9,0.91
London,GB,51.5074,-0.1278,2026-05-06 17:00:00+00:00,2,133.68,2.39,18.18,84.48,11.29,5.27,7.39,0.98
London,GB,51.5074,-0.1278,2026-05-06 18:00:00+00:00,2,133.69,1.22,21.7,80.53,11.31,4.8,6.9,1.05
London,GB,51.5074,-0.1278,2026-05-06 19:00:00+00:00,2,133.85,0.28,23.16,77.65,10.96,4.44,6.51,1.11
London,GB,51.5074,-0.1278,2026-05-06 20:00:00+00:00,2,133.76,0.01,22.34,74.71,10.65,4.3,6.28,1.16
London,GB,51.5074,-0.1278,2026-05-06 21:00:00+00:00,2,133.4,0.0,21.08,72.57,10.45,4.48,6.29,1.19
London,GB,51.5074,-0.1278,2026-05-06 22:00:00+00:00,2,132.45,0.0,17.67,77.46,9.08,4.35,5.88,1.06
London,GB,51.5074,-0.1278,2026-05-06 23:00:00+00:00,2,132.11,0.0,15.63,79.93,8.0,3.98,5.36,0.9
London,GB,51.5074,-0.1278,2026-05-07 00:00:00+00:00,2,131.4,0.0,12.41,84.23,6.4,3.59,4.83,0.69
London,GB,51.5074,-0.1278,2026-05-07 01:00:00+00:00,2,128.98,0.0,6.93,92.99,4.04,2.68,3.78,0.6
London,GB,51.5074,-0.1278,2026-05-07 02:00:00+00:00,2,128.66,0.0,6.05,93.43,3.6,2.44,3.49,0.56
London,GB,51.5074,-0.1278,2026-05-07 03:00:00+00:00,2,128.52,0.0,5.82,92.75,3.48,2.34,3.36,0.53
London,GB,51.5074,-0.1278,2026-05-07 04:00:00+00:00,2,128.21,0.0,5.64,92.31,3.4,2.27,3.27,0.52
London,GB,51.5074,-0.1278,2026-05-07 05:00:00+00:00,2,127.99,0.0,5.24,92.99,3.25,2.24,3.21,0.5
London,GB,51.5074,-0.1278,2026-05-07 06:00:00+00:00,2,127.77,0.08,5.14,94.64,3.07,2.14,3.07,0.5
London,GB,51.5074,-0.1278,2026-05-07 07:00:00+00:00,2,127.18,0.33,4.55,97.01,2.87,1.89,2.8,0.51
London,GB,51.5074,-0.1278,2026-05-07 08:00:00+00:00,3,126.86,0.55,3.91,100.01,2.76,1.77,2.66,0.49
London,GB,51.5074,-0.1278,2026-05-07 09:00:00+00:00,3,126.73,0.65,3.37,103.34,2.7,1.81,2.68,0.45
London,GB,51.5074,-0.1278,2026-05-07 10:00:00+00:00,3,126.17,0.63,2.84,107.51,2.65,1.99,2.87,0.42
London,GB,51.5074,-0.1278,2026-05-07 11:00:00+00:00,3,125.57,0.54,2.35,112.27,2.61,2.28,3.18,0.39
London,GB,51.5074,-0.1278,2026-05-07 12:00:00+00:00,3,124.68,0.45,1.97,117.12,2.58,2.59,3.52,0.36
London,GB,51.5074,-0.1278,2026-05-07 13:00:00+00:00,3,124.35,0.41,1.86,121.3,2.66,2.84,3.8,0.35
London,GB,51.5074,-0.1278,2026-05-07 14:00:00+00:00,3,123.9,0.42,2.0,123.8,2.9,2.98,3.99,0.34
London,GB,51.5074,-0.1278,2026-05-07 15:00:00+00:00,3,123.65,0.43,2.23,125.48,3.1,3.14,4.24,0.33
London,GB,51.5074,-0.1278,2026-05-07 16:00:00+00:00,3,123.86,0.49,2.86,125.42,3.48,3.27,4.5,0.33
London,GB,51.5074,-0.1278,2026-05-07 17:00:00+00:00,3,123.99,0.52,3.85,123.28,3.94,3.33,4.79,0.36
London,GB,51.5074,-0.1278,2026-05-07 18:00:00+00:00,3,123.93,0.4,4.82,119.39,4.15,3.23,5.05,0.43
London,GB,51.5074,-0.1278,2026-05-07 19:00:00+00:00,3,123.99,0.12,5.48,115.14,4.08,3.06,5.28,0.58
London,GB,51.5074,-0.1278,2026-05-07 20:00:00+00:00,3,123.91,0.0,5.12,112.11,3.75,2.87,5.42,0.76
London,GB,51.5074,-0.1278,2026-05-07 21:00:00+00:00,3,123.36,0.0,4.59,110.6,3.42,2.72,5.44,0.95
London,GB,51.5074,-0.1278,2026-05-07 22:00:00+00:00,3,123.24,0.0,4.32,109.62,3.21,2.65,5.31,1.13
London,GB,51.5074,-0.1278,2026-05-07 23:00:00+00:00,3,123.84,0.0,4.61,107.9,3.26,2.96,5.43,1.23
London,GB,51.5074,-0.1278,2026-05-08 00:00:00+00:00,3,125.37,0.0,5.05,105.38,3.34,3.76,6.0,1.27
London,GB,51.5074,-0.1278,2026-05-08 01:00:00+00:00,3,127.46,0.0,5.8,101.84,3.51,4.85,6.8,1.28
London,GB,51.5074,-0.1278,2026-05-08 02:00:00+00:00,2,129.65,0.0,6.8,95.76,3.86,5.73,7.44,1.33
London,GB,51.5074,-0.1278,2026-05-08 03:00:00+00:00,2,130.36,0.0,7.73,87.45,4.18,6.41,7.96,1.45
London,GB,51.5074,-0.1278,2026-05-08 04:00:00+00:00,2,130.57,0.0,8.82,77.98,4.46,6.65,8.07,1.58
London,GB,51.5074,-0.1278,2026-05-08 05:00:00+00:00,2,130.26,0.0,9.97,69.65,4.76,6.79,8.16,1.63
London,GB,51.5074,-0.1278,2026-05-08 06:00:00+00:00,2,130.15,0.04,11.16,63.55,5.05,6.91,8.31,1.61
London,GB,51.5074,-0.1278,2026-05-08 07:00:00+00:00,1,130.29,0.48,11.94,59.79,5.24,6.94,8.4,1.51
London,GB,51.5074,-0.1278,2026-05-08 08:00:00+00:00,1,131.8,1.61,11.68,58.0,5.55,7.22,8.77,1.36
London,GB,51.5074,-0.1278,2026-05-08 09:00:00+00:00,1,134.15,2.84,10.8,58.45,6.01,8.28,9.95,1.26
London,GB,51.5074,-0.1278,2026-05-08 10:00:00+00:00,2,137.04,3.77,9.43,61.88,6.5,10.6,12.44,1.14
London,GB,51.5074,-0.1278,2026-05-08 11:00:00+00:00,2,139.64,3.49,8.52,68.06,6.54,14.07,16.04,0.99
London,GB,51.5074,-0.1278,2026-05-08 12:00:00+00:00,2,140.55,2.72,7.23,78.59,6.14,17.65,19.66,0.85
London,GB,51.5074,-0.1278,2026-05-08 13:00:00+00:00,2,139.55,1.92,5.87,91.7,5.54,20.03,21.94,0.79
London,GB,51.5074,-0.1278,2026-05-08 14:00:00+00:00,3,136.82,1.32,4.87,103.73,4.79,19.82,21.51,0.84
London,GB,51.5074,-0.1278,2026-05-08 15:00:00+00:00,3,134.18,0.96,4.26,112.31,4.09,17.43,18.88,1.03
London,GB,51.5074,-0.1278,2026-05-08 16:00:00+00:00,3,134.16,0.76,4.24,117.23,3.72,15.7,17.02,1.19
London,GB,51.5074,-0.1278,2026-05-08 17:00:00+00:00,3,136.48,0.57,4.78,118.81,3.64,15.51,16.92,1.38
London,GB,51.5074,-0.1278,2026-05-08 18:00:00+00:00,3,138.97,0.32,5.48,118.72,3.64,15.8,17.37,1.54
London,GB,51.5074,-0.1278,2026-05-08 19:00:00+00:00,3,139.97,0.09,5.95,117.51,3.6,15.21,16.88,1.66
London,GB,51.5074,-0.1278,2026-05-08 20:00:00+00:00,3,139.28,0.0,5.99,115.8,3.53,13.69,15.35,1.72
London,GB,51.5074,-0.1278,2026-05-08 21:00:00+00:00,3,139.51,0.0,6.11,114.42,3.53,12.75,14.42,1.8
London,GB,51.5074,-0.1278,2026-05-08 22:00:00+00:00,3,142.33,0.0,6.52,112.54,3.62,13.89,15.68,1.95
London,GB,51.5074,-0.1278,2026-05-08 23:00:00+00:00,3,146.71,0.0,7.29,108.1,3.85,16.68,18.69,2.03
London,GB,51.5074,-0.1278,2026-05-09 00:00:00+00:00,3,149.7,0.0,7.96,101.28,4.0,19.41,21.59,2.09
London,GB,51.5074,-0.1278,2026-05-09 01:00:00+00:00,2,152.15,0.0,8.29,94.07,4.03,21.12,23.34,2.19
London,GB,51.5074,-0.1278,2026-05-09 02:00:00+00:00,2,154.43,0.0,8.54,87.98,4.04,22.13,24.31,2.21
London,GB,51.5074,-0.1278,2026-05-09 03:00:00+00:00,2,157.09,0.0,8.74,82.84,4.07,22.95,25.05,2.15
London,GB,51.5074,-0.1278,2026-05-09 04:00:00+00:00,2,159.01,0.0,8.87,78.74,4.09,24.25,26.25,2.0
London,GB,51.5074,-0.1278,2026-05-09 05:00:00+00:00,3,160.38,0.0,9.08,75.1,4.17,26.09,28.02,1.84
London,GB,51.5074,-0.1278,2026-05-09 06:00:00+00:00,3,161.56,0.12,9.62,71.63,4.29,28.51,30.43,1.66
London,GB,51.5074,-0.1278,2026-05-09 07:00:00+00:00,3,162.32,0.5,9.85,68.37,4.39,31.09,33.06,1.54
London,GB,51.5074,-0.1278,2026-05-09 08:00:00+00:00,3,163.79,1.17,9.72,66.53,4.48,33.37,35.45,1.57
London,GB,51.5074,-0.1278,2026-05-09 09:00:00+00:00,3,164.52,1.83,9.43,67.24,4.59,35.4,37.61,1.7
London,GB,51.5074,-0.1278,2026-05-09 10:00:00+00:00,3,164.59,2.24,8.43,73.09,4.56,35.99,38.25,1.88
London,GB,51.5074,-0.1278,2026-05-09 11:00:00+00:00,3,161.59,2.03,6.99,85.32,4.28,33.98,36.13,1.9
London,GB,51.5074,-0.1278,2026-05-09 12:00:00+00:00,3,155.64,1.47,5.48,101.09,3.92,29.97,31.89,1.74
London,GB,51.5074,-0.1278,2026-05-09 13:00:00+00:00,3,148.72,1.0,4.27,115.9,3.63,24.8,26.54,1.65
London,GB,51.5074,-0.1278,2026-05-09 14:00:00+00:00,3,143.06,0.72,3.53,125.78,3.43,20.6,22.3,1.62
London,GB,51.5074,-0.1278,2026-05-09 15:00:00+00:00,3,139.26,0.58,3.25,130.58,3.31,17.08,18.87,1.75
London,GB,51.5074,-0.1278,2026-05-09 16:00:00+00:00,3,136.88,0.49,3.32,131.83,3.25,14.24,16.14,1.91
London,GB,51.5074,-0.1278,2026-05-09 17:00:00+00:00,3,133.79,0.39,3.6,130.68,3.28,11.84,13.79,1.97
London,GB,51.5074,-0.1278,2026-05-09 18:00:00+00:00,3,135.39,0.23,4.23,130.31,3.65,12.36,14.46,2.14
London,GB,51.5074,-0.1278,2026-05-09 19:00:00+00:00,3,141.9,0.02,4.94,131.64,4.14,16.68,18.93,2.44
London,GB,51.5074,-0.1278,2026-05-09 20:00:00+00:00,3,146.23,0.0,5.2,131.66,4.33,20.81,23.07,2.74
London,GB,51.5074,-0.1278,2026-05-09 21:00:00+00:00,3,147.17,0.0,5.31,130.1,4.2,23.42,25.62,2.84
London,GB,51.5074,-0.1278,2026-05-09 22:00:00+00:00,3,144.95,0.0,4.89,129.15,3.72,24.34,26.27,2.87
London,GB,51.5074,-0.1278,2026-05-09 23:00:00+00:00,3,142.71,0.0,4.68,128.03,3.39,24.12,25.9,2.84
London,GB,51.5074,-0.1278,2026-05-10 00:00:00+00:00,3,140.18,0.0,4.47,124.84,3.15,23.19,24.9,2.77
London,GB,51.5074,-0.1278,2026-05-10 01:00:00+00:00,3,136.85,0.0,4.31,120.4,2.9,20.19,21.49,2.46
London,GB,51.5074,-0.1278,2026-05-10 02:00:00+00:00,3,134.85,0.0,4.32,116.06,2.7,17.65,18.62,2.12
London,GB,51.5074,-0.1278,2026-05-10 03:00:00+00:00,3,133.58,0.0,4.38,111.47,2.64,16.07,16.93,1.94
London,GB,51.5074,-0.1278,2026-05-10 04:00:00+00:00,3,131.3,0.0,4.13,107.76,2.49,14.45,15.22,1.87
London,GB,51.5074,-0.1278,2026-05-10 05:00:00+00:00,3,129.78,0.0,4.04,103.66,2.42,13.5,14.36,1.89
London,GB,51.5074,-0.1278,2026-05-10 06:00:00+00:00,2,128.44,0.01,4.15,99.24,2.36,12.65,13.64,1.89
London,GB,51.5074,-0.1278,2026-05-10 07:00:00+00:00,2,127.36,0.05,4.41,96.87,2.25,12.06,13.31,2.12
London,GB,51.5074,-0.1278,2026-05-10 08:00:00+00:00,2,126.91,0.14,4.71,95.76,2.27,11.32,12.79,2.36
London,GB,51.5074,-0.1278,2026-05-10 09:00:00+00:00,2,127.02,0.29,4.9,96.41,2.33,10.69,12.26,2.47
London,GB,51.5074,-0.1278,2026-05-10 10:00:00+00:00,2,127.04,0.43,4.71,98.83,2.46,10.51,12.48,2.76
London,GB,51.5074,-0.1278,2026-05-10 11:00:00+00:00,3,126.68,0.42,4.4,102.6,2.56,9.96,12.36,3.08
London,GB,51.5074,-0.1278,2026-05-10 12:00:00+00:00,3,125.95,0.34,3.9,107.24,2.55,9.42,12.2,3.12
London,GB,51.5074,-0.1278,2026-05-10 13:00:00+00:00,3,125.72,0.29,3.3,112.53,2.46,7.7,10.59,2.91
London,GB,51.5074,-0.1278,2026-05-10 14:00:00+00:00,3,124.85,0.22,2.87,115.36,2.27,5.2,7.98,2.53
London,GB,51.5074,-0.1278,2026-05-10 15:00:00+00:00,3,124.55,0.18,2.84,114.61,2.16,3.24,5.98,2.13
London,GB,51.5074,-0.1278,2026-05-10 16:00:00+00:00,3,125.34,0.2,2.99,112.35,2.11,2.37,5.0,1.66
London,GB,51.5074,-0.1278,2026-05-10 17:00:00+00:00,3,125.93,0.13,3.44,108.9,2.1,1.83,4.27,1.29
London,GB,51.5074,-0.1278,2026-05-10 18:00:00+00:00,3,126.53,0.06,3.85,105.59,2.08,1.51,3.86,1.06
London,GB,51.5074,-0.1278,2026-05-10 19:00:00+00:00,3,127.02,0.01,4.03,102.99,2.05,1.29,3.53,0.93
London,GB,51.5074,-0.1278,2026-05-10 20:00:00+00:00,3,128.33,0.0,4.04,101.24,2.04,1.16,3.2,0.88
London,GB,51.5074,-0.1278,2026-05-10 21:00:00+00:00,2,129.47,0.0,3.96,99.81,2.07,1.09,3.07,0.89
London,GB,51.5074,-0.1278,2026-05-10 22:00:00+00:00,2,129.87,0.0,3.85,98.62,2.12,1.07,3.14,0.93
London,GB,51.5074,-0.1278,2026-05-10 23:00:00+00:00,2,130.02,0.0,3.9,97.93,2.25,1.06,3.26,1.0
London,GB,51.5074,-0.1278,2026-05-11 00:00:00+00:00,2,129.98,0.0,3.98,97.55,2.34,1.02,3.2,1.06
London,GB,51.5074,-0.1278,2026-05-12 01:00:00+00:00,2,129.21,0.0,5.28,96.75,2.99,1.11,1.87,0.86
London,GB,51.5074,-0.1278,2026-05-12 02:00:00+00:00,2,129.33,0.0,5.13,97.08,3.05,1.23,1.98,0.81
London,GB,51.5074,-0.1278,2026-05-12 03:00:00+00:00,2,129.64,0.0,5.13,96.05,3.18,1.44,2.16,0.76
London,GB,51.5074,-0.1278,2026-05-12 04:00:00+00:00,2,129.48,0.0,5.23,93.98,3.31,1.68,2.33,0.71
London,GB,51.5074,-0.1278,2026-05-12 05:00:00+00:00,2,129.12,0.0,5.34,91.52,3.39,2.11,2.68,0.68
London,GB,51.5074,-0.1278,2026-05-12 06:00:00+00:00,2,128.67,0.05,5.73,89.7,3.39,2.58,3.07,0.71
London,GB,51.5074,-0.1278,2026-05-12 07:00:00+00:00,2,128.71,0.18,5.58,88.62,3.31,3.0,3.47,0.8
London,GB,51.5074,-0.1278,2026-05-12 08:00:00+00:00,2,128.02,0.37,5.35,87.48,3.29,3.42,3.89,0.91
London,GB,51.5074,-0.1278,2026-05-12 09:00:00+00:00,2,127.42,0.54,5.19,87.46,3.29,4.0,4.46,1.09
London,GB,51.5074,-0.1278,2026-05-12 10:00:00+00:00,2,127.02,0.75,5.09,89.84,3.56,5.03,5.52,1.26
London,GB,51.5074,-0.1278,2026-05-12 11:00:00+00:00,2,126.82,0.97,5.17,95.66,4.07,6.43,6.98,1.32
London,GB,51.5074,-0.1278,2026-05-12 12:00:00+00:00,3,126.42,1.06,4.93,104.76,4.35,7.73,8.34,1.24
London,GB,51.5074,-0.1278,2026-05-12 13:00:00+00:00,3,125.32,1.04,4.32,114.93,4.3,8.08,8.75,1.12
London,GB,51.5074,-0.1278,2026-05-12 14:00:00+00:00,3,123.6,0.86,3.99,119.59,4.04,7.07,7.88,1.1
London,GB,51.5074,-0.1278,2026-05-12 15:00:00+00:00,3,122.07,0.77,3.87,117.15,3.83,6.04,7.11,1.1
London,GB,51.5074,-0.1278,2026-05-12 16:00:00+00:00,3,121.07,0.71,3.98,111.81,3.65,4.97,6.32,1.11
London,GB,51.5074,-0.1278,2026-05-12 17:00:00+00:00,3,120.31,0.61,4.36,105.35,3.46,3.27,4.69,1.12
London,GB,51.5074,-0.1278,2026-05-12 18:00:00+00:00,2,119.46,0.43,4.85,98.82,3.2,1.95,3.22,1.13
London,GB,51.5074,-0.1278,2026-05-12 19:00:00+00:00,2,119.16,0.15,5.05,95.0,2.79,1.35,2.38,1.18
London,GB,51.5074,-0.1278,2026-05-12 20:00:00+00:00,2,118.67,0.01,5.27,92.36,2.72,1.26,2.17,1.28
London,GB,51.5074,-0.1278,2026-05-12 21:00:00+00:00,2,118.56,0.0,5.21,91.24,2.66,1.3,2.19,1.48
London,GB,51.5074,-0.1278,2026-05-12 22:00:00+00:00,2,118.12,0.0,4.42,93.47,2.23,1.28,2.27,1.56
London,GB,51.5074,-0.1278,2026-05-12 23:00:00+00:00,2,118.28,0.0,3.78,95.36,1.99,1.25,2.56,1.52
London,GB,51.5074,-0.1278,2026-05-13 00:00:00+00:00,2,118.54,0.0,3.4,96.13,1.9,1.24,2.92,1.44
London,GB,51.5074,-0.1278,2026-05-13 01:00:00+00:00,2,118.47,0.0,2.99,95.35,1.8,1.26,3.44,1.39
London,GB,51.5074,-0.1278,2026-05-13 02:00:00+00:00,2,117.98,0.0,2.55,93.74,1.7,1.48,4.58,1.41
London,GB,51.5074,-0.1278,2026-05-13 03:00:00+00:00,2,117.68,0.0,2.22,91.74,1.61,1.87,6.12,1.33
London,GB,51.5074,-0.1278,2026-05-13 04:00:00+00:00,2,118.11,0.0,2.1,89.81,1.52,2.04,6.41,1.05
London,GB,51.5074,-0.1278,2026-05-13 05:00:00+00:00,2,117.99,0.0,2.06,87.57,1.44,1.93,5.78,0.87
London,GB,51.5074,-0.1278,2026-05-13 06:00:00+00:00,2,117.78,0.02,1.99,85.57,1.36,1.78,5.14,0.77
London,GB,51.5074,-0.1278,2026-05-13 07:00:00+00:00,2,117.76,0.08,1.84,84.52,1.29,1.61,4.3,0.63
London,GB,51.5074,-0.1278,2026-05-13 08:00:00+00:00,2,118.02,0.15,1.74,84.59,1.25,1.41,3.35,0.48
London,GB,51.5074,-0.1278,2026-05-13 09:00:00+00:00,2,117.92,0.21,1.67,84.9,1.23,1.22,2.57,0.41
London,GB,51.5074,-0.1278,2026-05-13 10:00:00+00:00,2,117.48,0.26,1.52,86.28,1.21,1.09,2.15,0.4
London,GB,51.5074,-0.1278,2026-05-13 11:00:00+00:00,2,117.64,0.28,1.32,87.93,1.18,1.0,1.95,0.42
London,GB,51.5074,-0.1278,2026-05-13 12:00:00+00:00,2,118.72,0.29,1.17,88.79,1.14,0.88,1.76,0.45
London,GB,51.5074,-0.1278,2026-05-13 13:00:00+00:00,2,120.48,0.28,1.09,89.06,1.1,0.72,1.52,0.47
London,GB,51.5074,-0.1278,2026-05-13 14:00:00+00:00,2,121.08,0.27,1.11,89.36,1.09,0.57,1.31,0.45
London,GB,51.5074,-0.1278,2026-05-13 15:00:00+00:00,2,120.39,0.26,1.18,90.22,1.08,0.5,1.22,0.43
London,GB,51.5074,-0.1278,2026-05-13 16:00:00+00:00,2,120.07,0.25,1.31,91.29,1.08,0.5,1.18,0.45
London,GB,51.5074,-0.1278,2026-05-13 17:00:00+00:00,2,119.1,0.22,1.54,91.48,1.1,0.5,1.11,0.5
London,GB,51.5074,-0.1278,2026-05-13 18:00:00+00:00,2,118.59,0.16,1.87,90.97,1.12,0.5,1.03,0.57
London,GB,51.5074,-0.1278,2026-05-13 19:00:00+00:00,2,118.8,0.06,2.25,89.82,1.15,0.5,0.94,0.65
London,GB,51.5074,-0.1278,2026-05-13 20:00:00+00:00,2,119.19,0.0,2.49,88.65,1.21,0.5,0.88,0.76
London,GB,51.5074,-0.1278,2026-05-13 21:00:00+00:00,2,119.86,0.0,2.54,88.18,1.24,0.5,0.83,0.89
London,GB,51.5074,-0.1278,2026-05-13 22:00:00+00:00,2,120.18,0.0,2.56,88.37,1.26,0.5,0.8,1.0
London,GB,51.5074,-0.1278,2026-05-13 23:00:00+00:00,2,120.63,0.0,2.58,89.44,1.27,0.5,0.77,1.05
London,GB,51.5074,-0.1278,2026-05-14 00:00:00+00:00,2,120.8,0.0,2.56,90.43,1.27,0.5,0.73,1.04
London,GB,51.5074,-0.1278,2026-05-14 01:00:00+00:00,2,120.5,0.0,2.5,90.47,1.24,0.5,0.68,0.95
London,GB,51.5074,-0.1278,2026-05-14 02:00:00+00:00,2,121.02,0.0,2.49,90.35,1.24,0.5,0.64,0.86
London,GB,51.5074,-0.1278,2026-05-14 03:00:00+00:00,2,121.17,0.0,2.51,89.59,1.27,0.5,0.61,0.8
London,GB,51.5074,-0.1278,2026-05-14 04:00:00+00:00,2,120.76,0.0,2.54,88.03,1.29,0.5,0.58,0.77
London,GB,51.5074,-0.1278,2026-05-14 05:00:00+00:00,2,120.53,0.0,2.6,86.78,1.33,0.5,0.55,0.75
London,GB,51.5074,-0.1278,2026-05-14 06:00:00+00:00,2,120.67,0.09,2.76,85.53,1.38,0.5,0.55,0.74
London,GB,51.5074,-0.1278,2026-05-14 07:00:00+00:00,2,120.43,0.29,2.7,84.04,1.45,0.5,0.54,0.73
London,GB,51.5074,-0.1278,2026-05-14 08:00:00+00:00,2,120.54,0.52,2.71,83.12,1.57,0.5,0.52,0.74
London,GB,51.5074,-0.1278,2026-05-14 09:00:00+00:00,2,120.47,0.68,2.71,82.99,1.69,0.5,0.53,0.78
London,GB,51.5074,-0.1278,2026-05-14 10:00:00+00:00,2,119.58,0.68,2.49,84.87,1.69,0.5,0.58,0.76
London,GB,51.5074,-0.1278,2026-05-14 11:00:00+00:00,2,117.76,0.55,2.04,88.42,1.54,0.53,0.63,0.67
London,GB,51.5074,-0.1278,2026-05-14 12:00:00+00:00,2,116.14,0.44,1.78,91.96,1.49,0.63,0.74,0.62
London,GB,51.5074,-0.1278,2026-05-14 13:00:00+00:00,2,115.5,0.38,1.75,95.29,1.52,0.74,0.84,0.59
London,GB,51.5074,-0.1278,2026-05-14 14:00:00+00:00,2,115.0,0.34,2.04,96.76,1.67,0.8,0.89,0.57
London,GB,51.5074,-0.1278,2026-05-14 15:00:00+00:00,2,114.78,0.3,2.53,96.97,1.81,0.79,0.88,0.53
London,GB,51.5074,-0.1278,2026-05-14 16:00:00+00:00,2,115.75,0.3,3.08,96.93,1.92,0.75,0.83,0.49
London,GB,51.5074,-0.1278,2026-05-14 17:00:00+00:00,2,116.82,0.32,3.48,97.05,1.89,0.73,0.8,0.45
London,GB,51.5074,-0.1278,2026-05-14 18:00:00+00:00,2,117.99,0.25,3.78,97.81,1.8,0.72,0.79,0.4
London,GB,51.5074,-0.1278,2026-05-14 19:00:00+00:00,2,118.53,0.11,4.19,97.31,1.73,0.68,0.75,0.39
London,GB,51.5074,-0.1278,2026-05-14 20:00:00+00:00,2,119.09,0.01,4.74,95.89,1.83,0.7,0.77,0.43
London,GB,51.5074,-0.1278,2026-05-14 21:00:00+00:00,2,119.19,0.0,5.04,93.83,1.97,0.75,0.84,0.47
London,GB,51.5074,-0.1278,2026-05-14 22:00:00+00:00,2,118.5,0.0,5.26,91.64,2.1,0.81,0.91,0.52
London,GB,51.5074,-0.1278,2026-05-14 23:00:00+00:00,2,118.23,0.0,5.43,89.66,2.24,0.87,1.0,0.57
London,GB,51.5074,-0.1278,2026-05-15 00:00:00+00:00,2,117.95,0.0,5.5,87.76,2.36,0.92,1.08,0.65
London,GB,51.5074,-0.1278,2026-05-15 01:00:00+00:00,2,118.05,0.0,6.17,84.65,2.82,1.16,1.35,0.74
London,GB,51.5074,-0.1278,2026-05-15 02:00:00+00:00,2,118.98,0.0,7.32,80.17,3.52,1.93,2.18,0.77
London,GB,51.5074,-0.1278,2026-05-15 03:00:00+00:00,2,120.28,0.0,8.18,75.75,4.01,2.81,3.11,0.77
London,GB,51.5074,-0.1278,2026-05-15 04:00:00+00:00,2,121.29,0.0,9.45,68.39,4.58,4.01,4.39,0.77
London,GB,51.5074,-0.1278,2026-05-15 05:00:00+00:00,1,123.13,0.01,11.19,59.44,5.15,5.34,5.82,0.75
London,GB,51.5074,-0.1278,2026-05-15 06:00:00+00:00,1,124.78,0.37,12.35,53.72,5.3,6.03,6.57,0.72
London,GB,51.5074,-0.1278,2026-05-15 07:00:00+00:00,1,125.85,1.49,11.35,52.53,5.19,5.88,6.45,0.72
London,GB,51.5074,-0.1278,2026-05-15 08:00:00+00:00,1,127.08,2.6,9.69,55.22,4.98,5.26,5.86,0.75
London,GB,51.5074,-0.1278,2026-05-15 09:00:00+00:00,2,128.12,3.01,8.24,61.03,4.59,4.58,5.2,0.72
London,GB,51.5074,-0.1278,2026-05-15 10:00:00+00:00,2,125.95,1.36,5.15,79.67,2.67,1.86,2.27,0.58
London,GB,51.5074,-0.1278,2026-05-15 11:00:00+00:00,2,124.19,0.81,3.17,90.25,1.94,0.74,0.99,0.47
London,GB,51.5074,-0.1278,2026-05-15 12:00:00+00:00,2,123.47,0.66,2.56,95.15,1.94,0.84,1.05,0.44
London,GB,51.5074,-0.1278,2026-05-15 13:00:00+00:00,3,123.25,0.53,2.25,100.15,2.01,1.09,1.28,0.45
London,GB,51.5074,-0.1278,2026-05-15 14:00:00+00:00,3,122.78,0.41,1.93,103.89,1.89,1.23,1.42,0.47
London,GB,51.5074,-0.1278,2026-05-15 15:00:00+00:00,3,122.04,0.31,1.69,105.64,1.61,1.13,1.33,0.5
London,GB,51.5074,-0.1278,2026-05-15 16:00:00+00:00,3,121.38,0.26,1.62,105.55,1.37,0.88,1.09,0.53
London,GB,51.5074,-0.1278,2026-05-15 17:00:00+00:00,3,119.78,0.23,1.78,104.81,1.27,0.66,0.86,0.57
London,GB,51.5074,-0.1278,2026-05-15 18:00:00+00:00,3,118.54,0.17,2.15,103.83,1.28,0.54,0.73,0.63
London,GB,51.5074,-0.1278,2026-05-15 19:00:00+00:00,3,118.36,0.07,2.73,102.4,1.35,0.5,0.64,0.68
London,GB,51.5074,-0.1278,2026-05-15 20:00:00+00:00,3,118.76,0.0,3.23,100.76,1.43,0.5,0.58,0.73
London,GB,51.5074,-0.1278,2026-05-15 21:00:00+00:00,3,119.35,0.0,3.49,100.39,1.5,0.5,0.56,0.76
London,GB,51.5074,-0.1278,2026-05-15 22:00:00+00:00,3,119.34,0.0,3.66,100.94,1.6,0.5,0.62,0.83
London,GB,51.5074,-0.1278,2026-05-15 23:00:00+00:00,3,119.29,0.0,3.84,101.69,1.79,0.58,0.79,0.97
London,GB,51.5074,-0.1278,2026-05-16 00:00:00+00:00,3,119.33,0.0,3.93,102.05,1.97,0.64,0.97,1.12
London,GB,51.5074,-0.1278,2026-05-16 01:00:00+00:00,3,119.4,0.0,3.88,101.79,2.08,0.67,1.09,1.22
London,GB,51.5074,-0.1278,2026-05-16 02:00:00+00:00,3,119.88,0.0,3.78,100.76,2.12,0.65,1.13,1.25
London,GB,51.5074,-0.1278,2026-05-16 03:00:00+00:00,2,120.35,0.0,3.71,98.77,2.11,0.62,1.11,1.25
London,GB,51.5074,-0.1278,2026-05-16 04:00:00+00:00,2,120.81,0.0,3.72,95.73,2.08,0.57,1.05,1.26
London,GB,51.5074,-0.1278,2026-05-16 05:00:00+00:00,2,121.36,0.0,3.77,93.01,2.07,0.55,0.95,1.26
London,GB,51.5074,-0.1278,2026-05-16 06:00:00+00:00,2,121.91,0.12,3.89,91.8,2.04,0.52,0.83,1.21
London,GB,51.5074,-0.1278,2026-05-16 07:00:00+00:00,2,121.45,0.35,3.39,91.88,1.97,0.5,0.72,1.09
London,GB,51.5074,-0.1278,2026-05-16 08:00:00+00:00,2,120.82,0.46,2.78,93.98,1.85,0.5,0.65,0.91
London,GB,51.5074,-0.1278,2026-05-16 09:00:00+00:00,2,120.0,0.46,2.31,96.79,1.74,0.5,0.65,0.77
London,GB,51.5074,-0.1278,2026-05-16 10:00:00+00:00,2,119.33,0.4,2.03,99.26,1.68,0.5,0.73,0.71
London,GB,51.5074,-0.1278,2026-05-16 11:00:00+00:00,2,118.45,0.34,1.91,99.45,1.64,0.54,0.83,0.7
London,GB,51.5074,-0.1278,2026-05-16 12:00:00+00:00,2,118.02,0.29,1.93,98.3,1.63,0.62,0.96,0.68
London,GB,51.5074,-0.1278,2026-05-16 13:00:00+00:00,2,118.37,0.26,2.16,96.77,1.69,0.74,1.17,0.59
London,GB,51.5074,-0.1278,2026-05-16 14:00:00+00:00,2,118.73,0.25,2.46,95.02,1.76,0.84,1.33,0.42
London,GB,51.5074,-0.1278,2026-05-16 15:00:00+00:00,2,117.81,0.21,2.74,92.01,1.77,0.87,1.36,0.25
London,GB,51.5074,-0.1278,2026-05-16 16:00:00+00:00,2,115.33,0.15,2.91,88.79,1.69,0.83,1.27,0.12
London,GB,51.5074,-0.1278,2026-05-16 17:00:00+00:00,2,111.95,0.09,2.87,86.85,1.54,0.78,1.18,0.07
London,GB,51.5074,-0.1278,2026-05-16 18:00:00+00:00,2,109.22,0.03,2.74,86.57,1.41,0.72,1.13,0.06
London,GB,51.5074,-0.1278,2026-05-16 19:00:00+00:00,2,108.75,0.01,2.56,86.8,1.34,0.66,1.1,0.08
London,GB,51.5074,-0.1278,2026-05-16 20:00:00+00:00,2,109.05,0.0,2.5,86.82,1.34,0.69,1.2,0.11
London,GB,51.5074,-0.1278,2026-05-16 21:00:00+00:00,2,109.07,0.0,2.53,88.02,1.38,0.81,1.42,0.13
London,GB,51.5074,-0.1278,2026-05-16 22:00:00+00:00,2,108.62,0.0,2.61,91.04,1.4,0.96,1.62,0.11
London,GB,51.5074,-0.1278,2026-05-16 23:00:00+00:00,2,107.87,0.0,2.76,93.81,1.44,1.04,1.69,0.08
London,GB,51.5074,-0.1278,2026-05-17 00:00:00+00:00,2,107.31,0.0,2.87,94.2,1.44,1.06,1.66,0.06
London,GB,51.5074,-0.1278,2026-05-17 01:00:00+00:00,2,108.52,0.0,2.88,92.15,1.43,1.08,1.65,0.07
London,GB,51.5074,-0.1278,2026-05-17 02:00:00+00:00,2,111.3,0.0,2.8,89.22,1.41,1.14,1.69,0.12
London,GB,51.5074,-0.1278,2026-05-17 03:00:00+00:00,2,114.55,0.0,2.67,87.01,1.39,1.13,1.68,0.22
London,GB,51.5074,-0.1278,2026-05-17 04:00:00+00:00,2,116.15,0.0,2.55,85.21,1.39,0.97,1.5,0.34
London,GB,51.5074,-0.1278,2026-05-17 05:00:00+00:00,2,116.29,0.0,2.49,83.66,1.36,0.71,1.17,0.44
London,GB,51.5074,-0.1278,2026-05-17 06:00:00+00:00,2,115.79,0.01,2.5,81.71,1.34,0.51,0.87,0.51
London,GB,51.5074,-0.1278,2026-05-17 07:00:00+00:00,2,115.01,0.04,2.6,79.29,1.36,0.5,0.68,0.55
London,GB,51.5074,-0.1278,2026-05-17 08:00:00+00:00,2,115.06,0.11,2.81,76.95,1.48,0.5,0.59,0.58
London,GB,51.5074,-0.1278,2026-05-17 09:00:00+00:00,2,115.3,0.23,2.96,74.92,1.64,0.5,0.57,0.61
London,GB,51.5074,-0.1278,2026-05-17 10:00:00+00:00,2,115.61,0.37,2.88,74.14,1.76,0.5,0.58,0.61
London,GB,51.5074,-0.1278,2026-05-17 11:00:00+00:00,2,115.81,0.44,2.62,74.87,1.82,0.5,0.63,0.6
London,GB,51.5074,-0.1278,2026-05-17 12:00:00+00:00,2,116.0,0.44,2.31,76.62,1.81,0.5,0.7,0.58
London,GB,51.5074,-0.1278,2026-05-17 13:00:00+00:00,2,116.1,0.4,1.99,79.17,1.71,0.5,0.75,0.53
London,GB,51.5074,-0.1278,2026-05-17 14:00:00+00:00,2,116.48,0.32,1.77,81.72,1.53,0.5,0.76,0.46
London,GB,51.5074,-0.1278,2026-05-17 15:00:00+00:00,2,117.14,0.28,1.67,83.87,1.37,0.5,0.76,0.4
London,GB,51.5074,-0.1278,2026-05-17 16:00:00+00:00,2,117.22,0.19,1.79,84.9,1.27,0.5,0.78,0.33
London,GB,51.5074,-0.1278,2026-05-17 17:00:00+00:00,2,117.12,0.1,2.04,85.68,1.25,0.5,0.71,0.26
London,GB,51.5074,-0.1278,2026-05-17 18:00:00+00:00,2,116.73,0.04,2.19,86.78,1.24,0.5,0.6,0.19
London,GB,51.5074,-0.1278,2026-05-17 19:00:00+00:00,2,117.03,0.01,2.26,88.31,1.22,0.5,0.5,0.15
London,GB,51.5074,-0.1278,2026-05-17 20:00:00+00:00,2,117.36,0.0,2.26,89.22,1.2,0.5,0.5,0.12
London,GB,51.5074,-0.1278,2026-05-17 21:00:00+00:00,2,117.32,0.0,2.27,88.87,1.19,0.5,0.5,0.11
London,GB,51.5074,-0.1278,2026-05-17 22:00:00+00:00,2,116.94,0.0,2.27,87.74,1.16,0.5,0.5,0.09
London,GB,51.5074,-0.1278,2026-05-17 23:00:00+00:00,2,116.3,0.0,2.24,87.34,1.1,0.5,0.5,0.07
London,GB,51.5074,-0.1278,2026-05-18 00:00:00+00:00,2,115.57,0.0,2.2,87.66,1.07,0.5,0.5,0.06
London,GB,51.5074,-0.1278,2026-05-18 01:00:00+00:00,2,114.52,0.0,2.23,87.62,1.08,0.5,0.5,0.06
London,GB,51.5074,-0.1278,2026-05-18 02:00:00+00:00,2,114.07,0.0,2.39,87.64,1.16,0.5,0.5,0.06
London,GB,51.5074,-0.1278,2026-05-18 03:00:00+00:00,2,114.1,0.0,2.51,86.94,1.23,0.5,0.5,0.06
London,GB,51.5074,-0.1278,2026-05-18 04:00:00+00:00,2,114.21,0.0,2.53,86.39,1.27,0.5,0.5,0.06
London,GB,51.5074,-0.1278,2026-05-18 05:00:00+00:00,2,114.22,0.0,2.39,86.64,1.22,0.5,0.52,0.06
London,GB,51.5074,-0.1278,2026-05-18 06:00:00+00:00,2,114.51,0.01,2.26,88.17,1.15,0.5,0.55,0.06
London,GB,51.5074,-0.1278,2026-05-18 07:00:00+00:00,2,114.61,0.05,2.16,90.33,1.11,0.5,0.62,0.05
London,GB,51.5074,-0.1278,2026-05-18 08:00:00+00:00,2,114.52,0.1,2.21,91.93,1.18,0.54,0.8,0.05
London,GB,51.5074,-0.1278,2026-05-18 09:00:00+00:00,2,114.24,0.16,2.27,93.05,1.26,0.57,0.95,0.04
London,GB,51.5074,-0.1278,2026-05-18 10:00:00+00:00,2,113.84,0.24,2.16,94.22,1.29,0.58,1.0,0.03
London,GB,51.5074,-0.1278,2026-05-18 11:00:00+00:00,2,113.59,0.28,1.9,96.17,1.28,0.53,0.96,0.03
London,GB,51.5074,-0.1278,2026-05-18 12:00:00+00:00,2,113.35,0.28,1.65,98.03,1.24,0.5,0.88,0.03
London,GB,51.5074,-0.1278,2026-05-18 13:00:00+00:00,2,113.47,0.25,1.55,99.25,1.23,0.5,0.85,0.04
London,GB,51.5074,-0.1278,2026-05-18 14:00:00+00:00,2,113.21,0.23,1.57,99.9,1.31,0.5,0.85,0.09
London,GB,51.5074,-0.1278,2026-05-18 15:00:00+00:00,3,113.23,0.22,1.64,100.24,1.39,0.51,0.87,0.17
London,GB,51.5074,-0.1278,2026-05-18 16:00:00+00:00,3,113.32,0.23,1.73,100.64,1.46,0.52,0.89,0.28
London,GB,51.5074,-0.1278,2026-05-18 17:00:00+00:00,2,113.59,0.17,2.08,99.11,1.54,0.52,0.88,0.41
London,GB,51.5074,-0.1278,2026-05-18 18:00:00+00:00,2,113.66,0.09,2.59,96.31,1.64,0.5,0.84,0.57
London,GB,51.5074,-0.1278,2026-05-18 19:00:00+00:00,2,114.26,0.01,3.06,93.18,1.68,0.5,0.75,0.69
London,GB,51.5074,-0.1278,2026-05-18 20:00:00+00:00,2,114.38,0.0,3.22,90.02,1.6,0.5,0.67,0.7
London,GB,51.5074,-0.1278,2026-05-18 21:00:00+00:00,2,114.31,0.0,3.16,87.02,1.48,0.5,0.63,0.63
London,GB,51.5074,-0.1278,2026-05-18 22:00:00+00:00,2,114.11,0.0,3.13,84.39,1.42,0.5,0.62,0.49
London,GB,51.5074,-0.1278,2026-05-18 23:00:00+00:00,2,113.97,0.0,3.17,82.61,1.41,0.5,0.67,0.34
London,GB,51.5074,-0.1278,2026-05-19 00:00:00+00:00,2,113.84,0.0,3.09,82.19,1.37,0.51,0.72,0.25
London,GB,51.5074,-0.1278,2026-05-20 01:00:00+00:00,2,113.3,0.0,2.63,94.9,1.7,3.14,6.4,0.03
London,GB,51.5074,-0.1278,2026-05-20 02:00:00+00:00,2,112.94,0.0,2.65,94.5,1.7,3.4,6.66,0.02
London,GB,51.5074,-0.1278,2026-05-20 03:00:00+00:00,2,112.94,0.0,2.71,94.03,1.74,3.59,7.06,0.02
London,GB,51.5074,-0.1278,2026-05-20 04:00:00+00:00,2,113.37,0.0,2.79,93.85,1.79,3.6,7.13,0.02
London,GB,51.5074,-0.1278,2026-05-20 05:00:00+00:00,2,113.69,0.0,3.03,93.55,1.93,3.72,7.68,0.02
London,GB,51.5074,-0.1278,2026-05-20 06:00:00+00:00,2,114.37,0.09,3.27,93.58,2.1,4.03,9.03,0.01
London,GB,51.5074,-0.1278,2026-05-20 07:00:00+00:00,2,114.67,0.26,3.31,93.83,2.27,4.33,10.43,0.01
London,GB,51.5074,-0.1278,2026-05-20 08:00:00+00:00,2,115.44,0.35,3.62,94.01,2.48,4.52,10.77,0.01
London,GB,51.5074,-0.1278,2026-05-20 09:00:00+00:00,2,116.67,0.35,4.0,93.54,2.57,4.43,9.46,0.02
London,GB,51.5074,-0.1278,2026-05-20 10:00:00+00:00,2,117.27,0.4,4.26,91.9,2.49,4.12,7.15,0.02
London,GB,51.5074,-0.1278,2026-05-20 11:00:00+00:00,2,117.71,0.57,4.1,91.8,2.47,4.08,6.52,0.03
London,GB,51.5074,-0.1278,2026-05-20 12:00:00+00:00,2,116.93,0.62,3.57,95.05,2.57,4.48,7.86,0.02
London,GB,51.5074,-0.1278,2026-05-20 13:00:00+00:00,3,116.03,0.53,3.08,100.73,2.84,5.18,11.19,0.01
London,GB,51.5074,-0.1278,2026-05-20 14:00:00+00:00,3,115.08,0.51,3.03,105.19,3.2,5.82,14.71,0.01
London,GB,51.5074,-0.1278,2026-05-20 15:00:00+00:00,3,114.41,0.52,3.18,108.21,3.38,5.95,15.98,0.01
London,GB,51.5074,-0.1278,2026-05-20 16:00:00+00:00,3,113.84,0.58,3.29,109.96,3.42,5.66,15.44,0.01
London,GB,51.5074,-0.1278,2026-05-20 17:00:00+00:00,3,113.54,0.51,3.74,110.19,3.43,5.23,14.24,0.02
London,GB,51.5074,-0.1278,2026-05-20 18:00:00+00:00,3,113.52,0.4,4.36,108.66,3.41,4.81,12.86,0.03
London,GB,51.5074,-0.1278,2026-05-20 19:00:00+00:00,3,113.79,0.19,5.28,105.47,3.51,4.53,11.83,0.05
London,GB,51.5074,-0.1278,2026-05-20 20:00:00+00:00,3,114.94,0.02,6.32,101.56,3.86,4.61,11.87,0.07
London,GB,51.5074,-0.1278,2026-05-20 21:00:00+00:00,2,115.98,0.0,6.84,97.65,4.09,4.66,11.73,0.08
London,GB,51.5074,-0.1278,2026-05-20 22:00:00+00:00,2,116.35,0.0,7.41,93.55,4.26,4.67,11.44,0.08
London,GB,51.5074,-0.1278,2026-05-20 23:00:00+00:00,2,117.06,0.0,8.16,90.3,4.52,4.79,11.48,0.08
London,GB,51.5074,-0.1278,2026-05-21 00:00:00+00:00,2,117.31,0.0,8.99,87.45,4.86,5.1,12.02,0.08
London,GB,51.5074,-0.1278,2026-05-21 01:00:00+00:00,2,117.6,0.0,10.87,83.52,5.57,5.67,13.1,0.09
London,GB,51.5074,-0.1278,2026-05-21 02:00:00+00:00,2,118.61,0.0,14.07,78.04,6.54,6.48,14.61,0.12
London,GB,51.5074,-0.1278,2026-05-21 03:00:00+00:00,2,119.8,0.0,16.84,73.12,7.12,7.32,16.17,0.21
London,GB,51.5074,-0.1278,2026-05-21 04:00:00+00:00,2,121.38,0.0,18.69,68.77,7.36,7.98,17.35,0.47
London,GB,51.5074,-0.1278,2026-05-21 05:00:00+00:00,2,122.68,0.02,19.63,64.83,7.39,8.49,18.02,0.9
London,GB,51.5074,-0.1278,2026-05-21 06:00:00+00:00,2,123.61,0.4,20.28,61.13,7.35,8.77,17.88,1.31
London,GB,51.5074,-0.1278,2026-05-21 07:00:00+00:00,1,124.0,1.59,19.36,57.16,7.3,8.63,16.98,1.55
London,GB,51.5074,-0.1278,2026-05-21 08:00:00+00:00,1,124.3,3.47,17.81,52.75,7.43,8.62,16.21,1.61
London,GB,51.5074,-0.1278,2026-05-21 09:00:00+00:00,1,124.51,5.47,15.98,48.86,7.73,9.07,16.13,1.55
London,GB,51.5074,-0.1278,2026-05-21 10:00:00+00:00,2,124.41,7.19,14.23,45.72,7.98,10.04,16.74,1.39
London,GB,51.5074,-0.1278,2026-05-21 11:00:00+00:00,2,124.46,8.38,13.22,42.82,8.26,11.41,17.85,1.19
London,GB,51.5074,-0.1278,2026-05-21 12:00:00+00:00,2,124.42,9.01,12.77,41.84,8.67,13.34,19.51,0.97
London,GB,51.5074,-0.1278,2026-05-21 13:00:00+00:00,2,124.62,9.08,12.92,42.73,9.01,15.22,21.13,0.79
London,GB,51.5074,-0.1278,2026-05-21 14:00:00+00:00,2,125.06,8.89,13.58,44.34,9.09,16.6,22.14,0.63
London,GB,51.5074,-0.1278,2026-05-21 15:00:00+00:00,2,125.41,8.47,14.41,45.94,9.13,17.52,22.57,0.51
London,GB,51.5074,-0.1278,2026-05-21 16:00:00+00:00,2,125.98,7.56,15.65,48.11,9.15,18.26,22.93,0.38
London,GB,51.5074,-0.1278,2026-05-21 17:00:00+00:00,2,125.55,5.64,16.72,53.69,8.39,17.95,22.31,0.37
London,GB,51.5074,-0.1278,2026-05-21 18:00:00+00:00,2,124.38,3.19,17.02,64.06,7.14,17.06,21.16,0.38
London,GB,51.5074,-0.1278,2026-05-21 19:00:00+00:00,2,122.7,0.85,16.16,76.92,6.01,14.51,18.53,0.54
London,GB,51.5074,-0.1278,2026-05-21 20:00:00+00:00,2,121.25,0.04,13.29,83.73,5.14,12.32,16.21,0.5
London,GB,51.5074,-0.1278,2026-05-21 21:00:00+00:00,2,120.45,0.0,10.57,85.23,4.66,10.44,14.08,0.41
London,GB,51.5074,-0.1278,2026-05-21 22:00:00+00:00,2,120.79,0.0,9.22,83.06,4.29,8.55,11.89,0.44
London,GB,51.5074,-0.1278,2026-05-21 23:00:00+00:00,2,121.59,0.0,9.8,76.85,4.23,7.56,10.83,0.52
London,GB,51.5074,-0.1278,2026-05-22 00:00:00+00:00,2,122.77,0.0,11.14,69.39,4.36,7.23,10.53,0.64
London,GB,51.5074,-0.1278,2026-05-22 01:00:00+00:00,2,124.56,0.0,12.62,62.6,4.6,7.31,10.7,0.76
London,GB,51.5074,-0.1278,2026-05-22 02:00:00+00:00,1,126.33,0.0,13.8,56.56,4.83,7.72,11.2,0.82
London,GB,51.5074,-0.1278,2026-05-22 03:00:00+00:00,1,128.56,0.0,14.56,51.84,5.01,8.42,12.0,0.84
London,GB,51.5074,-0.1278,2026-05-22 04:00:00+00:00,1,130.93,0.0,15.1,47.69,5.16,9.24,12.9,0.83
London,GB,51.5074,-0.1278,2026-05-22 05:00:00+00:00,1,132.79,0.07,15.57,43.47,5.29,9.81,13.5,0.79
London,GB,51.5074,-0.1278,2026-05-22 06:00:00+00:00,1,133.63,1.28,14.4,40.99,5.4,9.84,13.44,0.76
London,GB,51.5074,-0.1278,2026-05-22 07:00:00+00:00,1,133.24,3.15,11.78,39.86,5.43,9.41,12.84,0.72
London,GB,51.5074,-0.1278,2026-05-22 08:00:00+00:00,1,133.29,4.49,9.98,39.16,5.46,8.9,12.16,0.7
London,GB,51.5074,-0.1278,2026-05-22 09:00:00+00:00,1,133.72,5.21,9.14,39.61,5.53,8.56,11.7,0.69
London,GB,51.5074,-0.1278,2026-05-22 10:00:00+00:00,1,134.13,5.44,8.77,41.51,5.43,8.72,11.8,0.68
London,GB,51.5074,-0.1278,2026-05-22 11:00:00+00:00,1,135.36,5.42,8.71,44.76,5.33,9.82,12.94,0.66
London,GB,51.5074,-0.1278,2026-05-22 12:00:00+00:00,2,136.13,5.09,8.87,51.07,5.37,11.77,15.01,0.65
London,GB,51.5074,-0.1278,2026-05-22 13:00:00+00:00,2,136.81,4.56,9.1,60.14,5.39,13.91,17.3,0.62
London,GB,51.5074,-0.1278,2026-05-22 14:00:00+00:00,2,136.87,3.82,9.17,71.13,5.22,15.71,19.1,0.59
London,GB,51.5074,-0.1278,2026-05-22 15:00:00+00:00,2,136.93,3.04,9.17,83.32,5.04,16.86,20.16,0.6
London,GB,51.5074,-0.1278,2026-05-22 16:00:00+00:00,2,137.03,2.46,9.64,93.64,5.03,17.16,20.38,0.62
London,GB,51.5074,-0.1278,2026-05-22 17:00:00+00:00,2,134.51,1.94,10.79,98.3,5.1,16.19,19.3,0.65
London,GB,51.5074,-0.1278,2026-05-22 18:00:00+00:00,2,130.63,1.34,12.59,97.75,5.15,14.28,17.23,0.69
London,GB,51.5074,-0.1278,2026-05-22 19:00:00+00:00,2,127.51,0.49,15.28,92.96,5.29,12.25,14.99,0.73
London,GB,51.5074,-0.1278,2026-05-22 20:00:00+00:00,2,125.05,0.03,17.5,85.2,5.65,10.66,13.27,0.77
London,GB,51.5074,-0.1278,2026-05-22 21:00:00+00:00,2,123.6,0.0,19.38,76.73,6.38,9.59,12.19,0.84
London,GB,51.5074,-0.1278,2026-05-22 22:00:00+00:00,2,122.38,0.0,21.42,67.69,7.01,8.79,11.47,0.92
London,GB,51.5074,-0.1278,2026-05-22 23:00:00+00:00,1,121.12,0.0,22.54,58.56,6.76,7.93,10.64,0.95
London,GB,51.5074,-0.1278,2026-05-23 00:00:00+00:00,1,119.4,0.0,22.73,49.32,6.26,7.1,9.75,0.98
London,GB,51.5074,-0.1278,2026-05-23 01:00:00+00:00,1,116.86,0.0,22.24,41.02,5.83,6.47,9.01,0.99
London,GB,51.5074,-0.1278,2026-05-23 02:00:00+00:00,1,114.31,0.0,21.81,35.18,5.69,6.22,8.75,1.02
London,GB,51.5074,-0.1278,2026-05-23 03:00:00+00:00,1,112.58,0.0,21.7,31.74,5.86,6.49,9.13,1.12
London,GB,51.5074,-0.1278,2026-05-23 04:00:00+00:00,1,112.0,0.01,22.66,29.26,5.92,7.46,10.34,1.01
London,GB,51.5074,-0.1278,2026-05-23 05:00:00+00:00,1,113.31,0.06,25.32,26.18,5.87,8.77,12.01,0.77
London,GB,51.5074,-0.1278,2026-05-23 06:00:00+00:00,2,115.08,1.86,26.56,25.39,6.45,10.21,13.77,0.73
London,GB,51.5074,-0.1278,2026-05-23 07:00:00+00:00,2,116.12,6.3,24.11,27.52,7.56,11.56,15.33,0.78
London,GB,51.5074,-0.1278,2026-05-23 08:00:00+00:00,2,117.45,10.45,21.97,28.84,8.37,12.89,16.76,0.79
London,GB,51.5074,-0.1278,2026-05-23 09:00:00+00:00,2,118.42,13.54,20.25,28.77,8.78,13.95,17.71,0.83
London,GB,51.5074,-0.1278,2026-05-23 10:00:00+00:00,2,118.68,15.32,18.74,28.47,8.86,14.41,17.89,0.83
London,GB,51.5074,-0.1278,2026-05-23 11:00:00+00:00,2,118.26,15.63,17.42,28.96,8.75,14.09,17.33,0.76
London,GB,51.5074,-0.1278,2026-05-23 12:00:00+00:00,2,117.0,14.83,16.15,30.13,8.47,13.16,16.28,0.67
London,GB,51.5074,-0.1278,2026-05-23 13:00:00+00:00,2,115.48,13.0,14.87,32.43,8.06,11.84,15.03,0.59
London,GB,51.5074,-0.1278,2026-05-23 14:00:00+00:00,2,113.72,10.78,13.88,36.28,7.63,10.6,13.99,0.55
London,GB,51.5074,-0.1278,2026-05-23 15:00:00+00:00,1,112.23,8.7,13.62,41.59,7.29,9.77,13.43,0.53
London,GB,51.5074,-0.1278,2026-05-23 16:00:00+00:00,1,110.36,6.75,14.01,48.33,7.06,9.12,13.03,0.52
London,GB,51.5074,-0.1278,2026-05-23 17:00:00+00:00,1,108.48,5.02,15.29,54.67,6.91,8.47,12.43,0.51
London,GB,51.5074,-0.1278,2026-05-23 18:00:00+00:00,1,106.88,3.36,17.82,58.22,6.84,7.74,11.57,0.49
London,GB,51.5074,-0.1278,2026-05-23 19:00:00+00:00,1,105.82,1.45,21.6,57.64,6.83,6.95,10.52,0.51
London,GB,51.5074,-0.1278,2026-05-23 20:00:00+00:00,1,105.28,0.12,24.14,54.55,6.8,6.21,9.4,0.63
London,GB,51.5074,-0.1278,2026-05-23 21:00:00+00:00,1,105.12,0.0,24.05,50.95,6.69,5.57,8.29,0.9
London,GB,51.5074,-0.1278,2026-05-23 22:00:00+00:00,1,105.53,0.0,24.57,45.58,6.63,5.15,7.4,1.18
London,GB,51.5074,-0.1278,2026-05-23 23:00:00+00:00,1,105.68,0.0,25.51,39.04,6.61,4.94,6.84,1.33
London,GB,51.5074,-0.1278,2026-05-24 00:00:00+00:00,1,105.83,0.0,26.17,32.55,6.49,4.85,6.49,1.33
London,GB,51.5074,-0.1278,2026-05-24 01:00:00+00:00,1,106.07,0.01,26.31,26.94,6.24,4.81,6.27,1.21
London,GB,51.5074,-0.1278,2026-05-24 02:00:00+00:00,1,106.1,0.03,26.48,22.02,5.97,4.83,6.17,1.01
London,GB,51.5074,-0.1278,2026-05-24 03:00:00+00:00,1,106.05,0.07,26.34,17.98,5.79,4.85,6.14,0.88
London,GB,51.5074,-0.1278,2026-05-24 04:00:00+00:00,1,106.03,0.19,25.62,15.17,5.53,4.84,6.16,0.79
London,GB,51.5074,-0.1278,2026-05-24 05:00:00+00:00,1,106.89,0.7,24.26,13.76,5.35,4.94,6.39,0.73
London,GB,51.5074,-0.1278,2026-05-24 06:00:00+00:00,1,108.22,4.13,18.77,17.66,5.28,5.27,6.94,0.67
London,GB,51.5074,-0.1278,2026-05-24 07:00:00+00:00,1,109.57,7.17,13.87,22.11,5.22,5.93,7.91,0.62
London,GB,51.5074,-0.1278,2026-05-24 08:00:00+00:00,1,111.32,8.69,11.6,25.15,5.33,6.98,9.39,0.59
London,GB,51.5074,-0.1278,2026-05-24 09:00:00+00:00,1,112.78,9.31,10.69,27.74,5.59,8.34,11.21,0.57
London,GB,51.5074,-0.1278,2026-05-24 10:00:00+00:00,1,113.32,9.29,10.41,30.56,5.92,9.86,13.24,0.51
London,GB,51.5074,-0.1278,2026-05-24 11:00:00+00:00,2,113.88,8.96,10.49,33.63,6.48,11.55,15.49,0.45
London,GB,51.5074,-0.1278,2026-05-24 12:00:00+00:00,2,114.34,8.52,10.75,36.95,7.37,13.64,18.1,0.39
London,GB,51.5074,-0.1278,2026-05-24 13:00:00+00:00,2,115.41,8.0,11.19,40.89,8.56,16.0,20.82,0.39
London,GB,51.5074,-0.1278,2026-05-24 14:00:00+00:00,2,115.89,7.1,11.61,45.77,9.23,18.06,23.06,0.39
London,GB,51.5074,-0.1278,2026-05-24 15:00:00+00:00,2,115.9,5.94,12.01,52.13,9.27,19.49,24.48,0.32
London,GB,51.5074,-0.1278,2026-05-24 16:00:00+00:00,2,116.43,4.84,12.88,59.58,9.01,20.44,25.37,0.24
London,GB,51.5074,-0.1278,2026-05-24 17:00:00+00:00,2,116.37,3.76,14.03,66.26,8.49,20.76,25.66,0.19
London,GB,51.5074,-0.1278,2026-05-24 18:00:00+00:00,2,115.76,2.56,15.6,70.9,7.8,20.51,25.5,0.18
London,GB,51.5074,-0.1278,2026-05-24 19:00:00+00:00,2,115.12,1.08,17.31,73.45,6.99,19.93,25.19,0.21
London,GB,51.5074,-0.1278,2026-05-24 20:00:00+00:00,2,115.11,0.1,17.52,74.61,6.03,19.56,25.2,0.23
London,GB,51.5074,-0.1278,2026-05-24 21:00:00+00:00,2,117.13,0.0,16.06,75.5,5.24,19.7,25.8,0.3
London,GB,51.5074,-0.1278,2026-05-24 22:00:00+00:00,2,121.43,0.0,14.85,76.23,4.74,20.62,27.24,0.4
London,GB,51.5074,-0.1278,2026-05-24 23:00:00+00:00,2,128.45,0.0,13.97,78.37,4.55,22.26,29.6,0.51
London,GB,51.5074,-0.1278,2026-05-25 00:00:00+00:00,2,135.75,0.0,13.36,82.36,4.57,23.91,32.08,0.61
London,GB,51.5074,-0.1278,2026-05-25 01:00:00+00:00,2,141.38,0.0,12.79,89.18,4.91,24.6,33.49,0.8
London,GB,51.5074,-0.1278,2026-05-25 02:00:00+00:00,2,144.8,0.0,12.25,92.27,4.92,24.6,33.21,0.84
London,GB,51.5074,-0.1278,2026-05-25 03:00:00+00:00,2,147.1,0.0,11.72,92.18,4.77,24.09,32.24,0.82
London,GB,51.5074,-0.1278,2026-05-25 04:00:00+00:00,2,147.67,0.0,11.36,89.65,4.6,23.23,30.95,0.83
London,GB,51.5074,-0.1278,2026-05-25 05:00:00+00:00,2,147.88,0.02,11.36,84.42,4.43,22.36,29.78,0.83
London,GB,51.5074,-0.1278,2026-05-25 06:00:00+00:00,2,146.99,0.43,11.46,78.56,4.32,21.67,28.94,0.81
London,GB,51.5074,-0.1278,2026-05-25 07:00:00+00:00,2,146.25,1.33,10.39,73.17,4.2,21.11,28.43,0.77
London,GB,51.5074,-0.1278,2026-05-25 08:00:00+00:00,2,144.94,2.04,9.12,69.74,4.16,20.68,28.25,0.78
London,GB,51.5074,-0.1278,2026-05-25 09:00:00+00:00,2,144.0,2.29,7.88,70.29,4.18,20.57,28.36,0.95
London,GB,51.5074,-0.1278,2026-05-25 10:00:00+00:00,2,143.21,2.03,6.58,77.73,4.2,21.18,28.92,1.38
London,GB,51.5074,-0.1278,2026-05-25 11:00:00+00:00,2,142.92,1.55,5.38,90.05,4.13,22.67,29.95,1.56
London,GB,51.5074,-0.1278,2026-05-25 12:00:00+00:00,3,143.38,1.13,4.52,103.95,4.04,23.99,30.9,1.57
London,GB,51.5074,-0.1278,2026-05-25 13:00:00+00:00,3,144.11,0.88,4.08,117.03,4.03,24.14,30.97,1.68
London,GB,51.5074,-0.1278,2026-05-25 14:00:00+00:00,3,142.91,0.72,3.9,127.71,3.97,23.41,30.35,1.82
London,GB,51.5074,-0.1278,2026-05-25 15:00:00+00:00,3,139.32,0.63,3.91,135.35,3.89,21.75,28.93,1.93
London,GB,51.5074,-0.1278,2026-05-25 16:00:00+00:00,3,134.41,0.59,4.25,139.39,3.88,19.58,26.98,1.94
London,GB,51.5074,-0.1278,2026-05-25 17:00:00+00:00,3,128.65,0.54,4.88,138.11,3.87,17.46,24.83,1.79
London,GB,51.5074,-0.1278,2026-05-25 18:00:00+00:00,3,124.28,0.41,5.71,134.49,3.87,15.83,22.95,1.63
London,GB,51.5074,-0.1278,2026-05-25 19:00:00+00:00,3,122.57,0.18,6.63,130.66,3.88,14.9,21.66,1.58
London,GB,51.5074,-0.1278,2026-05-25 20:00:00+00:00,3,121.96,0.01,7.13,126.37,3.91,14.35,20.76,1.59
London,GB,51.5074,-0.1278,2026-05-25 21:00:00+00:00,3,121.17,0.0,7.31,120.91,3.95,13.65,19.81,1.61
London,GB,51.5074,-0.1278,2026-05-25 22:00:00+00:00,3,119.73,0.0,7.84,112.22,3.9,12.75,18.61,1.54
London,GB,51.5074,-0.1278,2026-05-25 23:00:00+00:00,3,118.29,0.0,8.77,100.21,3.91,11.96,17.66,1.36
London,GB,51.5074,-0.1278,2026-05-26 00:00:00+00:00,2,116.84,0.0,9.78,88.44,3.96,11.32,17.14,1.26
London,GB,51.5074,-0.1278,2026-05-26 01:00:00+00:00,2,115.53,0.0,10.74,78.5,4.09,10.86,16.81,1.25
London,GB,51.5074,-0.1278,2026-05-26 02:00:00+00:00,2,114.62,0.0,11.45,71.48,4.2,10.52,16.41,1.3
London,GB,51.5074,-0.1278,2026-05-26 03:00:00+00:00,2,114.16,0.0,11.93,66.34,4.29,10.2,15.84,1.34
London,GB,51.5074,-0.1278,2026-05-26 04:00:00+00:00,2,114.25,0.0,12.41,62.17,4.34,9.92,15.15,1.3
London,GB,51.5074,-0.1278,2026-05-26 05:00:00+00:00,1,115.16,0.03,13.12,58.23,4.39,9.73,14.56,1.18
London,GB,51.5074,-0.1278,2026-05-26 06:00:00+00:00,1,116.53,0.68,13.32,55.59,4.5,9.62,14.16,1.06
London,GB,51.5074,-0.1278,2026-05-26 07:00:00+00:00,1,117.98,2.06,12.09,54.39,4.53,9.51,13.8,0.97
London,GB,51.5074,-0.1278,2026-05-26 08:00:00+00:00,1,119.69,3.27,11.02,53.86,4.55,9.5,13.61,0.91
London,GB,51.5074,-0.1278,2026-05-26 09:00:00+00:00,1,121.77,4.03,10.34,54.48,4.66,9.68,13.72,0.89
London,GB,51.5074,-0.1278,2026-05-26 10:00:00+00:00,2,123.54,4.26,9.8,56.86,4.77,10.21,14.24,0.9
London,GB,51.5074,-0.1278,2026-05-26 11:00:00+00:00,2,125.36,4.06,9.15,61.99,4.88,11.34,15.39,0.9
London,GB,51.5074,-0.1278,2026-05-26 12:00:00+00:00,2,126.36,3.6,8.4,69.37,4.96,13.03,17.1,0.9
London,GB,51.5074,-0.1278,2026-05-26 13:00:00+00:00,2,126.81,3.09,7.87,77.57,5.08,14.73,18.86,0.91
London,GB,51.5074,-0.1278,2026-05-26 14:00:00+00:00,2,126.73,2.57,7.54,85.75,5.05,16.05,20.15,0.94
London,GB,51.5074,-0.1278,2026-05-26 15:00:00+00:00,2,126.93,2.08,7.35,94.14,4.95,16.83,20.76,1.04
London,GB,51.5074,-0.1278,2026-05-26 16:00:00+00:00,3,127.44,1.71,7.65,102.63,4.96,17.15,20.89,1.16
London,GB,51.5074,-0.1278,2026-05-26 17:00:00+00:00,3,127.35,1.39,8.48,109.32,5.0,16.97,20.51,1.21
London,GB,51.5074,-0.1278,2026-05-26 18:00:00+00:00,3,127.54,0.99,9.69,113.7,4.97,16.58,19.97,1.23
London,GB,51.5074,-0.1278,2026-05-26 19:00:00+00:00,3,128.97,0.43,11.17,116.73,4.97,16.27,19.59,1.27
London,GB,51.5074,-0.1278,2026-05-26 20:00:00+00:00,3,129.84,0.04,12.01,115.83,4.99,15.89,19.26,1.3
London,GB,51.5074,-0.1278,2026-05-26 21:00:00+00:00,3,130.88,0.0,12.04,113.13,5.04,15.59,19.19,1.33
London,GB,51.5074,-0.1278,2026-05-26 22:00:00+00:00,3,131.85,0.0,12.18,109.56,5.02,15.37,19.29,1.28
London,GB,51.5074,-0.1278,2026-05-26 23:00:00+00:00,3,133.36,0.0,12.26,105.85,4.94,15.27,19.58,1.19
London,GB,51.5074,-0.1278,2026-05-27 00:00:00+00:00,3,135.06,0.0,12.47,101.74,4.91,15.28,20.01,1.13
London,GB,51.5074,-0.1278,2026-05-27 01:00:00+00:00,2,136.32,0.0,12.89,96.3,4.93,15.4,20.53,1.1
London,GB,51.5074,-0.1278,2026-05-27 02:00:00+00:00,2,137.33,0.0,13.33,89.15,4.87,15.45,20.82,1.17
London,GB,51.5074,-0.1278,2026-05-27 03:00:00+00:00,2,136.87,0.0,13.72,80.33,4.71,15.42,20.83,1.35
London,GB,51.5074,-0.1278,2026-05-27 04:00:00+00:00,2,135.16,0.0,14.03,71.6,4.55,15.27,20.56,1.66
London,GB,51.5074,-0.1278,2026-05-27 05:00:00+00:00,2,134.69,0.03,14.25,66.26,4.47,15.47,20.59,1.9
London,GB,51.5074,-0.1278,2026-05-27 06:00:00+00:00,2,136.32,0.65,13.54,66.18,4.58,17.39,22.39,2.0
London,GB,51.5074,-0.1278,2026-05-27 07:00:00+00:00,2,139.93,1.53,11.34,72.47,4.72,21.5,26.37,2.05
London,GB,51.5074,-0.1278,2026-05-27 08:00:00+00:00,3,146.81,2.0,9.74,79.44,4.75,25.69,30.26,2.06
London,GB,51.5074,-0.1278,2026-05-27 09:00:00+00:00,3,153.96,2.09,8.58,86.9,4.93,30.5,34.86,1.99
London,GB,51.5074,-0.1278,2026-05-27 10:00:00+00:00,3,159.68,1.8,7.21,98.43,5.06,36.27,40.52,1.86
London,GB,51.5074,-0.1278,2026-05-27 11:00:00+00:00,3,164.23,1.3,5.72,115.83,5.0,41.99,46.34,1.66
London,GB,51.5074,-0.1278,2026-05-27 12:00:00+00:00,3,167.85,0.85,4.48,138.35,5.07,47.36,52.06,1.61
London,GB,51.5074,-0.1278,2026-05-27 13:00:00+00:00,4,170.09,0.59,3.82,162.18,5.37,51.26,56.43,1.86
London,GB,51.5074,-0.1278,2026-05-27 14:00:00+00:00,5,172.04,0.46,3.58,180.35,5.64,54.9,60.67,2.06
London,GB,51.5074,-0.1278,2026-05-27 15:00:00+00:00,5,172.51,0.39,3.63,191.39,5.66,57.26,63.74,2.27
London,GB,51.5074,-0.1278,2026-05-27 16:00:00+00:00,5,170.21,0.29,4.28,194.89,5.38,55.4,62.33,2.49
London,GB,51.5074,-0.1278,2026-05-27 17:00:00+00:00,5,162.58,0.2,5.21,189.0,4.98,48.2,55.43,2.54
London,GB,51.5074,-0.1278,2026-05-27 18:00:00+00:00,4,153.84,0.09,6.14,178.38,4.68,39.01,46.71,2.57
London,GB,51.5074,-0.1278,2026-05-27 19:00:00+00:00,4,144.14,0.02,6.52,163.95,4.45,29.58,36.91,2.64
London,GB,51.5074,-0.1278,2026-05-27 20:00:00+00:00,4,135.34,0.0,6.71,146.66,4.18,20.79,28.11,2.72
London,GB,51.5074,-0.1278,2026-05-27 21:00:00+00:00,3,129.93,0.0,6.81,130.47,3.96,14.87,22.73,2.91
London,GB,51.5074,-0.1278,2026-05-27 22:00:00+00:00,3,127.59,0.0,6.96,117.78,3.88,11.96,20.69,3.0
London,GB,51.5074,-0.1278,2026-05-27 23:00:00+00:00,3,127.12,0.0,7.53,108.88,3.96,11.23,20.24,2.64
London,GB,51.5074,-0.1278,2026-05-28 00:00:00+00:00,3,128.77,0.0,7.92,104.15,4.0,12.0,20.52,2.53
London,GB,51.5074,-0.1278,2026-05-28 01:00:00+00:00,2,130.51,0.0,8.44,99.12,4.08,13.35,21.31,2.55
London,GB,51.5074,-0.1278,2026-05-28 02:00:00+00:00,2,130.68,0.0,9.34,92.55,4.25,14.2,21.18,2.6
London,GB,51.5074,-0.1278,2026-05-28 03:00:00+00:00,2,129.12,0.0,10.23,84.75,4.4,14.37,20.19,2.73
London,GB,51.5074,-0.1278,2026-05-28 04:00:00+00:00,2,128.51,0.0,11.09,78.21,4.46,14.36,19.37,2.79
London,GB,51.5074,-0.1278,2026-05-28 05:00:00+00:00,2,128.84,0.02,12.09,72.74,4.51,14.39,19.01,2.5
London,GB,51.5074,-0.1278,2026-05-28 06:00:00+00:00,2,129.82,0.46,13.07,68.9,4.67,14.63,19.08,2.16
London,GB,51.5074,-0.1278,2026-05-28 07:00:00+00:00,2,131.03,1.45,12.95,66.05,4.84,14.96,19.28,1.86
London,GB,51.5074,-0.1278,2026-05-28 08:00:00+00:00,2,133.21,2.49,12.77,64.2,5.01,15.48,19.71,1.62
London,GB,51.5074,-0.1278,2026-05-28 09:00:00+00:00,2,135.76,3.54,12.51,64.24,5.25,16.29,20.5,1.57
London,GB,51.5074,-0.1278,2026-05-28 10:00:00+00:00,2,137.63,2.89,14.79,62.45,5.44,17.28,21.53,1.52
London,GB,51.5074,-0.1278,2026-05-28 11:00:00+00:00,2,139.47,3.44,15.77,62.05,5.83,18.53,22.81,1.44
London,GB,51.5074,-0.1278,2026-05-28 12:00:00+00:00,2,140.2,4.1,17.54,61.19,6.65,19.81,24.2,1.4
London,GB,51.5074,-0.1278,2026-05-28 13:00:00+00:00,2,140.55,4.7,20.42,58.15,7.65,21.01,25.29,1.45
London,GB,51.5074,-0.1278,2026-05-28 14:00:00+00:00,2,141.07,5.21,23.43,55.25,8.74,22.89,26.91,1.46
London,GB,51.5074,-0.1278,2026-05-28 15:00:00+00:00,2,141.49,5.22,26.44,53.31,9.85,24.41,28.14,1.53
London,GB,51.5074,-0.1278,2026-05-28 16:00:00+00:00,3,142.19,4.97,28.65,53.51,10.79,26.34,30.14,1.44
London,GB,51.5074,-0.1278,2026-05-28 17:00:00+00:00,3,142.07,4.1,28.57,59.47,10.03,27.97,32.4,1.35
London,GB,51.5074,-0.1278,2026-05-28 18:00:00+00:00,3,140.49,2.35,26.05,72.5,8.14,28.28,33.97,1.44
London,GB,51.5074,-0.1278,2026-05-28 19:00:00+00:00,3,136.02,0.83,22.4,86.32,6.42,25.23,32.32,1.62
London,GB,51.5074,-0.1278,2026-05-28 20:00:00+00:00,2,132.06,0.06,19.77,92.33,5.44,21.83,29.76,1.39
London,GB,51.5074,-0.1278,2026-05-28 21:00:00+00:00,2,129.57,0.0,17.13,94.05,5.0,19.68,27.76,0.98
London,GB,51.5074,-0.1278,2026-05-28 22:00:00+00:00,2,128.98,0.0,16.38,92.16,5.04,18.03,25.9,0.73
London,GB,51.5074,-0.1278,2026-05-28 23:00:00+00:00,2,128.75,0.0,18.83,82.82,5.54,17.11,24.58,0.66
London,GB,51.5074,-0.1278,2026-05-29 00:00:00+00:00,2,127.6,0.0,23.1,70.08,6.46,16.67,23.95,0.75
London,GB,51.5074,-0.1278,2026-05-29 01:00:00+00:00,2,126.91,0.0,28.03,58.61,7.64,16.9,24.55,0.97
London,GB,51.5074,-0.1278,2026-05-29 02:00:00+00:00,2,128.32,0.0,33.53,48.87,8.62,18.12,26.49,0.88
London,GB,51.5074,-0.1278,2026-05-29 03:00:00+00:00,2,130.65,0.0,39.33,40.57,9.57,20.21,29.89,0.72
London,GB,51.5074,-0.1278,2026-05-29 04:00:00+00:00,2,128.72,0.0,41.23,34.78,9.8,21.66,32.3,0.7
London,GB,51.5074,-0.1278,2026-05-29 05:00:00+00:00,2,124.45,0.13,38.87,32.65,9.42,21.51,32.71,0.83
London,GB,51.5074,-0.1278,2026-05-29 06:00:00+00:00,2,118.69,1.95,31.51,35.45,8.89,20.28,31.81,1.03
London,GB,51.5074,-0.1278,2026-05-29 07:00:00+00:00,2,113.51,3.17,24.33,39.51,8.15,18.21,29.58,1.16
London,GB,51.5074,-0.1278,2026-05-29 08:00:00+00:00,2,110.77,4.39,19.74,43.08,7.69,16.04,26.56,1.13
London,GB,51.5074,-0.1278,2026-05-29 09:00:00+00:00,2,109.6,5.62,17.35,45.39,7.94,14.19,23.76,1.13
London,GB,51.5074,-0.1278,2026-05-29 10:00:00+00:00,2,109.25,6.94,16.28,46.82,8.58,13.02,21.67,1.08
London,GB,51.5074,-0.1278,2026-05-29 11:00:00+00:00,2,109.26,8.0,16.16,47.7,9.04,12.14,19.82,0.94
London,GB,51.5074,-0.1278,2026-05-29 12:00:00+00:00,2,108.9,8.58,16.25,48.61,9.36,11.3,18.05,0.81
London,GB,51.5074,-0.1278,2026-05-29 13:00:00+00:00,2,107.87,6.64,19.21,46.51,8.98,10.18,15.69,0.67
London,GB,51.5074,-0.1278,2026-05-29 14:00:00+00:00,1,106.45,5.55,19.56,47.32,8.01,8.7,12.7,0.55
London,GB,51.5074,-0.1278,2026-05-29 15:00:00+00:00,1,105.03,4.33,19.16,50.0,7.13,7.12,9.88,0.51
London,GB,51.5074,-0.1278,2026-05-29 16:00:00+00:00,1,103.74,2.45,19.43,53.55,6.79,5.53,7.45,0.57
London,GB,51.5074,-0.1278,2026-05-29 17:00:00+00:00,1,103.48,1.5,20.15,55.04,7.08,4.46,6.0,0.66
London,GB,51.5074,-0.1278,2026-05-29 18:00:00+00:00,1,103.87,0.84,21.86,54.95,7.61,3.94,5.27,0.78
London,GB,51.5074,-0.1278,2026-05-29 19:00:00+00:00,1,105.09,0.4,23.94,54.69,8.06,3.75,4.94,0.9
London,GB,51.5074,-0.1278,2026-05-29 20:00:00+00:00,1,105.97,0.05,25.63,52.47,8.1,3.75,4.87,1.04
London,GB,51.5074,-0.1278,2026-05-29 21:00:00+00:00,1,106.94,0.0,26.36,48.67,7.88,3.77,4.91,1.26
London,GB,51.5074,-0.1278,2026-05-29 22:00:00+00:00,1,107.7,0.0,27.33,43.32,7.57,3.81,5.07,1.52
London,GB,51.5074,-0.1278,2026-05-29 23:00:00+00:00,1,108.44,0.0,28.61,37.25,7.4,3.88,5.34,1.8
London,GB,51.5074,-0.1278,2026-05-30 00:00:00+00:00,1,109.18,0.0,29.82,31.3,7.45,3.96,5.63,2.13
London,GB,51.5074,-0.1278,2026-05-30 01:00:00+00:00,1,109.71,0.01,30.47,26.74,7.74,4.04,5.96,2.44
London,GB,51.5074,-0.1278,2026-05-30 02:00:00+00:00,1,110.39,0.02,31.2,22.45,7.77,4.18,6.36,2.37
London,GB,51.5074,-0.1278,2026-05-30 03:00:00+00:00,1,110.99,0.03,31.53,18.52,7.66,4.33,6.69,2.14
London,GB,51.5074,-0.1278,2026-05-30 04:00:00+00:00,1,110.9,0.07,31.02,15.06,7.4,4.46,6.91,1.87
London,GB,51.5074,-0.1278,2026-05-30 05:00:00+00:00,1,111.05,0.6,29.67,12.81,7.22,4.63,7.19,1.62
London,GB,51.5074,-0.1278,2026-05-30 06:00:00+00:00,1,111.2,4.85,22.99,17.05,7.17,4.88,7.56,1.43
London,GB,51.5074,-0.1278,2026-05-30 07:00:00+00:00,1,111.56,8.73,17.31,21.19,7.12,5.18,7.99,1.3
London,GB,51.5074,-0.1278,2026-05-30 08:00:00+00:00,1,112.59,11.15,14.51,23.2,7.24,5.54,8.45,1.28
London,GB,51.5074,-0.1278,2026-05-30 09:00:00+00:00,1,113.99,12.66,13.36,24.82,7.69,6.01,9.03,1.35
London,GB,51.5074,-0.1278,2026-05-30 10:00:00+00:00,1,115.36,13.21,13.39,27.23,8.29,6.62,9.71,1.32
London,GB,51.5074,-0.1278,2026-05-30 11:00:00+00:00,1,116.33,13.4,14.02,29.33,8.83,7.34,10.45,1.17
London,GB,51.5074,-0.1278,2026-05-30 12:00:00+00:00,1,117.38,13.7,14.91,30.91,9.63,8.57,11.68,1.01
London,GB,51.5074,-0.1278,2026-05-30 13:00:00+00:00,1,119.39,14.46,16.57,31.94,10.73,9.89,13.16,0.97
London,GB,51.5074,-0.1278,2026-05-30 14:00:00+00:00,2,121.42,15.73,18.82,32.71,11.53,10.85,14.59,0.97
London,GB,51.5074,-0.1278,2026-05-30 15:00:00+00:00,2,123.09,15.93,20.66,35.88,11.72,12.02,16.59,0.89
London,GB,51.5074,-0.1278,2026-05-30 16:00:00+00:00,2,122.45,12.65,20.91,45.68,10.87,12.42,17.9,0.83
London,GB,51.5074,-0.1278,2026-05-30 17:00:00+00:00,2,118.76,7.08,19.69,60.4,9.2,10.94,16.89,0.79
London,GB,51.5074,-0.1278,2026-05-30 18:00:00+00:00,2,113.62,3.14,18.01,74.95,7.98,8.02,13.73,0.72
London,GB,51.5074,-0.1278,2026-05-30 19:00:00+00:00,2,109.22,0.85,16.73,84.67,7.45,5.28,9.9,0.73
London,GB,51.5074,-0.1278,2026-05-30 20:00:00+00:00,2,107.02,0.07,16.44,83.72,7.13,4.21,8.37,0.69
London,GB,51.5074,-0.1278,2026-05-30 21:00:00+00:00,2,106.19,0.0,15.08,82.29,6.87,4.13,8.33,0.76
London,GB,51.5074,-0.1278,2026-05-30 22:00:00+00:00,2,104.03,0.0,12.14,84.61,5.86,3.8,7.48,1.4
London,GB,51.5074,-0.1278,2026-05-30 23:00:00+00:00,2,103.12,0.0,11.65,81.23,5.7,3.47,6.65,2.22
London,GB,51.5074,-0.1278,2026-05-31 00:00:00+00:00,2,102.85,0.0,11.82,74.55,5.75,3.12,5.9,3.0
London,GB,51.5074,-0.1278,2026-05-31 01:00:00+00:00,2,103.01,0.0,11.71,68.86,5.66,2.75,5.2,3.39
London,GB,51.5074,-0.1278,2026-05-31 02:00:00+00:00,2,103.33,0.0,11.5,65.01,5.55,2.45,4.69,3.16
London,GB,51.5074,-0.1278,2026-05-31 03:00:00+00:00,2,103.65,0.0,11.29,62.14,5.44,2.32,4.48,2.72
London,GB,51.5074,-0.1278,2026-05-31 04:00:00+00:00,1,103.2,0.0,10.89,59.67,5.25,2.44,4.72,2.26
London,GB,51.5074,-0.1278,2026-05-31 05:00:00+00:00,1,102.99,0.01,10.72,58.16,5.14,2.85,5.65,1.84
London,GB,51.5074,-0.1278,2026-05-31 06:00:00+00:00,1,102.59,0.12,10.68,58.48,5.06,3.43,7.23,1.43
London,GB,51.5074,-0.1278,2026-05-31 07:00:00+00:00,1,102.53,0.29,10.98,59.48,5.15,3.98,8.95,0.99
London,GB,51.5074,-0.1278,2026-05-31 08:00:00+00:00,1,103.18,0.74,12.16,59.33,5.69,4.46,10.23,0.59
London,GB,51.5074,-0.1278,2026-05-31 09:00:00+00:00,1,104.01,1.31,12.74,59.17,6.04,4.76,10.57,0.35
London,GB,51.5074,-0.1278,2026-05-31 10:00:00+00:00,1,104.28,1.79,12.35,59.05,6.08,4.92,10.18,0.25
London,GB,51.5074,-0.1278,2026-05-31 11:00:00+00:00,1,104.09,1.96,11.26,59.72,5.89,4.87,9.25,0.25
London,GB,51.5074,-0.1278,2026-05-31 12:00:00+00:00,2,103.72,1.82,9.65,63.35,5.47,4.58,8.27,0.29
London,GB,51.5074,-0.1278,2026-05-31 13:00:00+00:00,2,103.99,1.68,7.4,71.42,4.9,4.06,7.55,0.32
London,GB,51.5074,-0.1278,2026-05-31 14:00:00+00:00,2,104.83,1.3,6.09,79.41,4.44,3.58,7.14,0.33
London,GB,51.5074,-0.1278,2026-05-31 15:00:00+00:00,2,105.01,1.08,5.42,84.24,4.11,3.32,7.04,0.29
London,GB,51.5074,-0.1278,2026-05-31 16:00:00+00:00,2,104.16,0.98,4.85,86.99,3.81,3.37,7.54,0.25
London,GB,51.5074,-0.1278,2026-05-31 17:00:00+00:00,2,102.73,0.85,4.92,87.98,3.79,3.83,9.2,0.2
London,GB,51.5074,-0.1278,2026-05-31 18:00:00+00:00,2,101.86,0.7,5.42,88.02,3.88,4.44,11.35,0.17
London,GB,51.5074,-0.1278,2026-05-31 19:00:00+00:00,2,101.76,0.38,6.53,86.51,4.07,4.96,12.96,0.16
London,GB,51.5074,-0.1278,2026-05-31 20:00:00+00:00,2,101.88,0.06,7.99,82.67,4.4,5.27,13.55,0.17
London,GB,51.5074,-0.1278,2026-05-31 21:00:00+00:00,2,102.1,0.0,8.71,77.55,4.65,5.3,13.11,0.25
London,GB,51.5074,-0.1278,2026-05-31 22:00:00+00:00,2,102.12,0.0,9.77,71.8,4.91,5.18,12.27,0.38
London,GB,51.5074,-0.1278,2026-05-31 23:00:00+00:00,2,102.59,0.0,11.59,65.79,5.39,5.15,11.67,0.48
London,GB,51.5074,-0.1278,2026-06-01 00:00:00+00:00,2,102.97,0.0,13.43,60.02,5.88,5.12,11.14,0.56
London,GB,51.5074,-0.1278,2026-06-01 01:00:00+00:00,1,103.39,0.0,15.09,55.03,6.4,5.19,10.91,0.57
London,GB,51.5074,-0.1278,2026-06-01 02:00:00+00:00,1,103.48,0.0,16.21,52.63,6.86,5.49,11.52,0.51
London,GB,51.5074,-0.1278,2026-06-01 03:00:00+00:00,1,103.58,0.0,16.3,53.35,7.07,5.96,13.01,0.41
London,GB,51.5074,-0.1278,2026-06-01 04:00:00+00:00,1,102.88,0.0,14.74,56.94,6.66,6.29,14.83,0.29
London,GB,51.5074,-0.1278,2026-06-01 05:00:00+00:00,2,102.51,0.01,12.66,62.25,5.99,6.26,16.11,0.17
London,GB,51.5074,-0.1278,2026-06-01 06:00:00+00:00,2,102.32,0.14,10.99,67.24,5.47,5.83,16.17,0.06
London,GB,51.5074,-0.1278,2026-06-01 07:00:00+00:00,2,102.11,0.35,8.86,71.51,4.8,5.13,15.11,0.0
London,GB,51.5074,-0.1278,2026-06-01 08:00:00+00:00,2,101.97,0.64,7.35,73.62,4.42,4.61,13.98,0.0
London,GB,51.5074,-0.1278,2026-06-01 09:00:00+00:00,2,101.75,0.91,6.17,75.33,4.22,4.42,13.37,0.0
London,GB,51.5074,-0.1278,2026-06-01 10:00:00+00:00,2,101.51,0.92,5.17,77.9,3.97,4.48,13.01,0.0
London,GB,51.5074,-0.1278,2026-06-01 11:00:00+00:00,2,101.54,0.84,4.71,80.63,3.85,4.62,12.52,0.02
London,GB,51.5074,-0.1278,2026-06-01 12:00:00+00:00,2,101.39,0.79,4.43,83.34,3.8,4.7,11.86,0.06
London,GB,51.5074,-0.1278,2026-06-01 13:00:00+00:00,2,101.75,0.81,4.8,85.08,4.01,4.78,11.29,0.15
London,GB,51.5074,-0.1278,2026-06-01 14:00:00+00:00,2,102.0,0.92,5.94,84.58,4.49,4.95,11.04,0.24
London,GB,51.5074,-0.1278,2026-06-01 15:00:00+00:00,2,102.14,1.0,7.12,83.3,4.78,4.98,10.56,0.32
London,GB,51.5074,-0.1278,2026-06-01 16:00:00+00:00,2,102.56,0.57,9.16,80.98,4.86,4.76,9.43,0.35
London,GB,51.5074,-0.1278,2026-06-01 17:00:00+00:00,2,102.59,0.38,10.73,78.11,4.79,4.31,7.85,0.35
London,GB,51.5074,-0.1278,2026-06-01 18:00:00+00:00,2,102.81,0.21,12.07,74.86,4.75,3.87,6.46,0.32
London,GB,51.5074,-0.1278,2026-06-01 19:00:00+00:00,2,104.01,0.05,13.37,71.66,4.49,3.45,5.05,0.26
London,GB,51.5074,-0.1278,2026-06-01 20:00:00+00:00,2,105.09,0.01,14.33,68.2,4.22,3.13,4.04,0.18
London,GB,51.5074,-0.1278,2026-06-01 21:00:00+00:00,2,106.17,0.0,15.24,64.82,4.12,2.93,3.55,0.14
London,GB,51.5074,-0.1278,2026-06-01 22:00:00+00:00,2,107.05,0.0,15.8,62.22,3.97,2.78,3.26,0.12
London,GB,51.5074,-0.1278,2026-06-01 23:00:00+00:00,2,107.0,0.0,15.17,60.15,3.65,2.55,3.01,0.11
London,GB,51.5074,-0.1278,2026-06-02 00:00:00+00:00,1,105.48,0.0,12.73,59.69,3.13,2.11,2.58,0.11
London,GB,51.5074,-0.1278,2026-06-02 01:00:00+00:00,2,103.12,0.0,8.99,60.86,2.42,1.54,1.99,0.09
London,GB,51.5074,-0.1278,2026-06-02 02:00:00+00:00,2,101.38,0.0,7.24,60.6,2.2,1.29,1.72,0.08
London,GB,51.5074,-0.1278,2026-06-02 03:00:00+00:00,1,100.28,0.0,6.96,58.16,2.19,1.24,1.66,0.07
London,GB,51.5074,-0.1278,2026-06-02 04:00:00+00:00,1,99.89,0.0,7.48,53.85,2.26,1.29,1.71,0.06
London,GB,51.5074,-0.1278,2026-06-02 05:00:00+00:00,1,99.94,0.0,8.4,48.84,2.47,1.47,2.01,0.05
London,GB,51.5074,-0.1278,2026-06-02 06:00:00+00:00,1,100.53,0.03,9.01,47.15,2.7,1.77,2.51,0.03
London,GB,51.5074,-0.1278,2026-06-02 07:00:00+00:00,1,101.93,0.14,8.43,50.91,3.04,2.09,3.37,0.04
London,GB,51.5074,-0.1278,2026-06-02 08:00:00+00:00,1,102.6,0.26,7.21,56.52,3.25,2.18,4.08,0.06
London,GB,51.5074,-0.1278,2026-06-02 09:00:00+00:00,2,102.99,0.37,5.91,62.47,3.11,2.03,4.13,0.09
London,GB,51.5074,-0.1278,2026-06-02 10:00:00+00:00,2,102.28,0.66,3.79,70.23,2.65,1.96,4.12,0.1
London,GB,51.5074,-0.1278,2026-06-02 11:00:00+00:00,2,102.2,0.65,2.67,77.67,2.45,2.18,4.91,0.1
London,GB,51.5074,-0.1278,2026-06-02 12:00:00+00:00,2,102.39,0.6,2.09,84.48,2.37,2.34,5.75,0.08
London,GB,51.5074,-0.1278,2026-06-02 13:00:00+00:00,2,102.48,0.51,1.77,89.02,2.2,2.16,5.66,0.05
London,GB,51.5074,-0.1278,2026-06-02 14:00:00+00:00,2,101.46,0.43,1.61,88.22,1.9,1.68,4.56,0.04
London,GB,51.5074,-0.1278,2026-06-02 15:00:00+00:00,2,100.9,0.39,1.55,85.47,1.68,1.3,3.65,0.05
London,GB,51.5074,-0.1278,2026-06-02 16:00:00+00:00,2,100.86,0.33,1.51,83.01,1.44,1.01,2.87,0.08
London,GB,51.5074,-0.1278,2026-06-02 17:00:00+00:00,2,100.62,0.31,1.66,80.54,1.39,0.88,2.51,0.12
London,GB,51.5074,-0.1278,2026-06-02 18:00:00+00:00,2,99.73,0.25,1.86,77.13,1.38,0.87,2.41,0.16
London,GB,51.5074,-0.1278,2026-06-02 19:00:00+00:00,2,99.29,0.14,2.19,73.16,1.44,0.94,2.51,0.22
London,GB,51.5074,-0.1278,2026-06-02 20:00:00+00:00,2,99.46,0.02,2.74,69.54,1.66,1.18,3.04,0.29
London,GB,51.5074,-0.1278,2026-06-02 21:00:00+00:00,2,100.27,0.0,3.05,67.72,1.84,1.36,3.46,0.36
London,GB,51.5074,-0.1278,2026-06-02 22:00:00+00:00,2,101.28,0.0,3.31,67.17,1.99,1.45,3.81,0.39
London,GB,51.5074,-0.1278,2026-06-02 23:00:00+00:00,2,102.13,0.0,3.57,66.93,2.15,1.56,4.35,0.39
London,GB,51.5074,-0.1278,2026-06-03 00:00:00+00:00,2,102.44,0.0,3.77,66.85,2.26,1.68,4.99,0.36
London,GB,51.5074,-0.1278,2026-06-03 01:00:00+00:00,2,102.24,0.0,3.84,66.91,2.31,1.77,5.5,0.32
London,GB,51.5074,-0.1278,2026-06-03 02:00:00+00:00,2,102.28,0.0,3.81,67.4,2.29,1.79,5.67,0.26
London,GB,51.5074,-0.1278,2026-06-03 03:00:00+00:00,2,102.13,0.0,3.72,67.9,2.27,1.76,5.61,0.2
London,GB,51.5074,-0.1278,2026-06-03 04:00:00+00:00,2,101.97,0.0,3.42,68.93,2.12,1.59,5.03,0.12
London,GB,51.5074,-0.1278,2026-06-03 05:00:00+00:00,2,102.52,0.01,3.3,69.95,2.06,1.43,4.46,0.05
London,GB,51.5074,-0.1278,2026-06-03 06:00:00+00:00,2,103.07,0.05,3.4,70.11,2.07,1.4,4.09,0.02
London,GB,51.5074,-0.1278,2026-06-03 07:00:00+00:00,2,103.58,0.08,3.52,70.4,2.1,1.51,4.0,0.01
London,GB,51.5074,-0.1278,2026-06-03 08:00:00+00:00,2,103.58,0.15,3.63,70.89,2.15,1.82,4.37,0.03
London,GB,51.5074,-0.1278,2026-06-03 09:00:00+00:00,2,103.4,0.21,3.56,71.3,2.12,2.18,4.77,0.11
London,GB,51.5074,-0.1278,2026-06-03 10:00:00+00:00,2,103.44,0.22,3.46,70.57,1.95,2.24,4.04,0.21
London,GB,51.5074,-0.1278,2026-06-03 11:00:00+00:00,2,102.95,0.24,3.36,69.02,1.71,2.16,3.39,0.23
London,GB,51.5074,-0.1278,2026-06-03 12:00:00+00:00,2,102.56,0.24,3.24,68.88,1.61,2.19,3.31,0.18
London,GB,51.5074,-0.1278,2026-06-03 13:00:00+00:00,2,102.65,0.38,2.87,70.68,1.67,2.7,4.29,0.14
London,GB,51.5074,-0.1278,2026-06-03 14:00:00+00:00,2,102.29,0.49,2.53,71.47,1.86,3.75,6.15,0.07
London,GB,51.5074,-0.1278,2026-06-03 15:00:00+00:00,2,101.84,0.55,2.21,71.0,2.08,4.94,8.77,0.02
London,GB,51.5074,-0.1278,2026-06-03 16:00:00+00:00,2,101.86,0.51,1.95,70.71,2.24,5.01,11.25,0.0
London,GB,51.5074,-0.1278,2026-06-03 17:00:00+00:00,2,102.07,0.42,1.96,70.8,2.2,3.84,10.93,0.0
London,GB,51.5074,-0.1278,2026-06-03 18:00:00+00:00,2,102.19,0.32,2.14,70.2,2.08,2.97,9.08,0.01
London,GB,51.5074,-0.1278,2026-06-03 19:00:00+00:00,2,102.4,0.15,2.42,70.06,1.97,2.65,7.77,0.01
London,GB,51.5074,-0.1278,2026-06-03 20:00:00+00:00,2,102.42,0.02,2.59,70.31,1.9,2.67,7.36,0.01
London,GB,51.5074,-0.1278,2026-06-03 21:00:00+00:00,2,102.9,0.0,2.54,70.71,1.83,2.91,7.36,0.01
London,GB,51.5074,-0.1278,2026-06-03 22:00:00+00:00,2,102.9,0.0,2.52,70.64,1.8,3.18,7.46,0.01
London,GB,51.5074,-0.1278,2026-06-03 23:00:00+00:00,2,103.15,0.0,2.6,70.39,1.8,3.38,7.34,0.02
London,GB,51.5074,-0.1278,2026-06-04 00:00:00+00:00,2,103.04,0.0,2.61,69.83,1.77,3.4,6.84,0.02
London,GB,51.5074,-0.1278,2026-06-04 01:00:00+00:00,2,102.72,0.0,2.52,69.87,1.67,3.22,6.02,0.02
London,GB,51.5074,-0.1278,2026-06-04 02:00:00+00:00,2,102.63,0.0,2.44,69.82,1.59,3.15,5.69,0.02
London,GB,51.5074,-0.1278,2026-06-04 03:00:00+00:00,2,102.55,0.0,2.42,69.6,1.57,3.13,5.62,0.02
London,GB,51.5074,-0.1278,2026-06-04 04:00:00+00:00,2,102.81,0.0,2.41,69.36,1.53,3.03,5.35,0.01
London,GB,51.5074,-0.1278,2026-06-04 05:00:00+00:00,2,103.04,0.01,2.43,68.22,1.5,2.84,4.86,0.01
London,GB,51.5074,-0.1278,2026-06-04 06:00:00+00:00,2,103.18,0.08,2.35,67.01,1.46,2.6,4.46,0.01
London,GB,51.5074,-0.1278,2026-06-04 07:00:00+00:00,2,103.15,0.18,2.13,67.36,1.4,2.25,3.94,0.01
London,GB,51.5074,-0.1278,2026-06-04 08:00:00+00:00,2,103.32,0.23,1.93,69.05,1.33,1.87,3.45,0.01
London,GB,51.5074,-0.1278,2026-06-04 09:00:00+00:00,2,103.67,0.24,1.74,70.28,1.26,1.52,2.97,0.01
London,GB,51.5074,-0.1278,2026-06-04 10:00:00+00:00,2,103.41,0.24,1.52,70.29,1.23,1.34,3.08,0.01
London,GB,51.5074,-0.1278,2026-06-04 11:00:00+00:00,2,102.46,0.26,1.37,70.1,1.28,1.27,3.37,0.02
London,GB,51.5074,-0.1278,2026-06-04 12:00:00+00:00,2,101.87,0.29,1.25,70.62,1.33,1.3,3.66,0.02
London,GB,51.5074,-0.1278,2026-06-04 13:00:00+00:00,2,101.87,0.31,1.12,71.87,1.35,1.37,4.03,0.02
London,GB,51.5074,-0.1278,2026-06-04 14:00:00+00:00,2,101.81,0.31,1.05,72.59,1.33,1.36,4.1,0.03
London,GB,51.5074,-0.1278,2026-06-04 15:00:00+00:00,2,101.76,0.31,1.04,72.86,1.29,1.28,3.89,0.03
London,GB,51.5074,-0.1278,2026-06-04 16:00:00+00:00,2,101.63,0.31,1.14,72.26,1.29,1.19,3.67,0.04
London,GB,51.5074,-0.1278,2026-06-04 17:00:00+00:00,2,101.78,0.3,1.4,71.21,1.35,1.14,3.57,0.06
London,GB,51.5074,-0.1278,2026-06-04 18:00:00+00:00,2,102.11,0.24,1.77,70.08,1.42,1.12,3.52,0.07
London,GB,51.5074,-0.1278,2026-06-04 19:00:00+00:00,2,102.09,0.13,2.22,68.96,1.51,1.1,3.44,0.09
London,GB,51.5074,-0.1278,2026-06-04 20:00:00+00:00,2,102.17,0.02,2.59,68.15,1.58,1.09,3.27,0.11
London,GB,51.5074,-0.1278,2026-06-04 21:00:00+00:00,2,102.26,0.0,2.74,67.58,1.63,1.12,3.17,0.14
London,GB,51.5074,-0.1278,2026-06-04 22:00:00+00:00,2,101.89,0.0,2.84,67.24,1.68,1.19,3.23,0.17
London,GB,51.5074,-0.1278,2026-06-04 23:00:00+00:00,2,102.07,0.0,2.96,67.23,1.77,1.37,3.61,0.21
London,GB,51.5074,-0.1278,2026-06-05 00:00:00+00:00,2,102.53,0.0,3.06,67.76,1.86,1.57,4.06,0.26
London,GB,51.5074,-0.1278,2026-06-05 01:00:00+00:00,2,102.82,0.0,3.01,69.01,1.86,1.65,4.18,0.28
London,GB,51.5074,-0.1278,2026-06-05 02:00:00+00:00,2,103.48,0.0,2.87,71.21,1.78,1.67,4.08,0.3
London,GB,51.5074,-0.1278,2026-06-05 03:00:00+00:00,2,103.86,0.0,2.68,73.57,1.68,1.66,3.93,0.3
London,GB,51.5074,-0.1278,2026-06-05 04:00:00+00:00,2,103.97,0.0,2.36,76.1,1.5,1.42,3.34,0.28
London,GB,51.5074,-0.1278,2026-06-05 05:00:00+00:00,2,104.54,0.01,2.16,78.63,1.37,1.07,2.48,0.23
London,GB,51.5074,-0.1278,2026-06-05 06:00:00+00:00,2,104.84,0.07,2.1,80.69,1.34,0.88,1.98,0.21
London,GB,51.5074,-0.1278,2026-06-05 07:00:00+00:00,2,104.74,0.19,1.99,82.33,1.38,0.76,1.75,0.2
London,GB,51.5074,-0.1278,2026-06-05 08:00:00+00:00,2,104.79,0.33,1.9,84.75,1.48,0.73,1.74,0.18
London,GB,51.5074,-0.1278,2026-06-05 09:00:00+00:00,2,104.94,0.42,1.77,87.89,1.59,0.78,1.9,0.18
London,GB,51.5074,-0.1278,2026-06-05 10:00:00+00:00,2,104.88,0.43,1.63,91.4,1.69,0.87,2.18,0.16
London,GB,51.5074,-0.1278,2026-06-05 11:00:00+00:00,2,105.26,0.4,1.51,95.22,1.77,1.0,2.48,0.12
London,GB,51.5074,-0.1278,2026-06-05 12:00:00+00:00,2,105.55,0.37,1.43,98.64,1.83,1.11,2.65,0.07
London,GB,51.5074,-0.1278,2026-06-05 13:00:00+00:00,3,105.74,0.35,1.4,101.18,1.87,1.17,2.65,0.03
London,GB,51.5074,-0.1278,2026-06-05 14:00:00+00:00,3,105.56,0.33,1.37,102.78,1.87,1.18,2.51,0.01
London,GB,51.5074,-0.1278,2026-06-05 15:00:00+00:00,3,105.2,0.32,1.38,103.58,1.85,1.16,2.39,0.0
London,GB,51.5074,-0.1278,2026-06-05 16:00:00+00:00,3,104.71,0.29,1.59,103.31,1.89,1.16,2.36,0.01
London,GB,51.5074,-0.1278,2026-06-05 17:00:00+00:00,3,104.66,0.25,2.27,101.43,2.14,1.23,2.45,0.04
London,GB,51.5074,-0.1278,2026-06-05 18:00:00+00:00,2,104.6,0.13,3.35,98.76,2.49,1.3,2.57,0.14
London,GB,51.5074,-0.1278,2026-06-05 19:00:00+00:00,2,105.19,0.03,5.6,95.15,3.47,1.49,2.89,0.24
London,GB,51.5074,-0.1278,2026-06-05 20:00:00+00:00,2,105.8,0.01,8.72,90.76,4.85,1.86,3.5,0.29
London,GB,51.5074,-0.1278,2026-06-05 21:00:00+00:00,2,105.94,0.0,10.02,87.16,5.24,2.05,3.77,0.35
London,GB,51.5074,-0.1278,2026-06-05 22:00:00+00:00,2,105.67,0.0,8.77,85.68,4.37,1.8,3.11,0.55
London,GB,51.5074,-0.1278,2026-06-05 23:00:00+00:00,2,105.29,0.0,6.69,84.8,3.39,1.36,2.22,0.76
London,GB,51.5074,-0.1278,2026-06-06 00:00:00+00:00,2,105.09,0.0,5.17,84.16,2.77,1.01,1.65,0.92
London,GB,51.5074,-0.1278,2026-06-06 01:00:00+00:00,2,104.54,0.0,3.38,85.43,1.8,0.67,1.08,0.99
London,GB,51.5074,-0.1278,2026-06-06 02:00:00+00:00,2,103.37,0.0,2.93,84.51,1.47,0.57,0.84,0.87
London,GB,51.5074,-0.1278,2026-06-06 03:00:00+00:00,2,102.39,0.0,2.64,83.27,1.26,0.51,0.79,0.68
London,GB,51.5074,-0.1278,2026-06-06 04:00:00+00:00,2,102.05,0.0,2.35,83.23,1.12,0.5,0.84,0.47
London,GB,51.5074,-0.1278,2026-06-06 05:00:00+00:00,2,101.91,0.0,2.33,82.63,1.11,0.56,0.99,0.32
London,GB,51.5074,-0.1278,2026-06-06 06:00:00+00:00,2,102.04,0.01,2.37,82.59,1.14,0.68,1.18,0.26
London,GB,51.5074,-0.1278,2026-06-06 07:00:00+00:00,2,102.46,0.07,2.49,83.26,1.22,0.83,1.44,0.26
London,GB,51.5074,-0.1278,2026-06-06 08:00:00+00:00,2,102.97,0.23,2.57,84.65,1.41,1.15,1.93,0.27
London,GB,51.5074,-0.1278,2026-06-06 09:00:00+00:00,2,103.57,0.4,2.47,86.11,1.67,1.98,3.29,0.22
London,GB,51.5074,-0.1278,2026-06-06 10:00:00+00:00,2,105.32,0.39,2.21,89.17,1.78,2.83,4.81,0.12
London,GB,51.5074,-0.1278,2026-06-06 11:00:00+00:00,2,105.55,0.26,1.96,91.18,1.62,2.78,4.61,0.05
London,GB,51.5074,-0.1278,2026-06-06 12:00:00+00:00,2,104.77,0.17,1.88,90.35,1.48,2.63,4.15,0.02
London,GB,51.5074,-0.1278,2026-06-06 13:00:00+00:00,2,104.36,0.11,1.8,89.53,1.43,2.83,4.59,0.01
London,GB,51.5074,-0.1278,2026-06-06 14:00:00+00:00,2,103.86,0.1,1.71,90.36,1.51,3.06,5.83,0.01
London,GB,51.5074,-0.1278,2026-06-06 15:00:00+00:00,2,103.73,0.09,1.65,91.2,1.62,3.27,7.66,0.01
London,GB,51.5074,-0.1278,2026-06-06 16:00:00+00:00,2,103.26,0.1,1.56,91.02,1.72,3.34,10.94,0.01
London,GB,51.5074,-0.1278,2026-06-06 17:00:00+00:00,2,103.07,0.08,1.64,89.45,1.81,3.22,13.33,0.02
London,GB,51.5074,-0.1278,2026-06-06 18:00:00+00:00,2,102.89,0.05,1.76,87.09,1.79,2.85,12.35,0.04
London,GB,51.5074,-0.1278,2026-06-06 19:00:00+00:00,2,102.82,0.04,1.88,84.74,1.77,2.56,11.35,0.05
London,GB,51.5074,-0.1278,2026-06-06 20:00:00+00:00,2,103.23,0.01,2.1,83.34,1.83,2.39,10.75,0.06
London,GB,51.5074,-0.1278,2026-06-06 21:00:00+00:00,2,103.46,0.0,2.28,83.21,1.89,2.33,10.46,0.07
London,GB,51.5074,-0.1278,2026-06-06 22:00:00+00:00,2,103.47,0.0,2.43,84.17,1.95,2.33,10.35,0.08
London,GB,51.5074,-0.1278,2026-06-06 23:00:00+00:00,2,103.47,0.0,2.54,86.07,1.98,2.32,10.12,0.09
London,GB,51.5074,-0.1278,2026-06-07 00:00:00+00:00,2,103.28,0.0,2.62,86.46,2.02,2.27,9.76,0.1
London,GB,51.5074,-0.1278,2026-06-07 01:00:00+00:00,2,103.18,0.0,2.71,84.71,2.04,2.16,9.17,0.1
London,GB,51.5074,-0.1278,2026-06-07 02:00:00+00:00,2,103.46,0.0,2.87,81.76,2.1,2.08,8.7,0.08
London,GB,51.5074,-0.1278,2026-06-07 03:00:00+00:00,2,104.19,0.0,3.05,79.36,2.2,2.04,8.26,0.05
London,GB,51.5074,-0.1278,2026-06-07 04:00:00+00:00,2,104.36,0.0,3.43,77.5,2.39,2.0,7.62,0.03
London,GB,51.5074,-0.1278,2026-06-07 05:00:00+00:00,2,104.4,0.01,4.11,76.34,2.73,2.05,7.26,0.01
London,GB,51.5074,-0.1278,2026-06-07 06:00:00+00:00,2,104.54,0.15,4.62,75.98,3.0,2.24,7.25,0.01
London,GB,51.5074,-0.1278,2026-06-07 07:00:00+00:00,2,104.3,0.38,4.79,76.08,3.18,2.54,7.57,0.01
London,GB,51.5074,-0.1278,2026-06-07 08:00:00+00:00,2,104.13,0.55,4.74,76.49,3.22,2.84,8.01,0.02
London,GB,51.5074,-0.1278,2026-06-07 09:00:00+00:00,2,103.77,0.63,4.49,77.7,3.17,3.03,8.28,0.04
London,GB,51.5074,-0.1278,2026-06-07 10:00:00+00:00,2,103.58,0.67,4.04,79.61,3.08,3.14,8.44,0.07
London,GB,51.5074,-0.1278,2026-06-07 11:00:00+00:00,2,103.19,0.72,3.54,82.31,3.07,3.25,8.65,0.08
London,GB,51.5074,-0.1278,2026-06-07 12:00:00+00:00,2,102.98,0.73,3.15,85.48,3.08,3.39,9.01,0.09
London,GB,51.5074,-0.1278,2026-06-07 13:00:00+00:00,2,102.75,0.72,3.21,88.0,3.27,3.59,9.48,0.12
London,GB,51.5074,-0.1278,2026-06-07 14:00:00+00:00,2,103.25,0.71,3.78,89.3,3.59,3.74,9.71,0.16
London,GB,51.5074,-0.1278,2026-06-07 15:00:00+00:00,2,103.66,0.65,4.48,90.21,3.84,3.78,9.61,0.2
London,GB,51.5074,-0.1278,2026-06-07 16:00:00+00:00,2,104.35,0.72,5.61,90.24,4.33,3.85,9.56,0.22
London,GB,51.5074,-0.1278,2026-06-07 17:00:00+00:00,2,105.4,0.7,8.22,87.72,5.19,4.08,9.86,0.23
London,GB,51.5074,-0.1278,2026-06-07 18:00:00+00:00,2,106.46,0.49,11.42,83.78,5.93,4.36,10.23,0.24
London,GB,51.5074,-0.1278,2026-06-07 19:00:00+00:00,2,107.73,0.12,14.72,79.23,6.57,4.66,10.54,0.23
London,GB,51.5074,-0.1278,2026-06-07 20:00:00+00:00,2,108.93,0.01,17.49,73.74,7.14,4.96,10.57,0.22
London,GB,51.5074,-0.1278,2026-06-07 21:00:00+00:00,2,109.48,0.0,19.99,67.86,7.61,5.27,10.5,0.21
London,GB,51.5074,-0.1278,2026-06-07 22:00:00+00:00,2,109.83,0.0,22.27,61.97,7.74,5.58,10.25,0.2
London,GB,51.5074,-0.1278,2026-06-07 23:00:00+00:00,1,109.89,0.0,23.84,56.63,7.63,5.72,9.79,0.21
London,GB,51.5074,-0.1278,2026-06-08 00:00:00+00:00,1,109.58,0.0,24.44,52.56,7.43,5.58,9.05,0.25
London,GB,51.5074,-0.1278,2026-06-08 01:00:00+00:00,1,108.79,0.0,23.51,50.4,7.07,5.18,8.04,0.32
London,GB,51.5074,-0.1278,2026-06-08 02:00:00+00:00,1,107.63,0.0,21.54,49.5,6.6,4.62,6.93,0.42
London,GB,51.5074,-0.1278,2026-06-08 03:00:00+00:00,1,106.28,0.0,18.88,49.79,6.12,4.04,5.92,0.53
London,GB,51.5074,-0.1278,2026-06-08 04:00:00+00:00,1,105.02,0.0,15.99,51.83,5.65,3.51,5.17,0.61
London,GB,51.5074,-0.1278,2026-06-08 05:00:00+00:00,1,103.76,0.01,13.49,54.25,5.14,2.98,4.57,0.62
London,GB,51.5074,-0.1278,2026-06-08 06:00:00+00:00,1,102.31,0.1,11.14,57.78,4.55,2.48,3.99,0.58
London,GB,51.5074,-0.1278,2026-06-08 07:00:00+00:00,2,101.34,0.2,8.14,63.68,3.61,2.01,3.34,0.52
London,GB,51.5074,-0.1278,2026-06-08 08:00:00+00:00,2,101.04,0.23,6.25,68.18,3.04,1.69,2.87,0.42
London,GB,51.5074,-0.1278,2026-06-08 09:00:00+00:00,2,100.93,0.23,4.89,72.59,2.59,1.46,2.49,0.32
London,GB,51.5074,-0.1278,2026-06-08 10:00:00+00:00,2,100.91,0.22,3.8,76.85,2.07,1.27,1.98,0.21
London,GB,51.5074,-0.1278,2026-06-08 11:00:00+00:00,2,101.07,0.36,4.06,78.02,2.18,1.33,1.93,0.13
London,GB,51.5074,-0.1278,2026-06-08 12:00:00+00:00,2,101.51,0.51,4.5,78.71,2.38,1.51,2.18,0.08
London,GB,51.5074,-0.1278,2026-06-08 13:00:00+00:00,2,101.82,0.74,4.52,79.92,2.6,1.81,2.79,0.07
London,GB,51.5074,-0.1278,2026-06-08 14:00:00+00:00,2,101.98,0.87,3.86,81.16,2.71,2.11,3.54,0.12
London,GB,51.5074,-0.1278,2026-06-08 15:00:00+00:00,2,102.06,0.82,2.98,81.62,2.59,2.16,3.74,0.25
London,GB,51.5074,-0.1278,2026-06-08 16:00:00+00:00,2,101.61,0.6,2.19,83.85,2.12,1.7,2.97,0.37
London,GB,51.5074,-0.1278,2026-06-08 17:00:00+00:00,2,101.38,0.4,1.93,87.45,1.78,1.15,2.19,0.41
London,GB,51.5074,-0.1278,2026-06-08 18:00:00+00:00,2,101.42,0.29,2.03,88.51,1.68,0.93,2.1,0.43
London,GB,51.5074,-0.1278,2026-06-08 19:00:00+00:00,2,101.9,0.14,2.13,87.5,1.54,0.83,2.12,0.43
London,GB,51.5074,-0.1278,2026-06-08 20:00:00+00:00,2,102.25,0.02,2.28,85.03,1.51,0.79,2.17,0.44
London,GB,51.5074,-0.1278,2026-06-08 21:00:00+00:00,2,102.42,0.0,2.27,82.64,1.49,0.76,2.19,0.45
London,GB,51.5074,-0.1278,2026-06-08 22:00:00+00:00,2,102.32,0.0,2.28,80.65,1.48,0.72,2.17,0.43
London,GB,51.5074,-0.1278,2026-06-08 23:00:00+00:00,2,102.14,0.0,2.32,79.77,1.5,0.71,2.17,0.38
London,GB,51.5074,-0.1278,2026-06-09 00:00:00+00:00,2,102.24,0.0,2.34,79.85,1.52,0.7,2.18,0.3
London,GB,51.5074,-0.1278,2026-06-09 01:00:00+00:00,2,101.38,0.0,2.34,80.3,1.49,0.69,2.09,0.21
London,GB,51.5074,-0.1278,2026-06-09 02:00:00+00:00,2,101.04,0.0,2.29,81.59,1.43,0.68,1.96,0.15
London,GB,51.5074,-0.1278,2026-06-09 03:00:00+00:00,2,100.98,0.0,2.2,82.41,1.35,0.69,1.88,0.11
London,GB,51.5074,-0.1278,2026-06-09 04:00:00+00:00,2,100.98,0.0,2.07,82.66,1.27,0.7,1.78,0.07
London,GB,51.5074,-0.1278,2026-06-09 05:00:00+00:00,2,101.24,0.01,2.03,81.92,1.23,0.67,1.62,0.05
London,GB,51.5074,-0.1278,2026-06-09 06:00:00+00:00,2,101.49,0.07,2.01,79.6,1.22,0.63,1.5,0.04
London,GB,51.5074,-0.1278,2026-06-09 07:00:00+00:00,2,100.84,0.17,1.91,77.05,1.23,0.61,1.41,0.03
London,GB,51.5074,-0.1278,2026-06-09 08:00:00+00:00,2,99.74,0.25,1.78,75.71,1.24,0.61,1.39,0.03
London,GB,51.5074,-0.1278,2026-06-09 09:00:00+00:00,2,99.01,0.28,1.6,75.8,1.23,0.64,1.43,0.03
London,GB,51.5074,-0.1278,2026-06-09 10:00:00+00:00,2,98.73,0.29,1.38,77.15,1.2,0.67,1.53,0.04
London,GB,51.5074,-0.1278,2026-06-09 11:00:00+00:00,2,99.29,0.31,1.19,78.74,1.2,0.7,1.62,0.04
London,GB,51.5074,-0.1278,2026-06-09 12:00:00+00:00,2,99.66,0.31,1.07,80.33,1.19,0.72,1.71,0.05
London,GB,51.5074,-0.1278,2026-06-09 13:00:00+00:00,2,100.01,0.29,1.02,81.59,1.19,0.75,1.87,0.06
London,GB,51.5074,-0.1278,2026-06-09 14:00:00+00:00,2,100.08,0.27,1.03,82.2,1.19,0.76,2.0,0.07
London,GB,51.5074,-0.1278,2026-06-09 15:00:00+00:00,2,100.33,0.25,1.08,82.9,1.19,0.74,2.06,0.07
London,GB,51.5074,-0.1278,2026-06-09 16:00:00+00:00,2,100.86,0.23,1.17,83.59,1.19,0.68,2.03,0.08
London,GB,51.5074,-0.1278,2026-06-09 17:00:00+00:00,2,101.3,0.18,1.39,83.02,1.21,0.63,1.98,0.09
London,GB,51.5074,-0.1278,2026-06-09 18:00:00+00:00,2,101.56,0.11,1.66,81.57,1.24,0.59,1.89,0.09
London,GB,51.5074,-0.1278,2026-06-09 19:00:00+00:00,2,101.84,0.05,1.88,80.06,1.23,0.53,1.67,0.1
London,GB,51.5074,-0.1278,2026-06-09 20:00:00+00:00,2,102.15,0.01,1.98,78.82,1.19,0.5,1.34,0.11
London,GB,51.5074,-0.1278,2026-06-09 21:00:00+00:00,2,102.46,0.0,1.99,77.81,1.16,0.5,1.12,0.12
London,GB,51.5074,-0.1278,2026-06-09 22:00:00+00:00,2,102.48,0.0,2.03,76.79,1.15,0.5,0.98,0.12
London,GB,51.5074,-0.1278,2026-06-09 23:00:00+00:00,2,102.75,0.0,2.15,75.75,1.2,0.5,0.91,0.13
London,GB,51.5074,-0.1278,2026-06-10 00:00:00+00:00,2,102.92,0.0,2.27,74.79,1.27,0.5,0.89,0.13
London,GB,51.5074,-0.1278,2026-06-10 01:00:00+00:00,2,102.68,0.0,2.35,73.94,1.32,0.5,0.93,0.13
London,GB,51.5074,-0.1278,2026-06-10 02:00:00+00:00,2,102.94,0.0,2.33,73.83,1.33,0.5,1.03,0.12
London,GB,51.5074,-0.1278,2026-06-10 03:00:00+00:00,2,103.11,0.0,2.27,73.97,1.32,0.52,1.16,0.11
London,GB,51.5074,-0.1278,2026-06-10 04:00:00+00:00,2,103.06,0.0,2.21,74.4,1.31,0.53,1.27,0.09
London,GB,51.5074,-0.1278,2026-06-10 05:00:00+00:00,2,103.18,0.01,2.19,75.37,1.31,0.53,1.35,0.08
London,GB,51.5074,-0.1278,2026-06-10 06:00:00+00:00,2,103.2,0.11,2.08,76.74,1.31,0.52,1.39,0.08
London,GB,51.5074,-0.1278,2026-06-10 07:00:00+00:00,2,103.12,0.23,1.87,78.58,1.32,0.5,1.35,0.08
London,GB,51.5074,-0.1278,2026-06-10 08:00:00+00:00,2,102.75,0.28,1.78,80.34,1.32,0.5,1.23,0.08
London,GB,51.5074,-0.1278,2026-06-10 09:00:00+00:00,2,102.01,0.28,1.73,81.54,1.32,0.5,1.07,0.08
London,GB,51.5074,-0.1278,2026-06-10 10:00:00+00:00,2,101.45,0.27,1.7,81.78,1.3,0.5,0.95,0.09
London,GB,51.5074,-0.1278,2026-06-10 11:00:00+00:00,2,101.06,0.25,1.63,81.6,1.27,0.5,0.87,0.1
London,GB,51.5074,-0.1278,2026-06-10 12:00:00+00:00,2,101.05,0.24,1.54,81.83,1.25,0.5,0.87,0.1
London,GB,51.5074,-0.1278,2026-06-10 13:00:00+00:00,2,100.92,0.23,1.42,82.68,1.23,0.5,0.96,0.1
London,GB,51.5074,-0.1278,2026-06-10 14:00:00+00:00,2,100.42,0.23,1.29,83.52,1.19,0.5,1.09,0.08
London,GB,51.5074,-0.1278,2026-06-10 15:00:00+00:00,2,99.54,0.24,1.21,84.36,1.14,0.5,1.18,0.08
London,GB,51.5074,-0.1278,2026-06-10 16:00:00+00:00,2,99.04,0.21,1.26,84.89,1.1,0.5,1.18,0.08
London,GB,51.5074,-0.1278,2026-06-10 17:00:00+00:00,2,99.49,0.15,1.49,82.33,1.07,0.5,1.06,0.11
London,GB,51.5074,-0.1278,2026-06-10 18:00:00+00:00,2,100.39,0.06,1.74,77.22,1.05,0.5,0.89,0.15
London,GB,51.5074,-0.1278,2026-06-10 19:00:00+00:00,2,100.76,0.02,1.92,73.01,1.06,0.5,0.75,0.2
London,GB,51.5074,-0.1278,2026-06-10 20:00:00+00:00,2,100.68,0.01,2.12,70.55,1.13,0.5,0.65,0.26
London,GB,51.5074,-0.1278,2026-06-10 21:00:00+00:00,2,100.78,0.0,2.34,69.28,1.23,0.5,0.59,0.32
London,GB,51.5074,-0.1278,2026-06-10 22:00:00+00:00,2,101.1,0.0,2.5,68.67,1.3,0.5,0.56,0.35
London,GB,51.5074,-0.1278,2026-06-10 23:00:00+00:00,2,101.46,0.0,2.5,68.65,1.3,0.5,0.56,0.34
London,GB,51.5074,-0.1278,2026-06-11 00:00:00+00:00,2,101.44,0.0,2.41,68.62,1.28,0.5,0.59,0.32
London,GB,51.5074,-0.1278,2026-06-11 01:00:00+00:00,2,101.24,0.0,2.31,68.43,1.28,0.5,0.65,0.29
London,GB,51.5074,-0.1278,2026-06-11 02:00:00+00:00,2,101.13,0.0,2.31,68.09,1.32,0.5,0.77,0.28
London,GB,51.5074,-0.1278,2026-06-11 03:00:00+00:00,2,101.3,0.0,2.36,67.82,1.39,0.54,0.97,0.28
London,GB,51.5074,-0.1278,2026-06-11 04:00:00+00:00,2,101.16,0.0,2.75,66.81,1.65,0.64,1.4,0.28
London,GB,51.5074,-0.1278,2026-06-11 05:00:00+00:00,2,101.72,0.0,3.54,65.53,2.11,0.91,2.15,0.31
London,GB,51.5074,-0.1278,2026-06-11 06:00:00+00:00,2,102.27,0.03,4.12,65.21,2.38,1.14,2.72,0.3
London,GB,51.5074,-0.1278,2026-06-11 07:00:00+00:00,2,102.83,0.09,4.31,65.93,2.35,1.21,2.65,0.23
London,GB,51.5074,-0.1278,2026-06-11 08:00:00+00:00,2,103.39,0.18,4.1,67.92,2.13,1.16,2.22,0.13
London,GB,51.5074,-0.1278,2026-06-11 09:00:00+00:00,2,104.32,0.29,3.75,70.64,2.01,1.15,2.03,0.05
London,GB,51.5074,-0.1278,2026-06-11 10:00:00+00:00,2,104.86,0.29,3.6,73.26,1.97,1.33,2.26,0.01
London,GB,51.5074,-0.1278,2026-06-11 11:00:00+00:00,2,105.28,0.3,3.61,75.63,2.03,1.79,3.1,0.0
London,GB,51.5074,-0.1278,2026-06-11 12:00:00+00:00,2,104.96,0.3,3.59,77.19,2.09,2.24,3.96,0.0
London,GB,51.5074,-0.1278,2026-06-11 13:00:00+00:00,2,104.31,0.21,3.62,77.21,2.11,2.6,4.87,0.02
London,GB,51.5074,-0.1278,2026-06-11 14:00:00+00:00,2,103.54,0.2,3.6,76.8,2.15,2.85,5.46,0.06
London,GB,51.5074,-0.1278,2026-06-11 15:00:00+00:00,2,102.48,0.17,3.52,77.82,2.13,3.14,5.88,0.07
London,GB,51.5074,-0.1278,2026-06-11 16:00:00+00:00,2,101.46,0.21,3.39,80.69,2.27,3.67,7.38,0.04
London,GB,51.5074,-0.1278,2026-06-11 17:00:00+00:00,2,100.2,0.16,3.61,82.55,2.52,4.23,9.29,0.01
London,GB,51.5074,-0.1278,2026-06-11 18:00:00+00:00,2,98.93,0.12,3.94,80.75,2.71,4.68,10.88,0.0
London,GB,51.5074,-0.1278,2026-06-11 19:00:00+00:00,2,98.45,0.07,4.57,75.65,2.96,5.07,11.85,0.0
London,GB,51.5074,-0.1278,2026-06-11 20:00:00+00:00,2,98.1,0.02,5.36,69.48,3.25,5.38,12.56,0.0
London,GB,51.5074,-0.1278,2026-06-11 21:00:00+00:00,2,97.39,0.0,5.76,63.34,3.37,5.34,12.42,0.01
London,GB,51.5074,-0.1278,2026-06-11 22:00:00+00:00,1,96.3,0.0,6.07,58.24,3.37,4.9,11.51,0.03
London,GB,51.5074,-0.1278,2026-06-11 23:00:00+00:00,1,95.32,0.0,6.28,54.12,3.35,4.37,10.47,0.05
London,GB,51.5074,-0.1278,2026-06-12 00:00:00+00:00,1,94.61,0.0,6.37,50.8,3.34,4.15,10.1,0.07
London,GB,51.5074,-0.1278,2026-06-12 01:00:00+00:00,1,93.97,0.0,6.34,48.11,3.32,4.13,10.06,0.09
London,GB,51.5074,-0.1278,2026-06-12 02:00:00+00:00,1,93.21,0.0,6.17,46.07,3.21,4.13,10.0,0.1
London,GB,51.5074,-0.1278,2026-06-12 03:00:00+00:00,1,92.64,0.0,5.84,44.71,3.01,3.96,9.43,0.1
London,GB,51.5074,-0.1278,2026-06-12 04:00:00+00:00,1,91.9,0.0,5.5,44.11,2.82,3.6,8.47,0.1
London,GB,51.5074,-0.1278,2026-06-12 05:00:00+00:00,1,91.73,0.01,5.87,43.53,2.98,3.53,8.33,0.1
London,GB,51.5074,-0.1278,2026-06-12 06:00:00+00:00,1,91.74,0.15,6.08,43.37,3.14,3.61,8.42,0.1
London,GB,51.5074,-0.1278,2026-06-12 07:00:00+00:00,1,91.48,0.59,5.78,43.94,3.28,3.69,8.49,0.1
London,GB,51.5074,-0.1278,2026-06-12 08:00:00+00:00,1,91.51,1.02,5.57,44.71,3.44,3.77,8.79,0.09
London,GB,51.5074,-0.1278,2026-06-12 09:00:00+00:00,1,91.45,1.35,5.33,45.8,3.59,3.85,9.32,0.07
London,GB,51.5074,-0.1278,2026-06-12 10:00:00+00:00,1,91.47,1.56,4.89,47.72,3.7,3.96,10.0,0.05
London,GB,51.5074,-0.1278,2026-06-12 11:00:00+00:00,1,91.19,1.59,4.19,51.06,3.68,4.07,10.62,0.02
London,GB,51.5074,-0.1278,2026-06-12 12:00:00+00:00,1,91.29,1.42,3.49,55.52,3.56,4.16,10.95,0.01
London,GB,51.5074,-0.1278,2026-06-12 13:00:00+00:00,2,91.65,1.17,2.97,60.25,3.43,4.26,11.37,0.01
London,GB,51.5074,-0.1278,2026-06-12 14:00:00+00:00,2,92.1,0.99,2.83,64.14,3.39,4.39,11.73,0.0
London,GB,51.5074,-0.1278,2026-06-12 15:00:00+00:00,2,92.64,0.88,2.95,66.44,3.41,4.5,11.88,0.0
London,GB,51.5074,-0.1278,2026-06-12 16:00:00+00:00,2,92.81,0.89,3.18,67.54,3.46,4.54,11.81,0.0
London,GB,51.5074,-0.1278,2026-06-12 17:00:00+00:00,2,93.06,0.89,3.65,66.88,3.52,4.63,11.84,0.01
London,GB,51.5074,-0.1278,2026-06-12 18:00:00+00:00,2,93.21,0.81,4.36,64.39,3.57,4.61,11.58,0.02
London,GB,51.5074,-0.1278,2026-06-12 19:00:00+00:00,1,93.2,0.5,5.48,59.81,3.6,4.31,10.58,0.04
London,GB,51.5074,-0.1278,2026-06-12 20:00:00+00:00,1,93.11,0.11,6.66,54.21,3.59,3.96,9.43,0.07
London,GB,51.5074,-0.1278,2026-06-12 21:00:00+00:00,1,93.11,0.0,7.11,49.84,3.57,3.7,8.49,0.1
London,GB,51.5074,-0.1278,2026-06-12 22:00:00+00:00,1,93.14,0.0,7.23,47.19,3.54,3.55,7.9,0.12
London,GB,51.5074,-0.1278,2026-06-12 23:00:00+00:00,1,93.18,0.0,7.16,45.54,3.45,3.44,7.44,0.14
London,GB,51.5074,-0.1278,2026-06-13 00:00:00+00:00,1,93.03,0.0,6.73,44.81,3.25,3.16,6.71,0.16
London,GB,51.5074,-0.1278,2026-06-13 01:00:00+00:00,1,93.0,0.0,5.42,45.95,2.69,2.68,5.52,0.2
London,GB,51.5074,-0.1278,2026-06-13 02:00:00+00:00,1,92.98,0.0,4.84,46.66,2.5,2.57,5.15,0.23
London,GB,51.5074,-0.1278,2026-06-13 03:00:00+00:00,1,93.43,0.0,4.79,47.1,2.55,2.8,5.51,0.25
London,GB,51.5074,-0.1278,2026-06-13 04:00:00+00:00,1,93.67,0.0,4.84,47.37,2.63,3.22,6.25,0.27
London,GB,51.5074,-0.1278,2026-06-13 05:00:00+00:00,1,93.99,0.02,5.0,47.51,2.77,3.69,7.12,0.3
London,GB,51.5074,-0.1278,2026-06-13 06:00:00+00:00,1,94.22,0.32,4.81,48.33,2.9,4.11,7.94,0.33
London,GB,51.5074,-0.1278,2026-06-13 07:00:00+00:00,1,94.44,0.83,4.48,49.51,3.15,4.45,8.67,0.36
London,GB,51.5074,-0.1278,2026-06-13 08:00:00+00:00,1,94.85,1.24,4.58,50.69,3.56,4.81,9.51,0.38
London,GB,51.5074,-0.1278,2026-06-13 09:00:00+00:00,1,95.36,1.48,4.65,53.3,3.91,5.2,10.55,0.42
London,GB,51.5074,-0.1278,2026-06-13 10:00:00+00:00,1,95.63,1.63,4.51,57.86,4.18,5.6,11.75,0.43
London,GB,51.5074,-0.1278,2026-06-13 11:00:00+00:00,2,95.77,1.74,4.35,63.87,4.43,6.1,13.17,0.41
London,GB,51.5074,-0.1278,2026-06-13 12:00:00+00:00,2,95.73,1.71,4.22,70.07,4.61,6.7,14.69,0.35
London,GB,51.5074,-0.1278,2026-06-13 13:00:00+00:00,2,95.85,1.65,4.24,75.53,4.78,7.32,16.15,0.29
London,GB,51.5074,-0.1278,2026-06-13 14:00:00+00:00,2,95.67,1.65,4.58,79.69,5.05,7.94,17.56,0.22
London,GB,51.5074,-0.1278,2026-06-13 15:00:00+00:00,2,95.68,1.66,5.05,82.57,5.28,8.47,18.8,0.17
London,GB,51.5074,-0.1278,2026-06-13 16:00:00+00:00,2,95.78,1.61,5.73,84.17,5.43,8.82,19.68,0.16
London,GB,51.5074,-0.1278,2026-06-13 17:00:00+00:00,2,95.61,1.49,6.6,84.02,5.49,8.94,20.04,0.16
London,GB,51.5074,-0.1278,2026-06-13 18:00:00+00:00,2,95.63,1.22,7.85,82.92,5.51,8.87,19.88,0.19
London,GB,51.5074,-0.1278,2026-06-13 19:00:00+00:00,2,96.02,0.68,9.68,80.95,5.59,8.55,19.11,0.24
London,GB,51.5074,-0.1278,2026-06-13 20:00:00+00:00,2,96.24,0.14,11.32,77.89,5.67,7.88,17.55,0.34
London,GB,51.5074,-0.1278,2026-06-13 21:00:00+00:00,2,96.74,0.0,11.6,73.4,5.66,6.93,15.56,0.53
London,GB,51.5074,-0.1278,2026-06-13 22:00:00+00:00,2,97.49,0.0,11.86,68.17,5.66,5.96,13.7,0.72
London,GB,51.5074,-0.1278,2026-06-13 23:00:00+00:00,2,98.12,0.0,12.1,62.18,5.64,5.13,12.18,0.86
London,GB,51.5074,-0.1278,2026-06-14 00:00:00+00:00,1,99.11,0.0,12.37,56.42,5.56,4.49,11.0,0.92
London,GB,51.5074,-0.1278,2026-06-14 01:00:00+00:00,1,99.82,0.0,12.85,50.97,5.56,4.05,10.04,0.9
London,GB,51.5074,-0.1278,2026-06-14 02:00:00+00:00,1,100.41,0.0,14.09,45.34,5.85,3.84,9.33,0.85
London,GB,51.5074,-0.1278,2026-06-14 03:00:00+00:00,1,100.35,0.0,15.29,40.42,6.21,3.68,8.68,0.83
London,GB,51.5074,-0.1278,2026-06-14 04:00:00+00:00,1,99.85,0.01,16.04,36.62,6.45,3.55,8.12,0.84
London,GB,51.5074,-0.1278,2026-06-14 05:00:00+00:00,1,99.27,0.25,16.22,34.58,6.69,3.47,7.81,0.89
London,GB,51.5074,-0.1278,2026-06-14 06:00:00+00:00,1,98.97,2.01,14.06,36.12,6.96,3.47,7.71,0.94
London,GB,51.5074,-0.1278,2026-06-14 07:00:00+00:00,1,98.81,3.93,11.62,38.24,7.15,3.53,7.71,0.97
London,GB,51.5074,-0.1278,2026-06-14 08:00:00+00:00,1,99.09,5.4,10.57,39.08,7.67,3.7,7.86,1.0
London,GB,51.5074,-0.1278,2026-06-14 09:00:00+00:00,1,100.01,6.49,10.22,39.83,8.6,3.98,8.19,1.04
London,GB,51.5074,-0.1278,2026-06-14 10:00:00+00:00,1,100.9,7.25,10.47,41.41,9.95,4.41,8.78,1.06
London,GB,51.5074,-0.1278,2026-06-14 11:00:00+00:00,1,101.67,8.08,11.37,43.06,11.86,5.15,9.87,1.0
London,GB,51.5074,-0.1278,2026-06-14 12:00:00+00:00,1,102.99,9.08,12.74,44.5,14.08,6.33,11.63,0.87
London,GB,51.5074,-0.1278,2026-06-14 13:00:00+00:00,1,104.49,10.04,14.73,45.93,16.28,7.64,13.75,0.74
London,GB,51.5074,-0.1278,2026-06-14 14:00:00+00:00,1,105.88,10.48,16.7,48.04,17.67,8.77,15.33,0.62
London,GB,51.5074,-0.1278,2026-06-14 15:00:00+00:00,1,106.9,9.89,18.55,51.69,18.0,9.46,15.89,0.54
London,GB,51.5074,-0.1278,2026-06-14 16:00:00+00:00,1,107.62,8.63,20.54,55.84,17.64,9.73,15.83,0.48
London,GB,51.5074,-0.1278,2026-06-14 17:00:00+00:00,1,107.87,6.9,22.85,59.74,16.99,9.69,15.27,0.42
London,GB,51.5074,-0.1278,2026-06-14 18:00:00+00:00,2,107.57,4.82,25.48,62.44,16.42,9.32,14.32,0.36
London,GB,51.5074,-0.1278,2026-06-14 19:00:00+00:00,2,107.88,2.6,28.62,62.92,16.04,8.83,13.32,0.3
London,GB,51.5074,-0.1278,2026-06-14 20:00:00+00:00,2,107.78,0.45,31.15,60.47,15.37,8.26,12.27,0.24
London,GB,51.5074,-0.1278,2026-06-14 21:00:00+00:00,1,107.78,0.0,29.75,59.12,14.42,7.68,11.3,0.18
London,GB,51.5074,-0.1278,2026-06-14 22:00:00+00:00,1,107.59,0.0,27.59,58.96,13.23,7.17,10.54,0.14
London,GB,51.5074,-0.1278,2026-06-14 23:00:00+00:00,1,107.12,0.0,25.12,59.12,11.73,6.85,10.12,0.12
London,GB,51.5074,-0.1278,2026-06-15 00:00:00+00:00,2,106.47,0.0,21.94,60.22,10.04,6.61,9.92,0.12
London,GB,51.5074,-0.1278,2026-06-15 01:00:00+00:00,2,105.24,0.0,17.54,63.44,8.02,6.27,9.69,0.14
London,GB,51.5074,-0.1278,2026-06-15 02:00:00+00:00,2,103.62,0.0,13.33,67.76,6.26,5.83,9.39,0.16
London,GB,51.5074,-0.1278,2026-06-15 03:00:00+00:00,2,102.27,0.0,10.01,70.44,5.03,5.4,9.04,0.19
London,GB,51.5074,-0.1278,2026-06-15 04:00:00+00:00,2,100.96,0.0,7.1,70.59,3.95,4.81,8.18,0.33
London,GB,51.5074,-0.1278,2026-06-15 05:00:00+00:00,2,100.15,0.01,6.39,65.46,3.66,4.28,7.27,0.45
London,GB,51.5074,-0.1278,2026-06-15 06:00:00+00:00,2,99.51,0.13,6.51,60.26,3.65,3.84,6.49,0.54
London,GB,51.5074,-0.1278,2026-06-15 07:00:00+00:00,1,99.24,0.37,6.47,56.83,3.66,3.56,5.94,0.6
London,GB,51.5074,-0.1278,2026-06-15 08:00:00+00:00,1,99.41,0.73,6.44,54.13,3.72,3.47,5.68,0.62
London,GB,51.5074,-0.1278,2026-06-15 09:00:00+00:00,1,100.13,1.11,6.4,52.03,3.78,3.55,5.7,0.63
London,GB,51.5074,-0.1278,2026-06-15 10:00:00+00:00,1,101.34,1.46,6.37,51.36,3.8,3.81,5.96,0.66
London,GB,51.5074,-0.1278,2026-06-15 11:00:00+00:00,1,103.3,1.65,6.54,52.62,3.91,4.37,6.61,0.71
London,GB,51.5074,-0.1278,2026-06-15 12:00:00+00:00,1,104.89,1.66,6.35,58.64,4.01,5.5,7.93,0.78
London,GB,51.5074,-0.1278,2026-06-15 13:00:00+00:00,2,106.86,1.95,5.61,69.95,4.17,7.59,10.4,0.76
London,GB,51.5074,-0.1278,2026-06-15 14:00:00+00:00,2,108.03,2.02,6.61,77.37,4.68,9.9,13.33,0.62
London,GB,51.5074,-0.1278,2026-06-15 15:00:00+00:00,2,108.55,2.53,8.54,78.54,5.47,11.44,15.71,0.52
London,GB,51.5074,-0.1278,2026-06-15 16:00:00+00:00,2,108.43,2.46,12.36,73.21,6.52,12.04,17.49,0.48
London,GB,51.5074,-0.1278,2026-06-15 17:00:00+00:00,2,107.11,2.17,17.12,65.87,7.74,11.9,18.37,0.43
London,GB,51.5074,-0.1278,2026-06-15 18:00:00+00:00,2,103.57,1.16,21.26,61.76,8.7,11.21,18.51,0.27
London,GB,51.5074,-0.1278,2026-06-15 19:00:00+00:00,2,98.16,0.2,19.87,67.5,8.21,9.58,17.15,0.11
London,GB,51.5074,-0.1278,2026-06-15 20:00:00+00:00,2,94.38,0.02,15.65,75.3,7.23,8.37,16.07,0.03
London,GB,51.5074,-0.1278,2026-06-15 21:00:00+00:00,2,92.35,0.0,12.75,77.9,6.62,7.84,16.04,0.01
London,GB,51.5074,-0.1278,2026-06-15 22:00:00+00:00,2,91.13,0.0,11.3,76.22,6.01,7.53,16.07,0.02
London,GB,51.5074,-0.1278,2026-06-15 23:00:00+00:00,2,90.82,0.0,12.21,70.44,6.11,7.59,16.47,0.03
London,GB,51.5074,-0.1278,2026-06-16 00:00:00+00:00,2,90.96,0.0,13.72,63.79,6.37,7.91,16.86,0.07
London,GB,51.5074,-0.1278,2026-06-16 01:00:00+00:00,1,91.41,0.0,14.99,57.05,6.35,8.39,16.68,0.14
London,GB,51.5074,-0.1278,2026-06-16 02:00:00+00:00,1,92.06,0.0,16.05,50.63,6.28,8.87,16.38,0.26
London,GB,51.5074,-0.1278,2026-06-16 03:00:00+00:00,1,92.7,0.0,16.74,45.6,6.28,9.11,16.01,0.37
London,GB,51.5074,-0.1278,2026-06-16 04:00:00+00:00,1,93.18,0.0,16.82,42.46,6.42,9.0,15.42,0.44
London,GB,51.5074,-0.1278,2026-06-16 05:00:00+00:00,1,93.5,0.07,16.41,40.78,6.52,8.51,14.27,0.49
London,GB,51.5074,-0.1278,2026-06-16 06:00:00+00:00,1,93.81,0.78,14.61,41.07,6.44,7.67,12.55,0.51
London,GB,51.5074,-0.1278,2026-06-16 07:00:00+00:00,1,93.85,1.74,12.12,42.12,6.2,6.69,10.63,0.53
London,GB,51.5074,-0.1278,2026-06-16 08:00:00+00:00,1,93.72,2.76,10.29,42.65,6.18,5.84,9.11,0.53
London,GB,51.5074,-0.1278,2026-06-16 09:00:00+00:00,1,93.03,3.62,8.81,42.95,6.15,5.14,8.04,0.52
London,GB,51.5074,-0.1278,2026-06-16 10:00:00+00:00,1,92.04,3.95,8.0,43.32,6.09,4.63,7.4,0.49
London,GB,51.5074,-0.1278,2026-06-16 11:00:00+00:00,1,91.59,4.15,7.88,44.11,6.25,4.37,7.3,0.42
London,GB,51.5074,-0.1278,2026-06-16 12:00:00+00:00,1,91.68,4.12,7.81,46.16,6.34,4.31,7.6,0.3
London,GB,51.5074,-0.1278,2026-06-16 13:00:00+00:00,1,91.77,3.75,7.99,49.32,6.31,4.44,8.3,0.16
London,GB,51.5074,-0.1278,2026-06-16 14:00:00+00:00,1,91.68,3.21,8.09,53.19,6.07,4.65,9.1,0.03
London,GB,51.5074,-0.1278,2026-06-16 15:00:00+00:00,1,91.31,2.65,8.02,56.35,5.78,4.79,9.7,0.0
London,GB,51.5074,-0.1278,2026-06-16 16:00:00+00:00,1,90.66,2.13,7.98,57.41,5.46,4.76,9.8,0.0
London,GB,51.5074,-0.1278,2026-06-16 17:00:00+00:00,1,90.28,1.73,8.75,56.14,5.42,4.68,9.49,0.0
London,GB,51.5074,-0.1278,2026-06-16 18:00:00+00:00,1,90.08,1.27,10.15,54.0,5.43,4.57,8.83,0.02
London,GB,51.5074,-0.1278,2026-06-16 19:00:00+00:00,1,90.07,0.63,12.06,51.55,5.55,4.48,8.25,0.02
London,GB,51.5074,-0.1278,2026-06-16 20:00:00+00:00,1,90.07,0.11,13.83,49.22,5.75,4.47,8.08,0.03
London,GB,51.5074,-0.1278,2026-06-16 21:00:00+00:00,1,90.34,0.0,14.44,48.27,5.88,4.48,8.11,0.02
London,GB,51.5074,-0.1278,2026-06-16 22:00:00+00:00,1,90.71,0.0,14.57,48.19,5.93,4.51,8.21,0.02
London,GB,51.5074,-0.1278,2026-06-16 23:00:00+00:00,1,91.43,0.0,14.75,48.02,6.03,4.65,8.5,0.02
London,GB,51.5074,-0.1278,2026-06-17 00:00:00+00:00,1,91.97,0.0,15.0,47.31,6.14,4.86,8.96,0.02
London,GB,51.5074,-0.1278,2026-06-17 01:00:00+00:00,1,92.41,0.0,15.27,46.19,6.01,5.08,9.21,0.03
London,GB,51.5074,-0.1278,2026-06-17 02:00:00+00:00,1,92.93,0.0,15.68,44.99,5.89,5.26,9.28,0.08
London,GB,51.5074,-0.1278,2026-06-17 03:00:00+00:00,1,93.44,0.0,16.15,43.83,5.87,5.46,9.32,0.15
London,GB,51.5074,-0.1278,2026-06-17 04:00:00+00:00,1,94.16,0.0,16.65,42.68,5.91,5.68,9.39,0.23
London,GB,51.5074,-0.1278,2026-06-17 05:00:00+00:00,1,94.35,0.01,17.18,41.14,5.88,5.85,9.28,0.3
London,GB,51.5074,-0.1278,2026-06-17 06:00:00+00:00,1,94.44,0.13,17.6,40.0,5.81,5.97,9.14,0.36
London,GB,51.5074,-0.1278,2026-06-17 07:00:00+00:00,1,94.55,0.41,17.51,39.7,5.7,6.01,8.98,0.4
London,GB,51.5074,-0.1278,2026-06-17 08:00:00+00:00,1,94.49,0.79,16.59,40.81,5.63,5.93,8.92,0.36
London,GB,51.5074,-0.1278,2026-06-17 09:00:00+00:00,1,94.53,1.1,14.96,43.59,5.51,5.71,8.77,0.26
London,GB,51.5074,-0.1278,2026-06-17 10:00:00+00:00,1,94.1,1.51,12.83,47.27,5.49,5.47,8.8,0.16
London,GB,51.5074,-0.1278,2026-06-17 11:00:00+00:00,1,93.77,1.5,11.4,50.49,5.43,5.28,9.05,0.09
London,GB,51.5074,-0.1278,2026-06-17 12:00:00+00:00,1,93.43,1.5,9.55,55.05,5.16,5.04,9.38,0.04
London,GB,51.5074,-0.1278,2026-06-17 13:00:00+00:00,2,92.92,1.84,6.0,63.85,4.55,4.75,9.7,0.0
London,GB,51.5074,-0.1278,2026-06-17 14:00:00+00:00,2,92.89,1.43,5.28,70.45,4.54,4.92,10.87,0.0
London,GB,51.5074,-0.1278,2026-06-17 15:00:00+00:00,2,93.32,1.25,5.26,75.0,4.66,5.1,11.64,0.0
London,GB,51.5074,-0.1278,2026-06-17 16:00:00+00:00,2,93.42,1.37,5.94,76.59,5.07,5.29,12.18,0.0
London,GB,51.5074,-0.1278,2026-06-17 17:00:00+00:00,2,93.75,1.6,7.49,76.4,5.76,5.68,12.86,0.01
London,GB,51.5074,-0.1278,2026-06-17 18:00:00+00:00,2,93.9,1.61,9.39,75.27,6.31,5.96,13.11,0.02
London,GB,51.5074,-0.1278,2026-06-17 19:00:00+00:00,2,94.36,1.08,12.19,72.58,6.81,6.19,13.24,0.02
London,GB,51.5074,-0.1278,2026-06-17 20:00:00+00:00,2,94.67,0.24,15.1,68.89,7.18,6.32,13.31,0.02
London,GB,51.5074,-0.1278,2026-06-17 21:00:00+00:00,2,95.26,0.0,15.93,65.91,7.33,6.35,13.25,0.02
London,GB,51.5074,-0.1278,2026-06-17 22:00:00+00:00,2,95.47,0.0,16.3,63.15,7.35,6.35,13.24,0.02
London,GB,51.5074,-0.1278,2026-06-17 23:00:00+00:00,2,95.94,0.0,17.1,60.07,7.47,6.43,13.42,0.02
London,GB,51.5074,-0.1278,2026-06-18 00:00:00+00:00,1,96.41,0.0,18.41,56.4,7.67,6.62,13.73,0.02
London,GB,51.5074,-0.1278,2026-06-18 01:00:00+00:00,1,96.95,0.0,20.44,51.96,7.93,6.93,14.16,0.02
London,GB,51.5074,-0.1278,2026-06-18 02:00:00+00:00,1,97.65,0.0,23.31,46.67,8.25,7.38,14.68,0.03
London,GB,51.5074,-0.1278,2026-06-18 03:00:00+00:00,1,98.44,0.0,26.07,41.67,8.6,7.86,15.16,0.04
London,GB,51.5074,-0.1278,2026-06-18 04:00:00+00:00,1,99.51,0.0,28.75,37.11,8.9,8.39,15.55,0.05
London,GB,51.5074,-0.1278,2026-06-18 05:00:00+00:00,1,100.41,0.05,31.36,32.92,9.13,8.94,15.79,0.06
London,GB,51.5074,-0.1278,2026-06-18 06:00:00+00:00,1,101.49,0.68,33.39,30.02,9.41,9.53,16.02,0.07
London,GB,51.5074,-0.1278,2026-06-18 07:00:00+00:00,2,102.66,2.71,33.38,29.31,9.65,10.26,16.32,0.07
London,GB,51.5074,-0.1278,2026-06-18 08:00:00+00:00,2,103.93,5.87,32.24,29.66,10.08,11.08,16.75,0.06
London,GB,51.5074,-0.1278,2026-06-18 09:00:00+00:00,2,105.38,9.77,30.23,31.13,11.17,11.86,17.24,0.05
London,GB,51.5074,-0.1278,2026-06-18 10:00:00+00:00,2,106.53,9.58,33.77,27.41,12.39,12.57,17.42,0.05
London,GB,51.5074,-0.1278,2026-06-18 11:00:00+00:00,2,106.93,10.52,33.45,28.2,12.7,13.4,17.45,0.03
London,GB,51.5074,-0.1278,2026-06-18 12:00:00+00:00,2,106.31,10.41,31.76,30.96,11.97,13.96,17.14,0.02
London,GB,51.5074,-0.1278,2026-06-18 13:00:00+00:00,2,104.58,10.73,25.4,39.3,10.25,12.91,15.3,0.02
London,GB,51.5074,-0.1278,2026-06-18 14:00:00+00:00,2,103.3,10.2,21.01,44.11,8.46,11.89,13.84,0.01
London,GB,51.5074,-0.1278,2026-06-18 15:00:00+00:00,2,102.21,9.13,17.82,48.01,7.07,11.19,12.98,0.0
London,GB,51.5074,-0.1278,2026-06-18 16:00:00+00:00,2,101.39,7.97,15.53,52.14,6.37,10.81,12.69,0.0
London,GB,51.5074,-0.1278,2026-06-18 17:00:00+00:00,2,100.75,6.47,15.29,54.09,6.21,10.57,12.48,0.0
London,GB,51.5074,-0.1278,2026-06-18 18:00:00+00:00,2,100.03,4.9,16.09,54.67,6.21,10.15,12.04,0.0
London,GB,51.5074,-0.1278,2026-06-18 19:00:00+00:00,1,99.62,2.77,18.35,53.08,6.29,9.52,11.32,0.02
London,GB,51.5074,-0.1278,2026-06-18 20:00:00+00:00,1,98.88,0.64,21.49,49.43,6.48,8.85,10.51,0.05
London,GB,51.5074,-0.1278,2026-06-18 21:00:00+00:00,1,98.7,0.01,22.92,46.45,6.81,8.37,9.87,0.06
London,GB,51.5074,-0.1278,2026-06-18 22:00:00+00:00,1,98.7,0.02,23.95,43.79,7.14,8.09,9.47,0.06
London,GB,51.5074,-0.1278,2026-06-18 23:00:00+00:00,1,98.6,0.02,25.08,40.73,7.3,7.92,9.21,0.07
London,GB,51.5074,-0.1278,2026-06-19 00:00:00+00:00,1,98.33,0.04,26.32,36.48,7.38,7.88,9.13,0.09
London,GB,51.5074,-0.1278,2026-06-19 01:00:00+00:00,1,98.01,0.06,28.35,30.9,7.52,8.03,9.25,0.1
London,GB,51.5074,-0.1278,2026-06-19 02:00:00+00:00,1,98.19,0.21,32.9,23.62,7.76,8.65,9.84,0.11
London,GB,51.5074,-0.1278,2026-06-19 03:00:00+00:00,1,99.29,0.59,39.13,15.74,8.36,9.77,10.98,0.1
London,GB,51.5074,-0.1278,2026-06-19 04:00:00+00:00,2,101.6,0.64,46.94,8.82,9.2,11.48,12.81,0.07
London,GB,51.5074,-0.1278,2026-06-19 05:00:00+00:00,2,103.67,1.78,51.7,7.23,9.84,13.17,14.65,0.04
London,GB,51.5074,-0.1278,2026-06-19 06:00:00+00:00,2,105.48,8.75,44.52,16.7,10.5,14.38,16.0,0.07
London,GB,51.5074,-0.1278,2026-06-19 07:00:00+00:00,2,105.12,12.91,35.93,24.74,11.72,14.79,16.49,0.1
London,GB,51.5074,-0.1278,2026-06-19 08:00:00+00:00,2,105.06,14.11,29.54,29.78,12.32,14.2,16.0,0.14
London,GB,51.5074,-0.1278,2026-06-19 09:00:00+00:00,2,104.91,14.03,24.88,33.6,12.75,13.3,15.23,0.16
London,GB,51.5074,-0.1278,2026-06-19 10:00:00+00:00,2,105.01,13.2,21.44,37.62,13.18,12.38,14.44,0.17
London,GB,51.5074,-0.1278,2026-06-19 11:00:00+00:00,2,104.92,11.81,18.89,42.53,13.39,11.75,13.96,0.14
London,GB,51.5074,-0.1278,2026-06-19 12:00:00+00:00,2,104.46,9.97,16.9,48.42,13.2,11.33,13.72,0.09
London,GB,51.5074,-0.1278,2026-06-19 13:00:00+00:00,2,103.6,7.83,15.46,55.24,12.26,10.96,13.53,0.04
London,GB,51.5074,-0.1278,2026-06-19 14:00:00+00:00,2,102.25,5.78,14.2,61.8,10.72,10.45,13.1,0.01
London,GB,51.5074,-0.1278,2026-06-19 15:00:00+00:00,2,101.26,4.27,13.08,67.18,9.44,9.88,12.48,0.0
London,GB,51.5074,-0.1278,2026-06-19 16:00:00+00:00,2,100.37,3.17,11.24,71.21,8.07,8.76,11.2,0.0
London,GB,51.5074,-0.1278,2026-06-19 17:00:00+00:00,2,99.66,2.49,10.45,72.34,7.11,7.74,10.11,0.0
London,GB,51.5074,-0.1278,2026-06-19 18:00:00+00:00,2,98.77,1.84,10.08,71.27,6.29,6.56,8.81,0.0
London,GB,51.5074,-0.1278,2026-06-19 19:00:00+00:00,2,97.68,0.96,10.32,68.29,5.63,5.4,7.5,0.0
London,GB,51.5074,-0.1278,2026-06-19 20:00:00+00:00,2,97.39,0.23,12.76,64.35,6.03,5.1,7.32,0.0
London,GB,51.5074,-0.1278,2026-06-19 21:00:00+00:00,2,97.11,0.0,13.96,60.88,6.4,4.84,7.08,0.01
London,GB,51.5074,-0.1278,2026-06-19 22:00:00+00:00,1,97.08,0.0,15.38,57.38,6.83,4.74,6.95,0.01
London,GB,51.5074,-0.1278,2026-06-19 23:00:00+00:00,1,97.49,0.0,18.03,53.76,7.57,4.97,7.18,0.02
London,GB,51.5074,-0.1278,2026-06-20 00:00:00+00:00,1,98.28,0.0,20.97,50.02,8.31,5.36,7.57,0.02
London,GB,51.5074,-0.1278,2026-06-20 01:00:00+00:00,1,99.05,0.0,24.18,45.87,8.95,5.92,8.12,0.03
London,GB,51.5074,-0.1278,2026-06-20 02:00:00+00:00,1,100.36,0.0,27.5,41.36,9.45,6.68,8.91,0.03
London,GB,51.5074,-0.1278,2026-06-20 03:00:00+00:00,1,101.76,0.0,30.13,37.08,9.73,7.53,9.77,0.04
London,GB,51.5074,-0.1278,2026-06-20 04:00:00+00:00,1,103.26,0.0,31.68,33.32,9.79,8.38,10.61,0.06
London,GB,51.5074,-0.1278,2026-06-20 05:00:00+00:00,1,104.4,0.21,32.03,30.85,9.63,9.13,11.35,0.07
London,GB,51.5074,-0.1278,2026-06-20 06:00:00+00:00,1,104.98,1.94,28.99,31.96,9.19,9.6,11.81,0.07
London,GB,51.5074,-0.1278,2026-06-20 07:00:00+00:00,1,104.45,4.46,23.58,35.16,8.59,9.63,11.8,0.07
London,GB,51.5074,-0.1278,2026-06-20 08:00:00+00:00,1,104.07,6.34,19.3,37.91,8.16,9.4,11.55,0.06
London,GB,51.5074,-0.1278,2026-06-20 09:00:00+00:00,1,103.7,7.52,16.71,39.72,8.02,9.19,11.4,0.07
London,GB,51.5074,-0.1278,2026-06-20 10:00:00+00:00,1,103.88,8.35,15.28,41.33,8.07,9.2,11.49,0.07
London,GB,51.5074,-0.1278,2026-06-20 11:00:00+00:00,1,104.61,9.01,14.77,42.75,8.31,9.53,11.96,0.07
London,GB,51.5074,-0.1278,2026-06-20 12:00:00+00:00,2,105.53,9.54,14.96,44.05,8.67,10.19,12.96,0.06
London,GB,51.5074,-0.1278,2026-06-20 13:00:00+00:00,2,106.18,9.72,15.73,44.68,9.06,11.04,14.44,0.04
London,GB,51.5074,-0.1278,2026-06-20 14:00:00+00:00,2,106.56,9.37,17.07,44.61,9.55,11.9,15.95,0.04
London,GB,51.5074,-0.1278,2026-06-20 15:00:00+00:00,2,105.84,8.33,18.32,44.81,10.06,12.4,16.9,0.04
London,GB,51.5074,-0.1278,2026-06-20 16:00:00+00:00,2,103.64,6.65,18.77,46.11,10.18,12.12,16.77,0.04
London,GB,51.5074,-0.1278,2026-06-20 17:00:00+00:00,2,101.06,5.53,18.36,48.08,9.85,11.18,15.64,0.04
London,GB,51.5074,-0.1278,2026-06-20 18:00:00+00:00,2,99.13,4.58,18.7,48.47,9.61,10.07,14.2,0.04
London,GB,51.5074,-0.1278,2026-06-20 19:00:00+00:00,1,98.25,2.78,21.57,45.49,9.54,9.22,13.03,0.04
London,GB,51.5074,-0.1278,2026-06-20 20:00:00+00:00,1,98.43,0.66,26.41,39.86,10.02,8.87,12.38,0.05
London,GB,51.5074,-0.1278,2026-06-20 21:00:00+00:00,1,98.98,0.0,29.35,35.32,11.11,8.84,12.06,0.05
London,GB,51.5074,-0.1278,2026-06-20 22:00:00+00:00,1,99.59,0.0,31.75,31.59,12.17,9.04,12.01,0.05
London,GB,51.5074,-0.1278,2026-06-20 23:00:00+00:00,1,100.45,0.01,34.55,27.49,12.23,9.35,12.18,0.05
London,GB,51.5074,-0.1278,2026-06-21 00:00:00+00:00,1,101.12,0.02,38.01,22.71,12.15,9.74,12.53,0.04
London,GB,51.5074,-0.1278,2026-06-21 01:00:00+00:00,2,101.61,0.04,41.2,17.8,11.99,10.11,12.88,0.05
London,GB,51.5074,-0.1278,2026-06-21 02:00:00+00:00,2,102.2,0.09,43.57,13.34,11.77,10.39,13.07,0.06
London,GB,51.5074,-0.1278,2026-06-21 03:00:00+00:00,2,102.42,0.2,45.4,9.08,11.63,10.63,13.15,0.08
London,GB,51.5074,-0.1278,2026-06-21 04:00:00+00:00,2,101.71,0.53,46.13,4.71,11.27,10.87,13.22,0.12
London,GB,51.5074,-0.1278,2026-06-21 05:00:00+00:00,2,100.61,3.07,43.18,3.94,10.96,11.11,13.29,0.15
London,GB,51.5074,-0.1278,2026-06-21 06:00:00+00:00,2,99.32,11.19,32.05,11.69,11.02,11.37,13.39,0.17
London,GB,51.5074,-0.1278,2026-06-21 07:00:00+00:00,2,98.67,16.44,26.16,14.27,11.41,11.76,13.62,0.18
London,GB,51.5074,-0.1278,2026-06-21 08:00:00+00:00,2,98.19,20.69,22.06,15.36,12.01,12.23,14.0,0.17
London,GB,51.5074,-0.1278,2026-06-21 09:00:00+00:00,2,97.99,23.85,19.14,15.43,12.83,12.86,14.52,0.14
London,GB,51.5074,-0.1278,2026-06-21 10:00:00+00:00,2,98.48,26.11,17.72,15.6,13.44,13.56,15.09,0.1
London,GB,51.5074,-0.1278,2026-06-21 11:00:00+00:00,2,99.29,27.58,17.55,16.36,13.24,14.23,15.69,0.06
London,GB,51.5074,-0.1278,2026-06-21 12:00:00+00:00,2,100.09,28.19,17.97,17.45,12.83,14.96,16.39,0.03
London,GB,51.5074,-0.1278,2026-06-21 13:00:00+00:00,2,101.17,27.81,18.76,19.01,12.63,15.96,17.4,0.01
London,GB,51.5074,-0.1278,2026-06-21 14:00:00+00:00,2,101.87,25.96,19.83,21.08,12.61,17.11,18.57,0.0
London,GB,51.5074,-0.1278,2026-06-21 15:00:00+00:00,2,102.38,22.76,21.04,24.1,12.26,18.21,19.68,0.0
London,GB,51.5074,-0.1278,2026-06-21 16:00:00+00:00,2,103.01,18.17,22.94,28.31,11.62,19.04,20.49,0.0
London,GB,51.5074,-0.1278,2026-06-21 17:00:00+00:00,2,102.67,12.4,25.41,33.94,10.33,18.93,20.34,0.0
London,GB,51.5074,-0.1278,2026-06-21 18:00:00+00:00,2,101.88,6.71,27.65,40.8,8.83,17.74,19.11,0.0
London,GB,51.5074,-0.1278,2026-06-21 19:00:00+00:00,2,100.51,2.58,26.93,48.6,7.26,15.6,17.08,0.0
London,GB,51.5074,-0.1278,2026-06-21 20:00:00+00:00,2,99.38,0.44,22.51,56.47,5.69,13.35,15.38,0.0
London,GB,51.5074,-0.1278,2026-06-21 21:00:00+00:00,2,99.72,0.0,15.78,64.24,4.69,11.9,14.83,0.01
London,GB,51.5074,-0.1278,2026-06-21 22:00:00+00:00,2,100.35,0.0,9.73,73.29,4.03,11.01,14.36,0.13
London,GB,51.5074,-0.1278,2026-06-21 23:00:00+00:00,2,102.02,0.0,8.04,77.3,3.65,11.56,15.14,0.23
London,GB,51.5074,-0.1278,2026-06-22 00:00:00+00:00,2,102.96,0.0,7.66,78.72,3.48,12.39,16.05,0.28
London,GB,51.5074,-0.1278,2026-06-22 01:00:00+00:00,2,102.83,0.0,7.29,78.3,3.32,13.11,16.84,0.3
London,GB,51.5074,-0.1278,2026-06-22 02:00:00+00:00,2,102.29,0.0,6.94,77.28,3.22,13.61,17.56,0.31
London,GB,51.5074,-0.1278,2026-06-22 03:00:00+00:00,2,100.92,0.0,6.52,76.18,3.12,13.55,17.9,0.34
London,GB,51.5074,-0.1278,2026-06-22 04:00:00+00:00,2,98.92,0.0,6.18,74.38,3.04,12.81,17.77,0.37
London,GB,51.5074,-0.1278,2026-06-22 05:00:00+00:00,2,97.19,0.03,6.2,72.19,3.08,11.82,17.5,0.39
London,GB,51.5074,-0.1278,2026-06-22 06:00:00+00:00,2,96.29,0.36,6.08,70.16,3.18,10.89,17.3,0.42
London,GB,51.5074,-0.1278,2026-06-22 07:00:00+00:00,2,96.11,0.89,5.69,69.13,3.28,10.27,17.34,0.46
London,GB,51.5074,-0.1278,2026-06-22 08:00:00+00:00,2,97.37,1.3,5.41,69.67,3.4,10.14,17.78,0.48
London,GB,51.5074,-0.1278,2026-06-22 09:00:00+00:00,2,99.55,1.45,5.11,73.43,3.51,10.52,18.61,0.53
London,GB,51.5074,-0.1278,2026-06-22 10:00:00+00:00,2,102.78,1.32,4.63,81.64,3.58,11.48,19.9,0.65
London,GB,51.5074,-0.1278,2026-06-22 11:00:00+00:00,2,106.86,1.0,3.97,95.37,3.58,12.99,21.41,0.86
London,GB,51.5074,-0.1278,2026-06-22 12:00:00+00:00,3,111.57,0.67,3.26,113.37,3.53,15.57,23.64,1.11
London,GB,51.5074,-0.1278,2026-06-22 13:00:00+00:00,3,116.16,0.5,2.85,128.89,3.51,17.59,25.27,1.42
London,GB,51.5074,-0.1278,2026-06-22 14:00:00+00:00,3,117.45,0.43,2.7,135.58,3.43,16.82,23.92,1.72
London,GB,51.5074,-0.1278,2026-06-22 15:00:00+00:00,3,115.62,0.41,2.72,135.37,3.32,14.6,20.95,1.75
London,GB,51.5074,-0.1278,2026-06-22 16:00:00+00:00,3,113.17,0.42,2.95,133.56,3.28,13.26,18.95,1.54
London,GB,51.5074,-0.1278,2026-06-22 17:00:00+00:00,3,110.82,0.43,3.38,131.86,3.3,12.33,17.7,1.43
London,GB,51.5074,-0.1278,2026-06-22 18:00:00+00:00,3,109.47,0.38,4.09,130.32,3.38,12.06,17.56,1.39
London,GB,51.5074,-0.1278,2026-06-22 19:00:00+00:00,3,108.49,0.23,5.04,128.62,3.46,12.17,18.09,1.47
London,GB,51.5074,-0.1278,2026-06-22 20:00:00+00:00,3,108.06,0.05,6.0,125.37,3.52,12.33,18.57,1.55
London,GB,51.5074,-0.1278,2026-06-22 21:00:00+00:00,3,108.36,0.0,6.33,121.65,3.54,12.4,18.81,1.58
London,GB,51.5074,-0.1278,2026-06-22 22:00:00+00:00,3,108.68,0.0,6.51,118.42,3.57,12.39,19.03,1.5
London,GB,51.5074,-0.1278,2026-06-22 23:00:00+00:00,3,109.3,0.0,6.58,114.9,3.6,12.27,19.16,1.37
London,GB,51.5074,-0.1278,2026-06-23 00:00:00+00:00,3,109.74,0.0,6.6,110.43,3.62,12.06,19.06,1.27
London,GB,51.5074,-0.1278,2026-06-23 01:00:00+00:00,3,110.15,0.0,6.67,105.78,3.57,11.89,18.42,1.18
London,GB,51.5074,-0.1278,2026-06-23 02:00:00+00:00,3,112.56,0.0,6.92,102.12,3.57,12.04,18.01,1.12
London,GB,51.5074,-0.1278,2026-06-23 03:00:00+00:00,2,116.89,0.0,7.17,99.17,3.64,12.63,18.26,1.05
London,GB,51.5074,-0.1278,2026-06-23 04:00:00+00:00,2,121.82,0.0,7.31,96.19,3.57,13.34,18.11,1.05
London,GB,51.5074,-0.1278,2026-06-23 05:00:00+00:00,2,126.8,0.0,7.25,93.01,3.41,13.98,17.72,0.99
London,GB,51.5074,-0.1278,2026-06-23 06:00:00+00:00,2,131.5,0.03,7.15,91.33,3.26,14.5,17.52,0.97
London,GB,51.5074,-0.1278,2026-06-23 07:00:00+00:00,2,133.94,0.2,6.64,95.4,3.18,14.65,17.37,0.99
London,GB,51.5074,-0.1278,2026-06-23 08:00:00+00:00,3,132.39,0.51,5.8,105.04,3.17,14.34,16.96,0.88
London,GB,51.5074,-0.1278,2026-06-23 09:00:00+00:00,3,129.94,0.74,4.95,113.01,3.19,14.42,17.04,0.77
London,GB,51.5074,-0.1278,2026-06-23 10:00:00+00:00,3,130.4,0.84,4.44,115.12,3.28,15.68,18.42,0.67
London,GB,51.5074,-0.1278,2026-06-23 11:00:00+00:00,3,130.95,0.85,4.28,115.51,3.43,17.7,20.63,0.54
London,GB,51.5074,-0.1278,2026-06-23 12:00:00+00:00,3,129.51,0.8,4.09,119.87,3.59,19.48,22.58,0.44
London,GB,51.5074,-0.1278,2026-06-23 13:00:00+00:00,3,127.94,0.76,4.07,126.44,3.72,20.55,23.76,0.34
London,GB,51.5074,-0.1278,2026-06-23 14:00:00+00:00,3,125.61,0.72,4.13,130.41,3.65,20.65,23.88,0.25
London,GB,51.5074,-0.1278,2026-06-23 15:00:00+00:00,3,123.19,0.71,4.32,129.88,3.55,19.99,23.16,0.18
London,GB,51.5074,-0.1278,2026-06-23 16:00:00+00:00,3,121.32,0.75,4.82,125.47,3.54,19.12,22.25,0.15
London,GB,51.5074,-0.1278,2026-06-23 17:00:00+00:00,3,119.99,0.78,5.76,119.35,3.63,18.45,21.63,0.13
London,GB,51.5074,-0.1278,2026-06-23 18:00:00+00:00,3,118.93,0.72,7.13,113.01,3.76,17.8,21.06,0.15
London,GB,51.5074,-0.1278,2026-06-23 19:00:00+00:00,3,117.32,0.44,8.86,106.29,3.92,17.06,20.45,0.17
London,GB,51.5074,-0.1278,2026-06-23 20:00:00+00:00,2,115.73,0.09,10.77,98.11,4.31,16.35,19.89,0.22
London,GB,51.5074,-0.1278,2026-06-23 21:00:00+00:00,2,114.31,0.0,12.15,88.78,4.96,15.74,19.41,0.3
London,GB,51.5074,-0.1278,2026-06-23 22:00:00+00:00,2,113.41,0.0,13.9,79.73,5.78,15.25,19.07,0.4
London,GB,51.5074,-0.1278,2026-06-23 23:00:00+00:00,2,112.84,0.0,15.8,70.34,6.42,14.99,18.9,0.5
London,GB,51.5074,-0.1278,2026-06-24 00:00:00+00:00,2,112.37,0.0,17.79,60.43,6.97,15.07,19.03,0.6
London,GB,51.5074,-0.1278,2026-06-24 01:00:00+00:00,2,112.02,0.0,20.09,50.17,7.36,15.5,19.43,0.66
London,GB,51.5074,-0.1278,2026-06-24 02:00:00+00:00,2,110.71,0.0,22.44,39.73,7.22,16.09,19.89,0.63
London,GB,51.5074,-0.1278,2026-06-24 03:00:00+00:00,2,108.77,0.01,24.4,29.5,6.77,16.78,20.31,0.57
London,GB,51.5074,-0.1278,2026-06-24 04:00:00+00:00,2,107.16,0.02,25.88,21.16,6.35,17.55,20.73,0.48
London,GB,51.5074,-0.1278,2026-06-24 05:00:00+00:00,2,106.5,0.47,26.45,16.43,6.38,18.22,21.12,0.42
London,GB,51.5074,-0.1278,2026-06-24 06:00:00+00:00,2,107.11,4.26,22.39,18.44,6.77,18.92,21.61,0.4
London,GB,51.5074,-0.1278,2026-06-24 07:00:00+00:00,2,108.59,8.03,18.31,22.49,7.43,19.48,22.03,0.4
London,GB,51.5074,-0.1278,2026-06-24 08:00:00+00:00,2,111.1,9.67,16.91,27.29,8.27,20.06,22.52,0.44
London,GB,51.5074,-0.1278,2026-06-24 09:00:00+00:00,2,114.96,10.21,16.77,32.83,9.17,20.93,23.36,0.5
London,GB,51.5074,-0.1278,2026-06-24 10:00:00+00:00,2,119.73,9.85,17.44,42.1,10.16,22.32,24.8,0.55
London,GB,51.5074,-0.1278,2026-06-24 11:00:00+00:00,2,123.69,8.51,18.29,57.05,10.72,24.2,26.67,0.51
London,GB,51.5074,-0.1278,2026-06-24 12:00:00+00:00,3,127.47,6.99,18.72,75.8,11.04,26.82,29.27,0.42
London,GB,51.5074,-0.1278,2026-06-24 13:00:00+00:00,3,131.32,5.81,19.26,93.44,11.68,30.12,32.52,0.3
London,GB,51.5074,-0.1278,2026-06-24 14:00:00+00:00,3,134.08,5.13,20.23,104.25,13.19,33.24,35.6,0.18
London,GB,51.5074,-0.1278,2026-06-24 15:00:00+00:00,3,136.21,4.65,21.74,110.84,15.52,36.0,38.36,0.13
London,GB,51.5074,-0.1278,2026-06-24 16:00:00+00:00,3,138.35,4.03,23.72,117.89,18.36,38.6,41.05,0.08
London,GB,51.5074,-0.1278,2026-06-24 17:00:00+00:00,3,139.59,3.06,25.9,125.65,19.94,40.56,43.19,0.06
London,GB,51.5074,-0.1278,2026-06-24 18:00:00+00:00,3,139.94,1.86,28.48,129.34,19.97,41.35,44.25,0.05
London,GB,51.5074,-0.1278,2026-06-24 19:00:00+00:00,3,137.75,0.71,29.77,127.01,18.29,39.55,42.65,0.07
London,GB,51.5074,-0.1278,2026-06-24 20:00:00+00:00,3,134.09,0.11,28.5,120.49,15.79,36.48,39.66,0.09
London,GB,51.5074,-0.1278,2026-06-24 21:00:00+00:00,3,130.06,0.0,24.45,111.02,13.99,33.13,36.42,0.08
London,GB,51.5074,-0.1278,2026-06-24 22:00:00+00:00,3,127.48,0.0,21.74,103.09,13.02,30.25,33.88,0.14
London,GB,51.5074,-0.1278,2026-06-24 23:00:00+00:00,3,126.9,0.0,18.26,100.11,11.13,27.14,31.07,0.35
London,GB,51.5074,-0.1278,2026-06-25 00:00:00+00:00,3,127.32,0.0,13.64,102.62,7.76,23.61,28.0,0.62
London,GB,51.5074,-0.1278,2026-06-25 01:00:00+00:00,3,129.62,0.0,8.88,114.67,4.88,21.52,26.25,1.15
London,GB,51.5074,-0.1278,2026-06-25 02:00:00+00:00,3,132.11,0.0,6.6,124.18,4.11,22.01,26.98,1.23
London,GB,51.5074,-0.1278,2026-06-25 03:00:00+00:00,3,132.42,0.0,5.5,129.58,3.9,22.73,28.07,1.19
London,GB,51.5074,-0.1278,2026-06-25 04:00:00+00:00,3,130.79,0.0,4.74,132.01,3.74,22.83,28.52,1.18
London,GB,51.5074,-0.1278,2026-06-25 05:00:00+00:00,3,129.75,0.01,4.77,132.83,3.82,22.82,28.97,1.12
London,GB,51.5074,-0.1278,2026-06-25 06:00:00+00:00,3,129.71,0.13,5.02,133.66,3.98,22.79,29.46,1.17
London,GB,51.5074,-0.1278,2026-06-25 07:00:00+00:00,3,130.74,0.36,5.07,134.32,4.12,22.83,30.17,1.3
London,GB,51.5074,-0.1278,2026-06-25 08:00:00+00:00,3,132.58,0.57,5.06,135.12,4.22,23.05,31.05,1.41
London,GB,51.5074,-0.1278,2026-06-25 09:00:00+00:00,3,135.42,0.62,4.6,139.81,4.29,23.61,31.94,1.54
London,GB,51.5074,-0.1278,2026-06-25 10:00:00+00:00,4,139.3,0.54,3.82,147.17,4.32,25.58,33.84,1.54
London,GB,51.5074,-0.1278,2026-06-25 11:00:00+00:00,4,143.31,0.43,3.19,155.92,4.33,26.72,34.99,1.68
London,GB,51.5074,-0.1278,2026-06-25 12:00:00+00:00,4,147.04,0.37,2.83,162.93,4.29,27.34,35.65,1.72
London,GB,51.5074,-0.1278,2026-06-25 13:00:00+00:00,4,149.67,0.34,2.79,168.37,4.26,27.73,35.93,1.69
London,GB,51.5074,-0.1278,2026-06-25 14:00:00+00:00,4,148.32,0.32,2.96,169.31,4.13,27.18,35.11,1.63
London,GB,51.5074,-0.1278,2026-06-25 15:00:00+00:00,4,145.18,0.3,3.35,168.39,4.04,26.23,33.9,1.59
London,GB,51.5074,-0.1278,2026-06-25 16:00:00+00:00,4,145.71,0.31,3.96,172.48,4.15,26.52,34.12,1.64
London,GB,51.5074,-0.1278,2026-06-25 17:00:00+00:00,4,145.6,0.32,4.59,177.73,4.26,27.18,34.62,1.68
London,GB,51.5074,-0.1278,2026-06-25 18:00:00+00:00,4,144.77,0.29,5.45,179.44,4.34,27.57,34.75,1.71
London,GB,51.5074,-0.1278,2026-06-25 19:00:00+00:00,4,142.86,0.18,6.7,174.39,4.35,27.17,34.07,1.74
London,GB,51.5074,-0.1278,2026-06-25 20:00:00+00:00,4,138.11,0.04,7.87,160.14,4.26,25.26,31.7,1.73
London,GB,51.5074,-0.1278,2026-06-25 21:00:00+00:00,4,130.49,0.0,7.92,140.08,4.07,21.64,27.54,1.69
London,GB,51.5074,-0.1278,2026-06-25 22:00:00+00:00,3,121.6,0.0,8.07,119.03,3.83,17.21,22.6,1.51
London,GB,51.5074,-0.1278,2026-06-25 23:00:00+00:00,3,112.95,0.0,8.33,100.88,3.75,13.08,18.01,1.27
London,GB,51.5074,-0.1278,2026-06-26 00:00:00+00:00,2,106.09,0.0,8.93,86.79,3.93,9.8,14.31,1.1
London,GB,51.5074,-0.1278,2026-06-26 01:00:00+00:00,2,101.74,0.0,10.43,75.15,4.34,7.7,11.88,0.91
London,GB,51.5074,-0.1278,2026-06-26 02:00:00+00:00,2,100.27,0.0,12.97,64.67,4.86,6.58,10.64,0.8
London,GB,51.5074,-0.1278,2026-06-26 03:00:00+00:00,1,100.32,0.0,16.24,54.79,5.47,6.08,10.1,0.93
London,GB,51.5074,-0.1278,2026-06-26 04:00:00+00:00,1,100.54,0.0,19.39,45.63,5.94,6.03,9.99,1.16
London,GB,51.5074,-0.1278,2026-06-26 05:00:00+00:00,1,101.22,0.18,21.6,40.25,6.17,6.6,10.91,1.17
London,GB,51.5074,-0.1278,2026-06-26 06:00:00+00:00,1,102.08,1.92,20.78,42.86,6.72,8.46,14.36,0.95
London,GB,51.5074,-0.1278,2026-06-26 07:00:00+00:00,2,101.92,3.03,17.91,52.4,7.42,12.48,22.08,0.79
London,GB,51.5074,-0.1278,2026-06-26 08:00:00+00:00,2,103.18,3.21,15.2,63.49,7.11,17.4,30.72,0.34
London,GB,51.5074,-0.1278,2026-06-26 09:00:00+00:00,2,104.45,3.03,13.02,73.44,6.78,21.24,36.6,0.12
London,GB,51.5074,-0.1278,2026-06-26 10:00:00+00:00,2,103.57,2.82,10.58,80.33,6.35,22.36,37.96,0.03
London,GB,51.5074,-0.1278,2026-06-26 11:00:00+00:00,2,102.28,2.62,8.84,84.53,6.15,21.26,36.64,0.01
London,GB,51.5074,-0.1278,2026-06-26 12:00:00+00:00,2,100.98,2.25,7.43,89.29,6.02,18.92,34.04,0.0
London,GB,51.5074,-0.1278,2026-06-26 13:00:00+00:00,2,99.36,1.77,6.23,95.51,5.84,16.15,30.77,0.0
London,GB,51.5074,-0.1278,2026-06-26 14:00:00+00:00,3,98.07,1.42,5.61,101.77,5.73,13.82,27.84,0.0
London,GB,51.5074,-0.1278,2026-06-26 15:00:00+00:00,3,96.88,1.29,5.67,105.13,5.73,12.11,25.4,0.0
London,GB,51.5074,-0.1278,2026-06-26 16:00:00+00:00,3,96.14,1.3,6.45,104.49,5.86,10.87,23.33,0.0
London,GB,51.5074,-0.1278,2026-06-26 17:00:00+00:00,3,95.85,1.35,7.98,101.19,6.12,9.99,21.59,0.0
London,GB,51.5074,-0.1278,2026-06-26 18:00:00+00:00,2,95.57,1.24,10.08,95.78,6.34,9.22,19.77,0.01
London,GB,51.5074,-0.1278,2026-06-26 19:00:00+00:00,2,95.57,0.76,13.25,89.05,6.62,8.67,18.23,0.02
London,GB,51.5074,-0.1278,2026-06-26 20:00:00+00:00,2,95.86,0.17,16.68,81.62,6.96,8.26,16.91,0.04
London,GB,51.5074,-0.1278,2026-06-26 21:00:00+00:00,2,96.25,0.0,18.15,74.66,7.23,7.72,15.41,0.05
London,GB,51.5074,-0.1278,2026-06-26 22:00:00+00:00,2,96.42,0.0,19.59,68.78,7.21,7.17,13.57,0.07
London,GB,51.5074,-0.1278,2026-06-26 23:00:00+00:00,2,96.58,0.0,21.18,63.13,7.2,6.72,12.03,0.1
London,GB,51.5074,-0.1278,2026-06-27 00:00:00+00:00,1,96.56,0.0,22.75,57.51,7.31,6.46,11.1,0.14
London,GB,51.5074,-0.1278,2026-06-27 01:00:00+00:00,1,96.65,0.0,24.35,51.95,7.37,6.33,10.55,0.18
London,GB,51.5074,-0.1278,2026-06-27 02:00:00+00:00,1,96.76,0.0,25.93,46.68,7.43,6.25,10.04,0.19
London,GB,51.5074,-0.1278,2026-06-27 03:00:00+00:00,1,96.51,0.0,26.89,42.77,7.55,5.98,9.09,0.19
London,GB,51.5074,-0.1278,2026-06-27 04:00:00+00:00,1,96.34,0.0,27.84,39.06,7.58,5.76,8.33,0.17
London,GB,51.5074,-0.1278,2026-06-27 05:00:00+00:00,1,96.43,0.15,29.45,34.63,7.55,5.86,8.18,0.17
London,GB,51.5074,-0.1278,2026-06-27 06:00:00+00:00,1,96.79,1.57,29.73,32.28,7.6,6.14,8.35,0.18
London,GB,51.5074,-0.1278,2026-06-27 07:00:00+00:00,1,96.86,3.72,28.07,31.6,7.7,6.45,8.62,0.18
London,GB,51.5074,-0.1278,2026-06-27 08:00:00+00:00,1,97.45,5.57,27.08,31.31,7.92,6.78,8.89,0.15
London,GB,51.5074,-0.1278,2026-06-27 09:00:00+00:00,1,98.41,7.84,25.31,32.71,8.27,7.09,9.1,0.12
London,GB,51.5074,-0.1278,2026-06-27 10:00:00+00:00,1,99.28,11.48,20.76,37.78,8.58,7.39,9.33,0.1
London,GB,51.5074,-0.1278,2026-06-27 11:00:00+00:00,1,100.14,12.86,20.0,38.7,8.9,7.89,9.78,0.08
London,GB,51.5074,-0.1278,2026-06-27 12:00:00+00:00,1,101.38,14.29,20.07,38.91,9.4,8.58,10.44,0.06
London,GB,51.5074,-0.1278,2026-06-27 13:00:00+00:00,1,102.98,15.33,22.27,37.57,10.26,9.58,11.38,0.04
London,GB,51.5074,-0.1278,2026-06-27 14:00:00+00:00,2,104.76,16.64,25.03,35.53,11.75,10.76,12.5,0.02
London,GB,51.5074,-0.1278,2026-06-27 15:00:00+00:00,2,106.37,18.15,28.13,33.45,13.96,11.98,13.64,0.0
London,GB,51.5074,-0.1278,2026-06-27 16:00:00+00:00,2,107.67,19.14,31.85,31.71,16.99,13.41,14.93,0.01
London,GB,51.5074,-0.1278,2026-06-27 17:00:00+00:00,2,108.03,18.27,35.86,30.36,19.5,14.83,16.19,0.01
London,GB,51.5074,-0.1278,2026-06-27 18:00:00+00:00,2,107.85,15.62,40.56,28.06,20.72,15.84,17.06,0.01
London,GB,51.5074,-0.1278,2026-06-27 19:00:00+00:00,2,108.11,10.88,47.57,22.7,20.95,16.44,17.63,0.01
London,GB,51.5074,-0.1278,2026-06-27 20:00:00+00:00,2,109.0,4.21,60.04,12.61,20.45,17.22,18.52,0.02
London,GB,51.5074,-0.1278,2026-06-27 21:00:00+00:00,2,109.7,0.39,69.11,7.49,18.8,17.94,19.49,0.02
London,GB,51.5074,-0.1278,2026-06-27 22:00:00+00:00,2,107.64,0.11,63.38,14.53,15.57,16.9,18.65,0.0
London,GB,51.5074,-0.1278,2026-06-27 23:00:00+00:00,2,105.27,0.05,54.18,21.41,12.57,15.17,17.35,0.02
London,GB,51.5074,-0.1278,2026-06-28 00:00:00+00:00,2,102.26,0.01,43.05,30.34,10.32,13.06,15.97,0.03
London,GB,51.5074,-0.1278,2026-06-28 01:00:00+00:00,2,98.57,0.0,31.2,42.52,8.55,10.69,14.83,0.03
London,GB,51.5074,-0.1278,2026-06-28 02:00:00+00:00,1,95.18,0.0,22.42,52.54,7.45,8.85,14.75,0.02
London,GB,51.5074,-0.1278,2026-06-28 03:00:00+00:00,1,92.88,0.0,17.05,58.59,6.71,7.79,15.08,0.02
London,GB,51.5074,-0.1278,2026-06-28 04:00:00+00:00,2,91.5,0.0,13.39,61.7,6.0,7.16,14.84,0.03
London,GB,51.5074,-0.1278,2026-06-28 05:00:00+00:00,2,91.33,0.03,11.68,61.92,5.5,6.72,14.08,0.06
London,GB,51.5074,-0.1278,2026-06-28 06:00:00+00:00,2,91.25,0.27,10.35,61.75,5.06,6.13,13.01,0.07
London,GB,51.5074,-0.1278,2026-06-28 07:00:00+00:00,2,90.87,0.71,8.39,62.13,4.62,5.38,11.85,0.05
London,GB,51.5074,-0.1278,2026-06-28 08:00:00+00:00,2,91.13,1.28,6.79,63.35,4.41,4.75,10.87,0.02
London,GB,51.5074,-0.1278,2026-06-28 09:00:00+00:00,2,91.01,1.57,5.54,66.15,4.2,4.23,9.77,0.01
London,GB,51.5074,-0.1278,2026-06-28 10:00:00+00:00,2,90.06,1.52,4.48,70.9,3.95,3.87,8.82,0.0
London,GB,51.5074,-0.1278,2026-06-28 11:00:00+00:00,2,89.09,1.3,3.94,76.6,3.93,3.87,8.67,0.0
London,GB,51.5074,-0.1278,2026-06-28 12:00:00+00:00,2,88.49,1.15,3.61,82.38,4.05,4.15,9.28,0.0
London,GB,51.5074,-0.1278,2026-06-28 13:00:00+00:00,2,87.88,1.0,3.47,87.13,4.14,4.4,10.05,0.0
London,GB,51.5074,-0.1278,2026-06-28 14:00:00+00:00,2,87.91,0.9,3.52,89.37,4.17,4.43,10.49,0.0
London,GB,51.5074,-0.1278,2026-06-28 15:00:00+00:00,2,88.77,0.86,3.73,88.85,4.14,4.18,10.32,0.01
London,GB,51.5074,-0.1278,2026-06-28 16:00:00+00:00,2,89.26,0.71,4.4,85.02,4.01,3.66,9.28,0.03
London,GB,51.5074,-0.1278,2026-06-28 17:00:00+00:00,2,88.65,0.58,5.21,81.18,3.98,3.15,8.12,0.05
London,GB,51.5074,-0.1278,2026-06-28 18:00:00+00:00,2,87.11,0.35,5.95,79.0,3.99,2.72,7.21,0.1
London,GB,51.5074,-0.1278,2026-06-28 19:00:00+00:00,2,85.31,0.2,6.42,77.62,3.97,2.39,6.44,0.13
London,GB,51.5074,-0.1278,2026-06-28 20:00:00+00:00,2,83.71,0.07,6.89,76.25,3.98,2.17,5.94,0.16
London,GB,51.5074,-0.1278,2026-06-28 21:00:00+00:00,2,82.94,0.0,6.95,74.49,3.93,2.08,5.76,0.22
London,GB,51.5074,-0.1278,2026-06-28 22:00:00+00:00,2,82.78,0.0,6.85,72.22,3.84,2.06,5.74,0.35
London,GB,51.5074,-0.1278,2026-06-28 23:00:00+00:00,2,82.78,0.0,7.05,68.74,3.88,2.05,5.66,0.57
London,GB,51.5074,-0.1278,2026-06-29 00:00:00+00:00,2,82.59,0.0,7.16,65.49,3.86,1.98,5.39,0.8
London,GB,51.5074,-0.1278,2026-06-29 01:00:00+00:00,2,82.01,0.0,5.26,67.29,2.86,1.76,4.85,0.84
London,GB,51.5074,-0.1278,2026-06-29 02:00:00+00:00,2,82.15,0.0,4.32,69.31,2.44,1.7,4.88,0.74
London,GB,51.5074,-0.1278,2026-06-29 03:00:00+00:00,2,82.48,0.0,3.98,70.62,2.35,1.68,4.99,0.61
London,GB,51.5074,-0.1278,2026-06-29 04:00:00+00:00,2,82.22,0.0,3.76,70.55,2.28,1.59,4.85,0.48
London,GB,51.5074,-0.1278,2026-06-29 05:00:00+00:00,2,82.67,0.02,3.75,69.35,2.28,1.49,4.54,0.38
London,GB,51.5074,-0.1278,2026-06-29 06:00:00+00:00,2,83.12,0.23,3.58,68.3,2.31,1.4,4.2,0.3
London,GB,51.5074,-0.1278,2026-06-29 07:00:00+00:00,2,83.25,0.53,3.29,67.37,2.39,1.37,3.98,0.24
London,GB,51.5074,-0.1278,2026-06-29 08:00:00+00:00,2,83.8,0.79,3.16,67.45,2.59,1.42,4.01,0.2
London,GB,51.5074,-0.1278,2026-06-29 09:00:00+00:00,2,84.07,0.94,3.01,69.04,2.81,1.57,4.28,0.17
London,GB,51.5074,-0.1278,2026-06-29 10:00:00+00:00,2,84.81,1.45,4.13,68.95,3.92,1.92,4.96,0.15
London,GB,51.5074,-0.1278,2026-06-29 11:00:00+00:00,2,85.9,2.4,6.23,67.02,5.78,2.49,6.1,0.15
London,GB,51.5074,-0.1278,2026-06-29 12:00:00+00:00,2,87.09,3.26,7.91,65.98,7.56,3.11,7.49,0.15
London,GB,51.5074,-0.1278,2026-06-29 13:00:00+00:00,2,87.81,3.77,8.89,66.03,8.83,3.68,8.87,0.12
London,GB,51.5074,-0.1278,2026-06-29 14:00:00+00:00,2,87.95,3.69,9.05,67.59,8.76,4.02,9.65,0.08
London,GB,51.5074,-0.1278,2026-06-29 15:00:00+00:00,2,87.26,2.91,8.11,72.33,7.69,3.95,9.53,0.06
London,GB,51.5074,-0.1278,2026-06-29 16:00:00+00:00,2,85.27,1.15,4.05,81.67,4.33,3.08,7.85,0.03
London,GB,51.5074,-0.1278,2026-06-29 17:00:00+00:00,2,85.32,0.93,4.07,83.3,4.1,2.89,7.42,0.03
London,GB,51.5074,-0.1278,2026-06-29 18:00:00+00:00,2,86.02,0.81,4.94,82.86,4.31,2.72,7.07,0.03
London,GB,51.5074,-0.1278,2026-06-29 19:00:00+00:00,2,86.83,0.49,6.23,81.01,4.51,2.53,6.67,0.04
London,GB,51.5074,-0.1278,2026-06-29 20:00:00+00:00,2,87.47,0.11,7.48,77.99,4.67,2.35,6.18,0.05
London,GB,51.5074,-0.1278,2026-06-29 21:00:00+00:00,2,87.84,0.0,8.01,74.97,4.82,2.2,5.7,0.06
London,GB,51.5074,-0.1278,2026-06-29 22:00:00+00:00,2,88.11,0.0,8.41,72.51,5.0,2.1,5.3,0.05
London,GB,51.5074,-0.1278,2026-06-29 23:00:00+00:00,2,88.19,0.0,8.59,70.6,5.11,2.02,5.0,0.05
London,GB,51.5074,-0.1278,2026-06-30 00:00:00+00:00,2,88.0,0.0,8.56,69.32,5.15,1.96,4.78,0.05
London,GB,51.5074,-0.1278,2026-06-30 01:00:00+00:00,2,87.82,0.0,7.76,69.32,4.56,1.83,4.25,0.04
London,GB,51.5074,-0.1278,2026-06-30 02:00:00+00:00,2,87.83,0.0,7.22,69.17,4.11,1.68,3.67,0.03
London,GB,51.5074,-0.1278,2026-06-30 03:00:00+00:00,2,88.3,0.0,6.95,68.94,3.92,1.54,3.22,0.03
London,GB,51.5074,-0.1278,2026-06-30 04:00:00+00:00,2,88.67,0.0,6.79,68.63,3.91,1.42,2.97,0.02
London,GB,51.5074,-0.1278,2026-06-30 05:00:00+00:00,2,88.76,0.01,6.67,68.07,3.94,1.34,2.84,0.02
London,GB,51.5074,-0.1278,2026-06-30 06:00:00+00:00,2,88.67,0.06,6.76,67.51,3.93,1.33,2.78,0.01
London,GB,51.5074,-0.1278,2026-06-30 07:00:00+00:00,2,88.49,0.25,6.44,67.44,3.69,1.38,2.7,0.01
London,GB,51.5074,-0.1278,2026-06-30 08:00:00+00:00,2,88.24,0.62,6.14,67.7,3.53,1.5,2.66,0.01
London,GB,51.5074,-0.1278,2026-06-30 09:00:00+00:00,2,88.36,1.0,5.8,68.75,3.52,1.7,2.77,0.01
London,GB,51.5074,-0.1278,2026-06-30 10:00:00+00:00,2,88.17,1.33,5.31,70.57,3.69,2.0,3.11,0.0
London,GB,51.5074,-0.1278,2026-06-30 11:00:00+00:00,2,88.03,1.44,5.16,72.68,4.07,2.44,3.75,0.0
London,GB,51.5074,-0.1278,2026-06-30 12:00:00+00:00,2,87.99,1.45,4.87,76.21,4.4,2.99,4.54,0.0
London,GB,51.5074,-0.1278,2026-06-30 13:00:00+00:00,2,87.74,1.33,4.47,81.15,4.59,3.64,5.33,0.0
London,GB,51.5074,-0.1278,2026-06-30 14:00:00+00:00,2,87.12,1.08,3.96,86.55,4.53,4.2,6.02,0.0
London,GB,51.5074,-0.1278,2026-06-30 15:00:00+00:00,2,86.22,0.88,3.47,91.23,4.32,4.49,6.46,0.0
London,GB,51.5074,-0.1278,2026-06-30 16:00:00+00:00,2,85.41,0.73,3.21,93.52,4.02,4.37,6.63,0.0
London,GB,51.5074,-0.1278,2026-06-30 17:00:00+00:00,2,84.69,0.67,3.43,92.02,3.87,4.0,6.73,0.0
London,GB,51.5074,-0.1278,2026-06-30 18:00:00+00:00,2,84.34,0.58,3.97,88.55,3.83,3.62,7.06,0.01
London,GB,51.5074,-0.1278,2026-06-30 19:00:00+00:00,2,84.4,0.33,4.56,84.73,3.69,3.27,7.55,0.01
London,GB,51.5074,-0.1278,2026-06-30 20:00:00+00:00,2,84.31,0.07,5.48,81.26,3.79,3.14,8.21,0.01
London,GB,51.5074,-0.1278,2026-06-30 21:00:00+00:00,2,83.67,0.0,5.68,78.98,3.76,3.11,8.38,0.01
London,GB,51.5074,-0.1278,2026-06-30 22:00:00+00:00,2,82.76,0.0,5.64,77.25,3.6,3.07,7.81,0.01
London,GB,51.5074,-0.1278,2026-06-30 23:00:00+00:00,2,82.03,0.0,5.62,74.89,3.41,2.98,6.8,0.02
London,GB,51.5074,-0.1278,2026-07-01 00:00:00+00:00,2,81.95,0.0,5.52,71.58,3.19,2.86,5.76,0.05
London,GB,51.5074,-0.1278,2026-07-01 01:00:00+00:00,2,82.51,0.0,5.09,68.19,2.85,2.69,4.78,0.12
London,GB,51.5074,-0.1278,2026-07-01 02:00:00+00:00,2,83.33,0.0,4.57,65.03,2.52,2.42,3.93,0.21
London,GB,51.5074,-0.1278,2026-07-01 03:00:00+00:00,2,84.62,0.0,4.32,61.79,2.39,2.21,3.48,0.29
London,GB,51.5074,-0.1278,2026-07-01 04:00:00+00:00,1,85.76,0.0,4.42,59.22,2.43,2.11,3.44,0.35
London,GB,51.5074,-0.1278,2026-07-01 05:00:00+00:00,1,86.67,0.02,5.51,55.75,3.0,2.3,3.96,0.44
London,GB,51.5074,-0.1278,2026-07-01 06:00:00+00:00,1,87.21,0.39,6.27,53.19,3.57,2.62,4.68,0.54
London,GB,51.5074,-0.1278,2026-07-01 07:00:00+00:00,1,87.33,1.19,6.59,50.8,4.2,2.97,5.43,0.65
London,GB,51.5074,-0.1278,2026-07-01 08:00:00+00:00,1,87.88,2.14,7.05,48.46,4.92,3.35,6.18,0.76
London,GB,51.5074,-0.1278,2026-07-01 09:00:00+00:00,1,88.42,2.95,7.24,47.43,5.45,3.68,6.79,0.88
London,GB,51.5074,-0.1278,2026-07-01 10:00:00+00:00,1,88.78,3.53,7.54,47.62,5.99,4.02,7.42,0.94
London,GB,51.5074,-0.1278,2026-07-01 11:00:00+00:00,1,88.49,4.03,7.96,47.81,6.58,4.48,8.36,0.93
London,GB,51.5074,-0.1278,2026-07-01 12:00:00+00:00,1,87.65,3.9,7.61,50.85,6.58,4.96,9.32,0.87
London,GB,51.5074,-0.1278,2026-07-01 13:00:00+00:00,1,85.95,3.03,6.73,57.94,6.05,5.3,9.87,0.78
London,GB,51.5074,-0.1278,2026-07-01 14:00:00+00:00,2,84.49,2.04,6.01,66.5,5.43,5.18,9.55,0.69
London,GB,51.5074,-0.1278,2026-07-01 15:00:00+00:00,2,83.31,1.49,5.81,72.2,5.06,4.64,8.68,0.64
London,GB,51.5074,-0.1278,2026-07-01 16:00:00+00:00,2,82.79,1.3,6.0,73.81,4.87,4.02,7.83,0.63
London,GB,51.5074,-0.1278,2026-07-01 17:00:00+00:00,2,82.39,1.13,6.26,73.46,4.65,3.55,7.16,0.63
London,GB,51.5074,-0.1278,2026-07-01 18:00:00+00:00,2,81.72,0.85,6.38,73.04,4.33,3.18,6.53,0.66
London,GB,51.5074,-0.1278,2026-07-01 19:00:00+00:00,2,81.23,0.46,6.49,71.83,3.96,2.81,5.82,0.74
London,GB,51.5074,-0.1278,2026-07-01 20:00:00+00:00,2,81.2,0.12,7.52,67.87,4.13,2.6,5.49,0.83
London,GB,51.5074,-0.1278,2026-07-01 21:00:00+00:00,2,81.45,0.0,8.25,63.04,4.37,2.46,5.26,0.93
London,GB,51.5074,-0.1278,2026-07-01 22:00:00+00:00,1,81.94,0.0,8.77,58.9,4.55,2.37,5.09,1.03
London,GB,51.5074,-0.1278,2026-07-01 23:00:00+00:00,1,82.49,0.0,8.81,55.97,4.55,2.3,5.13,1.01
London,GB,51.5074,-0.1278,2026-07-02 00:00:00+00:00,1,83.14,0.0,8.24,54.84,4.3,2.28,5.4,0.91
London,GB,51.5074,-0.1278,2026-07-02 01:00:00+00:00,1,83.36,0.0,6.9,55.43,3.71,2.29,5.77,0.74
London,GB,51.5074,-0.1278,2026-07-02 02:00:00+00:00,1,83.17,0.0,6.12,55.1,3.36,2.43,6.55,0.5
London,GB,51.5074,-0.1278,2026-07-02 03:00:00+00:00,1,82.7,0.0,5.64,53.6,3.16,2.66,7.6,0.29
London,GB,51.5074,-0.1278,2026-07-02 04:00:00+00:00,1,82.76,0.0,5.16,51.96,3.02,2.93,8.71,0.14
London,GB,51.5074,-0.1278,2026-07-02 05:00:00+00:00,1,82.99,0.0,5.12,50.43,3.03,3.26,9.34,0.06
London,GB,51.5074,-0.1278,2026-07-02 06:00:00+00:00,1,83.31,0.04,5.29,48.55,3.0,3.69,9.22,0.05
London,GB,51.5074,-0.1278,2026-07-02 07:00:00+00:00,1,83.92,0.26,5.24,46.4,2.96,4.1,8.74,0.07
London,GB,51.5074,-0.1278,2026-07-02 08:00:00+00:00,1,84.72,0.71,4.57,44.7,2.87,4.29,8.07,0.12
London,GB,51.5074,-0.1278,2026-07-02 09:00:00+00:00,1,85.62,1.02,3.6,45.04,2.68,4.13,7.17,0.21
London,GB,51.5074,-0.1278,2026-07-02 10:00:00+00:00,1,86.64,1.24,3.05,48.27,2.82,3.95,6.81,0.27
London,GB,51.5074,-0.1278,2026-07-02 11:00:00+00:00,1,87.31,1.45,3.35,52.82,3.47,4.35,8.01,0.3
London,GB,51.5074,-0.1278,2026-07-02 12:00:00+00:00,1,87.62,1.45,3.44,59.06,3.82,4.97,9.61,0.34
London,GB,51.5074,-0.1278,2026-07-02 13:00:00+00:00,2,87.27,1.4,3.43,65.81,4.05,5.59,11.21,0.4
London,GB,51.5074,-0.1278,2026-07-02 14:00:00+00:00,2,86.71,1.36,3.71,71.96,4.32,5.97,12.29,0.47
London,GB,51.5074,-0.1278,2026-07-02 15:00:00+00:00,2,86.44,1.34,4.14,77.48,4.53,5.91,12.41,0.56
London,GB,51.5074,-0.1278,2026-07-02 16:00:00+00:00,2,86.12,1.34,4.88,81.53,4.7,5.53,11.84,0.66
London,GB,51.5074,-0.1278,2026-07-02 17:00:00+00:00,2,85.93,1.34,6.16,83.18,4.92,5.03,10.97,0.74
London,GB,51.5074,-0.1278,2026-07-02 18:00:00+00:00,2,86.29,1.16,7.99,82.22,5.16,4.54,9.98,0.83
London,GB,51.5074,-0.1278,2026-07-02 19:00:00+00:00,2,87.21,0.67,10.17,79.62,5.41,4.05,8.86,0.96
London,GB,51.5074,-0.1278,2026-07-02 20:00:00+00:00,2,88.67,0.15,12.17,75.14,5.74,3.58,7.77,1.18
London,GB,51.5074,-0.1278,2026-07-02 21:00:00+00:00,2,90.23,0.0,13.24,69.5,6.13,3.2,6.92,1.47
London,GB,51.5074,-0.1278,2026-07-02 22:00:00+00:00,2,92.66,0.0,14.5,64.21,6.53,2.94,6.37,1.78
London,GB,51.5074,-0.1278,2026-07-02 23:00:00+00:00,1,94.7,0.0,15.55,58.74,6.75,2.75,5.98,2.11
London,GB,51.5074,-0.1278,2026-07-03 00:00:00+00:00,1,95.83,0.0,15.61,54.3,6.64,2.56,5.55,2.41
London,GB,51.5074,-0.1278,2026-07-03 01:00:00+00:00,1,95.31,0.0,14.19,51.78,6.13,2.31,4.99,2.58
London,GB,51.5074,-0.1278,2026-07-03 02:00:00+00:00,1,95.16,0.0,13.43,49.72,5.9,2.18,4.64,2.6
London,GB,51.5074,-0.1278,2026-07-03 03:00:00+00:00,1,94.83,0.0,12.52,49.09,5.67,2.1,4.4,2.53
London,GB,51.5074,-0.1278,2026-07-03 04:00:00+00:00,1,93.53,0.0,11.14,49.78,5.26,2.03,4.25,2.38
London,GB,51.5074,-0.1278,2026-07-03 05:00:00+00:00,1,92.84,0.02,10.73,49.5,5.19,2.06,4.2,2.25
London,GB,51.5074,-0.1278,2026-07-03 06:00:00+00:00,1,92.34,0.36,10.37,49.46,5.23,2.1,4.15,2.14
London,GB,51.5074,-0.1278,2026-07-03 07:00:00+00:00,1,92.05,1.58,9.88,49.02,5.56,2.2,4.2,2.07
London,GB,51.5074,-0.1278,2026-07-03 08:00:00+00:00,1,92.73,3.34,9.69,48.88,6.32,2.42,4.43,2.1
London,GB,51.5074,-0.1278,2026-07-03 09:00:00+00:00,1,93.78,4.68,9.66,50.09,7.22,2.72,4.77,2.17
London,GB,51.5074,-0.1278,2026-07-03 10:00:00+00:00,1,94.61,5.44,10.01,52.44,8.41,3.16,5.3,2.16
London,GB,51.5074,-0.1278,2026-07-03 11:00:00+00:00,1,95.79,6.08,11.05,55.38,10.31,4.2,6.49,2.03
London,GB,51.5074,-0.1278,2026-07-03 12:00:00+00:00,1,97.16,6.81,12.48,58.67,12.7,6.34,8.73,1.74
London,GB,51.5074,-0.1278,2026-07-03 13:00:00+00:00,2,98.6,7.39,14.23,61.71,15.15,8.96,11.37,1.38
London,GB,51.5074,-0.1278,2026-07-03 14:00:00+00:00,2,99.64,7.46,15.84,63.58,16.7,10.97,13.44,1.06
London,GB,51.5074,-0.1278,2026-07-03 15:00:00+00:00,2,99.38,6.56,16.44,67.23,16.28,11.05,13.66,0.94
London,GB,51.5074,-0.1278,2026-07-03 16:00:00+00:00,2,97.91,4.91,15.35,73.82,13.93,9.68,12.48,0.94
London,GB,51.5074,-0.1278,2026-07-03 17:00:00+00:00,2,97.07,3.96,15.54,76.45,12.44,8.96,12.17,0.95
London,GB,51.5074,-0.1278,2026-07-03 18:00:00+00:00,2,96.42,2.73,15.6,78.52,10.8,8.12,11.74,0.98
London,GB,51.5074,-0.1278,2026-07-03 19:00:00+00:00,2,95.91,1.31,16.01,79.19,9.4,7.56,11.46,0.97
London,GB,51.5074,-0.1278,2026-07-03 20:00:00+00:00,2,95.34,0.24,16.26,77.83,8.46,6.9,10.86,0.92
London,GB,51.5074,-0.1278,2026-07-03 21:00:00+00:00,2,95.24,0.0,15.13,76.4,7.88,6.34,10.23,0.84
London,GB,51.5074,-0.1278,2026-07-03 22:00:00+00:00,2,95.7,0.0,14.65,76.08,7.58,6.14,9.94,0.79
London,GB,51.5074,-0.1278,2026-07-03 23:00:00+00:00,2,96.18,0.0,14.83,76.09,7.6,6.38,10.27,0.75
London,GB,51.5074,-0.1278,2026-07-04 00:00:00+00:00,2,96.2,0.0,15.35,74.76,7.72,6.84,11.11,0.74
London,GB,51.5074,-0.1278,2026-07-04 01:00:00+00:00,2,95.1,0.0,15.16,71.04,7.44,7.04,11.86,0.86
London,GB,51.5074,-0.1278,2026-07-04 02:00:00+00:00,2,92.9,0.0,14.26,65.57,6.85,6.71,12.04,1.03
London,GB,51.5074,-0.1278,2026-07-04 03:00:00+00:00,1,90.51,0.0,13.07,58.96,6.18,5.91,11.41,1.18
London,GB,51.5074,-0.1278,2026-07-04 04:00:00+00:00,1,88.02,0.0,11.04,53.65,5.22,4.71,9.58,1.3
London,GB,51.5074,-0.1278,2026-07-04 05:00:00+00:00,1,86.75,0.03,10.04,48.38,4.85,3.68,7.62,1.24
London,GB,51.5074,-0.1278,2026-07-04 06:00:00+00:00,1,86.59,0.31,9.05,44.46,4.6,2.94,6.01,1.11
London,GB,51.5074,-0.1278,2026-07-04 07:00:00+00:00,1,86.86,0.58,7.46,42.67,4.07,2.39,4.76,0.95
London,GB,51.5074,-0.1278,2026-07-04 08:00:00+00:00,1,87.38,0.87,6.06,42.57,3.61,1.98,3.89,0.82
London,GB,51.5074,-0.1278,2026-07-04 09:00:00+00:00,1,87.54,1.1,5.23,43.03,3.41,1.82,3.55,0.76
London,GB,51.5074,-0.1278,2026-07-04 10:00:00+00:00,1,87.5,1.46,4.48,45.0,3.5,1.9,3.7,0.67
London,GB,51.5074,-0.1278,2026-07-04 11:00:00+00:00,1,87.38,1.79,4.15,49.07,3.92,2.32,4.57,0.54
London,GB,51.5074,-0.1278,2026-07-04 12:00:00+00:00,1,87.43,1.75,3.82,55.87,4.12,2.91,5.81,0.4
London,GB,51.5074,-0.1278,2026-07-04 13:00:00+00:00,2,87.85,1.49,3.54,63.57,4.1,3.49,7.07,0.31
London,GB,51.5074,-0.1278,2026-07-04 14:00:00+00:00,2,87.89,1.26,3.39,69.79,4.04,3.92,8.17,0.25
London,GB,51.5074,-0.1278,2026-07-04 15:00:00+00:00,2,87.74,1.16,3.49,74.1,4.09,4.34,9.38,0.21
London,GB,51.5074,-0.1278,2026-07-04 16:00:00+00:00,2,87.5,1.13,3.88,76.5,4.24,4.66,10.43,0.19
London,GB,51.5074,-0.1278,2026-07-04 17:00:00+00:00,2,86.97,1.12,4.59,76.36,4.37,4.6,10.43,0.2
London,GB,51.5074,-0.1278,2026-07-04 18:00:00+00:00,2,86.35,1.01,5.58,73.7,4.43,4.17,9.35,0.24
London,GB,51.5074,-0.1278,2026-07-04 19:00:00+00:00,2,85.98,0.65,7.07,68.49,4.51,3.58,7.89,0.33
London,GB,51.5074,-0.1278,2026-07-04 20:00:00+00:00,2,85.5,0.17,8.76,60.48,4.65,3.0,6.59,0.48
London,GB,51.5074,-0.1278,2026-07-04 21:00:00+00:00,1,85.11,0.0,9.35,51.59,4.71,2.49,5.52,0.66
London,GB,51.5074,-0.1278,2026-07-04 22:00:00+00:00,1,85.41,0.0,9.62,44.08,4.76,2.15,4.85,0.78
London,GB,51.5074,-0.1278,2026-07-04 23:00:00+00:00,1,86.49,0.0,9.62,38.64,4.7,1.93,4.44,0.86
London,GB,51.5074,-0.1278,2026-07-05 00:00:00+00:00,1,87.94,0.0,9.05,36.43,4.38,1.75,4.05,0.93
London,GB,51.5074,-0.1278,2026-07-05 01:00:00+00:00,1,88.77,0.0,7.62,37.69,3.57,1.57,3.58,0.98
London,GB,51.5074,-0.1278,2026-07-05 02:00:00+00:00,1,89.35,0.0,7.7,38.29,3.53,1.63,3.64,0.93
London,GB,51.5074,-0.1278,2026-07-05 03:00:00+00:00,1,89.47,0.0,8.18,38.3,3.7,1.79,3.92,0.9
London,GB,51.5074,-0.1278,2026-07-05 04:00:00+00:00,1,89.21,0.0,8.75,37.72,3.93,1.97,4.28,0.89
London,GB,51.5074,-0.1278,2026-07-05 05:00:00+00:00,1,89.13,0.08,9.29,36.85,4.23,2.16,4.65,0.9
London,GB,51.5074,-0.1278,2026-07-05 06:00:00+00:00,1,88.77,0.95,8.69,37.13,4.52,2.34,4.97,0.92
London,GB,51.5074,-0.1278,2026-07-05 07:00:00+00:00,1,88.95,2.12,7.84,37.65,4.94,2.51,5.25,0.94
London,GB,51.5074,-0.1278,2026-07-05 08:00:00+00:00,1,89.3,3.11,7.61,37.83,5.47,2.7,5.54,0.97
London,GB,51.5074,-0.1278,2026-07-05 09:00:00+00:00,1,89.74,3.79,7.51,38.38,5.91,2.9,5.83,1.02
London,GB,51.5074,-0.1278,2026-07-05 10:00:00+00:00,1,90.09,4.42,7.82,39.32,6.59,3.21,6.43,1.03
London,GB,51.5074,-0.1278,2026-07-05 11:00:00+00:00,1,89.99,5.17,8.46,40.9,7.53,3.83,7.72,0.93
London,GB,51.5074,-0.1278,2026-07-05 12:00:00+00:00,1,89.44,5.36,8.84,43.87,8.08,4.7,9.73,0.8
London,GB,51.5074,-0.1278,2026-07-05 13:00:00+00:00,1,88.85,4.89,8.8,48.96,8.1,5.72,12.21,0.66
London,GB,51.5074,-0.1278,2026-07-05 14:00:00+00:00,1,88.25,3.89,8.45,55.8,7.64,6.57,14.24,0.54
London,GB,51.5074,-0.1278,2026-07-05 15:00:00+00:00,2,87.74,2.96,7.67,63.75,6.98,6.95,15.12,0.48
London,GB,51.5074,-0.1278,2026-07-05 16:00:00+00:00,2,87.31,2.22,6.9,69.86,6.25,6.82,14.72,0.45
London,GB,51.5074,-0.1278,2026-07-05 17:00:00+00:00,2,86.96,1.87,7.73,71.54,6.19,6.88,14.89,0.4
London,GB,51.5074,-0.1278,2026-07-05 18:00:00+00:00,2,87.08,1.35,9.52,70.93,6.29,7.06,15.27,0.38
London,GB,51.5074,-0.1278,2026-07-05 19:00:00+00:00,2,87.03,0.48,11.99,68.45,6.43,7.22,15.37,0.36
London,GB,51.5074,-0.1278,2026-07-05 20:00:00+00:00,2,87.18,0.06,13.54,65.51,6.47,7.22,14.9,0.34
London,GB,51.5074,-0.1278,2026-07-05 21:00:00+00:00,2,87.24,0.0,13.8,63.21,6.42,7.05,13.98,0.34
London,GB,51.5074,-0.1278,2026-07-05 22:00:00+00:00,2,87.58,0.0,14.54,60.35,6.5,6.93,13.23,0.33
London,GB,51.5074,-0.1278,2026-07-05 23:00:00+00:00,1,88.01,0.0,16.27,55.77,6.82,6.99,12.94,0.33
London,GB,51.5074,-0.1278,2026-07-06 00:00:00+00:00,1,88.34,0.0,18.09,50.09,7.15,6.99,12.58,0.36
London,GB,51.5074,-0.1278,2026-07-06 01:00:00+00:00,1,88.98,0.0,19.84,44.03,7.44,6.89,12.12,0.43
London,GB,51.5074,-0.1278,2026-07-06 02:00:00+00:00,1,89.36,0.0,21.53,37.71,7.67,6.79,11.67,0.47
London,GB,51.5074,-0.1278,2026-07-06 03:00:00+00:00,1,90.02,0.0,23.2,31.74,7.91,6.7,11.24,0.49
London,GB,51.5074,-0.1278,2026-07-06 04:00:00+00:00,1,90.48,0.01,24.65,26.41,8.19,6.59,10.78,0.5
London,GB,51.5074,-0.1278,2026-07-06 05:00:00+00:00,1,90.94,0.2,25.82,22.28,8.44,6.49,10.39,0.51
London,GB,51.5074,-0.1278,2026-07-06 06:00:00+00:00,1,91.39,2.86,23.05,23.01,8.63,6.42,10.09,0.52
London,GB,51.5074,-0.1278,2026-07-06 07:00:00+00:00,1,91.87,6.59,18.66,26.3,8.78,6.48,10.04,0.52
London,GB,51.5074,-0.1278,2026-07-06 08:00:00+00:00,1,92.56,9.15,16.39,28.45,8.98,6.76,10.39,0.5
London,GB,51.5074,-0.1278,2026-07-06 09:00:00+00:00,1,93.42,10.62,15.26,30.26,9.11,7.25,11.15,0.47
London,GB,51.5074,-0.1278,2026-07-06 10:00:00+00:00,1,93.88,10.81,14.46,32.63,9.0,7.91,12.18,0.41
London,GB,51.5074,-0.1278,2026-07-06 11:00:00+00:00,1,93.73,10.11,13.68,35.8,8.76,8.55,13.0,0.34
London,GB,51.5074,-0.1278,2026-07-06 12:00:00+00:00,1,93.4,8.85,12.79,39.87,8.46,9.02,13.62,0.26
London,GB,51.5074,-0.1278,2026-07-06 13:00:00+00:00,1,93.04,7.45,12.11,44.82,8.19,9.47,14.26,0.2
London,GB,51.5074,-0.1278,2026-07-06 14:00:00+00:00,2,93.37,6.57,12.09,49.0,8.2,10.06,15.09,0.16
London,GB,51.5074,-0.1278,2026-07-06 15:00:00+00:00,2,93.34,5.77,12.49,52.93,8.27,10.39,15.5,0.14
London,GB,51.5074,-0.1278,2026-07-06 16:00:00+00:00,2,93.31,5.01,13.27,56.5,8.28,10.36,15.42,0.13
London,GB,51.5074,-0.1278,2026-07-06 17:00:00+00:00,2,92.93,4.22,14.19,58.78,8.1,10.04,14.89,0.13
London,GB,51.5074,-0.1278,2026-07-06 18:00:00+00:00,1,92.37,3.26,15.47,59.96,7.88,9.58,14.11,0.13
London,GB,51.5074,-0.1278,2026-07-06 19:00:00+00:00,1,91.75,1.74,17.68,59.53,7.72,8.84,13.0,0.15
London,GB,51.5074,-0.1278,2026-07-06 20:00:00+00:00,1,90.8,0.28,19.82,57.32,7.67,8.13,11.83,0.16
London,GB,51.5074,-0.1278,2026-07-06 21:00:00+00:00,1,90.22,0.0,19.72,55.9,7.69,7.68,10.99,0.19
London,GB,51.5074,-0.1278,2026-07-06 22:00:00+00:00,1,89.76,0.0,19.82,54.25,7.74,7.59,10.67,0.22
London,GB,51.5074,-0.1278,2026-07-06 23:00:00+00:00,1,89.6,0.0,20.4,51.73,7.82,7.76,10.77,0.25
London,GB,51.5074,-0.1278,2026-07-07 00:00:00+00:00,1,89.71,0.0,21.17,48.55,7.87,8.11,11.15,0.31
London,GB,51.5074,-0.1278,2026-07-07 01:00:00+00:00,1,89.47,0.0,22.02,44.54,7.79,8.4,11.49,0.42
London,GB,51.5074,-0.1278,2026-07-07 02:00:00+00:00,1,89.77,0.0,23.52,39.33,7.85,8.62,11.79,0.51
London,GB,51.5074,-0.1278,2026-07-07 03:00:00+00:00,1,90.07,0.0,25.02,33.88,7.95,8.7,11.87,0.57
London,GB,51.5074,-0.1278,2026-07-07 04:00:00+00:00,1,90.28,0.01,26.06,28.87,8.06,8.57,11.65,0.65
London,GB,51.5074,-0.1278,2026-07-07 05:00:00+00:00,1,90.22,0.13,26.31,25.11,8.11,8.21,11.09,0.76
London,GB,51.5074,-0.1278,2026-07-07 06:00:00+00:00,1,90.06,2.09,23.23,25.43,8.09,7.63,10.26,0.86
London,GB,51.5074,-0.1278,2026-07-07 07:00:00+00:00,1,89.91,4.95,18.13,28.45,8.01,6.97,9.35,0.93
London,GB,51.5074,-0.1278,2026-07-07 08:00:00+00:00,1,89.66,7.04,14.89,30.61,8.22,6.57,8.86,0.93
London,GB,51.5074,-0.1278,2026-07-07 09:00:00+00:00,1,89.59,8.3,13.1,32.34,8.52,6.46,8.78,0.9
London,GB,51.5074,-0.1278,2026-07-07 10:00:00+00:00,1,89.6,8.57,12.35,34.68,8.72,6.69,9.15,0.84
London,GB,51.5074,-0.1278,2026-07-07 11:00:00+00:00,1,89.5,8.05,11.79,38.32,8.66,7.14,9.86,0.75
London,GB,51.5074,-0.1278,2026-07-07 12:00:00+00:00,1,89.13,6.9,11.0,43.59,8.26,7.77,10.91,0.66
London,GB,51.5074,-0.1278,2026-07-07 13:00:00+00:00,1,88.29,5.44,10.18,50.7,7.67,8.67,12.36,0.55
London,GB,51.5074,-0.1278,2026-07-07 14:00:00+00:00,1,87.99,4.2,9.65,59.01,7.25,9.6,13.77,0.44
London,GB,51.5074,-0.1278,2026-07-07 15:00:00+00:00,2,87.88,3.33,9.62,66.73,7.08,10.12,14.55,0.36
London,GB,51.5074,-0.1278,2026-07-07 16:00:00+00:00,2,87.71,2.65,10.33,71.67,7.03,10.09,14.59,0.33
London,GB,51.5074,-0.1278,2026-07-07 17:00:00+00:00,2,87.68,2.01,11.66,73.44,6.98,9.68,14.13,0.33
London,GB,51.5074,-0.1278,2026-07-07 18:00:00+00:00,2,87.55,1.38,13.4,73.09,6.95,9.25,13.66,0.36
London,GB,51.5074,-0.1278,2026-07-07 19:00:00+00:00,2,87.64,0.71,15.27,72.01,6.97,9.04,13.48,0.45
London,GB,51.5074,-0.1278,2026-07-07 20:00:00+00:00,2,87.61,0.11,16.85,69.42,6.98,9.06,13.49,0.6
London,GB,51.5074,-0.1278,2026-07-07 21:00:00+00:00,2,87.84,0.0,17.18,66.05,6.99,8.99,13.25,0.82
London,GB,51.5074,-0.1278,2026-07-07 22:00:00+00:00,2,88.65,0.0,17.78,62.7,7.11,8.58,12.5,1.1
London,GB,51.5074,-0.1278,2026-07-07 23:00:00+00:00,1,89.76,0.0,18.47,59.14,7.4,7.77,11.22,1.53
London,GB,51.5074,-0.1278,2026-07-08 00:00:00+00:00,1,91.31,0.0,19.09,55.42,7.68,6.84,9.77,2.1
London,GB,51.5074,-0.1278,2026-07-08 01:00:00+00:00,1,93.31,0.0,20.04,50.83,7.8,6.18,8.68,2.53
London,GB,51.5074,-0.1278,2026-07-08 02:00:00+00:00,1,95.93,0.0,21.38,45.51,7.69,5.89,8.05,2.5
London,GB,51.5074,-0.1278,2026-07-08 03:00:00+00:00,1,99.0,0.0,22.51,40.45,7.52,5.67,7.53,2.32
London,GB,51.5074,-0.1278,2026-07-08 04:00:00+00:00,1,102.29,0.0,22.68,36.77,7.24,5.37,6.99,2.16
London,GB,51.5074,-0.1278,2026-07-08 05:00:00+00:00,1,105.25,0.11,22.38,34.41,7.05,5.09,6.63,1.95
London,GB,51.5074,-0.1278,2026-07-08 06:00:00+00:00,1,107.57,1.78,19.59,35.48,6.86,4.88,6.5,1.71
London,GB,51.5074,-0.1278,2026-07-08 07:00:00+00:00,1,109.18,3.97,15.61,38.42,6.59,4.77,6.59,1.46
London,GB,51.5074,-0.1278,2026-07-08 08:00:00+00:00,1,111.25,5.29,13.48,41.45,6.52,4.84,6.91,1.26
London,GB,51.5074,-0.1278,2026-07-08 09:00:00+00:00,1,113.59,5.83,12.51,45.84,6.66,5.13,7.46,1.1
London,GB,51.5074,-0.1278,2026-07-08 10:00:00+00:00,1,115.55,5.78,12.09,52.09,6.77,5.77,8.38,0.9
London,GB,51.5074,-0.1278,2026-07-08 11:00:00+00:00,1,117.65,5.48,12.0,59.82,6.9,6.94,9.78,0.69
London,GB,51.5074,-0.1278,2026-07-08 12:00:00+00:00,2,119.58,5.06,12.04,69.19,7.45,8.71,11.62,0.57
London,GB,51.5074,-0.1278,2026-07-08 13:00:00+00:00,2,121.47,4.71,12.44,78.54,8.62,10.9,13.78,0.58
London,GB,51.5074,-0.1278,2026-07-08 14:00:00+00:00,2,123.79,4.34,13.04,88.48,10.1,13.23,16.01,0.64
London,GB,51.5074,-0.1278,2026-07-08 15:00:00+00:00,2,126.1,3.88,13.83,99.43,11.57,15.72,18.34,0.64
London,GB,51.5074,-0.1278,2026-07-08 16:00:00+00:00,3,128.28,3.49,15.52,109.72,12.88,18.17,20.6,0.62
London,GB,51.5074,-0.1278,2026-07-08 17:00:00+00:00,3,129.61,3.18,18.51,114.91,14.02,19.73,21.98,0.61
London,GB,51.5074,-0.1278,2026-07-08 18:00:00+00:00,3,130.48,2.67,22.9,113.09,15.07,20.41,22.59,0.59
London,GB,51.5074,-0.1278,2026-07-08 19:00:00+00:00,3,131.73,1.6,29.34,105.29,15.97,20.86,23.07,0.6
London,GB,51.5074,-0.1278,2026-07-08 20:00:00+00:00,2,133.07,0.33,37.18,91.82,16.2,21.36,23.66,0.59
London,GB,51.5074,-0.1278,2026-07-08 21:00:00+00:00,2,134.6,0.0,41.08,76.32,15.7,22.24,24.67,0.46
London,GB,51.5074,-0.1278,2026-07-08 22:00:00+00:00,2,135.28,0.0,43.78,62.96,14.7,22.94,25.49,0.34
London,GB,51.5074,-0.1278,2026-07-08 23:00:00+00:00,2,135.75,0.0,45.31,53.71,13.92,23.45,26.02,0.26
London,GB,51.5074,-0.1278,2026-07-09 00:00:00+00:00,2,136.23,0.0,46.18,47.17,13.48,23.78,26.27,0.23
London,GB,51.5074,-0.1278,2026-07-09 01:00:00+00:00,2,135.61,0.0,46.86,41.93,13.25,23.95,26.3,0.23
London,GB,51.5074,-0.1278,2026-07-09 02:00:00+00:00,2,136.01,0.0,47.05,38.04,13.46,24.15,26.33,0.23
London,GB,51.5074,-0.1278,2026-07-09 03:00:00+00:00,2,136.4,0.0,46.32,35.95,13.76,24.25,26.23,0.26
London,GB,51.5074,-0.1278,2026-07-09 04:00:00+00:00,2,136.15,0.0,44.61,34.74,13.71,23.94,25.75,0.27
London,GB,51.5074,-0.1278,2026-07-09 05:00:00+00:00,2,135.8,0.27,43.79,33.56,13.18,23.4,25.11,0.28
London,GB,51.5074,-0.1278,2026-07-09 06:00:00+00:00,2,135.45,3.87,39.54,37.48,12.61,23.0,24.69,0.28
London,GB,51.5074,-0.1278,2026-07-09 07:00:00+00:00,2,135.06,8.46,33.37,43.69,12.23,22.57,24.27,0.27
London,GB,51.5074,-0.1278,2026-07-09 08:00:00+00:00,2,134.64,11.15,28.99,48.16,12.51,22.27,24.04,0.24
London,GB,51.5074,-0.1278,2026-07-09 09:00:00+00:00,2,134.22,12.2,26.03,51.33,12.99,21.91,23.79,0.24
London,GB,51.5074,-0.1278,2026-07-09 10:00:00+00:00,2,133.8,12.02,23.53,54.5,13.19,21.72,23.74,0.21
London,GB,51.5074,-0.1278,2026-07-09 11:00:00+00:00,2,133.19,10.87,20.81,58.52,12.88,21.62,23.79,0.17
London,GB,51.5074,-0.1278,2026-07-09 12:00:00+00:00,2,132.23,9.03,17.94,64.25,12.02,21.69,23.96,0.17
London,GB,51.5074,-0.1278,2026-07-09 13:00:00+00:00,2,131.02,6.99,15.34,71.88,10.89,21.79,24.08,0.31
London,GB,51.5074,-0.1278,2026-07-09 14:00:00+00:00,2,129.58,4.91,12.91,80.66,9.41,21.48,23.69,0.46
London,GB,51.5074,-0.1278,2026-07-09 15:00:00+00:00,2,127.32,3.1,10.78,90.0,7.79,20.39,22.44,0.53
London,GB,51.5074,-0.1278,2026-07-09 16:00:00+00:00,2,124.88,1.92,9.88,96.91,6.66,18.46,20.27,0.54
London,GB,51.5074,-0.1278,2026-07-09 17:00:00+00:00,2,121.26,1.27,10.18,97.91,6.06,15.71,17.24,0.54
London,GB,51.5074,-0.1278,2026-07-09 18:00:00+00:00,2,117.2,0.83,11.15,93.98,5.72,12.73,14.02,0.49
London,GB,51.5074,-0.1278,2026-07-09 19:00:00+00:00,2,113.88,0.37,12.48,87.98,5.52,10.13,11.24,0.42
London,GB,51.5074,-0.1278,2026-07-09 20:00:00+00:00,2,110.75,0.05,13.31,81.83,5.41,8.29,9.32,0.35
London,GB,51.5074,-0.1278,2026-07-09 21:00:00+00:00,2,108.97,0.0,13.53,76.99,5.39,7.43,8.59,0.32
London,GB,51.5074,-0.1278,2026-07-09 22:00:00+00:00,2,108.93,0.0,13.76,73.78,5.31,7.44,8.97,0.32
London,GB,51.5074,-0.1278,2026-07-09 23:00:00+00:00,2,110.44,0.0,13.62,72.95,5.09,8.1,10.25,0.33
London,GB,51.5074,-0.1278,2026-07-10 00:00:00+00:00,2,112.5,0.0,13.3,73.42,4.97,9.07,11.94,0.41
London,GB,51.5074,-0.1278,2026-07-11 01:00:00+00:00,2,109.62,0.0,6.24,97.92,3.31,6.74,13.17,1.37
London,GB,51.5074,-0.1278,2026-07-11 02:00:00+00:00,2,108.22,0.0,6.11,94.16,3.28,6.53,13.01,1.39
London,GB,51.5074,-0.1278,2026-07-11 03:00:00+00:00,2,108.0,0.0,6.12,88.83,3.27,6.27,12.78,1.48
London,GB,51.5074,-0.1278,2026-07-11 04:00:00+00:00,2,108.01,0.0,6.26,81.83,3.24,6.0,12.39,1.64
London,GB,51.5074,-0.1278,2026-07-11 05:00:00+00:00,2,108.34,0.01,6.59,75.1,3.23,5.81,11.97,1.8
London,GB,51.5074,-0.1278,2026-07-11 06:00:00+00:00,2,108.86,0.27,6.91,69.54,3.24,5.73,11.61,1.97
London,GB,51.5074,-0.1278,2026-07-11 07:00:00+00:00,2,109.06,0.91,6.72,66.04,3.24,6.03,11.64,2.08
London,GB,51.5074,-0.1278,2026-07-11 08:00:00+00:00,2,109.58,1.5,6.48,65.24,3.26,6.25,11.73,2.18
London,GB,51.5074,-0.1278,2026-07-11 09:00:00+00:00,2,110.19,1.76,6.11,68.11,3.31,7.24,12.65,2.16
London,GB,51.5074,-0.1278,2026-07-11 10:00:00+00:00,2,110.77,1.61,5.5,76.41,3.35,7.9,13.37,2.21
London,GB,51.5074,-0.1278,2026-07-11 11:00:00+00:00,2,110.51,1.2,4.56,90.44,3.36,8.94,14.48,2.09
London,GB,51.5074,-0.1278,2026-07-11 12:00:00+00:00,3,109.24,0.76,3.43,106.47,3.31,9.24,14.72,2.04
London,GB,51.5074,-0.1278,2026-07-11 13:00:00+00:00,3,107.62,0.55,2.82,117.11,3.3,8.82,14.4,1.94
London,GB,51.5074,-0.1278,2026-07-11 14:00:00+00:00,3,105.17,0.48,2.62,120.5,3.23,8.32,14.15,1.7
London,GB,51.5074,-0.1278,2026-07-11 15:00:00+00:00,3,102.36,0.47,2.65,119.62,3.15,7.72,13.93,1.41
London,GB,51.5074,-0.1278,2026-07-11 16:00:00+00:00,3,100.25,0.48,2.88,117.72,3.11,7.23,13.72,1.15
London,GB,51.5074,-0.1278,2026-07-11 17:00:00+00:00,3,98.37,0.47,3.29,114.88,3.08,6.76,13.4,0.93
London,GB,51.5074,-0.1278,2026-07-11 18:00:00+00:00,3,97.04,0.41,3.92,111.03,3.1,6.45,13.38,0.79
London,GB,51.5074,-0.1278,2026-07-11 19:00:00+00:00,3,95.84,0.23,4.64,105.59,3.08,6.05,13.12,0.71
London,GB,51.5074,-0.1278,2026-07-11 20:00:00+00:00,2,94.59,0.04,5.21,98.72,3.04,5.43,12.19,0.7
London,GB,51.5074,-0.1278,2026-07-11 21:00:00+00:00,2,93.52,0.0,5.25,91.92,2.92,4.77,11.06,0.73
London,GB,51.5074,-0.1278,2026-07-11 22:00:00+00:00,2,92.48,0.0,4.94,87.3,2.67,4.17,9.92,0.74
London,GB,51.5074,-0.1278,2026-07-11 23:00:00+00:00,2,92.56,0.0,4.84,84.41,2.6,3.84,9.28,0.7
London,GB,51.5074,-0.1278,2026-07-12 00:00:00+00:00,2,93.19,0.0,4.77,82.38,2.57,3.65,8.81,0.67
London,GB,51.5074,-0.1278,2026-07-12 01:00:00+00:00,2,93.76,0.0,4.78,79.66,2.58,3.6,8.59,0.68
London,GB,51.5074,-0.1278,2026-07-12 02:00:00+00:00,2,94.66,0.0,4.85,77.3,2.62,3.77,8.92,0.7
London,GB,51.5074,-0.1278,2026-07-12 03:00:00+00:00,2,95.1,0.0,4.76,75.63,2.61,4.16,9.82,0.73
London,GB,51.5074,-0.1278,2026-07-12 04:00:00+00:00,2,94.86,0.0,4.64,74.25,2.6,4.67,11.0,0.77
London,GB,51.5074,-0.1278,2026-07-12 05:00:00+00:00,2,94.77,0.0,4.67,73.46,2.66,5.19,12.2,0.83
London,GB,51.5074,-0.1278,2026-07-12 06:00:00+00:00,2,94.67,0.15,4.71,73.3,2.72,5.63,13.19,0.95
London,GB,51.5074,-0.1278,2026-07-12 07:00:00+00:00,2,94.96,0.49,4.53,74.57,2.76,5.99,13.89,1.15
London,GB,51.5074,-0.1278,2026-07-12 08:00:00+00:00,2,95.54,0.79,4.37,76.64,2.83,6.31,14.47,1.41
London,GB,51.5074,-0.1278,2026-07-12 09:00:00+00:00,2,96.2,0.93,4.09,80.43,2.94,6.73,15.27,1.71
London,GB,51.5074,-0.1278,2026-07-12 10:00:00+00:00,2,97.21,0.84,3.5,88.47,3.09,7.58,16.74,2.01
London,GB,51.5074,-0.1278,2026-07-12 11:00:00+00:00,3,97.28,0.59,2.72,100.28,3.21,8.75,18.33,2.25
London,GB,51.5074,-0.1278,2026-07-12 12:00:00+00:00,3,97.27,0.41,2.13,111.5,3.25,9.58,19.17,2.3
London,GB,51.5074,-0.1278,2026-07-12 13:00:00+00:00,3,97.41,0.34,1.92,118.72,3.26,9.71,19.1,2.17
London,GB,51.5074,-0.1278,2026-07-12 14:00:00+00:00,3,96.27,0.32,1.86,120.21,3.14,9.04,17.67,1.89
London,GB,51.5074,-0.1278,2026-07-12 15:00:00+00:00,3,95.13,0.31,1.88,119.52,2.95,8.27,16.23,1.67
London,GB,51.5074,-0.1278,2026-07-12 16:00:00+00:00,3,94.63,0.31,2.03,118.38,2.78,7.78,15.66,1.61
London,GB,51.5074,-0.1278,2026-07-12 17:00:00+00:00,3,93.79,0.31,2.3,114.7,2.61,7.27,15.54,1.56
London,GB,51.5074,-0.1278,2026-07-12 18:00:00+00:00,3,92.86,0.27,2.67,108.39,2.48,6.63,16.03,1.32
London,GB,51.5074,-0.1278,2026-07-12 19:00:00+00:00,3,93.06,0.15,3.05,101.7,2.31,5.7,15.42,1.03
London,GB,51.5074,-0.1278,2026-07-12 20:00:00+00:00,2,93.94,0.03,3.46,95.99,2.25,4.73,14.01,0.79
London,GB,51.5074,-0.1278,2026-07-12 21:00:00+00:00,2,95.02,0.0,3.56,91.89,2.26,4.09,13.08,0.62
London,GB,51.5074,-0.1278,2026-07-12 22:00:00+00:00,2,94.29,0.0,3.52,86.84,2.25,3.75,12.6,0.53
London,GB,51.5074,-0.1278,2026-07-12 23:00:00+00:00,2,93.5,0.0,3.49,81.78,2.23,3.63,12.5,0.49
London,GB,51.5074,-0.1278,2026-07-13 00:00:00+00:00,2,93.07,0.0,3.45,77.42,2.21,3.58,12.39,0.5
London,GB,51.5074,-0.1278,2026-07-13 01:00:00+00:00,2,92.53,0.0,3.4,74.37,2.18,3.59,12.32,0.5
London,GB,51.5074,-0.1278,2026-07-13 02:00:00+00:00,2,92.89,0.0,3.36,72.88,2.2,3.7,12.52,0.5
London,GB,51.5074,-0.1278,2026-07-13 03:00:00+00:00,2,93.25,0.0,3.33,71.69,2.23,3.91,13.13,0.47
London,GB,51.5074,-0.1278,2026-07-13 04:00:00+00:00,2,92.95,0.0,3.34,70.32,2.28,4.2,13.98,0.42
London,GB,51.5074,-0.1278,2026-07-13 05:00:00+00:00,2,92.71,0.0,3.45,68.62,2.35,4.46,14.75,0.37
London,GB,51.5074,-0.1278,2026-07-13 06:00:00+00:00,2,92.66,0.12,3.54,67.24,2.39,4.54,14.88,0.35
London,GB,51.5074,-0.1278,2026-07-13 07:00:00+00:00,2,92.22,0.38,3.45,66.4,2.4,4.4,14.19,0.36
London,GB,51.5074,-0.1278,2026-07-13 08:00:00+00:00,2,91.95,0.64,3.25,66.89,2.4,4.21,13.26,0.39
London,GB,51.5074,-0.1278,2026-07-13 09:00:00+00:00,2,91.58,0.74,2.85,70.44,2.37,4.13,12.43,0.4
London,GB,51.5074,-0.1278,2026-07-13 10:00:00+00:00,2,91.68,0.61,2.31,78.04,2.28,4.2,11.81,0.39
London,GB,51.5074,-0.1278,2026-07-13 11:00:00+00:00,2,91.15,0.44,1.82,86.24,2.19,4.37,11.53,0.36
London,GB,51.5074,-0.1278,2026-07-13 12:00:00+00:00,2,90.72,0.35,1.54,92.01,2.15,4.52,11.59,0.36
London,GB,51.5074,-0.1278,2026-07-13 13:00:00+00:00,2,90.85,0.32,1.49,94.82,2.16,4.57,11.59,0.38
London,GB,51.5074,-0.1278,2026-07-13 14:00:00+00:00,2,90.74,0.31,1.55,95.24,2.16,4.51,11.31,0.43
London,GB,51.5074,-0.1278,2026-07-13 15:00:00+00:00,2,90.44,0.32,1.71,94.19,2.16,4.48,11.11,0.49
London,GB,51.5074,-0.1278,2026-07-13 16:00:00+00:00,2,90.86,0.29,2.13,92.91,2.22,4.67,11.58,0.57
London,GB,51.5074,-0.1278,2026-07-13 17:00:00+00:00,2,91.0,0.25,2.74,90.64,2.31,5.05,12.74,0.66
London,GB,51.5074,-0.1278,2026-07-13 18:00:00+00:00,2,91.14,0.18,3.51,87.43,2.41,5.5,14.17,0.75
London,GB,51.5074,-0.1278,2026-07-13 19:00:00+00:00,2,91.04,0.07,4.2,84.71,2.45,5.87,15.23,0.83
London,GB,51.5074,-0.1278,2026-07-13 20:00:00+00:00,2,91.15,0.01,4.48,83.34,2.43,6.12,15.77,0.89
London,GB,51.5074,-0.1278,2026-07-13 21:00:00+00:00,2,91.26,0.0,4.44,82.04,2.41,6.22,15.83,0.88
London,GB,51.5074,-0.1278,2026-07-13 22:00:00+00:00,2,90.63,0.0,4.32,79.47,2.34,6.07,14.92,0.82
London,GB,51.5074,-0.1278,2026-07-13 23:00:00+00:00,2,90.61,0.0,4.34,76.89,2.33,5.78,13.72,0.74
London,GB,51.5074,-0.1278,2026-07-14 00:00:00+00:00,2,90.59,0.0,4.45,74.29,2.36,5.55,12.65,0.68
London,GB,51.5074,-0.1278,2026-07-14 01:00:00+00:00,2,90.88,0.0,4.62,72.2,2.49,5.59,12.95,0.64
London,GB,51.5074,-0.1278,2026-07-14 02:00:00+00:00,2,91.3,0.0,4.73,71.21,2.6,5.84,13.75,0.6
London,GB,51.5074,-0.1278,2026-07-14 03:00:00+00:00,2,91.9,0.0,4.74,70.54,2.64,6.11,14.57,0.56
London,GB,51.5074,-0.1278,2026-07-14 04:00:00+00:00,2,92.11,0.0,4.76,69.77,2.69,6.33,15.07,0.53
London,GB,51.5074,-0.1278,2026-07-14 05:00:00+00:00,2,92.84,0.0,4.94,69.6,2.8,6.64,15.76,0.54
London,GB,51.5074,-0.1278,2026-07-14 06:00:00+00:00,2,93.76,0.17,5.12,70.14,2.93,6.99,16.54,0.59
London,GB,51.5074,-0.1278,2026-07-14 07:00:00+00:00,2,94.47,0.59,5.01,71.54,3.07,7.4,17.3,0.67
London,GB,51.5074,-0.1278,2026-07-14 08:00:00+00:00,2,95.15,1.0,4.95,74.02,3.22,7.89,18.05,0.8
London,GB,51.5074,-0.1278,2026-07-14 09:00:00+00:00,2,96.11,1.22,4.85,77.6,3.36,8.3,18.44,0.99
London,GB,51.5074,-0.1278,2026-07-14 10:00:00+00:00,2,97.39,1.28,4.76,83.56,3.61,8.62,18.49,1.13
London,GB,51.5074,-0.1278,2026-07-14 11:00:00+00:00,2,98.0,1.16,4.46,91.18,3.79,8.82,18.2,1.19
London,GB,51.5074,-0.1278,2026-07-14 12:00:00+00:00,2,98.25,0.95,3.95,99.64,3.83,9.09,18.02,1.22
London,GB,51.5074,-0.1278,2026-07-14 13:00:00+00:00,3,98.9,0.82,3.72,107.64,3.83,9.27,17.63,1.17
London,GB,51.5074,-0.1278,2026-07-14 14:00:00+00:00,3,98.33,0.78,3.82,112.17,3.76,9.0,16.71,1.03
London,GB,51.5074,-0.1278,2026-07-14 15:00:00+00:00,3,97.58,0.78,4.15,113.98,3.76,8.58,15.71,0.92
London,GB,51.5074,-0.1278,2026-07-14 16:00:00+00:00,3,97.16,0.79,4.85,114.53,3.87,8.21,14.97,0.87
London,GB,51.5074,-0.1278,2026-07-14 17:00:00+00:00,3,96.98,0.72,5.72,113.45,3.95,7.85,14.4,0.88
London,GB,51.5074,-0.1278,2026-07-14 18:00:00+00:00,3,97.25,0.52,6.75,111.51,4.01,7.61,14.19,0.92
London,GB,51.5074,-0.1278,2026-07-14 19:00:00+00:00,3,98.24,0.2,7.6,110.18,4.03,7.51,14.26,1.04
London,GB,51.5074,-0.1278,2026-07-14 20:00:00+00:00,3,99.3,0.02,7.61,109.3,3.95,7.21,13.86,1.24
London,GB,51.5074,-0.1278,2026-07-14 21:00:00+00:00,3,99.19,0.0,6.96,107.57,3.77,6.57,12.91,1.48
London,GB,51.5074,-0.1278,2026-07-14 22:00:00+00:00,3,97.81,0.0,6.01,104.54,3.33,5.82,12.01,1.63
London,GB,51.5074,-0.1278,2026-07-14 23:00:00+00:00,2,96.06,0.0,5.95,97.48,3.26,5.42,11.98,1.39
London,GB,51.5074,-0.1278,2026-07-15 00:00:00+00:00,2,94.22,0.0,5.95,90.09,3.23,5.06,11.83,1.16
London,GB,51.5074,-0.1278,2026-07-15 01:00:00+00:00,2,92.69,0.0,5.84,83.19,3.16,4.65,11.42,1.08
London,GB,51.5074,-0.1278,2026-07-15 02:00:00+00:00,2,92.59,0.0,5.95,77.33,3.19,4.37,11.28,1.11
London,GB,51.5074,-0.1278,2026-07-15 03:00:00+00:00,2,92.75,0.0,5.98,72.56,3.17,4.22,11.31,1.16
London,GB,51.5074,-0.1278,2026-07-15 04:00:00+00:00,2,93.37,0.0,6.0,68.39,3.14,4.23,11.38,1.16
London,GB,51.5074,-0.1278,2026-07-15 05:00:00+00:00,2,94.34,0.0,6.07,65.78,3.13,4.48,11.67,1.13
London,GB,51.5074,-0.1278,2026-07-15 06:00:00+00:00,2,95.4,0.14,6.15,64.81,3.11,5.0,12.21,1.11
London,GB,51.5074,-0.1278,2026-07-15 07:00:00+00:00,2,96.05,0.68,5.59,66.3,3.07,5.75,13.07,1.12
London,GB,51.5074,-0.1278,2026-07-15 08:00:00+00:00,2,96.72,1.04,5.11,70.01,3.05,6.7,14.3,1.16
London,GB,51.5074,-0.1278,2026-07-15 09:00:00+00:00,2,97.39,1.13,4.55,76.22,3.05,7.73,15.85,1.23
London,GB,51.5074,-0.1278,2026-07-15 10:00:00+00:00,2,97.75,1.0,3.92,85.12,3.12,8.71,17.41,1.26
London,GB,51.5074,-0.1278,2026-07-15 11:00:00+00:00,2,97.08,0.76,3.19,95.99,3.13,9.08,17.78,1.25
London,GB,51.5074,-0.1278,2026-07-15 12:00:00+00:00,3,96.23,0.57,2.63,105.36,3.07,9.02,17.52,1.22
London,GB,51.5074,-0.1278,2026-07-15 13:00:00+00:00,3,96.5,0.5,2.54,111.24,3.13,8.8,17.25,1.15
London,GB,51.5074,-0.1278,2026-07-15 14:00:00+00:00,3,96.43,0.49,2.69,113.03,3.19,8.16,16.32,1.0
London,GB,51.5074,-0.1278,2026-07-15 15:00:00+00:00,3,96.45,0.51,2.89,113.26,3.25,7.4,15.09,0.88
London,GB,51.5074,-0.1278,2026-07-15 16:00:00+00:00,3,96.95,0.51,3.28,113.21,3.36,6.89,14.27,0.88
London,GB,51.5074,-0.1278,2026-07-15 17:00:00+00:00,3,97.19,0.45,3.84,111.85,3.41,6.41,13.47,0.94
London,GB,51.5074,-0.1278,2026-07-15 18:00:00+00:00,3,96.98,0.32,4.46,109.1,3.41,5.87,12.49,1.01
London,GB,51.5074,-0.1278,2026-07-15 19:00:00+00:00,3,96.45,0.16,4.92,104.93,3.32,5.21,11.17,1.05
London,GB,51.5074,-0.1278,2026-07-15 20:00:00+00:00,3,96.14,0.03,5.14,100.33,3.19,4.55,9.72,1.1
London,GB,51.5074,-0.1278,2026-07-15 21:00:00+00:00,2,96.73,0.0,5.15,97.27,3.07,4.28,9.2,1.21
London,GB,51.5074,-0.1278,2026-07-15 22:00:00+00:00,2,98.11,0.0,5.21,96.91,2.96,4.64,10.18,1.36
London,GB,51.5074,-0.1278,2026-07-15 23:00:00+00:00,2,99.91,0.0,5.55,96.3,3.08,5.38,12.01,1.43
London,GB,51.5074,-0.1278,2026-07-16 00:00:00+00:00,2,101.54,0.0,5.82,94.52,3.23,6.0,13.44,1.41
London,GB,51.5074,-0.1278,2026-07-16 01:00:00+00:00,2,102.85,0.0,6.13,91.05,3.43,6.41,14.36,1.39
London,GB,51.5074,-0.1278,2026-07-16 02:00:00+00:00,2,104.3,0.0,6.56,87.6,3.69,6.79,15.33,1.37
London,GB,51.5074,-0.1278,2026-07-16 03:00:00+00:00,2,105.75,0.0,6.89,83.84,3.88,7.1,16.27,1.29
London,GB,51.5074,-0.1278,2026-07-16 04:00:00+00:00,2,106.55,0.0,7.13,79.35,4.01,7.24,16.87,1.15
London,GB,51.5074,-0.1278,2026-07-16 05:00:00+00:00,2,107.41,0.01,7.45,75.08,4.12,7.27,17.16,1.03
London,GB,51.5074,-0.1278,2026-07-16 06:00:00+00:00,2,108.18,0.26,7.74,71.66,4.21,7.14,17.05,0.99
London,GB,51.5074,-0.1278,2026-07-16 07:00:00+00:00,2,108.59,0.9,7.49,70.06,4.25,6.96,16.63,1.02
London,GB,51.5074,-0.1278,2026-07-16 08:00:00+00:00,2,108.91,1.48,7.28,70.29,4.28,6.84,16.36,1.07
London,GB,51.5074,-0.1278,2026-07-16 09:00:00+00:00,2,109.04,1.77,6.82,73.79,4.28,6.92,16.48,1.13
London,GB,51.5074,-0.1278,2026-07-16 10:00:00+00:00,2,109.26,1.68,5.99,81.8,4.19,7.29,17.08,1.19
London,GB,51.5074,-0.1278,2026-07-16 11:00:00+00:00,2,108.09,1.29,4.95,94.6,4.04,7.8,17.46,1.23
London,GB,51.5074,-0.1278,2026-07-16 12:00:00+00:00,3,106.57,0.91,3.98,108.29,3.86,8.32,17.45,1.23
London,GB,51.5074,-0.1278,2026-07-16 13:00:00+00:00,3,106.06,0.69,3.49,117.77,3.78,8.76,17.8,1.17
London,GB,51.5074,-0.1278,2026-07-16 14:00:00+00:00,3,105.66,0.58,3.2,122.2,3.64,8.94,18.33,1.09
London,GB,51.5074,-0.1278,2026-07-16 15:00:00+00:00,3,105.07,0.52,3.03,121.73,3.41,8.43,17.57,0.99
London,GB,51.5074,-0.1278,2026-07-16 16:00:00+00:00,3,104.93,0.47,3.18,118.58,3.23,7.47,15.77,0.86
London,GB,51.5074,-0.1278,2026-07-16 17:00:00+00:00,3,104.61,0.35,3.75,112.66,3.16,6.52,13.9,0.72
London,GB,51.5074,-0.1278,2026-07-16 18:00:00+00:00,3,104.29,0.17,4.44,105.81,3.15,5.77,12.4,0.61
London,GB,51.5074,-0.1278,2026-07-16 19:00:00+00:00,2,102.69,0.06,4.87,99.41,3.12,5.04,10.84,0.55
London,GB,51.5074,-0.1278,2026-07-16 20:00:00+00:00,2,100.63,0.01,5.21,94.0,3.14,4.32,9.13,0.56
London,GB,51.5074,-0.1278,2026-07-16 21:00:00+00:00,2,98.84,0.0,5.67,89.84,3.23,3.9,7.99,0.64
London,GB,51.5074,-0.1278,2026-07-16 22:00:00+00:00,2,98.27,0.0,6.23,86.94,3.33,3.85,7.59,0.78
London,GB,51.5074,-0.1278,2026-07-16 23:00:00+00:00,2,99.18,0.0,7.11,84.24,3.56,4.07,7.84,0.94
London,GB,51.5074,-0.1278,2026-07-17 00:00:00+00:00,2,100.27,0.0,8.14,81.44,3.89,4.36,8.27,1.11
London,GB,51.5074,-0.1278,2026-07-17 01:00:00+00:00,2,101.68,0.0,9.32,77.97,4.36,4.62,8.68,1.25
London,GB,51.5074,-0.1278,2026-07-17 02:00:00+00:00,2,104.11,0.0,10.6,75.21,4.94,4.89,9.17,1.35
London,GB,51.5074,-0.1278,2026-07-17 03:00:00+00:00,2,106.83,0.0,11.74,72.6,5.56,5.19,9.71,1.44
London,GB,51.5074,-0.1278,2026-07-17 04:00:00+00:00,2,109.13,0.0,13.14,68.18,6.17,5.47,10.25,1.49
London,GB,51.5074,-0.1278,2026-07-17 05:00:00+00:00,2,111.36,0.01,15.45,61.37,6.91,5.82,10.92,1.42
London,GB,51.5074,-0.1278,2026-07-17 06:00:00+00:00,1,113.23,0.63,17.31,56.0,7.65,6.19,11.37,1.34
London,GB,51.5074,-0.1278,2026-07-17 07:00:00+00:00,1,114.89,2.88,16.47,54.24,8.49,6.61,11.92,1.29
London,GB,51.5074,-0.1278,2026-07-17 08:00:00+00:00,1,116.96,5.17,16.32,52.78,9.44,7.15,12.57,1.28
London,GB,51.5074,-0.1278,2026-07-17 09:00:00+00:00,1,119.22,7.38,16.86,51.52,10.54,7.85,13.29,1.32
London,GB,51.5074,-0.1278,2026-07-17 10:00:00+00:00,1,121.19,8.98,17.96,51.74,11.91,8.73,14.02,1.35
London,GB,51.5074,-0.1278,2026-07-17 11:00:00+00:00,2,123.07,10.34,19.38,53.25,13.62,10.19,15.24,1.24
London,GB,51.5074,-0.1278,2026-07-17 12:00:00+00:00,2,125.39,11.7,21.54,54.33,15.58,12.53,17.39,1.03
London,GB,51.5074,-0.1278,2026-07-17 13:00:00+00:00,2,128.16,13.0,24.86,53.32,17.61,15.34,20.11,0.86
London,GB,51.5074,-0.1278,2026-07-17 14:00:00+00:00,2,130.27,13.8,27.89,51.73,18.7,17.6,22.56,0.71
London,GB,51.5074,-0.1278,2026-07-17 15:00:00+00:00,2,130.56,12.78,28.42,55.21,17.72,18.83,24.42,0.64
London,GB,51.5074,-0.1278,2026-07-17 16:00:00+00:00,2,127.73,8.76,26.04,67.79,14.07,19.06,25.55,0.59
London,GB,51.5074,-0.1278,2026-07-17 17:00:00+00:00,2,122.24,4.58,22.2,84.15,10.99,18.04,25.09,0.48
London,GB,51.5074,-0.1278,2026-07-17 18:00:00+00:00,2,116.77,2.09,18.73,96.43,9.17,15.47,22.54,0.44
London,GB,51.5074,-0.1278,2026-07-17 19:00:00+00:00,3,111.62,0.6,15.14,104.38,7.49,11.85,17.9,0.51
London,GB,51.5074,-0.1278,2026-07-17 20:00:00+00:00,3,109.53,0.06,14.2,104.6,6.85,10.15,15.52,0.55
London,GB,51.5074,-0.1278,2026-07-17 21:00:00+00:00,3,108.34,0.0,13.23,102.96,6.62,9.38,14.3,0.58
London,GB,51.5074,-0.1278,2026-07-17 22:00:00+00:00,2,107.24,0.0,13.5,99.92,6.64,8.9,13.49,0.6
London,GB,51.5074,-0.1278,2026-07-17 23:00:00+00:00,2,106.87,0.0,14.72,94.64,6.87,8.45,12.77,0.64
London,GB,51.5074,-0.1278,2026-07-18 00:00:00+00:00,2,107.05,0.0,16.16,87.25,7.03,7.78,11.67,0.82
London,GB,51.5074,-0.1278,2026-07-18 01:00:00+00:00,2,108.03,0.0,17.75,78.91,7.22,7.15,10.58,1.06
London,GB,51.5074,-0.1278,2026-07-18 02:00:00+00:00,2,109.54,0.0,19.96,69.99,7.67,7.26,10.66,1.16
London,GB,51.5074,-0.1278,2026-07-18 03:00:00+00:00,2,110.96,0.0,22.06,61.43,8.13,8.36,12.26,1.0
London,GB,51.5074,-0.1278,2026-07-18 04:00:00+00:00,1,111.09,0.0,21.56,56.23,8.05,9.93,14.42,0.7
London,GB,51.5074,-0.1278,2026-07-18 05:00:00+00:00,2,111.01,0.01,19.07,55.23,7.62,11.08,16.36,0.46
London,GB,51.5074,-0.1278,2026-07-18 06:00:00+00:00,2,110.21,0.49,15.72,57.71,7.0,11.27,17.28,0.39
London,GB,51.5074,-0.1278,2026-07-18 07:00:00+00:00,2,108.91,1.19,10.78,65.18,5.94,10.47,16.98,0.45
London,GB,51.5074,-0.1278,2026-07-18 08:00:00+00:00,2,109.06,1.56,8.09,71.71,5.21,9.79,16.81,0.54
London,GB,51.5074,-0.1278,2026-07-18 09:00:00+00:00,2,110.11,1.57,6.38,78.01,4.64,9.27,16.86,0.63
London,GB,51.5074,-0.1278,2026-07-18 10:00:00+00:00,2,111.58,1.52,5.57,83.89,4.45,8.86,16.97,0.66
London,GB,51.5074,-0.1278,2026-07-18 11:00:00+00:00,2,112.81,1.5,5.37,90.27,4.7,8.75,17.15,0.66
London,GB,51.5074,-0.1278,2026-07-18 12:00:00+00:00,2,113.77,1.42,5.27,97.28,5.18,8.88,17.2,0.67
London,GB,51.5074,-0.1278,2026-07-18 13:00:00+00:00,3,114.85,1.42,5.59,104.31,6.21,9.39,17.49,0.67
London,GB,51.5074,-0.1278,2026-07-18 14:00:00+00:00,3,115.87,1.5,6.37,110.51,7.51,10.39,18.3,0.58
London,GB,51.5074,-0.1278,2026-07-18 15:00:00+00:00,3,116.98,1.65,7.77,114.52,8.94,11.49,19.21,0.47
London,GB,51.5074,-0.1278,2026-07-18 16:00:00+00:00,3,118.61,1.51,10.91,113.88,10.66,12.43,20.0,0.4
London,GB,51.5074,-0.1278,2026-07-18 17:00:00+00:00,3,120.39,1.67,13.85,111.09,12.04,12.93,20.38,0.39
London,GB,51.5074,-0.1278,2026-07-18 18:00:00+00:00,3,122.17,1.61,16.45,108.0,12.8,13.04,20.37,0.43
London,GB,51.5074,-0.1278,2026-07-18 19:00:00+00:00,3,123.18,0.84,18.91,103.94,12.64,12.63,20.15,0.47
London,GB,51.5074,-0.1278,2026-07-18 20:00:00+00:00,2,121.98,0.09,18.99,98.37,11.15,11.38,19.08,0.51
London,GB,51.5074,-0.1278,2026-07-18 21:00:00+00:00,2,118.49,0.0,15.55,93.34,9.01,9.29,16.27,0.54
London,GB,51.5074,-0.1278,2026-07-18 22:00:00+00:00,2,112.55,0.0,8.32,93.02,5.24,5.96,11.34,0.65
London,GB,51.5074,-0.1278,2026-07-18 23:00:00+00:00,2,109.44,0.0,5.88,87.06,3.76,3.93,8.16,0.67
London,GB,51.5074,-0.1278,2026-07-19 00:00:00+00:00,2,107.61,0.0,4.87,80.93,3.05,2.65,5.93,0.67
London,GB,51.5074,-0.1278,2026-07-19 01:00:00+00:00,2,106.63,0.0,4.16,76.47,2.48,1.96,4.49,0.73
London,GB,51.5074,-0.1278,2026-07-19 02:00:00+00:00,2,106.98,0.0,4.17,73.28,2.33,1.74,3.96,0.82
London,GB,51.5074,-0.1278,2026-07-19 03:00:00+00:00,2,107.7,0.0,4.46,70.48,2.34,1.72,3.93,0.9
London,GB,51.5074,-0.1278,2026-07-19 04:00:00+00:00,2,107.86,0.0,4.96,67.5,2.52,1.75,4.13,0.95
London,GB,51.5074,-0.1278,2026-07-19 05:00:00+00:00,2,108.19,0.0,5.86,64.43,2.98,1.76,4.41,0.98
London,GB,51.5074,-0.1278,2026-07-19 06:00:00+00:00,2,108.34,0.16,6.38,62.78,3.29,1.7,4.45,0.96
London,GB,51.5074,-0.1278,2026-07-19 07:00:00+00:00,2,107.61,0.56,5.92,62.72,3.35,1.58,4.25,0.93
London,GB,51.5074,-0.1278,2026-07-19 08:00:00+00:00,2,107.49,1.01,5.31,63.91,3.41,1.53,4.17,0.94
London,GB,51.5074,-0.1278,2026-07-19 09:00:00+00:00,2,107.64,1.4,4.9,65.77,3.58,1.63,4.38,0.99
London,GB,51.5074,-0.1278,2026-07-19 10:00:00+00:00,2,107.97,1.6,5.13,68.2,4.02,1.87,4.81,1.03
London,GB,51.5074,-0.1278,2026-07-19 11:00:00+00:00,2,107.92,1.59,5.38,72.78,4.5,2.15,5.12,1.03
London,GB,51.5074,-0.1278,2026-07-19 12:00:00+00:00,2,107.59,1.49,5.41,78.77,4.9,2.6,5.53,1.05
London,GB,51.5074,-0.1278,2026-07-19 13:00:00+00:00,2,108.04,1.42,5.69,85.18,5.39,3.09,5.96,1.08
London,GB,51.5074,-0.1278,2026-07-19 14:00:00+00:00,2,107.7,1.52,6.07,89.24,5.9,3.45,6.24,1.07
London,GB,51.5074,-0.1278,2026-07-19 15:00:00+00:00,2,107.64,1.56,6.43,91.79,6.16,3.68,6.44,0.99
London,GB,51.5074,-0.1278,2026-07-19 16:00:00+00:00,2,107.39,1.37,6.49,93.71,6.06,3.83,6.58,0.9
London,GB,51.5074,-0.1278,2026-07-19 17:00:00+00:00,2,107.23,1.26,7.48,93.17,6.35,4.02,6.79,0.88
London,GB,51.5074,-0.1278,2026-07-19 18:00:00+00:00,2,107.52,1.08,8.58,92.0,6.55,4.28,7.22,0.88
London,GB,51.5074,-0.1278,2026-07-19 19:00:00+00:00,2,108.07,0.53,9.47,90.89,6.37,4.49,7.68,0.86
London,GB,51.5074,-0.1278,2026-07-19 20:00:00+00:00,2,107.94,0.06,9.77,89.21,5.98,4.5,7.87,0.83
London,GB,51.5074,-0.1278,2026-07-19 21:00:00+00:00,2,106.71,0.0,9.28,86.42,5.57,4.27,7.67,0.81
London,GB,51.5074,-0.1278,2026-07-19 22:00:00+00:00,2,104.47,0.0,9.1,82.6,5.26,3.89,7.16,0.8
London,GB,51.5074,-0.1278,2026-07-19 23:00:00+00:00,2,102.4,0.0,9.53,78.46,5.33,3.6,6.76,0.78
London,GB,51.5074,-0.1278,2026-07-20 00:00:00+00:00,2,100.51,0.0,9.54,75.33,5.26,3.28,6.42,0.78
London,GB,51.5074,-0.1278,2026-07-20 01:00:00+00:00,2,97.26,0.0,5.97,76.17,3.56,2.48,5.48,0.82
London,GB,51.5074,-0.1278,2026-07-20 02:00:00+00:00,2,95.3,0.0,5.02,73.94,3.01,2.08,5.08,0.86
London,GB,51.5074,-0.1278,2026-07-20 03:00:00+00:00,2,94.18,0.0,4.99,70.28,2.89,1.94,5.09,0.92
London,GB,51.5074,-0.1278,2026-07-20 04:00:00+00:00,2,92.89,0.0,5.22,66.63,2.91,1.94,5.31,0.95
London,GB,51.5074,-0.1278,2026-07-20 05:00:00+00:00,2,92.26,0.0,5.54,64.01,3.0,2.03,5.65,0.93
London,GB,51.5074,-0.1278,2026-07-20 06:00:00+00:00,2,91.91,0.21,5.72,62.58,3.09,2.12,5.95,0.85
London,GB,51.5074,-0.1278,2026-07-20 07:00:00+00:00,2,91.44,0.76,5.25,62.56,3.21,2.18,6.15,0.73
London,GB,51.5074,-0.1278,2026-07-20 08:00:00+00:00,2,91.7,1.29,5.04,63.16,3.44,2.28,6.43,0.66
London,GB,51.5074,-0.1278,2026-07-20 09:00:00+00:00,2,92.41,1.62,4.94,64.96,3.66,2.44,6.81,0.61
London,GB,51.5074,-0.1278,2026-07-20 10:00:00+00:00,2,92.41,1.6,4.51,69.18,3.7,2.64,7.21,0.54
London,GB,51.5074,-0.1278,2026-07-20 11:00:00+00:00,2,92.08,1.34,3.87,75.66,3.6,2.98,7.76,0.46
London,GB,51.5074,-0.1278,2026-07-20 12:00:00+00:00,2,92.39,1.08,3.38,83.09,3.63,3.62,8.78,0.41
London,GB,51.5074,-0.1278,2026-07-20 13:00:00+00:00,2,93.35,1.21,3.96,88.43,4.48,4.48,10.17,0.38
London,GB,51.5074,-0.1278,2026-07-20 14:00:00+00:00,2,94.47,1.58,5.44,91.3,6.17,5.33,11.64,0.38
London,GB,51.5074,-0.1278,2026-07-20 15:00:00+00:00,2,95.41,1.92,7.16,93.76,7.97,6.03,13.01,0.38
London,GB,51.5074,-0.1278,2026-07-20 16:00:00+00:00,2,96.62,2.25,9.47,94.94,9.96,6.63,14.33,0.39
London,GB,51.5074,-0.1278,2026-07-20 17:00:00+00:00,2,97.27,2.31,11.88,93.59,11.27,7.02,15.15,0.35
London,GB,51.5074,-0.1278,2026-07-20 18:00:00+00:00,2,97.45,1.8,13.78,91.52,11.31,7.12,15.48,0.28
London,GB,51.5074,-0.1278,2026-07-20 19:00:00+00:00,2,97.31,0.77,14.78,90.61,10.4,6.93,15.3,0.22
London,GB,51.5074,-0.1278,2026-07-20 20:00:00+00:00,2,97.31,0.09,15.65,87.05,9.91,6.68,14.83,0.22
London,GB,51.5074,-0.1278,2026-07-20 21:00:00+00:00,2,97.41,0.0,14.25,84.12,9.08,6.27,14.06,0.25
London,GB,51.5074,-0.1278,2026-07-20 22:00:00+00:00,2,96.76,0.0,11.08,83.26,7.14,5.45,12.7,0.31
London,GB,51.5074,-0.1278,2026-07-20 23:00:00+00:00,2,96.49,0.0,9.27,81.04,5.99,4.73,11.48,0.34
London,GB,51.5074,-0.1278,2026-07-21 00:00:00+00:00,2,96.4,0.0,8.2,78.2,5.31,4.13,10.33,0.36
London,GB,51.5074,-0.1278,2026-07-21 01:00:00+00:00,2,96.05,0.0,7.49,75.92,4.8,3.67,9.28,0.38
London,GB,51.5074,-0.1278,2026-07-21 02:00:00+00:00,2,96.37,0.0,7.55,73.19,4.7,3.44,8.65,0.38
London,GB,51.5074,-0.1278,2026-07-21 03:00:00+00:00,2,96.6,0.0,7.97,70.69,4.84,3.38,8.4,0.4
London,GB,51.5074,-0.1278,2026-07-21 04:00:00+00:00,2,96.54,0.0,8.48,68.26,5.07,3.46,8.52,0.44
London,GB,51.5074,-0.1278,2026-07-21 05:00:00+00:00,2,96.29,0.0,8.86,66.53,5.28,3.62,8.89,0.49
London,GB,51.5074,-0.1278,2026-07-21 06:00:00+00:00,2,96.22,0.3,9.13,66.23,5.46,3.86,9.42,0.54
London,GB,51.5074,-0.1278,2026-07-21 07:00:00+00:00,2,96.88,1.22,9.18,65.77,5.9,4.2,10.05,0.59
London,GB,51.5074,-0.1278,2026-07-21 08:00:00+00:00,2,98.55,2.47,9.8,64.5,6.8,4.67,10.73,0.71
London,GB,51.5074,-0.1278,2026-07-21 09:00:00+00:00,2,100.78,3.52,10.21,64.47,7.94,5.23,11.49,0.84
London,GB,51.5074,-0.1278,2026-07-21 10:00:00+00:00,2,102.8,4.19,10.71,65.81,9.22,5.86,12.17,0.9
London,GB,51.5074,-0.1278,2026-07-21 11:00:00+00:00,2,104.52,4.63,11.47,69.07,10.88,6.71,12.83,0.87
London,GB,51.5074,-0.1278,2026-07-21 12:00:00+00:00,2,106.25,5.04,12.67,73.57,12.93,8.18,14.16,0.75
London,GB,51.5074,-0.1278,2026-07-21 13:00:00+00:00,2,108.31,5.37,14.28,78.83,15.22,10.16,16.15,0.56
London,GB,51.5074,-0.1278,2026-07-21 14:00:00+00:00,2,109.7,5.54,16.01,82.8,17.19,12.01,18.09,0.41
London,GB,51.5074,-0.1278,2026-07-21 15:00:00+00:00,2,110.16,5.38,17.87,85.89,18.41,13.43,19.7,0.3
London,GB,51.5074,-0.1278,2026-07-21 16:00:00+00:00,2,109.97,4.45,18.48,92.05,17.82,14.4,21.04,0.22
London,GB,51.5074,-0.1278,2026-07-21 17:00:00+00:00,2,109.51,3.48,19.47,95.68,17.09,15.15,22.16,0.19
London,GB,51.5074,-0.1278,2026-07-21 18:00:00+00:00,2,109.24,2.26,20.28,98.91,15.84,15.55,22.87,0.22
London,GB,51.5074,-0.1278,2026-07-21 19:00:00+00:00,3,109.56,0.91,21.56,100.29,14.56,16.02,23.56,0.24
London,GB,51.5074,-0.1278,2026-07-21 20:00:00+00:00,2,110.03,0.09,22.39,99.19,13.83,16.53,24.16,0.27
London,GB,51.5074,-0.1278,2026-07-21 21:00:00+00:00,2,110.31,0.0,21.01,97.94,13.38,16.73,24.23,0.3
London,GB,51.5074,-0.1278,2026-07-21 22:00:00+00:00,2,110.31,0.0,20.44,96.29,13.05,16.52,23.71,0.32
London,GB,51.5074,-0.1278,2026-07-21 23:00:00+00:00,2,109.85,0.0,20.69,93.05,12.76,16.08,23.03,0.33
London,GB,51.5074,-0.1278,2026-07-22 00:00:00+00:00,2,109.11,0.0,20.69,89.58,12.47,15.47,22.17,0.34
London,GB,51.5074,-0.1278,2026-07-22 01:00:00+00:00,2,108.13,0.0,20.26,86.61,12.15,14.78,21.2,0.35
London,GB,51.5074,-0.1278,2026-07-22 02:00:00+00:00,2,107.17,0.0,19.8,84.45,11.96,14.33,20.4,0.37
London,GB,51.5074,-0.1278,2026-07-22 03:00:00+00:00,2,106.77,0.0,19.55,82.29,12.02,14.17,19.92,0.39
London,GB,51.5074,-0.1278,2026-07-22 04:00:00+00:00,2,104.04,0.0,13.5,90.52,8.89,12.4,17.13,0.69
London,GB,51.5074,-0.1278,2026-07-22 05:00:00+00:00,2,104.22,0.0,12.03,91.7,8.06,11.92,16.21,0.85
London,GB,51.5074,-0.1278,2026-07-22 06:00:00+00:00,2,105.04,0.22,12.69,90.04,8.13,11.94,16.03,0.91
London,GB,51.5074,-0.1278,2026-07-22 07:00:00+00:00,2,105.77,1.05,12.97,88.45,8.46,11.63,15.61,0.98
London,GB,51.5074,-0.1278,2026-07-22 08:00:00+00:00,2,106.4,2.19,13.87,86.3,9.32,11.59,15.61,0.97
London,GB,51.5074,-0.1278,2026-07-22 09:00:00+00:00,2,107.3,3.28,14.4,84.95,10.19,12.1,16.18,0.89
London,GB,51.5074,-0.1278,2026-07-22 10:00:00+00:00,2,108.1,3.96,14.32,85.4,10.87,12.96,17.05,0.77
London,GB,51.5074,-0.1278,2026-07-22 11:00:00+00:00,2,108.43,4.07,13.86,87.82,11.3,14.08,18.2,0.65
London,GB,51.5074,-0.1278,2026-07-22 12:00:00+00:00,2,108.95,3.83,13.21,92.28,11.55,15.31,19.52,0.55
London,GB,51.5074,-0.1278,2026-07-22 13:00:00+00:00,2,109.27,2.74,13.6,96.81,11.57,16.52,20.84,0.49
London,GB,51.5074,-0.1278,2026-07-22 14:00:00+00:00,3,109.21,1.69,14.08,101.32,11.21,17.19,21.63,0.47
London,GB,51.5074,-0.1278,2026-07-22 15:00:00+00:00,3,108.87,0.91,14.19,105.75,10.68,17.25,21.71,0.49
London,GB,51.5074,-0.1278,2026-07-22 16:00:00+00:00,3,108.53,0.6,13.36,109.22,9.89,16.61,20.92,0.57
London,GB,51.5074,-0.1278,2026-07-22 17:00:00+00:00,3,108.55,0.72,13.35,109.7,9.55,16.24,20.53,0.62
London,GB,51.5074,-0.1278,2026-07-22 18:00:00+00:00,3,108.3,0.68,14.04,108.77,9.45,15.87,19.96,0.64
London,GB,51.5074,-0.1278,2026-07-22 19:00:00+00:00,3,108.44,0.34,15.42,106.77,9.46,15.55,19.4,0.63
London,GB,51.5074,-0.1278,2026-07-22 20:00:00+00:00,3,108.44,0.03,16.14,103.23,9.5,15.13,18.77,0.63
London,GB,51.5074,-0.1278,2026-07-22 21:00:00+00:00,2,108.44,0.0,15.55,99.7,9.41,14.85,18.3,0.61
London,GB,51.5074,-0.1278,2026-07-22 22:00:00+00:00,2,108.16,0.0,15.12,97.19,9.29,14.62,17.91,0.58
London,GB,51.5074,-0.1278,2026-07-22 23:00:00+00:00,2,108.07,0.0,14.92,95.23,9.33,14.57,17.81,0.55
London,GB,51.5074,-0.1278,2026-07-23 00:00:00+00:00,2,108.08,0.0,14.5,94.36,9.4,14.73,18.01,0.5
London,GB,51.5074,-0.1278,2026-07-23 01:00:00+00:00,2,107.64,0.0,13.71,93.99,9.24,14.7,18.06,0.46
London,GB,51.5074,-0.1278,2026-07-23 02:00:00+00:00,2,106.38,0.0,12.27,93.46,8.65,14.09,17.51,0.43
London,GB,51.5074,-0.1278,2026-07-23 03:00:00+00:00,2,104.21,0.0,10.23,92.46,7.52,12.54,16.04,0.45
London,GB,51.5074,-0.1278,2026-07-23 04:00:00+00:00,2,101.75,0.0,8.24,89.96,6.23,10.54,14.08,0.52
London,GB,51.5074,-0.1278,2026-07-23 05:00:00+00:00,2,100.55,0.0,7.94,85.4,5.81,8.87,12.48,0.58
London,GB,51.5074,-0.1278,2026-07-23 06:00:00+00:00,2,99.82,0.08,8.4,81.24,5.74,7.62,11.22,0.64
London,GB,51.5074,-0.1278,2026-07-23 07:00:00+00:00,2,99.63,0.39,8.99,77.78,5.87,6.69,10.2,0.69
London,GB,51.5074,-0.1278,2026-07-23 08:00:00+00:00,2,99.9,0.88,9.86,74.63,6.55,6.19,9.6,0.74
London,GB,51.5074,-0.1278,2026-07-23 09:00:00+00:00,2,100.25,1.47,10.76,72.89,7.67,6.12,9.4,0.8
London,GB,51.5074,-0.1278,2026-07-23 10:00:00+00:00,2,100.98,2.23,12.17,72.1,9.39,6.39,9.57,0.89
London,GB,51.5074,-0.1278,2026-07-23 11:00:00+00:00,2,101.99,3.08,13.82,70.84,11.4,7.06,10.18,0.95
London,GB,51.5074,-0.1278,2026-07-23 12:00:00+00:00,2,103.08,3.84,15.03,70.61,13.18,8.21,11.25,0.9
London,GB,51.5074,-0.1278,2026-07-23 13:00:00+00:00,2,104.24,3.35,18.1,68.39,14.79,9.3,12.25,0.84
London,GB,51.5074,-0.1278,2026-07-23 14:00:00+00:00,2,104.91,3.31,19.51,68.11,15.58,9.85,12.68,0.8
London,GB,51.5074,-0.1278,2026-07-23 15:00:00+00:00,2,103.94,2.68,18.15,73.01,13.99,9.52,12.17,0.79
London,GB,51.5074,-0.1278,2026-07-23 16:00:00+00:00,2,101.48,1.55,13.59,83.62,9.94,8.35,10.66,0.83
London,GB,51.5074,-0.1278,2026-07-23 17:00:00+00:00,2,101.58,1.28,15.08,84.01,9.89,8.49,10.66,0.78
London,GB,51.5074,-0.1278,2026-07-23 18:00:00+00:00,2,101.85,0.93,17.3,82.84,10.08,8.64,10.73,0.75
London,GB,51.5074,-0.1278,2026-07-23 19:00:00+00:00,2,102.43,0.48,19.7,80.84,10.36,8.79,10.82,0.72
London,GB,51.5074,-0.1278,2026-07-23 20:00:00+00:00,2,103.03,0.05,21.72,76.9,10.81,8.92,10.9,0.68
London,GB,51.5074,-0.1278,2026-07-23 21:00:00+00:00,2,103.72,0.0,22.76,72.5,11.41,9.06,10.99,0.65
London,GB,51.5074,-0.1278,2026-07-23 22:00:00+00:00,2,104.44,0.0,24.18,68.11,12.08,9.22,11.12,0.61
London,GB,51.5074,-0.1278,2026-07-23 23:00:00+00:00,2,104.99,0.0,25.62,64.14,12.8,9.35,11.24,0.59
London,GB,51.5074,-0.1278,2026-07-24 00:00:00+00:00,2,105.36,0.0,26.41,61.4,13.32,9.43,11.31,0.59
London,GB,51.5074,-0.1278,2026-07-24 01:00:00+00:00,1,105.75,0.0,26.98,59.39,13.73,9.66,11.54,0.58
London,GB,51.5074,-0.1278,2026-07-24 02:00:00+00:00,2,106.53,0.0,29.15,55.43,14.35,10.3,12.24,0.53
London,GB,51.5074,-0.1278,2026-07-24 03:00:00+00:00,2,107.31,0.0,31.15,51.7,14.74,11.13,13.1,0.49
London,GB,51.5074,-0.1278,2026-07-24 04:00:00+00:00,2,108.06,0.0,32.88,47.96,14.99,12.12,14.11,0.45
London,GB,51.5074,-0.1278,2026-07-24 05:00:00+00:00,2,108.97,0.0,34.47,45.02,15.48,13.01,15.01,0.41
London,GB,51.5074,-0.1278,2026-07-24 06:00:00+00:00,2,109.6,0.21,35.9,43.96,15.94,13.55,15.55,0.36
London,GB,51.5074,-0.1278,2026-07-24 07:00:00+00:00,2,109.84,1.24,35.24,45.12,15.98,13.76,15.74,0.31
London,GB,51.5074,-0.1278,2026-07-24 08:00:00+00:00,2,110.44,3.32,33.65,45.69,16.36,13.79,15.76,0.33
London,GB,51.5074,-0.1278,2026-07-24 09:00:00+00:00,2,111.49,5.79,31.36,47.39,17.63,13.87,15.84,0.38
London,GB,51.5074,-0.1278,2026-07-24 10:00:00+00:00,2,112.35,9.96,25.62,53.97,19.02,13.99,15.96,0.4
London,GB,51.5074,-0.1278,2026-07-24 11:00:00+00:00,2,113.37,10.34,24.48,55.54,19.84,14.09,16.07,0.42
London,GB,51.5074,-0.1278,2026-07-24 12:00:00+00:00,2,114.12,10.13,23.49,57.34,20.18,14.26,16.29,0.46
London,GB,51.5074,-0.1278,2026-07-24 13:00:00+00:00,2,115.23,9.29,22.38,60.34,19.63,14.31,16.42,0.5
London,GB,51.5074,-0.1278,2026-07-24 14:00:00+00:00,2,115.88,7.81,20.87,64.89,18.07,14.06,16.24,0.5
London,GB,51.5074,-0.1278,2026-07-24 15:00:00+00:00,2,116.43,5.9,18.69,72.47,15.87,13.49,15.69,0.45
London,GB,51.5074,-0.1278,2026-07-24 16:00:00+00:00,2,116.87,4.07,16.06,82.91,13.17,12.57,14.75,0.47
London,GB,51.5074,-0.1278,2026-07-24 17:00:00+00:00,2,117.1,2.94,15.81,88.18,11.54,11.67,13.9,0.57
London,GB,51.5074,-0.1278,2026-07-24 18:00:00+00:00,2,117.06,1.97,17.09,89.78,10.62,11.07,13.41,0.64
London,GB,51.5074,-0.1278,2026-07-24 19:00:00+00:00,2,117.06,0.81,19.28,89.41,10.0,10.79,13.25,0.68
London,GB,51.5074,-0.1278,2026-07-24 20:00:00+00:00,2,116.2,0.06,19.5,89.29,9.16,10.71,13.32,0.68
London,GB,51.5074,-0.1278,2026-07-24 21:00:00+00:00,2,115.07,0.0,16.95,91.04,8.17,10.83,13.67,0.68
London,GB,51.5074,-0.1278,2026-07-24 22:00:00+00:00,2,114.01,0.0,14.6,93.7,7.22,11.27,14.31,0.7
London,GB,51.5074,-0.1278,2026-07-24 23:00:00+00:00,2,112.85,0.0,13.58,94.33,6.78,12.02,15.14,0.85
London,GB,51.5074,-0.1278,2026-07-25 00:00:00+00:00,2,111.69,0.0,13.0,90.94,6.52,12.07,14.91,1.33
London,GB,51.5074,-0.1278,2026-07-25 01:00:00+00:00,2,111.49,0.0,13.16,82.96,6.42,10.62,12.93,1.99
London,GB,51.5074,-0.1278,2026-07-25 02:00:00+00:00,2,112.26,0.0,14.41,72.78,6.68,8.65,10.46,2.42
London,GB,51.5074,-0.1278,2026-07-25 03:00:00+00:00,2,112.93,0.0,16.26,63.3,7.22,7.1,8.56,2.69
London,GB,51.5074,-0.1278,2026-07-25 04:00:00+00:00,1,113.38,0.0,18.16,55.17,7.81,6.11,7.35,2.86
London,GB,51.5074,-0.1278,2026-07-25 05:00:00+00:00,1,113.67,0.01,20.09,48.48,8.42,5.49,6.63,2.93
London,GB,51.5074,-0.1278,2026-07-25 06:00:00+00:00,1,113.43,0.81,21.25,44.62,9.07,5.14,6.27,2.95
London,GB,51.5074,-0.1278,2026-07-25 07:00:00+00:00,1,112.69,3.22,19.07,44.76,9.6,4.98,6.17,2.92
London,GB,51.5074,-0.1278,2026-07-25 08:00:00+00:00,1,111.99,5.36,16.86,46.25,10.08,4.96,6.35,2.85
London,GB,51.5074,-0.1278,2026-07-25 09:00:00+00:00,1,110.84,6.21,14.87,48.79,10.12,4.98,6.74,2.75
London,GB,51.5074,-0.1278,2026-07-25 10:00:00+00:00,1,108.84,5.32,12.13,55.31,9.01,5.13,7.36,2.44
London,GB,51.5074,-0.1278,2026-07-25 11:00:00+00:00,2,106.98,3.83,9.45,65.53,7.56,5.32,8.06,2.03
London,GB,51.5074,-0.1278,2026-07-25 12:00:00+00:00,2,104.76,2.69,7.57,76.14,6.65,5.69,9.12,1.7
London,GB,51.5074,-0.1278,2026-07-25 13:00:00+00:00,2,100.9,1.93,6.2,85.63,6.06,6.54,10.94,1.39
London,GB,51.5074,-0.1278,2026-07-25 14:00:00+00:00,2,96.12,1.41,5.12,91.61,5.39,7.18,12.67,1.15
London,GB,51.5074,-0.1278,2026-07-25 15:00:00+00:00,2,92.7,1.11,4.43,93.86,4.78,7.36,13.84,0.99
London,GB,51.5074,-0.1278,2026-07-25 16:00:00+00:00,2,91.81,0.92,4.15,93.17,4.29,7.01,14.05,0.89
Madrid,ES,40.4168,-3.7038,2026-04-26 16:00:00+00:00,3,100.76,0.05,0.25,107.22,0.02,1.35,3.24,2.13
Madrid,ES,40.4168,-3.7038,2026-04-26 17:00:00+00:00,3,101.06,0.05,0.34,105.78,0.02,1.31,3.07,2.75
Madrid,ES,40.4168,-3.7038,2026-04-26 18:00:00+00:00,3,101.5,0.04,0.46,104.4,0.02,1.28,2.91,3.38
Madrid,ES,40.4168,-3.7038,2026-04-26 19:00:00+00:00,3,102.33,0.01,0.64,101.15,0.02,1.26,2.79,4.38
Madrid,ES,40.4168,-3.7038,2026-04-26 20:00:00+00:00,2,103.95,0.0,0.77,96.76,0.03,1.26,2.69,5.64
Madrid,ES,40.4168,-3.7038,2026-04-26 21:00:00+00:00,2,105.41,0.0,0.86,93.1,0.03,1.25,2.61,6.67
Madrid,ES,40.4168,-3.7038,2026-04-26 22:00:00+00:00,2,104.89,0.0,0.9,88.13,0.03,1.22,2.46,7.45
Madrid,ES,40.4168,-3.7038,2026-04-26 23:00:00+00:00,2,105.88,0.0,0.9,84.89,0.02,1.21,2.39,8.11
Madrid,ES,40.4168,-3.7038,2026-04-27 00:00:00+00:00,2,106.91,0.0,0.84,83.4,0.02,1.22,2.39,8.48
Madrid,ES,40.4168,-3.7038,2026-04-27 01:00:00+00:00,2,106.54,0.0,0.76,81.58,0.02,1.24,2.43,8.53
Madrid,ES,40.4168,-3.7038,2026-04-27 02:00:00+00:00,2,107.1,0.0,0.72,78.96,0.02,1.31,2.58,8.88
Madrid,ES,40.4168,-3.7038,2026-04-27 03:00:00+00:00,2,107.64,0.0,0.7,76.33,0.02,1.41,2.8,9.23
Madrid,ES,40.4168,-3.7038,2026-04-27 04:00:00+00:00,2,107.9,0.0,0.72,73.77,0.02,1.54,3.05,9.33
Madrid,ES,40.4168,-3.7038,2026-04-27 05:00:00+00:00,2,109.26,0.0,0.88,72.39,0.03,1.71,3.37,8.99
Madrid,ES,40.4168,-3.7038,2026-04-27 06:00:00+00:00,2,110.91,0.0,1.17,72.11,0.03,1.9,3.74,8.45
Madrid,ES,40.4168,-3.7038,2026-04-27 07:00:00+00:00,2,110.72,0.1,1.36,71.78,0.04,2.07,4.04,8.03
Madrid,ES,40.4168,-3.7038,2026-04-27 08:00:00+00:00,2,110.18,0.26,1.25,71.26,0.04,2.19,4.24,7.96
Madrid,ES,40.4168,-3.7038,2026-04-27 09:00:00+00:00,2,109.36,0.29,1.03,74.64,0.05,2.28,4.37,7.44
Madrid,ES,40.4168,-3.7038,2026-04-27 10:00:00+00:00,3,108.99,0.13,0.56,100.15,0.08,2.07,3.96,4.81
Madrid,ES,40.4168,-3.7038,2026-04-27 11:00:00+00:00,3,106.64,0.09,0.38,105.73,0.08,1.91,3.55,3.99
Madrid,ES,40.4168,-3.7038,2026-04-27 12:00:00+00:00,3,104.47,0.07,0.3,106.32,0.07,1.8,3.32,3.62
Madrid,ES,40.4168,-3.7038,2026-04-27 13:00:00+00:00,3,102.59,0.04,0.19,102.82,0.04,1.47,3.43,2.01
Madrid,ES,40.4168,-3.7038,2026-04-27 14:00:00+00:00,2,100.59,0.03,0.15,96.97,0.04,1.54,4.06,1.39
Madrid,ES,40.4168,-3.7038,2026-04-27 15:00:00+00:00,2,99.5,0.03,0.16,93.55,0.04,1.64,4.36,1.29
Madrid,ES,40.4168,-3.7038,2026-04-27 16:00:00+00:00,2,99.82,0.04,0.23,90.7,0.04,1.71,4.49,1.6
Madrid,ES,40.4168,-3.7038,2026-04-27 17:00:00+00:00,2,99.75,0.04,0.32,86.53,0.05,1.75,4.53,2.31
Madrid,ES,40.4168,-3.7038,2026-04-27 18:00:00+00:00,2,99.84,0.03,0.43,82.96,0.06,1.79,4.57,2.98
Madrid,ES,40.4168,-3.7038,2026-04-27 19:00:00+00:00,2,100.35,0.01,0.58,79.12,0.08,1.82,4.59,3.96
Madrid,ES,40.4168,-3.7038,2026-04-27 20:00:00+00:00,2,101.26,0.0,0.7,74.38,0.08,1.84,4.52,5.21
Madrid,ES,40.4168,-3.7038,2026-04-27 21:00:00+00:00,2,102.24,0.0,0.8,70.16,0.07,1.86,4.39,6.33
Madrid,ES,40.4168,-3.7038,2026-04-27 22:00:00+00:00,2,101.46,0.0,0.83,65.04,0.06,1.86,4.18,7.18
Madrid,ES,40.4168,-3.7038,2026-04-27 23:00:00+00:00,2,102.44,0.0,0.82,61.55,0.04,1.93,4.13,7.84
Madrid,ES,40.4168,-3.7038,2026-04-28 00:00:00+00:00,1,103.63,0.0,0.78,59.89,0.04,2.04,4.2,8.24
Madrid,ES,40.4168,-3.7038,2026-04-28 01:00:00+00:00,1,103.97,0.0,0.72,59.37,0.03,2.14,4.31,8.2
Madrid,ES,40.4168,-3.7038,2026-04-28 02:00:00+00:00,1,104.76,0.0,0.69,58.31,0.03,2.26,4.44,8.24
Madrid,ES,40.4168,-3.7038,2026-04-28 03:00:00+00:00,1,105.61,0.0,0.67,57.8,0.03,2.39,4.6,8.07
Madrid,ES,40.4168,-3.7038,2026-04-28 04:00:00+00:00,1,105.67,0.0,0.67,56.9,0.03,2.49,4.66,7.77
Madrid,ES,40.4168,-3.7038,2026-04-28 05:00:00+00:00,1,106.67,0.0,0.82,55.44,0.03,2.59,4.68,7.79
Madrid,ES,40.4168,-3.7038,2026-04-28 06:00:00+00:00,1,107.87,0.0,1.17,53.22,0.04,2.68,4.7,7.78
Madrid,ES,40.4168,-3.7038,2026-04-28 07:00:00+00:00,1,107.57,0.08,1.49,50.33,0.05,2.71,4.61,7.69
Madrid,ES,40.4168,-3.7038,2026-04-28 08:00:00+00:00,1,107.33,0.23,1.55,48.22,0.06,2.7,4.51,8.16
Madrid,ES,40.4168,-3.7038,2026-04-28 09:00:00+00:00,1,106.83,0.3,1.48,48.5,0.07,2.68,4.44,8.67
Madrid,ES,40.4168,-3.7038,2026-04-28 10:00:00+00:00,2,108.47,0.24,1.04,64.37,0.09,2.58,4.38,7.62
Madrid,ES,40.4168,-3.7038,2026-04-28 11:00:00+00:00,2,106.71,0.15,0.78,68.68,0.08,2.5,4.25,6.65
Madrid,ES,40.4168,-3.7038,2026-04-28 12:00:00+00:00,2,105.05,0.09,0.59,73.1,0.08,2.43,4.16,5.75
Madrid,ES,40.4168,-3.7038,2026-04-28 13:00:00+00:00,2,103.9,0.02,0.29,85.2,0.09,1.73,3.68,2.82
Madrid,ES,40.4168,-3.7038,2026-04-28 14:00:00+00:00,2,102.09,0.01,0.26,86.28,0.09,1.62,4.12,1.98
Madrid,ES,40.4168,-3.7038,2026-04-28 15:00:00+00:00,2,101.31,0.01,0.31,85.72,0.11,1.58,4.08,1.8
Madrid,ES,40.4168,-3.7038,2026-04-28 16:00:00+00:00,2,102.09,0.01,0.47,84.52,0.14,1.51,3.59,1.99
Madrid,ES,40.4168,-3.7038,2026-04-28 17:00:00+00:00,2,103.35,0.01,0.65,82.26,0.17,1.44,3.03,2.35
Madrid,ES,40.4168,-3.7038,2026-04-28 18:00:00+00:00,2,104.82,0.01,0.73,80.75,0.17,1.39,2.6,2.47
Madrid,ES,40.4168,-3.7038,2026-04-28 19:00:00+00:00,2,104.31,0.0,0.72,78.57,0.15,1.36,2.34,2.42
Madrid,ES,40.4168,-3.7038,2026-04-28 20:00:00+00:00,2,105.27,0.0,0.65,77.51,0.13,1.34,2.21,2.31
Madrid,ES,40.4168,-3.7038,2026-04-28 21:00:00+00:00,2,105.9,0.0,0.57,76.96,0.1,1.29,2.0,2.04
Madrid,ES,40.4168,-3.7038,2026-04-28 22:00:00+00:00,2,105.16,0.0,0.54,72.84,0.07,1.23,1.77,1.84
Madrid,ES,40.4168,-3.7038,2026-04-28 23:00:00+00:00,2,104.6,0.0,0.56,66.05,0.05,1.21,1.65,1.88
Madrid,ES,40.4168,-3.7038,2026-04-29 00:00:00+00:00,1,104.01,0.0,0.56,59.76,0.04,1.2,1.58,2.19
Madrid,ES,40.4168,-3.7038,2026-04-29 01:00:00+00:00,1,102.92,0.0,0.55,54.74,0.03,1.19,1.54,2.44
Madrid,ES,40.4168,-3.7038,2026-04-29 02:00:00+00:00,1,102.51,0.0,0.53,53.13,0.03,1.16,1.47,2.2
Madrid,ES,40.4168,-3.7038,2026-04-29 03:00:00+00:00,1,102.6,0.0,0.52,55.54,0.04,1.07,1.32,1.87
Madrid,ES,40.4168,-3.7038,2026-04-29 04:00:00+00:00,2,103.25,0.0,0.54,60.55,0.04,0.92,1.12,1.59
Madrid,ES,40.4168,-3.7038,2026-04-29 05:00:00+00:00,2,103.6,0.0,0.67,60.63,0.05,0.84,1.08,1.6
Madrid,ES,40.4168,-3.7038,2026-04-29 06:00:00+00:00,2,104.0,0.0,0.87,60.43,0.06,0.83,1.15,1.66
Madrid,ES,40.4168,-3.7038,2026-04-29 07:00:00+00:00,2,104.21,0.03,1.0,61.65,0.09,0.81,1.21,1.56
Madrid,ES,40.4168,-3.7038,2026-04-29 08:00:00+00:00,2,104.43,0.06,0.99,63.85,0.11,0.77,1.19,1.26
Madrid,ES,40.4168,-3.7038,2026-04-29 09:00:00+00:00,2,104.71,0.05,0.92,67.53,0.12,0.72,1.13,1.08
Madrid,ES,40.4168,-3.7038,2026-04-29 10:00:00+00:00,2,105.8,0.02,0.56,79.0,0.11,0.62,1.05,0.69
Madrid,ES,40.4168,-3.7038,2026-04-29 11:00:00+00:00,2,105.42,0.02,0.41,82.29,0.1,0.64,1.04,0.66
Madrid,ES,40.4168,-3.7038,2026-04-29 12:00:00+00:00,2,104.99,0.02,0.36,83.02,0.09,0.69,1.08,0.7
Madrid,ES,40.4168,-3.7038,2026-04-29 13:00:00+00:00,2,105.1,0.02,0.3,84.24,0.09,0.72,1.11,0.73
Madrid,ES,40.4168,-3.7038,2026-04-29 14:00:00+00:00,2,104.48,0.02,0.26,84.57,0.08,0.77,1.23,0.78
Madrid,ES,40.4168,-3.7038,2026-04-29 15:00:00+00:00,2,104.17,0.02,0.25,85.05,0.08,0.86,1.34,0.83
Madrid,ES,40.4168,-3.7038,2026-04-29 16:00:00+00:00,2,104.84,0.03,0.28,84.93,0.08,0.93,1.39,1.05
Madrid,ES,40.4168,-3.7038,2026-04-29 17:00:00+00:00,2,105.69,0.03,0.33,83.78,0.09,0.99,1.41,1.38
Madrid,ES,40.4168,-3.7038,2026-04-29 18:00:00+00:00,2,106.37,0.03,0.39,82.53,0.09,1.03,1.44,1.65
Madrid,ES,40.4168,-3.7038,2026-04-29 19:00:00+00:00,2,106.37,0.01,0.55,74.51,0.08,1.07,1.5,2.52
Madrid,ES,40.4168,-3.7038,2026-04-29 20:00:00+00:00,2,106.52,0.0,0.74,64.06,0.07,1.12,1.61,3.6
Madrid,ES,40.4168,-3.7038,2026-04-29 21:00:00+00:00,1,106.55,0.0,0.87,57.59,0.06,1.15,1.7,4.69
Madrid,ES,40.4168,-3.7038,2026-04-29 22:00:00+00:00,1,104.81,0.0,0.93,53.39,0.06,1.15,1.75,5.64
Madrid,ES,40.4168,-3.7038,2026-04-29 23:00:00+00:00,1,104.1,0.0,0.9,49.74,0.05,1.16,1.8,5.47
Madrid,ES,40.4168,-3.7038,2026-04-30 00:00:00+00:00,1,103.64,0.0,0.85,46.63,0.04,1.17,1.82,5.34
Madrid,ES,40.4168,-3.7038,2026-04-30 01:00:00+00:00,1,102.93,0.0,0.78,46.04,0.04,1.18,1.85,5.5
Madrid,ES,40.4168,-3.7038,2026-04-30 02:00:00+00:00,1,102.84,0.0,0.73,45.58,0.04,1.2,1.93,5.98
Madrid,ES,40.4168,-3.7038,2026-04-30 03:00:00+00:00,1,102.77,0.0,0.7,46.18,0.05,1.23,2.05,6.59
Madrid,ES,40.4168,-3.7038,2026-04-30 04:00:00+00:00,1,101.99,0.0,0.72,43.62,0.04,1.26,2.11,7.28
Madrid,ES,40.4168,-3.7038,2026-04-30 05:00:00+00:00,1,101.86,0.0,0.95,37.84,0.03,1.3,2.14,7.99
Madrid,ES,40.4168,-3.7038,2026-04-30 06:00:00+00:00,1,102.33,0.01,1.44,32.62,0.03,1.36,2.19,8.58
Madrid,ES,40.4168,-3.7038,2026-04-30 07:00:00+00:00,1,101.88,0.13,1.7,29.0,0.03,1.38,2.25,7.78
Madrid,ES,40.4168,-3.7038,2026-04-30 08:00:00+00:00,1,101.19,0.34,1.45,28.58,0.03,1.36,2.36,6.34
Madrid,ES,40.4168,-3.7038,2026-04-30 09:00:00+00:00,1,100.53,0.39,1.15,33.48,0.03,1.36,2.49,6.71
Madrid,ES,40.4168,-3.7038,2026-04-30 10:00:00+00:00,2,103.14,0.08,0.42,78.07,0.2,1.04,2.2,3.1
Madrid,ES,40.4168,-3.7038,2026-04-30 11:00:00+00:00,2,102.0,0.05,0.26,84.56,0.19,0.9,1.86,2.26
Madrid,ES,40.4168,-3.7038,2026-04-30 12:00:00+00:00,2,100.78,0.04,0.2,85.91,0.19,0.85,1.71,2.13
Madrid,ES,40.4168,-3.7038,2026-04-30 13:00:00+00:00,2,101.28,0.04,0.18,88.39,0.18,0.81,1.59,2.07
Madrid,ES,40.4168,-3.7038,2026-04-30 14:00:00+00:00,2,100.49,0.04,0.18,90.35,0.16,0.74,1.42,1.97
Madrid,ES,40.4168,-3.7038,2026-04-30 15:00:00+00:00,2,99.78,0.04,0.2,91.11,0.15,0.71,1.35,1.95
Madrid,ES,40.4168,-3.7038,2026-04-30 16:00:00+00:00,2,100.38,0.04,0.25,91.29,0.15,0.72,1.36,2.21
Madrid,ES,40.4168,-3.7038,2026-04-30 17:00:00+00:00,2,100.46,0.04,0.33,89.65,0.13,0.74,1.39,2.71
Madrid,ES,40.4168,-3.7038,2026-04-30 18:00:00+00:00,2,100.81,0.03,0.41,87.74,0.12,0.74,1.43,3.2
Madrid,ES,40.4168,-3.7038,2026-04-30 19:00:00+00:00,2,101.12,0.01,0.53,82.67,0.1,0.76,1.49,4.36
Madrid,ES,40.4168,-3.7038,2026-04-30 20:00:00+00:00,2,101.89,0.0,0.64,75.55,0.08,0.79,1.58,5.87
Madrid,ES,40.4168,-3.7038,2026-04-30 21:00:00+00:00,2,102.52,0.0,0.71,69.31,0.06,0.82,1.65,6.68
Madrid,ES,40.4168,-3.7038,2026-04-30 22:00:00+00:00,2,100.96,0.0,0.78,61.13,0.04,0.83,1.67,7.35
Madrid,ES,40.4168,-3.7038,2026-04-30 23:00:00+00:00,1,100.5,0.0,0.85,53.94,0.03,0.85,1.72,8.7
Madrid,ES,40.4168,-3.7038,2026-05-01 00:00:00+00:00,1,100.07,0.0,0.88,49.46,0.03,0.87,1.79,10.45
Madrid,ES,40.4168,-3.7038,2026-05-01 01:00:00+00:00,1,98.99,0.0,0.94,47.26,0.03,0.88,1.79,12.97
Madrid,ES,40.4168,-3.7038,2026-05-01 02:00:00+00:00,1,98.2,0.0,0.98,44.19,0.03,0.89,1.8,13.32
Madrid,ES,40.4168,-3.7038,2026-05-01 03:00:00+00:00,1,97.49,0.0,1.04,40.96,0.02,0.9,1.8,11.79
Madrid,ES,40.4168,-3.7038,2026-05-01 04:00:00+00:00,1,96.77,0.0,1.13,38.35,0.02,0.92,1.81,10.44
Madrid,ES,40.4168,-3.7038,2026-05-01 05:00:00+00:00,1,96.74,0.0,1.42,36.2,0.02,0.95,1.87,10.73
Madrid,ES,40.4168,-3.7038,2026-05-01 06:00:00+00:00,1,97.14,0.01,1.99,34.03,0.03,1.01,1.96,11.54
Madrid,ES,40.4168,-3.7038,2026-05-01 07:00:00+00:00,1,96.51,0.33,2.04,32.15,0.03,1.03,2.01,11.73
Madrid,ES,40.4168,-3.7038,2026-05-01 08:00:00+00:00,1,95.13,0.74,1.61,31.7,0.03,1.06,2.07,11.91
Madrid,ES,40.4168,-3.7038,2026-05-01 09:00:00+00:00,1,93.92,0.77,1.37,35.39,0.03,1.13,2.21,11.67
Madrid,ES,40.4168,-3.7038,2026-05-01 10:00:00+00:00,2,100.33,0.1,0.41,88.92,0.29,1.14,2.39,3.19
Madrid,ES,40.4168,-3.7038,2026-05-01 11:00:00+00:00,2,99.63,0.05,0.24,93.99,0.25,1.06,2.16,2.17
Madrid,ES,40.4168,-3.7038,2026-05-01 12:00:00+00:00,2,98.82,0.05,0.22,94.51,0.26,1.11,2.21,2.01
Madrid,ES,40.4168,-3.7038,2026-05-01 13:00:00+00:00,2,99.62,0.04,0.22,95.68,0.26,1.2,2.37,2.01
Madrid,ES,40.4168,-3.7038,2026-05-01 14:00:00+00:00,2,99.26,0.04,0.22,95.89,0.25,1.25,2.44,2.01
Madrid,ES,40.4168,-3.7038,2026-05-01 15:00:00+00:00,2,98.9,0.04,0.24,96.0,0.24,1.29,2.51,2.01
Madrid,ES,40.4168,-3.7038,2026-05-01 16:00:00+00:00,2,99.62,0.04,0.27,96.42,0.22,1.36,2.63,2.16
Madrid,ES,40.4168,-3.7038,2026-05-01 17:00:00+00:00,2,99.93,0.03,0.33,95.12,0.21,1.43,2.75,2.45
Madrid,ES,40.4168,-3.7038,2026-05-01 18:00:00+00:00,2,100.13,0.01,0.39,93.54,0.21,1.47,2.84,2.76
Madrid,ES,40.4168,-3.7038,2026-05-01 19:00:00+00:00,2,100.26,0.0,0.55,89.25,0.21,1.5,2.9,3.95
Madrid,ES,40.4168,-3.7038,2026-05-01 20:00:00+00:00,2,101.27,0.0,0.76,84.83,0.22,1.55,3.0,6.01
Madrid,ES,40.4168,-3.7038,2026-05-01 21:00:00+00:00,2,102.31,0.0,0.92,82.38,0.22,1.62,3.15,8.03
Madrid,ES,40.4168,-3.7038,2026-05-01 22:00:00+00:00,2,101.35,0.0,1.01,78.07,0.2,1.68,3.25,9.61
Madrid,ES,40.4168,-3.7038,2026-05-01 23:00:00+00:00,2,101.68,0.0,1.0,73.3,0.16,1.78,3.42,10.52
Madrid,ES,40.4168,-3.7038,2026-05-02 00:00:00+00:00,2,102.17,0.0,0.95,69.2,0.13,1.9,3.64,10.65
Madrid,ES,40.4168,-3.7038,2026-05-02 01:00:00+00:00,2,102.25,0.0,0.81,68.36,0.13,2.04,3.83,8.43
Madrid,ES,40.4168,-3.7038,2026-05-02 02:00:00+00:00,2,102.84,0.0,0.74,68.33,0.13,2.19,4.01,7.37
Madrid,ES,40.4168,-3.7038,2026-05-02 03:00:00+00:00,2,103.4,0.0,0.7,68.47,0.13,2.3,4.12,6.65
Madrid,ES,40.4168,-3.7038,2026-05-02 04:00:00+00:00,2,103.26,0.0,0.7,67.87,0.13,2.34,4.09,5.75
Madrid,ES,40.4168,-3.7038,2026-05-02 05:00:00+00:00,2,103.5,0.0,0.8,65.64,0.11,2.36,4.0,4.85
Madrid,ES,40.4168,-3.7038,2026-05-02 06:00:00+00:00,2,103.9,0.0,1.02,63.64,0.1,2.4,3.93,4.07
Madrid,ES,40.4168,-3.7038,2026-05-02 07:00:00+00:00,2,103.47,0.01,1.21,61.74,0.1,2.39,3.8,3.63
Madrid,ES,40.4168,-3.7038,2026-05-02 08:00:00+00:00,2,103.1,0.02,1.19,62.05,0.1,2.36,3.64,3.63
Madrid,ES,40.4168,-3.7038,2026-05-02 09:00:00+00:00,2,102.79,0.04,0.94,67.31,0.12,2.33,3.48,3.55
Madrid,ES,40.4168,-3.7038,2026-05-02 10:00:00+00:00,2,103.26,0.03,0.6,80.51,0.17,2.15,3.11,2.43
Madrid,ES,40.4168,-3.7038,2026-05-02 11:00:00+00:00,2,103.02,0.03,0.54,82.49,0.19,2.03,2.84,2.16
Madrid,ES,40.4168,-3.7038,2026-05-02 12:00:00+00:00,2,102.91,0.03,0.54,82.99,0.23,2.02,2.76,2.05
Madrid,ES,40.4168,-3.7038,2026-05-02 13:00:00+00:00,2,103.3,0.02,0.44,85.83,0.2,1.83,2.45,1.68
Madrid,ES,40.4168,-3.7038,2026-05-02 14:00:00+00:00,2,102.25,0.02,0.33,87.76,0.15,1.68,2.22,1.35
Madrid,ES,40.4168,-3.7038,2026-05-02 15:00:00+00:00,2,101.6,0.01,0.29,88.82,0.12,1.65,2.18,1.22
Madrid,ES,40.4168,-3.7038,2026-05-02 16:00:00+00:00,2,101.97,0.01,0.26,90.19,0.1,1.64,2.22,1.26
Madrid,ES,40.4168,-3.7038,2026-05-02 17:00:00+00:00,2,101.97,0.02,0.25,89.53,0.09,1.65,2.29,1.48
Madrid,ES,40.4168,-3.7038,2026-05-02 18:00:00+00:00,2,101.81,0.01,0.27,89.15,0.09,1.61,2.28,1.69
Madrid,ES,40.4168,-3.7038,2026-05-02 19:00:00+00:00,2,101.5,0.01,0.43,81.58,0.07,1.57,2.23,3.41
Madrid,ES,40.4168,-3.7038,2026-05-02 20:00:00+00:00,2,101.31,0.0,0.63,71.45,0.05,1.56,2.22,5.67
Madrid,ES,40.4168,-3.7038,2026-05-02 21:00:00+00:00,2,101.14,0.0,0.78,64.76,0.04,1.55,2.25,7.22
Madrid,ES,40.4168,-3.7038,2026-05-02 22:00:00+00:00,2,99.71,0.0,0.87,60.12,0.03,1.53,2.25,9.01
Madrid,ES,40.4168,-3.7038,2026-05-02 23:00:00+00:00,1,99.36,0.0,0.9,56.68,0.03,1.53,2.29,9.92
Madrid,ES,40.4168,-3.7038,2026-05-03 00:00:00+00:00,1,99.07,0.0,0.9,53.33,0.03,1.54,2.33,9.99
Madrid,ES,40.4168,-3.7038,2026-05-03 01:00:00+00:00,1,98.02,0.0,0.89,49.96,0.03,1.52,2.32,9.19
Madrid,ES,40.4168,-3.7038,2026-05-03 02:00:00+00:00,1,97.73,0.0,0.85,47.75,0.03,1.51,2.28,7.61
Madrid,ES,40.4168,-3.7038,2026-05-03 03:00:00+00:00,1,97.82,0.0,0.8,47.54,0.04,1.48,2.21,5.84
Madrid,ES,40.4168,-3.7038,2026-05-03 04:00:00+00:00,1,98.88,0.0,0.67,56.24,0.06,1.36,2.06,4.07
Madrid,ES,40.4168,-3.7038,2026-05-03 05:00:00+00:00,1,98.92,0.0,0.73,54.97,0.06,1.28,1.94,2.94
Madrid,ES,40.4168,-3.7038,2026-05-03 06:00:00+00:00,1,99.03,0.0,0.88,52.96,0.06,1.25,1.87,2.53
Madrid,ES,40.4168,-3.7038,2026-05-03 07:00:00+00:00,1,98.82,0.02,0.83,55.14,0.07,1.17,1.71,2.33
Madrid,ES,40.4168,-3.7038,2026-05-03 08:00:00+00:00,1,98.17,0.05,0.76,55.56,0.09,1.13,1.63,2.32
Madrid,ES,40.4168,-3.7038,2026-05-03 09:00:00+00:00,1,97.33,0.06,0.67,57.18,0.11,1.11,1.57,2.42
Madrid,ES,40.4168,-3.7038,2026-05-03 10:00:00+00:00,2,98.63,0.03,0.43,71.97,0.11,0.75,1.06,1.5
Madrid,ES,40.4168,-3.7038,2026-05-03 11:00:00+00:00,2,98.32,0.02,0.32,76.66,0.09,0.66,0.85,1.13
Madrid,ES,40.4168,-3.7038,2026-05-03 12:00:00+00:00,2,97.81,0.02,0.27,77.48,0.08,0.6,0.73,1.01
Madrid,ES,40.4168,-3.7038,2026-05-03 13:00:00+00:00,2,98.66,0.02,0.24,79.72,0.07,0.55,0.61,0.95
Madrid,ES,40.4168,-3.7038,2026-05-03 14:00:00+00:00,2,98.49,0.02,0.22,81.37,0.05,0.5,0.52,0.98
Madrid,ES,40.4168,-3.7038,2026-05-03 15:00:00+00:00,2,98.62,0.02,0.21,83.08,0.05,0.5,0.5,1.05
Madrid,ES,40.4168,-3.7038,2026-05-03 16:00:00+00:00,2,99.74,0.02,0.22,84.99,0.04,0.5,0.5,1.23
Madrid,ES,40.4168,-3.7038,2026-05-03 17:00:00+00:00,2,100.77,0.02,0.25,85.52,0.04,0.5,0.5,1.56
Madrid,ES,40.4168,-3.7038,2026-05-03 18:00:00+00:00,2,101.67,0.01,0.28,85.79,0.05,0.5,0.5,1.9
Madrid,ES,40.4168,-3.7038,2026-05-03 19:00:00+00:00,2,102.25,0.0,0.35,84.04,0.05,0.5,0.53,2.61
Madrid,ES,40.4168,-3.7038,2026-05-03 20:00:00+00:00,2,103.31,0.0,0.43,81.05,0.05,0.5,0.58,3.6
Madrid,ES,40.4168,-3.7038,2026-05-03 21:00:00+00:00,2,104.23,0.0,0.49,78.49,0.05,0.5,0.65,4.42
Madrid,ES,40.4168,-3.7038,2026-05-03 22:00:00+00:00,2,103.77,0.0,0.53,74.83,0.05,0.5,0.75,5.18
Madrid,ES,40.4168,-3.7038,2026-05-03 23:00:00+00:00,2,104.35,0.0,0.55,71.53,0.05,0.5,0.87,5.94
Madrid,ES,40.4168,-3.7038,2026-05-04 00:00:00+00:00,2,104.91,0.0,0.57,68.43,0.05,0.5,0.99,6.53
Madrid,ES,40.4168,-3.7038,2026-05-04 01:00:00+00:00,2,104.64,0.0,0.58,64.57,0.05,0.51,1.1,6.87
Madrid,ES,40.4168,-3.7038,2026-05-04 02:00:00+00:00,2,104.92,0.0,0.61,60.71,0.04,0.52,1.21,6.86
Madrid,ES,40.4168,-3.7038,2026-05-04 03:00:00+00:00,1,104.95,0.0,0.65,57.2,0.04,0.53,1.3,6.26
Madrid,ES,40.4168,-3.7038,2026-05-04 04:00:00+00:00,1,104.61,0.0,0.7,54.0,0.04,0.55,1.38,5.34
Madrid,ES,40.4168,-3.7038,2026-05-04 05:00:00+00:00,1,104.88,0.0,0.85,51.3,0.04,0.59,1.44,4.39
Madrid,ES,40.4168,-3.7038,2026-05-04 06:00:00+00:00,1,105.39,0.0,1.13,49.02,0.04,0.63,1.49,3.54
Madrid,ES,40.4168,-3.7038,2026-05-04 07:00:00+00:00,1,104.76,0.09,1.2,47.07,0.05,0.66,1.5,3.09
Madrid,ES,40.4168,-3.7038,2026-05-04 08:00:00+00:00,1,104.03,0.2,1.01,46.53,0.05,0.69,1.48,3.32
Madrid,ES,40.4168,-3.7038,2026-05-04 09:00:00+00:00,1,103.67,0.18,0.77,50.25,0.06,0.74,1.49,3.46
Madrid,ES,40.4168,-3.7038,2026-05-04 10:00:00+00:00,2,106.44,0.06,0.35,77.96,0.11,0.56,0.99,1.39
Madrid,ES,40.4168,-3.7038,2026-05-04 11:00:00+00:00,2,105.8,0.05,0.22,83.86,0.1,0.51,0.77,1.03
Madrid,ES,40.4168,-3.7038,2026-05-04 12:00:00+00:00,2,104.88,0.04,0.17,86.92,0.09,0.51,0.75,0.97
Madrid,ES,40.4168,-3.7038,2026-05-04 13:00:00+00:00,2,105.72,0.04,0.15,93.3,0.08,0.5,0.75,0.98
Madrid,ES,40.4168,-3.7038,2026-05-04 14:00:00+00:00,2,105.61,0.03,0.15,97.66,0.07,0.5,0.74,1.04
Madrid,ES,40.4168,-3.7038,2026-05-04 15:00:00+00:00,2,106.04,0.04,0.17,99.67,0.07,0.5,0.76,1.13
Madrid,ES,40.4168,-3.7038,2026-05-04 16:00:00+00:00,3,107.36,0.04,0.21,101.31,0.08,0.5,0.79,1.26
Madrid,ES,40.4168,-3.7038,2026-05-04 17:00:00+00:00,3,108.33,0.04,0.25,101.28,0.08,0.5,0.81,1.43
Madrid,ES,40.4168,-3.7038,2026-05-04 18:00:00+00:00,3,108.64,0.02,0.3,100.48,0.09,0.5,0.81,1.59
Madrid,ES,40.4168,-3.7038,2026-05-04 19:00:00+00:00,2,108.58,0.01,0.38,98.14,0.09,0.5,0.82,1.95
Madrid,ES,40.4168,-3.7038,2026-05-04 20:00:00+00:00,2,109.12,0.0,0.43,95.82,0.1,0.5,0.84,2.49
Madrid,ES,40.4168,-3.7038,2026-05-04 21:00:00+00:00,2,109.32,0.0,0.45,94.26,0.1,0.5,0.83,2.92
Madrid,ES,40.4168,-3.7038,2026-05-04 22:00:00+00:00,2,107.96,0.0,0.47,91.28,0.11,0.5,0.81,3.31
Madrid,ES,40.4168,-3.7038,2026-05-04 23:00:00+00:00,2,108.02,0.0,0.47,88.8,0.11,0.5,0.82,3.85
Madrid,ES,40.4168,-3.7038,2026-05-05 00:00:00+00:00,2,108.4,0.0,0.47,86.47,0.11,0.5,0.85,4.33
Madrid,ES,40.4168,-3.7038,2026-05-05 01:00:00+00:00,2,108.01,0.0,0.47,82.31,0.09,0.5,0.88,4.84
Madrid,ES,40.4168,-3.7038,2026-05-05 02:00:00+00:00,2,108.08,0.0,0.5,78.06,0.08,0.5,0.92,5.53
Madrid,ES,40.4168,-3.7038,2026-05-05 03:00:00+00:00,2,108.35,0.0,0.53,74.33,0.07,0.5,0.98,5.76
Madrid,ES,40.4168,-3.7038,2026-05-05 04:00:00+00:00,2,107.9,0.0,0.59,69.88,0.06,0.5,1.03,5.47
Madrid,ES,40.4168,-3.7038,2026-05-05 05:00:00+00:00,2,108.27,0.0,0.79,65.4,0.05,0.5,1.12,5.42
Madrid,ES,40.4168,-3.7038,2026-05-05 06:00:00+00:00,2,108.86,0.01,1.16,61.28,0.04,0.51,1.23,5.68
Madrid,ES,40.4168,-3.7038,2026-05-05 07:00:00+00:00,1,108.02,0.15,1.29,57.5,0.04,0.52,1.31,6.19
Madrid,ES,40.4168,-3.7038,2026-05-05 08:00:00+00:00,1,106.95,0.31,1.04,54.98,0.04,0.54,1.37,6.47
Madrid,ES,40.4168,-3.7038,2026-05-05 09:00:00+00:00,1,105.94,0.31,0.8,56.19,0.05,0.56,1.44,6.25
Madrid,ES,40.4168,-3.7038,2026-05-05 10:00:00+00:00,2,109.38,0.06,0.26,87.78,0.13,0.5,0.91,1.93
Madrid,ES,40.4168,-3.7038,2026-05-05 11:00:00+00:00,2,107.99,0.04,0.17,92.88,0.11,0.5,0.72,1.28
Madrid,ES,40.4168,-3.7038,2026-05-05 12:00:00+00:00,2,106.78,0.03,0.15,93.28,0.09,0.5,0.68,1.21
Madrid,ES,40.4168,-3.7038,2026-05-05 13:00:00+00:00,2,106.91,0.03,0.14,95.21,0.07,0.5,0.65,1.19
Madrid,ES,40.4168,-3.7038,2026-05-05 14:00:00+00:00,2,105.73,0.03,0.14,96.44,0.06,0.5,0.59,1.14
Madrid,ES,40.4168,-3.7038,2026-05-05 15:00:00+00:00,2,104.69,0.03,0.15,96.11,0.04,0.5,0.54,1.13
Madrid,ES,40.4168,-3.7038,2026-05-05 16:00:00+00:00,2,105.23,0.04,0.17,95.44,0.04,0.5,0.5,1.22
Madrid,ES,40.4168,-3.7038,2026-05-05 17:00:00+00:00,2,105.7,0.04,0.2,93.82,0.03,0.5,0.5,1.44
Madrid,ES,40.4168,-3.7038,2026-05-05 18:00:00+00:00,2,106.56,0.03,0.24,92.1,0.03,0.5,0.51,1.65
Madrid,ES,40.4168,-3.7038,2026-05-05 19:00:00+00:00,2,107.4,0.01,0.34,88.48,0.03,0.5,0.51,2.33
Madrid,ES,40.4168,-3.7038,2026-05-05 20:00:00+00:00,2,108.97,0.0,0.44,83.96,0.03,0.5,0.52,3.37
Madrid,ES,40.4168,-3.7038,2026-05-05 21:00:00+00:00,2,110.31,0.0,0.5,80.63,0.03,0.5,0.52,4.24
Madrid,ES,40.4168,-3.7038,2026-05-05 22:00:00+00:00,2,109.59,0.0,0.58,74.15,0.02,0.5,0.52,5.56
Madrid,ES,40.4168,-3.7038,2026-05-05 23:00:00+00:00,2,109.78,0.0,0.67,67.03,0.02,0.5,0.53,7.28
Madrid,ES,40.4168,-3.7038,2026-05-06 00:00:00+00:00,2,109.91,0.0,0.72,61.79,0.01,0.5,0.55,8.65
Madrid,ES,40.4168,-3.7038,2026-05-06 01:00:00+00:00,1,109.19,0.0,0.75,57.39,0.01,0.5,0.58,9.68
Madrid,ES,40.4168,-3.7038,2026-05-06 02:00:00+00:00,1,109.21,0.0,0.78,54.0,0.01,0.5,0.61,10.38
Madrid,ES,40.4168,-3.7038,2026-05-06 03:00:00+00:00,1,109.11,0.0,0.83,51.59,0.01,0.5,0.66,10.67
Madrid,ES,40.4168,-3.7038,2026-05-06 04:00:00+00:00,1,108.35,0.0,0.92,49.16,0.01,0.5,0.7,10.63
Madrid,ES,40.4168,-3.7038,2026-05-06 05:00:00+00:00,1,108.44,0.0,1.24,45.39,0.01,0.5,0.78,10.37
Madrid,ES,40.4168,-3.7038,2026-05-06 06:00:00+00:00,1,109.12,0.02,1.84,41.32,0.01,0.5,0.87,9.82
Madrid,ES,40.4168,-3.7038,2026-05-06 07:00:00+00:00,1,108.74,0.35,1.99,39.11,0.01,0.5,0.93,9.7
Madrid,ES,40.4168,-3.7038,2026-05-06 08:00:00+00:00,1,107.91,0.79,1.75,38.01,0.01,0.5,1.0,10.03
Madrid,ES,40.4168,-3.7038,2026-05-06 09:00:00+00:00,1,107.48,0.99,1.69,40.42,0.02,0.54,1.14,9.75
Madrid,ES,40.4168,-3.7038,2026-05-06 10:00:00+00:00,2,109.64,0.16,0.57,87.36,0.05,0.5,0.82,3.11
Madrid,ES,40.4168,-3.7038,2026-05-06 11:00:00+00:00,2,107.69,0.07,0.3,92.33,0.05,0.5,0.67,2.15
Madrid,ES,40.4168,-3.7038,2026-05-06 12:00:00+00:00,2,106.43,0.06,0.24,93.18,0.04,0.51,0.69,2.03
Madrid,ES,40.4168,-3.7038,2026-05-06 13:00:00+00:00,2,106.53,0.05,0.23,94.23,0.04,0.52,0.72,2.07
Madrid,ES,40.4168,-3.7038,2026-05-06 14:00:00+00:00,2,105.2,0.05,0.24,94.37,0.04,0.52,0.73,2.17
Madrid,ES,40.4168,-3.7038,2026-05-06 15:00:00+00:00,2,103.96,0.05,0.27,94.62,0.04,0.52,0.75,2.37
Madrid,ES,40.4168,-3.7038,2026-05-06 16:00:00+00:00,2,104.15,0.06,0.32,96.17,0.04,0.54,0.8,2.71
Madrid,ES,40.4168,-3.7038,2026-05-06 17:00:00+00:00,2,103.67,0.05,0.38,96.53,0.04,0.55,0.83,2.81
Madrid,ES,40.4168,-3.7038,2026-05-06 18:00:00+00:00,2,103.1,0.03,0.43,97.03,0.04,0.55,0.85,2.8
Madrid,ES,40.4168,-3.7038,2026-05-06 19:00:00+00:00,2,103.41,0.01,0.56,95.38,0.05,0.56,0.89,3.47
Madrid,ES,40.4168,-3.7038,2026-05-06 20:00:00+00:00,2,104.58,0.0,0.74,90.12,0.05,0.57,0.97,4.84
Madrid,ES,40.4168,-3.7038,2026-05-06 21:00:00+00:00,2,105.93,0.0,0.9,84.69,0.04,0.61,1.04,6.05
Madrid,ES,40.4168,-3.7038,2026-05-06 22:00:00+00:00,2,104.86,0.0,1.09,75.17,0.03,0.63,1.07,7.45
Madrid,ES,40.4168,-3.7038,2026-05-06 23:00:00+00:00,2,105.08,0.0,1.3,65.39,0.03,0.66,1.12,9.08
Madrid,ES,40.4168,-3.7038,2026-05-07 00:00:00+00:00,1,105.34,0.0,1.47,58.08,0.03,0.7,1.2,10.41
Madrid,ES,40.4168,-3.7038,2026-05-07 01:00:00+00:00,1,104.8,0.0,1.6,52.99,0.03,0.73,1.29,11.83
Madrid,ES,40.4168,-3.7038,2026-05-07 02:00:00+00:00,1,105.01,0.0,1.71,49.69,0.03,0.8,1.42,13.0
Madrid,ES,40.4168,-3.7038,2026-05-07 03:00:00+00:00,1,105.19,0.0,1.77,46.87,0.02,0.88,1.54,13.71
Madrid,ES,40.4168,-3.7038,2026-05-07 04:00:00+00:00,1,104.37,0.0,1.82,44.5,0.02,0.95,1.65,13.86
Madrid,ES,40.4168,-3.7038,2026-05-07 05:00:00+00:00,1,104.53,0.0,2.05,43.08,0.03,1.01,1.78,13.71
Madrid,ES,40.4168,-3.7038,2026-05-07 06:00:00+00:00,1,105.32,0.01,2.47,43.65,0.04,1.08,1.95,13.2
Madrid,ES,40.4168,-3.7038,2026-05-07 07:00:00+00:00,1,106.2,0.21,2.35,53.25,0.12,1.13,2.11,10.97
Madrid,ES,40.4168,-3.7038,2026-05-07 08:00:00+00:00,1,106.49,0.4,2.03,57.64,0.18,1.11,2.09,9.03
Madrid,ES,40.4168,-3.7038,2026-05-07 09:00:00+00:00,2,106.8,0.38,1.73,63.82,0.25,1.12,2.11,7.39
Madrid,ES,40.4168,-3.7038,2026-05-07 10:00:00+00:00,2,106.61,0.08,0.59,93.52,0.22,0.7,1.41,2.89
Madrid,ES,40.4168,-3.7038,2026-05-07 11:00:00+00:00,2,104.47,0.05,0.29,99.02,0.18,0.66,1.26,2.05
Madrid,ES,40.4168,-3.7038,2026-05-07 12:00:00+00:00,3,102.77,0.04,0.22,100.4,0.17,0.68,1.26,1.85
Madrid,ES,40.4168,-3.7038,2026-05-07 13:00:00+00:00,3,102.98,0.04,0.19,102.98,0.17,0.73,1.36,1.77
Madrid,ES,40.4168,-3.7038,2026-05-07 14:00:00+00:00,3,102.2,0.03,0.19,103.94,0.17,0.75,1.4,1.7
Madrid,ES,40.4168,-3.7038,2026-05-07 15:00:00+00:00,3,101.46,0.03,0.22,104.34,0.16,0.75,1.38,1.65
Madrid,ES,40.4168,-3.7038,2026-05-07 16:00:00+00:00,3,101.91,0.03,0.26,104.4,0.16,0.73,1.32,1.75
Madrid,ES,40.4168,-3.7038,2026-05-07 17:00:00+00:00,3,102.22,0.03,0.3,103.69,0.16,0.71,1.28,2.0
Madrid,ES,40.4168,-3.7038,2026-05-07 18:00:00+00:00,3,102.64,0.02,0.35,103.38,0.17,0.7,1.29,2.28
Madrid,ES,40.4168,-3.7038,2026-05-07 19:00:00+00:00,2,102.13,0.01,0.49,99.21,0.18,0.72,1.34,3.38
Madrid,ES,40.4168,-3.7038,2026-05-07 20:00:00+00:00,2,102.41,0.0,0.67,93.3,0.22,0.78,1.47,4.78
Madrid,ES,40.4168,-3.7038,2026-05-07 21:00:00+00:00,2,102.82,0.0,0.82,88.69,0.26,0.84,1.6,5.86
Madrid,ES,40.4168,-3.7038,2026-05-07 22:00:00+00:00,2,102.01,0.0,0.92,84.55,0.29,0.9,1.71,6.36
Madrid,ES,40.4168,-3.7038,2026-05-07 23:00:00+00:00,2,102.5,0.0,0.93,81.95,0.29,0.97,1.86,6.52
Madrid,ES,40.4168,-3.7038,2026-05-08 00:00:00+00:00,2,103.38,0.0,0.89,80.55,0.28,1.05,2.0,6.63
Madrid,ES,40.4168,-3.7038,2026-05-08 01:00:00+00:00,2,105.01,0.0,0.8,82.73,0.26,1.19,2.26,6.27
Madrid,ES,40.4168,-3.7038,2026-05-08 02:00:00+00:00,2,106.21,0.0,0.8,79.77,0.21,1.32,2.47,6.71
Madrid,ES,40.4168,-3.7038,2026-05-08 03:00:00+00:00,2,106.99,0.0,0.84,76.21,0.17,1.43,2.66,6.81
Madrid,ES,40.4168,-3.7038,2026-05-08 04:00:00+00:00,2,106.83,0.0,0.9,72.7,0.15,1.51,2.82,6.18
Madrid,ES,40.4168,-3.7038,2026-05-08 05:00:00+00:00,2,107.59,0.0,1.07,70.78,0.14,1.6,3.01,5.74
Madrid,ES,40.4168,-3.7038,2026-05-08 06:00:00+00:00,2,108.56,0.0,1.37,70.1,0.15,1.71,3.24,5.35
Madrid,ES,40.4168,-3.7038,2026-05-08 07:00:00+00:00,2,108.73,0.03,1.63,70.63,0.21,1.79,3.39,4.96
Madrid,ES,40.4168,-3.7038,2026-05-08 08:00:00+00:00,2,108.6,0.15,1.46,72.88,0.28,1.84,3.45,4.73
Madrid,ES,40.4168,-3.7038,2026-05-08 09:00:00+00:00,2,108.3,0.18,1.02,80.7,0.37,1.85,3.56,4.04
Madrid,ES,40.4168,-3.7038,2026-05-08 10:00:00+00:00,2,106.99,0.08,0.41,99.29,0.35,1.29,2.6,1.8
Madrid,ES,40.4168,-3.7038,2026-05-08 11:00:00+00:00,3,104.1,0.04,0.23,102.8,0.24,0.88,1.73,1.17
Madrid,ES,40.4168,-3.7038,2026-05-08 12:00:00+00:00,3,102.12,0.04,0.19,103.07,0.19,0.7,1.35,0.99
Madrid,ES,40.4168,-3.7038,2026-05-08 13:00:00+00:00,3,101.95,0.03,0.17,103.48,0.17,0.62,1.2,0.96
Madrid,ES,40.4168,-3.7038,2026-05-08 14:00:00+00:00,3,100.66,0.03,0.18,102.27,0.16,0.59,1.15,1.0
Madrid,ES,40.4168,-3.7038,2026-05-08 15:00:00+00:00,3,99.71,0.03,0.21,101.16,0.16,0.6,1.16,1.07
Madrid,ES,40.4168,-3.7038,2026-05-08 16:00:00+00:00,3,100.47,0.04,0.24,101.46,0.17,0.64,1.23,1.21
Madrid,ES,40.4168,-3.7038,2026-05-08 17:00:00+00:00,3,100.56,0.03,0.3,100.9,0.2,0.72,1.35,1.41
Madrid,ES,40.4168,-3.7038,2026-05-08 18:00:00+00:00,3,100.73,0.02,0.36,100.6,0.24,0.81,1.52,1.61
Madrid,ES,40.4168,-3.7038,2026-05-08 19:00:00+00:00,2,101.4,0.01,0.57,96.22,0.28,0.93,1.73,2.87
Madrid,ES,40.4168,-3.7038,2026-05-08 20:00:00+00:00,2,102.78,0.0,0.82,89.96,0.31,1.06,1.93,4.59
Madrid,ES,40.4168,-3.7038,2026-05-08 21:00:00+00:00,2,104.42,0.0,1.02,86.17,0.33,1.16,2.08,5.92
Madrid,ES,40.4168,-3.7038,2026-05-08 22:00:00+00:00,2,104.47,0.0,1.13,83.43,0.33,1.23,2.15,6.89
Madrid,ES,40.4168,-3.7038,2026-05-08 23:00:00+00:00,2,105.52,0.0,1.15,82.35,0.33,1.31,2.23,7.26
Madrid,ES,40.4168,-3.7038,2026-05-09 00:00:00+00:00,2,106.15,0.0,1.1,81.31,0.31,1.4,2.33,7.31
Madrid,ES,40.4168,-3.7038,2026-05-09 01:00:00+00:00,2,106.04,0.0,1.01,80.16,0.27,1.47,2.41,6.97
Madrid,ES,40.4168,-3.7038,2026-05-09 02:00:00+00:00,2,106.23,0.0,0.93,79.22,0.23,1.52,2.47,6.44
Madrid,ES,40.4168,-3.7038,2026-05-09 03:00:00+00:00,2,106.38,0.0,0.87,79.13,0.21,1.54,2.5,5.35
Madrid,ES,40.4168,-3.7038,2026-05-09 04:00:00+00:00,2,106.9,0.0,0.76,83.29,0.22,1.55,2.46,3.69
Madrid,ES,40.4168,-3.7038,2026-05-09 05:00:00+00:00,2,107.11,0.0,0.79,83.86,0.21,1.54,2.4,2.98
Madrid,ES,40.4168,-3.7038,2026-05-09 06:00:00+00:00,2,107.28,0.0,0.93,84.04,0.21,1.56,2.4,2.56
Madrid,ES,40.4168,-3.7038,2026-05-09 07:00:00+00:00,2,106.64,0.01,1.12,84.27,0.25,1.54,2.27,2.2
Madrid,ES,40.4168,-3.7038,2026-05-09 08:00:00+00:00,2,106.09,0.03,1.18,84.73,0.27,1.5,2.08,2.02
Madrid,ES,40.4168,-3.7038,2026-05-09 09:00:00+00:00,2,105.4,0.07,1.1,86.42,0.28,1.44,1.91,1.79
Madrid,ES,40.4168,-3.7038,2026-05-09 10:00:00+00:00,2,104.27,0.05,0.61,95.88,0.23,1.04,1.29,0.89
Madrid,ES,40.4168,-3.7038,2026-05-09 11:00:00+00:00,2,102.9,0.04,0.41,98.14,0.18,0.75,0.88,0.66
Madrid,ES,40.4168,-3.7038,2026-05-09 12:00:00+00:00,2,102.13,0.03,0.34,97.06,0.16,0.62,0.71,0.62
Madrid,ES,40.4168,-3.7038,2026-05-09 13:00:00+00:00,2,103.11,0.03,0.3,96.16,0.15,0.56,0.62,0.61
Madrid,ES,40.4168,-3.7038,2026-05-09 14:00:00+00:00,2,103.44,0.03,0.26,94.45,0.13,0.5,0.54,0.61
Madrid,ES,40.4168,-3.7038,2026-05-09 15:00:00+00:00,2,103.82,0.03,0.23,93.39,0.12,0.5,0.5,0.61
Madrid,ES,40.4168,-3.7038,2026-05-09 16:00:00+00:00,2,104.41,0.03,0.2,92.61,0.1,0.5,0.54,0.66
Madrid,ES,40.4168,-3.7038,2026-05-09 17:00:00+00:00,2,104.63,0.03,0.2,91.29,0.1,0.53,0.63,0.75
Madrid,ES,40.4168,-3.7038,2026-05-09 18:00:00+00:00,2,104.76,0.02,0.22,89.79,0.11,0.56,0.86,0.85
Madrid,ES,40.4168,-3.7038,2026-05-09 19:00:00+00:00,2,105.37,0.01,0.26,88.51,0.13,0.62,1.07,1.01
Madrid,ES,40.4168,-3.7038,2026-05-09 20:00:00+00:00,2,106.39,0.0,0.29,87.16,0.13,0.64,1.16,1.21
Madrid,ES,40.4168,-3.7038,2026-05-09 21:00:00+00:00,2,107.31,0.0,0.31,85.84,0.13,0.61,1.15,1.25
Madrid,ES,40.4168,-3.7038,2026-05-09 22:00:00+00:00,2,106.24,0.0,0.34,82.51,0.13,0.59,1.1,1.22
Madrid,ES,40.4168,-3.7038,2026-05-09 23:00:00+00:00,2,106.59,0.0,0.36,80.3,0.13,0.56,1.04,1.22
Madrid,ES,40.4168,-3.7038,2026-05-10 00:00:00+00:00,2,107.05,0.0,0.37,78.59,0.12,0.52,0.93,1.13
Madrid,ES,40.4168,-3.7038,2026-05-10 01:00:00+00:00,2,106.67,0.0,0.37,76.61,0.11,0.5,0.8,1.05
Madrid,ES,40.4168,-3.7038,2026-05-10 02:00:00+00:00,2,106.74,0.0,0.37,75.57,0.1,0.5,0.66,0.98
Madrid,ES,40.4168,-3.7038,2026-05-10 03:00:00+00:00,2,106.86,0.0,0.37,74.9,0.09,0.5,0.57,0.92
Madrid,ES,40.4168,-3.7038,2026-05-10 04:00:00+00:00,2,106.86,0.0,0.38,74.53,0.09,0.5,0.54,0.84
Madrid,ES,40.4168,-3.7038,2026-05-10 05:00:00+00:00,2,106.97,0.0,0.42,73.88,0.09,0.5,0.52,0.78
Madrid,ES,40.4168,-3.7038,2026-05-10 06:00:00+00:00,2,107.21,0.0,0.5,73.09,0.1,0.5,0.5,0.74
Madrid,ES,40.4168,-3.7038,2026-05-10 07:00:00+00:00,2,107.19,0.01,0.59,72.13,0.12,0.5,0.5,0.67
Madrid,ES,40.4168,-3.7038,2026-05-10 08:00:00+00:00,2,107.06,0.04,0.59,70.72,0.13,0.5,0.5,0.66
Madrid,ES,40.4168,-3.7038,2026-05-10 09:00:00+00:00,2,106.62,0.07,0.56,69.15,0.13,0.5,0.5,0.7
Madrid,ES,40.4168,-3.7038,2026-05-10 10:00:00+00:00,2,105.76,0.07,0.45,73.32,0.1,0.5,0.5,0.57
Madrid,ES,40.4168,-3.7038,2026-05-10 11:00:00+00:00,2,104.1,0.06,0.36,76.24,0.08,0.5,0.5,0.52
Madrid,ES,40.4168,-3.7038,2026-05-10 12:00:00+00:00,2,102.39,0.05,0.28,78.32,0.07,0.5,0.5,0.53
Madrid,ES,40.4168,-3.7038,2026-05-10 13:00:00+00:00,2,101.22,0.03,0.21,80.82,0.07,0.5,0.5,0.57
Madrid,ES,40.4168,-3.7038,2026-05-10 14:00:00+00:00,2,100.84,0.02,0.17,82.95,0.08,0.5,0.5,0.62
Madrid,ES,40.4168,-3.7038,2026-05-10 15:00:00+00:00,2,101.16,0.02,0.15,84.95,0.09,0.5,0.55,0.65
Madrid,ES,40.4168,-3.7038,2026-05-10 16:00:00+00:00,2,102.48,0.02,0.15,87.79,0.09,0.5,0.6,0.74
Madrid,ES,40.4168,-3.7038,2026-05-10 17:00:00+00:00,2,103.23,0.02,0.17,90.15,0.1,0.51,0.69,0.93
Madrid,ES,40.4168,-3.7038,2026-05-10 18:00:00+00:00,2,103.93,0.02,0.2,92.72,0.11,0.51,0.8,1.12
Madrid,ES,40.4168,-3.7038,2026-05-10 19:00:00+00:00,2,104.48,0.01,0.27,92.86,0.11,0.51,0.93,1.55
Madrid,ES,40.4168,-3.7038,2026-05-10 20:00:00+00:00,2,104.86,0.0,0.36,90.95,0.12,0.52,1.1,2.11
Madrid,ES,40.4168,-3.7038,2026-05-10 21:00:00+00:00,2,105.1,0.0,0.42,89.7,0.13,0.53,1.31,2.54
Madrid,ES,40.4168,-3.7038,2026-05-10 22:00:00+00:00,2,104.54,0.0,0.46,87.97,0.14,0.55,1.52,2.81
Madrid,ES,40.4168,-3.7038,2026-05-10 23:00:00+00:00,2,105.2,0.0,0.45,87.82,0.14,0.59,1.74,2.9
Madrid,ES,40.4168,-3.7038,2026-05-11 00:00:00+00:00,2,105.94,0.0,0.43,88.72,0.14,0.63,1.98,2.78
Madrid,ES,40.4168,-3.7038,2026-05-12 01:00:00+00:00,2,99.81,0.0,0.89,65.81,0.07,0.76,1.81,7.16
Madrid,ES,40.4168,-3.7038,2026-05-12 02:00:00+00:00,2,99.62,0.0,0.84,62.54,0.07,0.79,1.86,5.27
Madrid,ES,40.4168,-3.7038,2026-05-12 03:00:00+00:00,2,99.76,0.0,0.81,61.73,0.07,0.81,1.92,4.46
Madrid,ES,40.4168,-3.7038,2026-05-12 04:00:00+00:00,2,99.79,0.0,0.77,61.77,0.08,0.83,1.97,3.98
Madrid,ES,40.4168,-3.7038,2026-05-12 05:00:00+00:00,2,100.15,0.0,0.82,60.43,0.08,0.85,1.99,3.16
Madrid,ES,40.4168,-3.7038,2026-05-12 06:00:00+00:00,2,100.91,0.0,0.87,61.7,0.08,0.87,2.05,2.38
Madrid,ES,40.4168,-3.7038,2026-05-12 07:00:00+00:00,2,100.83,0.04,0.66,70.64,0.11,0.84,2.1,1.82
Madrid,ES,40.4168,-3.7038,2026-05-12 08:00:00+00:00,2,100.01,0.08,0.52,72.61,0.11,0.8,2.01,1.85
Madrid,ES,40.4168,-3.7038,2026-05-12 09:00:00+00:00,2,99.18,0.08,0.4,74.3,0.1,0.75,1.83,1.98
Madrid,ES,40.4168,-3.7038,2026-05-12 10:00:00+00:00,2,100.54,0.04,0.21,89.59,0.08,0.54,1.12,0.98
Madrid,ES,40.4168,-3.7038,2026-05-12 11:00:00+00:00,2,100.3,0.03,0.15,94.09,0.06,0.5,0.71,0.73
Madrid,ES,40.4168,-3.7038,2026-05-12 12:00:00+00:00,2,99.55,0.03,0.13,93.39,0.05,0.5,0.58,0.7
Madrid,ES,40.4168,-3.7038,2026-05-12 13:00:00+00:00,2,99.66,0.02,0.12,92.5,0.04,0.5,0.5,0.7
Madrid,ES,40.4168,-3.7038,2026-05-12 14:00:00+00:00,2,98.85,0.02,0.12,90.33,0.03,0.5,0.5,0.72
Madrid,ES,40.4168,-3.7038,2026-05-12 15:00:00+00:00,2,98.19,0.02,0.13,87.97,0.03,0.5,0.5,0.76
Madrid,ES,40.4168,-3.7038,2026-05-12 16:00:00+00:00,2,98.79,0.03,0.15,86.72,0.02,0.5,0.5,0.86
Madrid,ES,40.4168,-3.7038,2026-05-12 17:00:00+00:00,2,99.17,0.03,0.17,85.61,0.02,0.5,0.5,1.01
Madrid,ES,40.4168,-3.7038,2026-05-12 18:00:00+00:00,2,99.52,0.02,0.21,84.94,0.02,0.5,0.5,1.15
Madrid,ES,40.4168,-3.7038,2026-05-12 19:00:00+00:00,2,99.64,0.01,0.3,82.38,0.02,0.5,0.51,1.75
Madrid,ES,40.4168,-3.7038,2026-05-12 20:00:00+00:00,2,100.41,0.0,0.4,78.83,0.02,0.5,0.54,2.7
Madrid,ES,40.4168,-3.7038,2026-05-12 21:00:00+00:00,2,101.36,0.0,0.46,76.58,0.02,0.5,0.58,3.31
Madrid,ES,40.4168,-3.7038,2026-05-12 22:00:00+00:00,2,100.61,0.0,0.5,72.88,0.02,0.5,0.64,3.63
Madrid,ES,40.4168,-3.7038,2026-05-12 23:00:00+00:00,2,100.77,0.0,0.53,69.21,0.02,0.5,0.69,3.6
Madrid,ES,40.4168,-3.7038,2026-05-13 00:00:00+00:00,2,100.88,0.0,0.54,65.76,0.02,0.5,0.74,3.11
Madrid,ES,40.4168,-3.7038,2026-05-13 01:00:00+00:00,2,100.23,0.0,0.54,62.44,0.02,0.5,0.81,2.61
Madrid,ES,40.4168,-3.7038,2026-05-13 02:00:00+00:00,2,100.2,0.0,0.54,60.58,0.02,0.5,0.93,2.3
Madrid,ES,40.4168,-3.7038,2026-05-13 03:00:00+00:00,2,100.33,0.0,0.54,60.12,0.03,0.5,1.09,2.17
Madrid,ES,40.4168,-3.7038,2026-05-13 04:00:00+00:00,1,100.21,0.0,0.55,59.75,0.04,0.54,1.27,2.17
Madrid,ES,40.4168,-3.7038,2026-05-13 05:00:00+00:00,1,100.43,0.0,0.66,57.87,0.04,0.61,1.5,2.14
Madrid,ES,40.4168,-3.7038,2026-05-13 06:00:00+00:00,1,101.0,0.01,0.88,55.61,0.05,0.79,1.79,2.12
Madrid,ES,40.4168,-3.7038,2026-05-13 07:00:00+00:00,1,100.68,0.09,0.92,54.28,0.06,0.83,1.95,2.04
Madrid,ES,40.4168,-3.7038,2026-05-13 08:00:00+00:00,1,100.07,0.14,0.81,55.48,0.07,0.73,1.96,2.2
Madrid,ES,40.4168,-3.7038,2026-05-13 09:00:00+00:00,2,99.75,0.13,0.64,61.53,0.1,0.78,2.0,2.53
Madrid,ES,40.4168,-3.7038,2026-05-13 10:00:00+00:00,2,102.28,0.05,0.33,83.64,0.12,0.55,1.17,1.23
Madrid,ES,40.4168,-3.7038,2026-05-13 11:00:00+00:00,2,101.34,0.04,0.23,87.42,0.1,0.5,0.8,0.96
Madrid,ES,40.4168,-3.7038,2026-05-13 12:00:00+00:00,2,100.45,0.03,0.19,87.69,0.08,0.5,0.71,0.93
Madrid,ES,40.4168,-3.7038,2026-05-13 13:00:00+00:00,2,100.69,0.03,0.17,88.52,0.07,0.5,0.69,0.91
Madrid,ES,40.4168,-3.7038,2026-05-13 14:00:00+00:00,2,99.8,0.03,0.16,88.21,0.07,0.5,0.68,0.93
Madrid,ES,40.4168,-3.7038,2026-05-13 15:00:00+00:00,2,99.06,0.03,0.17,87.71,0.07,0.5,0.69,0.99
Madrid,ES,40.4168,-3.7038,2026-05-13 16:00:00+00:00,2,99.48,0.04,0.2,87.59,0.06,0.5,0.72,1.17
Madrid,ES,40.4168,-3.7038,2026-05-13 17:00:00+00:00,2,99.47,0.04,0.25,86.31,0.06,0.5,0.76,1.51
Madrid,ES,40.4168,-3.7038,2026-05-13 18:00:00+00:00,2,99.54,0.03,0.3,85.03,0.05,0.5,0.8,1.86
Madrid,ES,40.4168,-3.7038,2026-05-13 19:00:00+00:00,2,99.8,0.01,0.41,81.9,0.05,0.5,0.83,2.59
Madrid,ES,40.4168,-3.7038,2026-05-13 20:00:00+00:00,2,100.43,0.0,0.53,77.43,0.04,0.5,0.88,3.64
Madrid,ES,40.4168,-3.7038,2026-05-13 21:00:00+00:00,2,101.11,0.0,0.6,73.98,0.04,0.5,0.91,4.31
Madrid,ES,40.4168,-3.7038,2026-05-13 22:00:00+00:00,2,100.25,0.0,0.66,69.49,0.03,0.5,0.91,4.54
Madrid,ES,40.4168,-3.7038,2026-05-13 23:00:00+00:00,2,100.13,0.0,0.69,65.04,0.02,0.5,0.94,4.38
Madrid,ES,40.4168,-3.7038,2026-05-14 00:00:00+00:00,2,100.09,0.0,0.69,60.97,0.02,0.51,0.98,3.71
Madrid,ES,40.4168,-3.7038,2026-05-14 01:00:00+00:00,1,99.21,0.0,0.69,56.62,0.02,0.52,1.05,3.22
Madrid,ES,40.4168,-3.7038,2026-05-14 02:00:00+00:00,1,98.76,0.0,0.7,53.18,0.01,0.54,1.14,3.13
Madrid,ES,40.4168,-3.7038,2026-05-14 03:00:00+00:00,1,98.57,0.0,0.72,50.83,0.01,0.55,1.23,3.14
Madrid,ES,40.4168,-3.7038,2026-05-14 04:00:00+00:00,1,98.36,0.0,0.75,48.87,0.01,0.58,1.34,3.08
Madrid,ES,40.4168,-3.7038,2026-05-14 05:00:00+00:00,1,98.39,0.0,0.92,46.37,0.01,0.62,1.48,2.87
Madrid,ES,40.4168,-3.7038,2026-05-14 06:00:00+00:00,1,98.68,0.02,1.23,43.38,0.01,0.68,1.63,2.68
Madrid,ES,40.4168,-3.7038,2026-05-14 07:00:00+00:00,1,98.07,0.22,1.17,40.85,0.01,0.72,1.74,2.82
Madrid,ES,40.4168,-3.7038,2026-05-14 08:00:00+00:00,1,96.87,0.36,0.89,41.53,0.02,0.76,1.83,3.97
Madrid,ES,40.4168,-3.7038,2026-05-14 09:00:00+00:00,1,96.19,0.28,0.65,49.17,0.02,0.83,1.93,4.49
Madrid,ES,40.4168,-3.7038,2026-05-14 10:00:00+00:00,2,100.35,0.06,0.24,83.69,0.07,0.66,1.25,1.41
Madrid,ES,40.4168,-3.7038,2026-05-14 11:00:00+00:00,2,99.7,0.04,0.19,87.54,0.08,0.61,1.01,1.06
Madrid,ES,40.4168,-3.7038,2026-05-14 12:00:00+00:00,2,98.78,0.04,0.19,87.52,0.07,0.6,0.94,1.05
Madrid,ES,40.4168,-3.7038,2026-05-14 13:00:00+00:00,2,99.24,0.04,0.2,88.66,0.07,0.6,0.9,1.08
Madrid,ES,40.4168,-3.7038,2026-05-14 14:00:00+00:00,2,98.6,0.04,0.22,88.68,0.06,0.63,0.91,1.14
Madrid,ES,40.4168,-3.7038,2026-05-14 15:00:00+00:00,2,97.93,0.03,0.24,88.97,0.06,0.65,0.94,1.23
Madrid,ES,40.4168,-3.7038,2026-05-14 16:00:00+00:00,2,98.33,0.04,0.27,90.51,0.05,0.67,0.95,1.37
Madrid,ES,40.4168,-3.7038,2026-05-14 17:00:00+00:00,2,98.49,0.03,0.3,92.1,0.05,0.65,0.92,1.59
Madrid,ES,40.4168,-3.7038,2026-05-14 18:00:00+00:00,2,98.82,0.03,0.33,94.0,0.04,0.61,0.85,1.79
Madrid,ES,40.4168,-3.7038,2026-05-14 19:00:00+00:00,2,99.24,0.01,0.39,94.26,0.03,0.57,0.82,2.32
Madrid,ES,40.4168,-3.7038,2026-05-14 20:00:00+00:00,2,99.99,0.0,0.46,93.13,0.03,0.57,0.85,3.13
Madrid,ES,40.4168,-3.7038,2026-05-14 21:00:00+00:00,2,100.85,0.0,0.48,92.28,0.03,0.56,0.9,3.82
Madrid,ES,40.4168,-3.7038,2026-05-14 22:00:00+00:00,2,100.1,0.0,0.5,89.4,0.02,0.57,0.95,4.48
Madrid,ES,40.4168,-3.7038,2026-05-14 23:00:00+00:00,2,100.53,0.0,0.51,86.29,0.02,0.58,1.02,5.29
Madrid,ES,40.4168,-3.7038,2026-05-15 00:00:00+00:00,2,101.04,0.0,0.52,82.55,0.02,0.59,1.1,6.05
Madrid,ES,40.4168,-3.7038,2026-05-15 01:00:00+00:00,2,100.62,0.0,0.53,77.91,0.02,0.6,1.19,6.54
Madrid,ES,40.4168,-3.7038,2026-05-15 02:00:00+00:00,2,100.81,0.0,0.54,74.49,0.02,0.63,1.3,6.73
Madrid,ES,40.4168,-3.7038,2026-05-15 03:00:00+00:00,2,101.05,0.0,0.55,71.56,0.03,0.67,1.41,6.49
Madrid,ES,40.4168,-3.7038,2026-05-15 04:00:00+00:00,2,100.89,0.0,0.58,69.01,0.04,0.71,1.47,5.9
Madrid,ES,40.4168,-3.7038,2026-05-15 05:00:00+00:00,2,101.55,0.0,0.69,66.74,0.05,0.74,1.53,5.72
Madrid,ES,40.4168,-3.7038,2026-05-15 06:00:00+00:00,2,102.44,0.01,0.88,65.37,0.06,0.76,1.55,5.55
Madrid,ES,40.4168,-3.7038,2026-05-15 07:00:00+00:00,2,102.08,0.09,0.84,64.73,0.09,0.75,1.53,5.26
Madrid,ES,40.4168,-3.7038,2026-05-15 08:00:00+00:00,2,101.48,0.16,0.74,64.0,0.1,0.75,1.5,5.38
Madrid,ES,40.4168,-3.7038,2026-05-15 09:00:00+00:00,2,100.74,0.17,0.65,64.85,0.11,0.75,1.48,5.3
Madrid,ES,40.4168,-3.7038,2026-05-15 10:00:00+00:00,2,102.68,0.08,0.39,78.5,0.16,0.68,1.25,3.4
Madrid,ES,40.4168,-3.7038,2026-05-15 11:00:00+00:00,2,102.3,0.05,0.28,83.2,0.16,0.62,1.08,2.65
Madrid,ES,40.4168,-3.7038,2026-05-15 12:00:00+00:00,2,101.97,0.04,0.25,83.75,0.14,0.61,0.99,2.44
Madrid,ES,40.4168,-3.7038,2026-05-15 13:00:00+00:00,2,102.4,0.04,0.22,84.51,0.12,0.57,0.83,2.13
Madrid,ES,40.4168,-3.7038,2026-05-15 14:00:00+00:00,2,102.12,0.04,0.19,85.21,0.09,0.51,0.66,1.72
Madrid,ES,40.4168,-3.7038,2026-05-15 15:00:00+00:00,2,102.07,0.04,0.18,86.08,0.07,0.5,0.54,1.46
Madrid,ES,40.4168,-3.7038,2026-05-15 16:00:00+00:00,2,102.35,0.04,0.2,87.22,0.05,0.5,0.5,1.4
Madrid,ES,40.4168,-3.7038,2026-05-15 17:00:00+00:00,2,102.51,0.04,0.25,87.82,0.04,0.5,0.5,1.59
Madrid,ES,40.4168,-3.7038,2026-05-15 18:00:00+00:00,2,102.61,0.03,0.32,87.98,0.04,0.5,0.5,1.83
Madrid,ES,40.4168,-3.7038,2026-05-15 19:00:00+00:00,2,103.2,0.01,0.48,84.43,0.04,0.5,0.51,2.9
Madrid,ES,40.4168,-3.7038,2026-05-15 20:00:00+00:00,2,104.06,0.0,0.69,78.43,0.04,0.5,0.52,4.61
Madrid,ES,40.4168,-3.7038,2026-05-15 21:00:00+00:00,2,105.14,0.0,0.87,73.94,0.03,0.5,0.53,6.05
Madrid,ES,40.4168,-3.7038,2026-05-15 22:00:00+00:00,2,104.63,0.0,0.98,69.84,0.03,0.5,0.54,7.07
Madrid,ES,40.4168,-3.7038,2026-05-15 23:00:00+00:00,2,105.73,0.0,1.01,67.9,0.02,0.5,0.56,7.73
Madrid,ES,40.4168,-3.7038,2026-05-16 00:00:00+00:00,2,107.49,0.0,1.1,66.73,0.03,0.5,0.64,8.15
Madrid,ES,40.4168,-3.7038,2026-05-16 01:00:00+00:00,2,108.66,0.0,1.3,62.88,0.03,0.5,0.76,8.79
Madrid,ES,40.4168,-3.7038,2026-05-16 02:00:00+00:00,1,110.1,0.0,1.58,56.48,0.02,0.5,0.91,9.89
Madrid,ES,40.4168,-3.7038,2026-05-16 03:00:00+00:00,1,111.71,0.0,1.88,50.76,0.02,0.58,1.16,10.3
Madrid,ES,40.4168,-3.7038,2026-05-16 04:00:00+00:00,1,111.86,0.0,2.16,45.45,0.02,0.79,1.45,9.8
Madrid,ES,40.4168,-3.7038,2026-05-16 05:00:00+00:00,1,112.81,0.0,2.54,41.47,0.01,0.98,1.7,9.33
Madrid,ES,40.4168,-3.7038,2026-05-16 06:00:00+00:00,1,113.82,0.06,3.03,38.77,0.01,1.14,1.92,8.82
Madrid,ES,40.4168,-3.7038,2026-05-16 07:00:00+00:00,1,114.37,0.54,2.73,43.27,0.02,1.32,2.2,8.46
Madrid,ES,40.4168,-3.7038,2026-05-16 08:00:00+00:00,1,113.27,0.9,2.16,46.45,0.02,1.21,2.1,8.68
Madrid,ES,40.4168,-3.7038,2026-05-16 09:00:00+00:00,1,111.49,0.83,1.72,53.72,0.03,1.07,1.96,8.28
Madrid,ES,40.4168,-3.7038,2026-05-16 10:00:00+00:00,2,107.9,0.14,0.51,89.53,0.09,0.5,0.94,2.93
Madrid,ES,40.4168,-3.7038,2026-05-16 11:00:00+00:00,2,105.95,0.07,0.28,94.14,0.1,0.51,0.82,2.18
Madrid,ES,40.4168,-3.7038,2026-05-16 12:00:00+00:00,2,104.74,0.05,0.23,94.67,0.1,0.54,0.86,2.13
Madrid,ES,40.4168,-3.7038,2026-05-16 13:00:00+00:00,2,105.24,0.05,0.21,96.61,0.1,0.57,0.91,2.14
Madrid,ES,40.4168,-3.7038,2026-05-16 14:00:00+00:00,2,103.97,0.04,0.21,97.16,0.1,0.58,0.94,2.18
Madrid,ES,40.4168,-3.7038,2026-05-16 15:00:00+00:00,2,102.97,0.05,0.22,96.97,0.1,0.59,0.99,2.28
Madrid,ES,40.4168,-3.7038,2026-05-16 16:00:00+00:00,2,103.16,0.05,0.27,97.05,0.09,0.64,1.07,2.55
Madrid,ES,40.4168,-3.7038,2026-05-16 17:00:00+00:00,2,103.01,0.04,0.32,95.55,0.09,0.67,1.16,2.95
Madrid,ES,40.4168,-3.7038,2026-05-16 18:00:00+00:00,2,102.89,0.02,0.38,93.84,0.08,0.68,1.22,3.35
Madrid,ES,40.4168,-3.7038,2026-05-16 19:00:00+00:00,2,102.79,0.01,0.49,88.18,0.07,0.68,1.24,4.46
Madrid,ES,40.4168,-3.7038,2026-05-16 20:00:00+00:00,2,103.19,0.0,0.63,80.42,0.06,0.7,1.27,6.09
Madrid,ES,40.4168,-3.7038,2026-05-16 21:00:00+00:00,2,103.56,0.0,0.73,74.5,0.05,0.71,1.3,7.41
Madrid,ES,40.4168,-3.7038,2026-05-16 22:00:00+00:00,2,102.25,0.0,0.84,67.46,0.04,0.7,1.29,8.66
Madrid,ES,40.4168,-3.7038,2026-05-16 23:00:00+00:00,2,102.05,0.0,0.93,60.8,0.03,0.71,1.3,9.97
Madrid,ES,40.4168,-3.7038,2026-05-17 00:00:00+00:00,1,101.97,0.0,0.99,55.29,0.02,0.72,1.32,11.15
Madrid,ES,40.4168,-3.7038,2026-05-17 01:00:00+00:00,1,100.82,0.0,1.02,51.03,0.02,0.72,1.34,12.36
Madrid,ES,40.4168,-3.7038,2026-05-17 02:00:00+00:00,1,100.57,0.0,1.05,48.55,0.02,0.73,1.37,14.16
Madrid,ES,40.4168,-3.7038,2026-05-17 03:00:00+00:00,1,100.18,0.0,1.12,47.17,0.02,0.74,1.44,16.46
Madrid,ES,40.4168,-3.7038,2026-05-17 04:00:00+00:00,1,99.88,0.0,1.22,46.46,0.03,0.8,1.59,17.75
Madrid,ES,40.4168,-3.7038,2026-05-17 05:00:00+00:00,1,100.26,0.0,1.43,44.6,0.03,0.9,1.81,16.56
Madrid,ES,40.4168,-3.7038,2026-05-17 06:00:00+00:00,1,100.93,0.0,1.76,43.34,0.03,1.02,2.09,14.45
Madrid,ES,40.4168,-3.7038,2026-05-17 07:00:00+00:00,1,100.69,0.06,1.86,45.43,0.03,1.07,2.36,12.02
Madrid,ES,40.4168,-3.7038,2026-05-17 08:00:00+00:00,1,100.05,0.21,1.66,46.45,0.04,1.07,2.53,10.31
Madrid,ES,40.4168,-3.7038,2026-05-17 09:00:00+00:00,1,99.21,0.32,1.34,49.3,0.05,1.16,2.82,9.04
Madrid,ES,40.4168,-3.7038,2026-05-17 10:00:00+00:00,2,101.04,0.08,0.57,81.81,0.11,1.01,2.16,3.86
Madrid,ES,40.4168,-3.7038,2026-05-17 11:00:00+00:00,2,99.39,0.04,0.36,87.54,0.1,0.8,1.57,2.76
Madrid,ES,40.4168,-3.7038,2026-05-17 12:00:00+00:00,2,97.67,0.03,0.29,87.94,0.09,0.68,1.3,2.43
Madrid,ES,40.4168,-3.7038,2026-05-17 13:00:00+00:00,2,97.37,0.03,0.26,89.28,0.08,0.62,1.11,2.21
Madrid,ES,40.4168,-3.7038,2026-05-17 14:00:00+00:00,2,96.26,0.03,0.24,90.22,0.07,0.57,0.96,2.02
Madrid,ES,40.4168,-3.7038,2026-05-17 15:00:00+00:00,2,95.34,0.03,0.23,91.49,0.06,0.53,0.87,1.84
Madrid,ES,40.4168,-3.7038,2026-05-17 16:00:00+00:00,2,95.04,0.03,0.23,93.54,0.06,0.52,0.84,1.76
Madrid,ES,40.4168,-3.7038,2026-05-17 17:00:00+00:00,2,94.84,0.03,0.26,94.39,0.05,0.54,0.9,1.99
Madrid,ES,40.4168,-3.7038,2026-05-17 18:00:00+00:00,2,95.02,0.02,0.3,95.27,0.05,0.56,1.0,2.35
Madrid,ES,40.4168,-3.7038,2026-05-17 19:00:00+00:00,2,95.18,0.01,0.48,88.59,0.05,0.57,1.06,4.26
Madrid,ES,40.4168,-3.7038,2026-05-17 20:00:00+00:00,2,95.79,0.0,0.71,78.61,0.05,0.6,1.15,6.83
Madrid,ES,40.4168,-3.7038,2026-05-17 21:00:00+00:00,2,96.47,0.0,0.9,71.99,0.04,0.63,1.22,8.94
Madrid,ES,40.4168,-3.7038,2026-05-17 22:00:00+00:00,2,95.29,0.0,1.04,67.19,0.04,0.63,1.23,10.8
Madrid,ES,40.4168,-3.7038,2026-05-17 23:00:00+00:00,2,95.22,0.0,1.12,63.25,0.04,0.64,1.26,12.42
Madrid,ES,40.4168,-3.7038,2026-05-18 00:00:00+00:00,1,95.04,0.0,1.14,59.58,0.04,0.66,1.29,13.67
Madrid,ES,40.4168,-3.7038,2026-05-18 01:00:00+00:00,1,94.04,0.0,1.12,55.2,0.03,0.67,1.33,13.77
Madrid,ES,40.4168,-3.7038,2026-05-18 02:00:00+00:00,1,93.77,0.0,1.08,50.82,0.02,0.68,1.4,11.8
Madrid,ES,40.4168,-3.7038,2026-05-18 03:00:00+00:00,1,93.67,0.0,1.06,47.64,0.02,0.7,1.49,9.86
Madrid,ES,40.4168,-3.7038,2026-05-18 04:00:00+00:00,1,93.56,0.0,1.01,47.77,0.02,0.73,1.65,8.45
Madrid,ES,40.4168,-3.7038,2026-05-18 05:00:00+00:00,1,94.34,0.0,1.1,48.37,0.02,0.79,1.84,7.13
Madrid,ES,40.4168,-3.7038,2026-05-18 06:00:00+00:00,1,95.44,0.01,1.34,48.77,0.03,0.85,2.05,6.08
Madrid,ES,40.4168,-3.7038,2026-05-18 07:00:00+00:00,1,95.37,0.16,1.29,49.09,0.03,0.91,2.22,5.87
Madrid,ES,40.4168,-3.7038,2026-05-18 08:00:00+00:00,1,94.8,0.31,1.0,50.17,0.04,0.97,2.39,6.42
Madrid,ES,40.4168,-3.7038,2026-05-18 09:00:00+00:00,1,94.24,0.31,0.74,54.87,0.05,1.07,2.67,6.48
Madrid,ES,40.4168,-3.7038,2026-05-18 10:00:00+00:00,2,96.23,0.07,0.26,86.99,0.1,0.92,2.1,2.77
Madrid,ES,40.4168,-3.7038,2026-05-18 11:00:00+00:00,2,95.12,0.05,0.18,91.64,0.11,0.87,1.86,2.08
Madrid,ES,40.4168,-3.7038,2026-05-18 12:00:00+00:00,2,94.17,0.04,0.17,92.04,0.13,0.91,1.92,2.01
Madrid,ES,40.4168,-3.7038,2026-05-18 13:00:00+00:00,2,94.85,0.04,0.17,93.89,0.14,0.98,2.02,1.98
Madrid,ES,40.4168,-3.7038,2026-05-18 14:00:00+00:00,2,94.5,0.04,0.18,95.3,0.14,1.01,2.08,1.92
Madrid,ES,40.4168,-3.7038,2026-05-18 15:00:00+00:00,2,94.32,0.04,0.2,96.13,0.14,1.05,2.16,1.92
Madrid,ES,40.4168,-3.7038,2026-05-18 16:00:00+00:00,2,94.93,0.04,0.23,97.49,0.14,1.09,2.26,2.01
Madrid,ES,40.4168,-3.7038,2026-05-18 17:00:00+00:00,2,95.0,0.03,0.28,97.92,0.13,1.11,2.36,2.2
Madrid,ES,40.4168,-3.7038,2026-05-18 18:00:00+00:00,2,95.1,0.02,0.33,98.27,0.13,1.12,2.44,2.4
Madrid,ES,40.4168,-3.7038,2026-05-18 19:00:00+00:00,2,95.2,0.01,0.45,95.62,0.13,1.14,2.5,3.18
Madrid,ES,40.4168,-3.7038,2026-05-18 20:00:00+00:00,2,95.81,0.0,0.58,91.2,0.12,1.17,2.58,4.4
Madrid,ES,40.4168,-3.7038,2026-05-18 21:00:00+00:00,2,96.46,0.0,0.68,87.88,0.11,1.19,2.66,5.41
Madrid,ES,40.4168,-3.7038,2026-05-18 22:00:00+00:00,2,95.64,0.0,0.74,83.23,0.1,1.19,2.69,6.26
Madrid,ES,40.4168,-3.7038,2026-05-18 23:00:00+00:00,2,95.99,0.0,0.75,79.86,0.09,1.22,2.75,7.02
Madrid,ES,40.4168,-3.7038,2026-05-19 00:00:00+00:00,2,96.53,0.0,0.72,77.31,0.08,1.26,2.86,7.56
Madrid,ES,40.4168,-3.7038,2026-05-20 01:00:00+00:00,1,93.59,0.0,0.88,57.45,0.04,1.1,2.36,11.53
Madrid,ES,40.4168,-3.7038,2026-05-20 02:00:00+00:00,1,93.68,0.0,0.91,55.18,0.04,1.11,2.39,13.65
Madrid,ES,40.4168,-3.7038,2026-05-20 03:00:00+00:00,1,93.72,0.0,0.97,53.62,0.04,1.12,2.42,16.21
Madrid,ES,40.4168,-3.7038,2026-05-20 04:00:00+00:00,1,93.24,0.0,1.08,52.02,0.04,1.13,2.44,18.77
Madrid,ES,40.4168,-3.7038,2026-05-20 05:00:00+00:00,1,93.4,0.0,1.39,49.08,0.04,1.17,2.5,20.14
Madrid,ES,40.4168,-3.7038,2026-05-20 06:00:00+00:00,1,94.05,0.05,1.98,44.87,0.04,1.22,2.57,20.63
Madrid,ES,40.4168,-3.7038,2026-05-20 07:00:00+00:00,1,93.49,0.45,2.05,39.79,0.04,1.28,2.61,18.88
Madrid,ES,40.4168,-3.7038,2026-05-20 08:00:00+00:00,1,92.44,0.86,1.83,36.97,0.03,1.35,2.7,16.86
Madrid,ES,40.4168,-3.7038,2026-05-20 09:00:00+00:00,1,91.56,0.94,1.71,39.11,0.04,1.48,2.88,15.02
Madrid,ES,40.4168,-3.7038,2026-05-20 10:00:00+00:00,2,93.91,0.09,0.41,94.58,0.12,1.43,2.85,4.34
Madrid,ES,40.4168,-3.7038,2026-05-20 11:00:00+00:00,3,92.5,0.05,0.25,101.1,0.13,1.39,2.63,2.93
Madrid,ES,40.4168,-3.7038,2026-05-20 12:00:00+00:00,3,91.33,0.05,0.24,102.2,0.13,1.43,2.61,2.69
Madrid,ES,40.4168,-3.7038,2026-05-20 13:00:00+00:00,3,91.66,0.05,0.24,104.31,0.15,1.53,2.72,2.64
Madrid,ES,40.4168,-3.7038,2026-05-20 14:00:00+00:00,3,90.9,0.05,0.25,104.62,0.16,1.61,2.82,2.6
Madrid,ES,40.4168,-3.7038,2026-05-20 15:00:00+00:00,3,90.04,0.05,0.27,104.72,0.17,1.69,2.93,2.59
Madrid,ES,40.4168,-3.7038,2026-05-20 16:00:00+00:00,3,90.17,0.06,0.31,105.0,0.18,1.78,3.07,2.76
Madrid,ES,40.4168,-3.7038,2026-05-20 17:00:00+00:00,3,89.81,0.06,0.39,104.04,0.2,1.86,3.18,3.08
Madrid,ES,40.4168,-3.7038,2026-05-20 18:00:00+00:00,3,89.51,0.05,0.47,103.02,0.23,1.92,3.32,3.43
Madrid,ES,40.4168,-3.7038,2026-05-20 19:00:00+00:00,2,89.91,0.03,0.77,95.83,0.25,2.0,3.48,5.15
Madrid,ES,40.4168,-3.7038,2026-05-20 20:00:00+00:00,2,90.94,0.0,1.1,85.78,0.25,2.11,3.66,7.57
Madrid,ES,40.4168,-3.7038,2026-05-20 21:00:00+00:00,2,91.92,0.0,1.33,78.56,0.23,2.19,3.82,9.73
Madrid,ES,40.4168,-3.7038,2026-05-20 22:00:00+00:00,2,91.01,0.0,1.44,71.68,0.2,2.22,3.87,11.33
Madrid,ES,40.4168,-3.7038,2026-05-20 23:00:00+00:00,2,91.18,0.0,1.43,66.1,0.17,2.27,3.95,11.98
Madrid,ES,40.4168,-3.7038,2026-05-21 00:00:00+00:00,2,91.42,0.0,1.37,61.62,0.14,2.33,4.02,12.42
Madrid,ES,40.4168,-3.7038,2026-05-21 01:00:00+00:00,1,90.45,0.0,1.26,58.45,0.11,2.37,4.06,12.36
Madrid,ES,40.4168,-3.7038,2026-05-21 02:00:00+00:00,1,90.9,0.0,1.21,55.63,0.1,2.43,4.17,12.23
Madrid,ES,40.4168,-3.7038,2026-05-21 03:00:00+00:00,1,91.73,0.0,1.19,54.49,0.09,2.5,4.29,11.88
Madrid,ES,40.4168,-3.7038,2026-05-21 04:00:00+00:00,1,91.55,0.0,1.2,54.24,0.08,2.52,4.36,11.27
Madrid,ES,40.4168,-3.7038,2026-05-21 05:00:00+00:00,1,92.0,0.0,1.45,50.71,0.07,2.56,4.41,11.26
Madrid,ES,40.4168,-3.7038,2026-05-21 06:00:00+00:00,1,92.6,0.04,1.94,45.75,0.06,2.62,4.48,11.38
Madrid,ES,40.4168,-3.7038,2026-05-21 07:00:00+00:00,1,91.78,0.41,1.93,41.46,0.06,2.65,4.54,11.21
Madrid,ES,40.4168,-3.7038,2026-05-21 08:00:00+00:00,1,90.68,0.73,1.64,41.26,0.07,2.65,4.64,10.7
Madrid,ES,40.4168,-3.7038,2026-05-21 09:00:00+00:00,1,89.83,0.73,1.46,47.31,0.1,2.7,4.81,10.03
Madrid,ES,40.4168,-3.7038,2026-05-21 10:00:00+00:00,3,90.96,0.09,0.44,101.17,0.35,2.5,5.06,3.98
Madrid,ES,40.4168,-3.7038,2026-05-21 11:00:00+00:00,3,89.7,0.05,0.27,106.19,0.32,2.43,4.77,3.13
Madrid,ES,40.4168,-3.7038,2026-05-21 12:00:00+00:00,3,88.58,0.05,0.24,106.77,0.3,2.38,4.56,2.94
Madrid,ES,40.4168,-3.7038,2026-05-21 13:00:00+00:00,3,88.91,0.05,0.23,108.74,0.28,2.36,4.42,2.79
Madrid,ES,40.4168,-3.7038,2026-05-21 14:00:00+00:00,3,87.93,0.05,0.23,108.73,0.26,2.27,4.18,2.61
Madrid,ES,40.4168,-3.7038,2026-05-21 15:00:00+00:00,3,87.09,0.05,0.25,108.54,0.23,2.17,3.92,2.51
Madrid,ES,40.4168,-3.7038,2026-05-21 16:00:00+00:00,3,87.37,0.06,0.33,107.61,0.21,2.13,3.79,2.87
Madrid,ES,40.4168,-3.7038,2026-05-21 17:00:00+00:00,3,87.38,0.07,0.45,104.64,0.2,2.12,3.72,3.65
Madrid,ES,40.4168,-3.7038,2026-05-21 18:00:00+00:00,3,87.44,0.06,0.56,102.06,0.19,2.1,3.68,4.43
Madrid,ES,40.4168,-3.7038,2026-05-21 19:00:00+00:00,2,87.82,0.03,0.84,95.95,0.18,2.1,3.66,6.2
Madrid,ES,40.4168,-3.7038,2026-05-21 20:00:00+00:00,2,88.75,0.0,1.18,87.74,0.16,2.1,3.63,8.74
Madrid,ES,40.4168,-3.7038,2026-05-21 21:00:00+00:00,2,89.36,0.0,1.4,81.84,0.14,2.06,3.53,10.85
Madrid,ES,40.4168,-3.7038,2026-05-21 22:00:00+00:00,2,88.54,0.0,1.44,76.34,0.12,1.95,3.31,11.65
Madrid,ES,40.4168,-3.7038,2026-05-21 23:00:00+00:00,2,89.17,0.0,1.36,71.64,0.1,1.86,3.12,11.25
Madrid,ES,40.4168,-3.7038,2026-05-22 00:00:00+00:00,2,90.0,0.0,1.21,69.38,0.09,1.76,2.91,10.63
Madrid,ES,40.4168,-3.7038,2026-05-22 01:00:00+00:00,2,89.53,0.0,1.05,68.27,0.07,1.65,2.73,9.73
Madrid,ES,40.4168,-3.7038,2026-05-22 02:00:00+00:00,2,90.01,0.0,1.06,63.24,0.06,1.61,2.67,10.08
Madrid,ES,40.4168,-3.7038,2026-05-22 03:00:00+00:00,1,90.86,0.0,1.1,58.77,0.05,1.62,2.7,10.52
Madrid,ES,40.4168,-3.7038,2026-05-22 04:00:00+00:00,1,90.56,0.0,1.16,55.08,0.05,1.62,2.74,10.63
Madrid,ES,40.4168,-3.7038,2026-05-22 05:00:00+00:00,1,91.49,0.0,1.39,52.83,0.05,1.65,2.83,10.52
Madrid,ES,40.4168,-3.7038,2026-05-22 06:00:00+00:00,1,92.76,0.03,1.74,52.2,0.05,1.7,2.93,10.13
Madrid,ES,40.4168,-3.7038,2026-05-22 07:00:00+00:00,1,92.56,0.24,1.7,53.25,0.06,1.69,2.96,9.51
Madrid,ES,40.4168,-3.7038,2026-05-22 08:00:00+00:00,1,91.91,0.43,1.51,54.66,0.06,1.69,2.94,9.07
Madrid,ES,40.4168,-3.7038,2026-05-22 09:00:00+00:00,2,91.11,0.4,1.25,60.34,0.07,1.71,2.95,8.58
Madrid,ES,40.4168,-3.7038,2026-05-22 10:00:00+00:00,3,89.68,0.1,0.46,101.41,0.18,1.33,2.29,3.25
Madrid,ES,40.4168,-3.7038,2026-05-22 11:00:00+00:00,3,87.19,0.06,0.29,111.13,0.14,1.06,1.73,2.1
Madrid,ES,40.4168,-3.7038,2026-05-22 12:00:00+00:00,3,85.45,0.05,0.26,113.64,0.1,0.95,1.49,1.84
Madrid,ES,40.4168,-3.7038,2026-05-22 13:00:00+00:00,3,85.75,0.05,0.25,117.07,0.09,0.9,1.35,1.7
Madrid,ES,40.4168,-3.7038,2026-05-22 14:00:00+00:00,3,84.86,0.05,0.25,117.68,0.08,0.86,1.26,1.61
Madrid,ES,40.4168,-3.7038,2026-05-22 15:00:00+00:00,3,83.92,0.05,0.27,117.17,0.09,0.84,1.21,1.6
Madrid,ES,40.4168,-3.7038,2026-05-22 16:00:00+00:00,3,84.22,0.05,0.3,117.4,0.1,0.84,1.2,1.75
Madrid,ES,40.4168,-3.7038,2026-05-22 17:00:00+00:00,3,84.0,0.05,0.36,115.88,0.13,0.84,1.21,2.06
Madrid,ES,40.4168,-3.7038,2026-05-22 18:00:00+00:00,3,83.81,0.04,0.42,114.03,0.16,0.86,1.27,2.4
Madrid,ES,40.4168,-3.7038,2026-05-22 19:00:00+00:00,3,84.07,0.02,0.61,107.52,0.18,0.9,1.4,3.64
Madrid,ES,40.4168,-3.7038,2026-05-22 20:00:00+00:00,2,84.71,0.0,0.82,97.88,0.2,0.98,1.61,5.57
Madrid,ES,40.4168,-3.7038,2026-05-22 21:00:00+00:00,2,85.68,0.0,0.94,90.08,0.2,1.11,1.94,7.11
Madrid,ES,40.4168,-3.7038,2026-05-22 22:00:00+00:00,2,85.42,0.0,1.0,83.82,0.19,1.28,2.33,8.3
Madrid,ES,40.4168,-3.7038,2026-05-22 23:00:00+00:00,2,87.04,0.0,0.98,81.23,0.18,1.48,2.75,9.29
Madrid,ES,40.4168,-3.7038,2026-05-23 00:00:00+00:00,2,88.78,0.0,0.94,79.32,0.16,1.67,3.09,9.95
Madrid,ES,40.4168,-3.7038,2026-05-23 01:00:00+00:00,2,89.04,0.0,0.92,75.46,0.15,1.8,3.31,10.5
Madrid,ES,40.4168,-3.7038,2026-05-23 02:00:00+00:00,2,90.05,0.0,0.96,70.35,0.13,1.9,3.45,11.41
Madrid,ES,40.4168,-3.7038,2026-05-23 03:00:00+00:00,2,90.84,0.0,1.0,65.39,0.11,1.97,3.54,12.09
Madrid,ES,40.4168,-3.7038,2026-05-23 04:00:00+00:00,1,90.26,0.0,1.05,59.16,0.08,1.98,3.53,11.71
Madrid,ES,40.4168,-3.7038,2026-05-23 05:00:00+00:00,1,90.76,0.0,1.25,54.06,0.07,2.01,3.57,11.52
Madrid,ES,40.4168,-3.7038,2026-05-23 06:00:00+00:00,1,91.29,0.03,1.64,49.47,0.07,2.03,3.63,11.46
Madrid,ES,40.4168,-3.7038,2026-05-23 07:00:00+00:00,1,90.48,0.28,1.66,45.69,0.06,2.01,3.61,11.21
Madrid,ES,40.4168,-3.7038,2026-05-23 08:00:00+00:00,1,89.3,0.5,1.45,44.54,0.06,1.98,3.57,10.82
Madrid,ES,40.4168,-3.7038,2026-05-23 09:00:00+00:00,1,88.37,0.48,1.22,48.38,0.06,2.02,3.67,10.36
Madrid,ES,40.4168,-3.7038,2026-05-23 10:00:00+00:00,2,91.34,0.11,0.48,91.94,0.24,2.52,5.76,5.41
Madrid,ES,40.4168,-3.7038,2026-05-23 11:00:00+00:00,2,90.12,0.07,0.33,98.47,0.26,2.66,6.18,4.52
Madrid,ES,40.4168,-3.7038,2026-05-23 12:00:00+00:00,2,88.87,0.06,0.3,99.91,0.26,2.74,6.3,4.31
Madrid,ES,40.4168,-3.7038,2026-05-23 13:00:00+00:00,3,88.47,0.05,0.23,106.46,0.26,3.3,8.68,3.06
Madrid,ES,40.4168,-3.7038,2026-05-23 14:00:00+00:00,3,86.93,0.04,0.21,107.22,0.23,4.18,13.09,2.28
Madrid,ES,40.4168,-3.7038,2026-05-23 15:00:00+00:00,3,85.96,0.04,0.22,106.42,0.21,4.73,15.83,2.05
Madrid,ES,40.4168,-3.7038,2026-05-23 16:00:00+00:00,3,86.08,0.04,0.24,105.9,0.2,5.05,17.26,2.12
Madrid,ES,40.4168,-3.7038,2026-05-23 17:00:00+00:00,3,85.73,0.03,0.28,104.35,0.2,5.19,17.74,2.43
Madrid,ES,40.4168,-3.7038,2026-05-23 18:00:00+00:00,3,85.51,0.02,0.33,102.81,0.2,5.25,17.89,2.79
Madrid,ES,40.4168,-3.7038,2026-05-23 19:00:00+00:00,2,85.8,0.01,0.55,96.33,0.2,5.17,16.91,4.75
Madrid,ES,40.4168,-3.7038,2026-05-23 20:00:00+00:00,2,86.52,0.0,0.85,88.57,0.19,5.0,15.43,7.87
Madrid,ES,40.4168,-3.7038,2026-05-23 21:00:00+00:00,2,87.21,0.0,1.06,84.58,0.17,4.83,14.15,10.54
Madrid,ES,40.4168,-3.7038,2026-05-23 22:00:00+00:00,2,86.74,0.0,1.13,81.58,0.16,4.53,12.7,12.0
Madrid,ES,40.4168,-3.7038,2026-05-23 23:00:00+00:00,2,87.41,0.0,1.05,78.77,0.15,4.29,11.34,12.16
Madrid,ES,40.4168,-3.7038,2026-05-24 00:00:00+00:00,2,88.55,0.0,0.95,76.96,0.14,4.03,9.84,11.47
Madrid,ES,40.4168,-3.7038,2026-05-24 01:00:00+00:00,2,88.51,0.0,0.83,76.65,0.14,3.72,8.47,10.13
Madrid,ES,40.4168,-3.7038,2026-05-24 02:00:00+00:00,2,89.5,0.0,0.84,73.46,0.14,3.53,7.39,10.02
Madrid,ES,40.4168,-3.7038,2026-05-24 03:00:00+00:00,2,90.52,0.0,0.87,70.86,0.14,3.36,6.61,10.14
Madrid,ES,40.4168,-3.7038,2026-05-24 04:00:00+00:00,2,90.57,0.0,0.89,69.45,0.14,3.14,6.03,10.04
Madrid,ES,40.4168,-3.7038,2026-05-24 05:00:00+00:00,2,91.33,0.0,1.04,66.12,0.14,3.05,5.74,10.13
Madrid,ES,40.4168,-3.7038,2026-05-24 06:00:00+00:00,2,92.17,0.01,1.36,62.36,0.13,3.02,5.61,10.18
Madrid,ES,40.4168,-3.7038,2026-05-24 07:00:00+00:00,1,91.49,0.15,1.44,59.06,0.12,2.94,5.46,10.02
Madrid,ES,40.4168,-3.7038,2026-05-24 08:00:00+00:00,1,90.55,0.32,1.32,58.31,0.13,2.88,5.34,9.78
Madrid,ES,40.4168,-3.7038,2026-05-24 09:00:00+00:00,2,89.78,0.35,1.15,62.05,0.14,2.87,5.44,9.44
Madrid,ES,40.4168,-3.7038,2026-05-24 10:00:00+00:00,2,89.36,0.1,0.49,97.02,0.3,3.41,8.95,4.73
Madrid,ES,40.4168,-3.7038,2026-05-24 11:00:00+00:00,3,87.46,0.07,0.34,103.08,0.31,3.73,10.45,3.61
Madrid,ES,40.4168,-3.7038,2026-05-24 12:00:00+00:00,3,86.23,0.06,0.3,104.51,0.29,3.91,11.07,3.31
Madrid,ES,40.4168,-3.7038,2026-05-24 13:00:00+00:00,3,86.15,0.04,0.24,106.75,0.21,4.4,13.63,2.67
Madrid,ES,40.4168,-3.7038,2026-05-24 14:00:00+00:00,3,85.1,0.04,0.23,104.57,0.17,5.24,17.81,2.33
Madrid,ES,40.4168,-3.7038,2026-05-24 15:00:00+00:00,3,84.42,0.03,0.25,102.64,0.16,5.67,19.77,2.39
Madrid,ES,40.4168,-3.7038,2026-05-24 16:00:00+00:00,3,84.93,0.03,0.31,102.5,0.17,5.79,19.9,2.78
Madrid,ES,40.4168,-3.7038,2026-05-24 17:00:00+00:00,3,85.35,0.03,0.37,101.84,0.17,5.59,19.01,3.29
Madrid,ES,40.4168,-3.7038,2026-05-24 18:00:00+00:00,3,86.06,0.02,0.41,101.81,0.18,5.36,18.08,3.69
Madrid,ES,40.4168,-3.7038,2026-05-24 19:00:00+00:00,2,86.53,0.01,0.5,98.63,0.19,5.12,16.64,4.54
Madrid,ES,40.4168,-3.7038,2026-05-24 20:00:00+00:00,2,87.8,0.0,0.58,94.06,0.17,4.9,15.05,5.41
Madrid,ES,40.4168,-3.7038,2026-05-24 21:00:00+00:00,2,89.05,0.0,0.63,90.71,0.15,4.57,13.13,6.06
Madrid,ES,40.4168,-3.7038,2026-05-24 22:00:00+00:00,2,88.69,0.0,0.65,87.61,0.12,4.06,10.84,6.44
Madrid,ES,40.4168,-3.7038,2026-05-24 23:00:00+00:00,2,89.63,0.0,0.65,86.0,0.1,3.67,9.07,6.89
Madrid,ES,40.4168,-3.7038,2026-05-25 00:00:00+00:00,2,90.68,0.0,0.64,84.9,0.09,3.37,7.8,7.21
Madrid,ES,40.4168,-3.7038,2026-05-25 01:00:00+00:00,2,90.86,0.0,0.62,82.55,0.08,3.15,6.86,7.46
Madrid,ES,40.4168,-3.7038,2026-05-25 02:00:00+00:00,2,91.92,0.0,0.65,79.1,0.08,3.06,6.32,8.02
Madrid,ES,40.4168,-3.7038,2026-05-25 03:00:00+00:00,2,92.81,0.0,0.7,75.59,0.08,3.04,6.04,8.57
Madrid,ES,40.4168,-3.7038,2026-05-25 04:00:00+00:00,2,92.83,0.0,0.77,71.71,0.08,3.01,5.82,8.89
Madrid,ES,40.4168,-3.7038,2026-05-25 05:00:00+00:00,2,93.9,0.0,0.95,69.67,0.08,3.0,5.63,9.0
Madrid,ES,40.4168,-3.7038,2026-05-25 06:00:00+00:00,2,95.33,0.01,1.28,68.92,0.09,2.97,5.39,8.93
Madrid,ES,40.4168,-3.7038,2026-05-25 07:00:00+00:00,2,95.58,0.12,1.39,68.92,0.09,2.86,4.95,8.64
Madrid,ES,40.4168,-3.7038,2026-05-25 08:00:00+00:00,2,95.43,0.24,1.25,70.13,0.09,2.75,4.52,8.34
Madrid,ES,40.4168,-3.7038,2026-05-25 09:00:00+00:00,2,94.87,0.24,1.0,75.36,0.09,2.69,4.23,7.87
Madrid,ES,40.4168,-3.7038,2026-05-25 10:00:00+00:00,2,93.72,0.1,0.46,98.45,0.16,2.59,4.71,4.55
Madrid,ES,40.4168,-3.7038,2026-05-25 11:00:00+00:00,3,91.33,0.06,0.31,102.16,0.16,2.57,5.07,3.61
Madrid,ES,40.4168,-3.7038,2026-05-25 12:00:00+00:00,3,89.69,0.06,0.28,102.49,0.15,2.53,5.04,3.33
Madrid,ES,40.4168,-3.7038,2026-05-25 13:00:00+00:00,3,88.84,0.04,0.24,105.53,0.14,3.1,8.41,2.75
Madrid,ES,40.4168,-3.7038,2026-05-25 14:00:00+00:00,3,86.74,0.03,0.23,103.46,0.12,4.4,15.58,2.29
Madrid,ES,40.4168,-3.7038,2026-05-25 15:00:00+00:00,3,85.54,0.03,0.25,101.11,0.12,5.06,18.97,2.15
Madrid,ES,40.4168,-3.7038,2026-05-25 16:00:00+00:00,3,85.61,0.03,0.28,100.47,0.13,5.31,20.17,2.22
Madrid,ES,40.4168,-3.7038,2026-05-25 17:00:00+00:00,2,85.47,0.03,0.31,99.22,0.14,5.23,19.82,2.42
Madrid,ES,40.4168,-3.7038,2026-05-25 18:00:00+00:00,2,85.36,0.02,0.34,97.87,0.16,5.18,19.55,2.62
Madrid,ES,40.4168,-3.7038,2026-05-25 19:00:00+00:00,2,85.74,0.01,0.54,94.26,0.17,5.21,19.18,4.14
Madrid,ES,40.4168,-3.7038,2026-05-25 20:00:00+00:00,2,87.08,0.0,0.85,91.6,0.18,5.18,18.23,6.97
Madrid,ES,40.4168,-3.7038,2026-05-25 21:00:00+00:00,2,88.55,0.0,1.05,90.3,0.18,4.97,16.48,9.39
Madrid,ES,40.4168,-3.7038,2026-05-25 22:00:00+00:00,2,88.43,0.0,1.08,87.74,0.17,4.58,13.93,10.76
Madrid,ES,40.4168,-3.7038,2026-05-25 23:00:00+00:00,2,89.57,0.0,1.03,85.68,0.17,4.36,12.01,11.93
Madrid,ES,40.4168,-3.7038,2026-05-26 00:00:00+00:00,2,90.82,0.0,0.97,82.71,0.17,4.24,10.65,12.64
Madrid,ES,40.4168,-3.7038,2026-05-26 01:00:00+00:00,2,90.4,0.0,0.93,75.84,0.16,4.14,9.47,11.45
Madrid,ES,40.4168,-3.7038,2026-05-26 02:00:00+00:00,2,91.21,0.0,0.94,70.59,0.14,4.1,8.63,10.94
Madrid,ES,40.4168,-3.7038,2026-05-26 03:00:00+00:00,2,92.13,0.0,0.96,66.6,0.13,4.06,7.97,10.86
Madrid,ES,40.4168,-3.7038,2026-05-26 04:00:00+00:00,2,91.74,0.0,1.0,62.92,0.11,3.98,7.37,10.63
Madrid,ES,40.4168,-3.7038,2026-05-26 05:00:00+00:00,2,92.36,0.0,1.16,60.58,0.11,3.96,7.01,10.37
Madrid,ES,40.4168,-3.7038,2026-05-26 06:00:00+00:00,1,93.24,0.02,1.43,59.62,0.1,3.97,6.8,9.97
Madrid,ES,40.4168,-3.7038,2026-05-26 07:00:00+00:00,2,93.06,0.15,1.37,60.7,0.1,3.93,6.59,9.37
Madrid,ES,40.4168,-3.7038,2026-05-26 08:00:00+00:00,2,92.22,0.28,1.22,61.08,0.1,3.89,6.36,9.13
Madrid,ES,40.4168,-3.7038,2026-05-26 09:00:00+00:00,2,91.46,0.27,1.01,64.32,0.1,3.92,6.26,8.97
Madrid,ES,40.4168,-3.7038,2026-05-26 10:00:00+00:00,2,91.7,0.11,0.5,90.43,0.26,3.94,7.33,5.61
Madrid,ES,40.4168,-3.7038,2026-05-26 11:00:00+00:00,2,89.57,0.07,0.34,95.68,0.27,3.81,7.33,4.53
Madrid,ES,40.4168,-3.7038,2026-05-26 12:00:00+00:00,2,87.98,0.07,0.3,96.68,0.24,3.67,6.88,4.2
Madrid,ES,40.4168,-3.7038,2026-05-26 13:00:00+00:00,2,87.11,0.05,0.24,98.5,0.17,4.33,12.08,3.12
Madrid,ES,40.4168,-3.7038,2026-05-26 14:00:00+00:00,2,85.68,0.04,0.21,96.19,0.11,6.28,22.51,2.29
Madrid,ES,40.4168,-3.7038,2026-05-26 15:00:00+00:00,2,84.71,0.04,0.22,94.62,0.08,7.18,26.88,2.02
Madrid,ES,40.4168,-3.7038,2026-05-26 16:00:00+00:00,2,85.09,0.04,0.24,95.14,0.07,7.66,29.13,1.97
Madrid,ES,40.4168,-3.7038,2026-05-26 17:00:00+00:00,2,84.98,0.04,0.29,95.39,0.06,7.71,29.36,2.04
Madrid,ES,40.4168,-3.7038,2026-05-26 18:00:00+00:00,2,84.92,0.03,0.35,95.86,0.05,7.56,28.66,2.16
Madrid,ES,40.4168,-3.7038,2026-05-26 19:00:00+00:00,2,85.51,0.01,0.52,95.21,0.05,7.05,26.03,2.8
Madrid,ES,40.4168,-3.7038,2026-05-26 20:00:00+00:00,2,86.65,0.0,0.72,93.55,0.05,6.17,21.42,3.91
Madrid,ES,40.4168,-3.7038,2026-05-26 21:00:00+00:00,2,87.8,0.0,0.83,91.68,0.05,5.18,16.71,4.84
Madrid,ES,40.4168,-3.7038,2026-05-26 22:00:00+00:00,2,87.12,0.0,0.84,87.61,0.06,4.21,12.4,5.49
Madrid,ES,40.4168,-3.7038,2026-05-26 23:00:00+00:00,2,87.81,0.0,0.82,84.27,0.06,3.62,9.6,6.2
Madrid,ES,40.4168,-3.7038,2026-05-27 00:00:00+00:00,2,88.51,0.0,0.78,81.02,0.06,3.31,8.02,6.79
Madrid,ES,40.4168,-3.7038,2026-05-27 01:00:00+00:00,2,87.99,0.0,0.77,75.86,0.07,3.22,7.32,7.42
Madrid,ES,40.4168,-3.7038,2026-05-27 02:00:00+00:00,2,88.65,0.0,0.82,70.44,0.07,3.22,6.86,8.34
Madrid,ES,40.4168,-3.7038,2026-05-27 03:00:00+00:00,2,89.41,0.0,0.88,65.74,0.07,3.21,6.39,9.11
Madrid,ES,40.4168,-3.7038,2026-05-27 04:00:00+00:00,2,89.27,0.0,0.95,61.19,0.06,3.17,5.96,9.53
Madrid,ES,40.4168,-3.7038,2026-05-27 05:00:00+00:00,1,90.28,0.0,1.16,58.11,0.06,3.23,5.79,9.73
Madrid,ES,40.4168,-3.7038,2026-05-27 06:00:00+00:00,1,91.54,0.02,1.55,55.59,0.07,3.32,5.76,9.78
Madrid,ES,40.4168,-3.7038,2026-05-27 07:00:00+00:00,1,91.86,0.24,1.65,53.91,0.07,3.39,5.7,9.58
Madrid,ES,40.4168,-3.7038,2026-05-27 08:00:00+00:00,1,91.8,0.44,1.51,54.51,0.08,3.45,5.64,9.3
Madrid,ES,40.4168,-3.7038,2026-05-27 09:00:00+00:00,1,91.43,0.44,1.29,59.83,0.09,3.55,5.65,8.78
Madrid,ES,40.4168,-3.7038,2026-05-27 10:00:00+00:00,2,89.61,0.11,0.49,93.6,0.14,3.11,5.77,3.94
Madrid,ES,40.4168,-3.7038,2026-05-27 11:00:00+00:00,2,87.61,0.07,0.34,98.72,0.12,3.2,6.89,3.04
Madrid,ES,40.4168,-3.7038,2026-05-27 12:00:00+00:00,2,86.51,0.07,0.32,99.64,0.1,3.48,7.99,2.96
Madrid,ES,40.4168,-3.7038,2026-05-27 13:00:00+00:00,3,84.97,0.05,0.25,103.32,0.08,3.54,9.74,2.2
Madrid,ES,40.4168,-3.7038,2026-05-27 14:00:00+00:00,3,83.71,0.05,0.24,105.51,0.07,3.59,10.56,1.88
Madrid,ES,40.4168,-3.7038,2026-05-27 15:00:00+00:00,3,83.23,0.05,0.27,107.65,0.06,3.46,9.94,1.82
Madrid,ES,40.4168,-3.7038,2026-05-27 16:00:00+00:00,3,83.9,0.05,0.32,110.71,0.06,3.33,9.13,1.89
Madrid,ES,40.4168,-3.7038,2026-05-27 17:00:00+00:00,3,84.15,0.05,0.39,112.28,0.07,3.17,8.22,2.07
Madrid,ES,40.4168,-3.7038,2026-05-27 18:00:00+00:00,3,84.27,0.04,0.46,112.99,0.07,2.97,7.24,2.23
Madrid,ES,40.4168,-3.7038,2026-05-27 19:00:00+00:00,3,84.7,0.02,0.7,109.15,0.07,2.85,6.43,3.29
Madrid,ES,40.4168,-3.7038,2026-05-27 20:00:00+00:00,3,85.62,0.0,1.0,102.28,0.07,2.81,5.97,4.91
Madrid,ES,40.4168,-3.7038,2026-05-27 21:00:00+00:00,2,86.3,0.0,1.17,96.33,0.07,2.8,5.71,6.23
Madrid,ES,40.4168,-3.7038,2026-05-27 22:00:00+00:00,2,85.39,0.0,1.3,86.77,0.07,2.72,5.34,7.6
Madrid,ES,40.4168,-3.7038,2026-05-27 23:00:00+00:00,2,85.55,0.0,1.37,77.97,0.07,2.66,5.04,9.0
Madrid,ES,40.4168,-3.7038,2026-05-28 00:00:00+00:00,2,85.84,0.0,1.37,70.9,0.07,2.62,4.83,10.06
Madrid,ES,40.4168,-3.7038,2026-05-28 01:00:00+00:00,2,85.0,0.0,1.35,64.65,0.07,2.57,4.62,10.98
Madrid,ES,40.4168,-3.7038,2026-05-28 02:00:00+00:00,2,85.27,0.0,1.35,60.38,0.07,2.55,4.5,12.57
Madrid,ES,40.4168,-3.7038,2026-05-28 03:00:00+00:00,1,85.76,0.0,1.4,57.41,0.07,2.55,4.42,14.56
Madrid,ES,40.4168,-3.7038,2026-05-28 04:00:00+00:00,1,85.26,0.0,1.5,54.05,0.06,2.53,4.35,16.29
Madrid,ES,40.4168,-3.7038,2026-05-28 05:00:00+00:00,1,85.69,0.0,1.81,49.54,0.06,2.56,4.38,16.9
Madrid,ES,40.4168,-3.7038,2026-05-28 06:00:00+00:00,1,86.46,0.06,2.34,43.84,0.06,2.6,4.46,16.07
Madrid,ES,40.4168,-3.7038,2026-05-28 07:00:00+00:00,1,86.13,0.47,2.29,38.82,0.05,2.6,4.47,14.33
Madrid,ES,40.4168,-3.7038,2026-05-28 08:00:00+00:00,1,85.33,0.85,1.97,37.29,0.05,2.59,4.51,13.08
Madrid,ES,40.4168,-3.7038,2026-05-28 09:00:00+00:00,1,84.67,0.89,1.76,41.28,0.06,2.63,4.66,12.02
Madrid,ES,40.4168,-3.7038,2026-05-28 10:00:00+00:00,3,85.12,0.09,0.44,102.63,0.16,2.69,5.35,3.72
Madrid,ES,40.4168,-3.7038,2026-05-28 11:00:00+00:00,3,83.34,0.05,0.27,107.59,0.15,2.69,5.16,2.74
Madrid,ES,40.4168,-3.7038,2026-05-28 12:00:00+00:00,3,82.08,0.05,0.24,107.62,0.13,2.65,4.96,2.55
Madrid,ES,40.4168,-3.7038,2026-05-28 13:00:00+00:00,3,82.38,0.05,0.24,110.29,0.12,2.63,4.78,2.35
Madrid,ES,40.4168,-3.7038,2026-05-28 14:00:00+00:00,3,81.68,0.05,0.25,111.19,0.1,2.52,4.45,2.15
Madrid,ES,40.4168,-3.7038,2026-05-28 15:00:00+00:00,3,80.99,0.05,0.27,111.64,0.09,2.39,4.16,2.06
Madrid,ES,40.4168,-3.7038,2026-05-28 16:00:00+00:00,3,81.37,0.05,0.32,112.37,0.08,2.33,4.0,2.18
Madrid,ES,40.4168,-3.7038,2026-05-28 17:00:00+00:00,3,81.25,0.05,0.39,111.47,0.08,2.29,3.93,2.57
Madrid,ES,40.4168,-3.7038,2026-05-28 18:00:00+00:00,3,81.37,0.04,0.47,110.12,0.08,2.28,3.91,3.0
Madrid,ES,40.4168,-3.7038,2026-05-28 19:00:00+00:00,3,82.04,0.03,0.8,102.77,0.08,2.3,3.94,5.23
Madrid,ES,40.4168,-3.7038,2026-05-28 20:00:00+00:00,2,83.37,0.0,1.27,93.15,0.1,2.39,4.07,8.55
Madrid,ES,40.4168,-3.7038,2026-05-28 21:00:00+00:00,2,84.47,0.0,1.58,85.68,0.13,2.5,4.25,11.33
Madrid,ES,40.4168,-3.7038,2026-05-28 22:00:00+00:00,2,84.05,0.0,1.73,79.1,0.14,2.57,4.37,13.38
Madrid,ES,40.4168,-3.7038,2026-05-28 23:00:00+00:00,2,84.78,0.0,1.72,74.19,0.15,2.65,4.51,14.9
Madrid,ES,40.4168,-3.7038,2026-05-29 00:00:00+00:00,2,85.59,0.0,1.62,69.25,0.14,2.72,4.62,15.67
Madrid,ES,40.4168,-3.7038,2026-05-29 01:00:00+00:00,2,85.19,0.0,1.47,63.62,0.12,2.75,4.68,14.39
Madrid,ES,40.4168,-3.7038,2026-05-29 02:00:00+00:00,1,85.54,0.0,1.36,59.82,0.1,2.83,4.84,13.61
Madrid,ES,40.4168,-3.7038,2026-05-29 03:00:00+00:00,1,85.84,0.0,1.31,56.5,0.09,2.94,5.05,13.32
Madrid,ES,40.4168,-3.7038,2026-05-29 04:00:00+00:00,1,85.44,0.0,1.31,53.13,0.08,3.05,5.3,13.1
Madrid,ES,40.4168,-3.7038,2026-05-29 05:00:00+00:00,1,86.12,0.0,1.53,50.73,0.08,3.22,5.69,13.04
Madrid,ES,40.4168,-3.7038,2026-05-29 06:00:00+00:00,1,87.18,0.04,1.91,48.91,0.08,3.42,6.14,13.02
Madrid,ES,40.4168,-3.7038,2026-05-29 07:00:00+00:00,1,87.16,0.33,1.87,47.39,0.08,3.56,6.49,12.6
Madrid,ES,40.4168,-3.7038,2026-05-29 08:00:00+00:00,1,86.67,0.57,1.59,47.87,0.09,3.71,6.88,11.71
Madrid,ES,40.4168,-3.7038,2026-05-29 09:00:00+00:00,1,86.36,0.56,1.3,54.2,0.12,4.02,7.72,10.92
Madrid,ES,40.4168,-3.7038,2026-05-29 10:00:00+00:00,2,87.17,0.1,0.49,94.46,0.29,4.82,10.33,6.8
Madrid,ES,40.4168,-3.7038,2026-05-29 11:00:00+00:00,3,85.7,0.07,0.34,100.34,0.29,4.85,10.26,5.68
Madrid,ES,40.4168,-3.7038,2026-05-29 12:00:00+00:00,3,84.5,0.06,0.31,101.31,0.29,4.87,10.14,5.44
Madrid,ES,40.4168,-3.7038,2026-05-29 13:00:00+00:00,3,83.99,0.05,0.26,106.97,0.22,3.99,7.86,4.19
Madrid,ES,40.4168,-3.7038,2026-05-29 14:00:00+00:00,3,82.46,0.04,0.25,108.42,0.18,3.27,6.1,3.31
Madrid,ES,40.4168,-3.7038,2026-05-29 15:00:00+00:00,3,81.77,0.04,0.26,108.32,0.17,3.07,5.61,3.08
Madrid,ES,40.4168,-3.7038,2026-05-29 16:00:00+00:00,3,81.88,0.04,0.29,108.72,0.17,3.04,5.5,3.15
Madrid,ES,40.4168,-3.7038,2026-05-29 17:00:00+00:00,3,81.97,0.04,0.33,107.58,0.17,3.09,5.57,3.5
Madrid,ES,40.4168,-3.7038,2026-05-29 18:00:00+00:00,3,82.06,0.03,0.38,106.12,0.17,3.17,5.74,3.94
Madrid,ES,40.4168,-3.7038,2026-05-29 19:00:00+00:00,3,82.46,0.01,0.52,101.76,0.17,3.29,5.94,5.03
Madrid,ES,40.4168,-3.7038,2026-05-29 20:00:00+00:00,2,83.51,0.0,0.69,95.1,0.17,3.48,6.18,6.57
Madrid,ES,40.4168,-3.7038,2026-05-29 21:00:00+00:00,2,84.61,0.0,0.77,89.99,0.16,3.71,6.49,7.86
Madrid,ES,40.4168,-3.7038,2026-05-29 22:00:00+00:00,2,84.16,0.0,0.82,83.45,0.15,3.87,6.65,8.78
Madrid,ES,40.4168,-3.7038,2026-05-29 23:00:00+00:00,2,84.66,0.0,0.81,77.89,0.14,4.04,6.84,9.63
Madrid,ES,40.4168,-3.7038,2026-05-30 00:00:00+00:00,2,85.18,0.0,0.77,73.41,0.12,4.19,7.04,10.25
Madrid,ES,40.4168,-3.7038,2026-05-30 01:00:00+00:00,2,84.76,0.0,0.74,68.35,0.1,4.27,7.18,10.73
Madrid,ES,40.4168,-3.7038,2026-05-30 02:00:00+00:00,2,84.93,0.0,0.76,63.57,0.09,4.36,7.35,11.29
Madrid,ES,40.4168,-3.7038,2026-05-30 03:00:00+00:00,1,84.77,0.0,0.81,58.93,0.08,4.44,7.49,11.83
Madrid,ES,40.4168,-3.7038,2026-05-30 04:00:00+00:00,1,84.12,0.0,0.9,54.34,0.07,4.47,7.58,12.2
Madrid,ES,40.4168,-3.7038,2026-05-30 05:00:00+00:00,1,84.1,0.0,1.09,50.84,0.06,4.53,7.75,12.24
Madrid,ES,40.4168,-3.7038,2026-05-30 06:00:00+00:00,1,84.47,0.02,1.37,48.32,0.06,4.63,8.01,12.14
Madrid,ES,40.4168,-3.7038,2026-05-30 07:00:00+00:00,1,83.83,0.19,1.32,47.07,0.07,4.66,8.17,11.7
Madrid,ES,40.4168,-3.7038,2026-05-30 08:00:00+00:00,1,83.04,0.31,1.13,47.93,0.07,4.69,8.29,11.24
Madrid,ES,40.4168,-3.7038,2026-05-30 09:00:00+00:00,1,82.36,0.27,0.93,53.85,0.08,4.77,8.58,10.77
Madrid,ES,40.4168,-3.7038,2026-05-30 10:00:00+00:00,2,84.37,0.05,0.31,99.31,0.16,4.48,8.61,5.4
Madrid,ES,40.4168,-3.7038,2026-05-30 11:00:00+00:00,3,83.16,0.03,0.22,102.84,0.16,4.33,8.3,4.39
Madrid,ES,40.4168,-3.7038,2026-05-30 12:00:00+00:00,3,82.32,0.03,0.2,102.21,0.17,4.38,8.42,4.15
Madrid,ES,40.4168,-3.7038,2026-05-30 13:00:00+00:00,3,82.75,0.03,0.19,104.85,0.16,4.13,7.85,3.55
Madrid,ES,40.4168,-3.7038,2026-05-30 14:00:00+00:00,3,82.25,0.02,0.2,105.13,0.16,3.8,7.16,3.2
Madrid,ES,40.4168,-3.7038,2026-05-30 15:00:00+00:00,3,81.8,0.02,0.22,104.95,0.15,3.53,6.61,3.05
Madrid,ES,40.4168,-3.7038,2026-05-30 16:00:00+00:00,3,82.13,0.02,0.26,105.21,0.15,3.35,6.21,3.07
Madrid,ES,40.4168,-3.7038,2026-05-30 17:00:00+00:00,3,82.33,0.02,0.28,104.43,0.15,3.29,6.08,3.27
Madrid,ES,40.4168,-3.7038,2026-05-30 18:00:00+00:00,3,82.71,0.02,0.31,103.76,0.15,3.36,6.24,3.47
Madrid,ES,40.4168,-3.7038,2026-05-30 19:00:00+00:00,3,82.97,0.01,0.38,100.66,0.15,3.63,6.79,4.12
Madrid,ES,40.4168,-3.7038,2026-05-30 20:00:00+00:00,2,83.8,0.0,0.46,96.27,0.16,4.02,7.62,5.05
Madrid,ES,40.4168,-3.7038,2026-05-30 21:00:00+00:00,2,84.32,0.0,0.49,92.5,0.16,4.4,8.5,5.72
Madrid,ES,40.4168,-3.7038,2026-05-30 22:00:00+00:00,2,83.22,0.0,0.51,87.13,0.15,4.6,9.04,6.23
Madrid,ES,40.4168,-3.7038,2026-05-30 23:00:00+00:00,2,83.04,0.0,0.52,82.3,0.14,4.74,9.39,6.88
Madrid,ES,40.4168,-3.7038,2026-05-31 00:00:00+00:00,2,82.84,0.0,0.52,77.85,0.13,4.79,9.53,7.4
Madrid,ES,40.4168,-3.7038,2026-05-31 01:00:00+00:00,2,81.82,0.0,0.55,71.44,0.11,4.7,9.28,8.12
Madrid,ES,40.4168,-3.7038,2026-05-31 02:00:00+00:00,2,81.4,0.0,0.61,64.59,0.09,4.6,8.98,9.19
Madrid,ES,40.4168,-3.7038,2026-05-31 03:00:00+00:00,1,81.09,0.0,0.67,59.11,0.08,4.51,8.77,10.14
Madrid,ES,40.4168,-3.7038,2026-05-31 04:00:00+00:00,1,80.15,0.0,0.75,54.43,0.07,4.38,8.58,10.91
Madrid,ES,40.4168,-3.7038,2026-05-31 05:00:00+00:00,1,79.85,0.0,0.93,49.86,0.06,4.27,8.45,11.28
Madrid,ES,40.4168,-3.7038,2026-05-31 06:00:00+00:00,1,79.74,0.02,1.27,44.91,0.05,4.18,8.3,11.47
Madrid,ES,40.4168,-3.7038,2026-05-31 07:00:00+00:00,1,78.72,0.21,1.28,40.68,0.05,4.06,8.08,11.27
Madrid,ES,40.4168,-3.7038,2026-05-31 08:00:00+00:00,1,77.32,0.35,1.03,39.9,0.05,3.93,7.84,10.68
Madrid,ES,40.4168,-3.7038,2026-05-31 09:00:00+00:00,1,75.87,0.29,0.8,45.01,0.05,3.8,7.69,9.87
Madrid,ES,40.4168,-3.7038,2026-05-31 10:00:00+00:00,2,78.97,0.04,0.19,89.65,0.11,3.79,9.16,2.07
Madrid,ES,40.4168,-3.7038,2026-05-31 11:00:00+00:00,2,79.03,0.03,0.15,95.22,0.12,3.82,8.91,1.61
Madrid,ES,40.4168,-3.7038,2026-05-31 12:00:00+00:00,2,78.43,0.03,0.15,95.94,0.12,3.65,8.38,1.55
Madrid,ES,40.4168,-3.7038,2026-05-31 13:00:00+00:00,2,78.87,0.03,0.15,96.81,0.12,3.58,8.19,1.5
Madrid,ES,40.4168,-3.7038,2026-05-31 14:00:00+00:00,2,78.64,0.03,0.16,96.06,0.11,3.45,7.89,1.42
Madrid,ES,40.4168,-3.7038,2026-05-31 15:00:00+00:00,2,78.47,0.03,0.16,94.84,0.1,3.26,7.49,1.35
Madrid,ES,40.4168,-3.7038,2026-05-31 16:00:00+00:00,2,79.03,0.03,0.18,93.97,0.09,3.04,7.01,1.35
Madrid,ES,40.4168,-3.7038,2026-05-31 17:00:00+00:00,2,79.52,0.03,0.2,93.04,0.08,2.82,6.51,1.48
Madrid,ES,40.4168,-3.7038,2026-05-31 18:00:00+00:00,2,80.13,0.02,0.23,92.29,0.07,2.6,6.0,1.64
Madrid,ES,40.4168,-3.7038,2026-05-31 19:00:00+00:00,2,80.92,0.01,0.32,88.99,0.07,2.42,5.44,2.57
Madrid,ES,40.4168,-3.7038,2026-05-31 20:00:00+00:00,2,82.16,0.0,0.43,83.94,0.06,2.29,4.97,4.07
Madrid,ES,40.4168,-3.7038,2026-05-31 21:00:00+00:00,2,83.17,0.0,0.51,79.3,0.06,2.18,4.61,5.3
Madrid,ES,40.4168,-3.7038,2026-05-31 22:00:00+00:00,2,82.36,0.0,0.55,74.01,0.05,2.06,4.28,6.19
Madrid,ES,40.4168,-3.7038,2026-05-31 23:00:00+00:00,2,82.53,0.0,0.56,70.3,0.05,2.01,4.11,6.88
Madrid,ES,40.4168,-3.7038,2026-06-01 00:00:00+00:00,2,82.67,0.0,0.56,67.1,0.05,1.99,4.04,7.46
Madrid,ES,40.4168,-3.7038,2026-06-01 01:00:00+00:00,2,82.12,0.0,0.61,61.53,0.04,1.99,3.98,7.28
Madrid,ES,40.4168,-3.7038,2026-06-01 02:00:00+00:00,1,82.1,0.0,0.72,54.99,0.04,2.03,3.99,7.22
Madrid,ES,40.4168,-3.7038,2026-06-01 03:00:00+00:00,1,82.14,0.0,0.84,49.67,0.04,2.09,4.1,7.41
Madrid,ES,40.4168,-3.7038,2026-06-01 04:00:00+00:00,1,81.59,0.0,1.0,44.97,0.03,2.15,4.23,7.71
Madrid,ES,40.4168,-3.7038,2026-06-01 05:00:00+00:00,1,81.81,0.0,1.33,40.64,0.03,2.22,4.39,8.09
Madrid,ES,40.4168,-3.7038,2026-06-01 06:00:00+00:00,1,82.36,0.06,1.85,36.58,0.03,2.29,4.55,8.6
Madrid,ES,40.4168,-3.7038,2026-06-01 07:00:00+00:00,1,81.68,0.41,1.85,33.54,0.03,2.32,4.64,8.83
Madrid,ES,40.4168,-3.7038,2026-06-01 08:00:00+00:00,1,80.55,0.63,1.56,33.68,0.03,2.35,4.77,8.28
Madrid,ES,40.4168,-3.7038,2026-06-01 09:00:00+00:00,1,79.71,0.48,1.27,40.52,0.04,2.45,5.09,7.7
Madrid,ES,40.4168,-3.7038,2026-06-01 10:00:00+00:00,2,80.52,0.06,0.28,87.03,0.12,2.84,5.88,2.47
Madrid,ES,40.4168,-3.7038,2026-06-01 11:00:00+00:00,2,79.5,0.04,0.18,93.69,0.11,2.82,5.52,1.8
Madrid,ES,40.4168,-3.7038,2026-06-01 12:00:00+00:00,2,79.01,0.04,0.17,94.19,0.11,2.86,5.49,1.75
Madrid,ES,40.4168,-3.7038,2026-06-01 13:00:00+00:00,2,79.67,0.04,0.17,94.7,0.11,2.9,5.51,1.72
Madrid,ES,40.4168,-3.7038,2026-06-01 14:00:00+00:00,2,79.74,0.04,0.17,93.56,0.1,2.86,5.43,1.68
Madrid,ES,40.4168,-3.7038,2026-06-01 15:00:00+00:00,2,79.75,0.04,0.18,92.14,0.1,2.79,5.3,1.66
Madrid,ES,40.4168,-3.7038,2026-06-01 16:00:00+00:00,2,80.37,0.03,0.19,91.09,0.09,2.7,5.14,1.67
Madrid,ES,40.4168,-3.7038,2026-06-01 17:00:00+00:00,2,80.81,0.03,0.21,89.41,0.08,2.55,4.87,1.69
Madrid,ES,40.4168,-3.7038,2026-06-01 18:00:00+00:00,2,81.41,0.02,0.24,87.54,0.07,2.35,4.48,1.69
Madrid,ES,40.4168,-3.7038,2026-06-01 19:00:00+00:00,2,82.47,0.01,0.32,84.56,0.07,2.14,4.07,1.89
Madrid,ES,40.4168,-3.7038,2026-06-01 20:00:00+00:00,2,84.09,0.0,0.42,81.22,0.07,2.01,3.81,2.29
Madrid,ES,40.4168,-3.7038,2026-06-01 21:00:00+00:00,2,85.57,0.0,0.48,78.72,0.08,1.99,3.76,2.67
Madrid,ES,40.4168,-3.7038,2026-06-01 22:00:00+00:00,2,84.98,0.0,0.53,75.4,0.09,2.06,3.85,3.03
Madrid,ES,40.4168,-3.7038,2026-06-01 23:00:00+00:00,2,85.26,0.0,0.56,73.31,0.12,2.22,4.11,3.46
Madrid,ES,40.4168,-3.7038,2026-06-02 00:00:00+00:00,2,85.49,0.0,0.58,71.54,0.15,2.39,4.41,3.84
Madrid,ES,40.4168,-3.7038,2026-06-02 01:00:00+00:00,2,84.81,0.0,0.6,69.12,0.17,2.51,4.63,4.18
Madrid,ES,40.4168,-3.7038,2026-06-02 02:00:00+00:00,2,85.28,0.0,0.63,67.53,0.19,2.58,4.79,4.54
Madrid,ES,40.4168,-3.7038,2026-06-02 03:00:00+00:00,2,85.86,0.0,0.66,66.12,0.19,2.59,4.86,4.83
Madrid,ES,40.4168,-3.7038,2026-06-02 04:00:00+00:00,2,85.57,0.0,0.71,64.09,0.19,2.53,4.8,4.98
Madrid,ES,40.4168,-3.7038,2026-06-02 05:00:00+00:00,2,86.31,0.0,0.86,62.41,0.18,2.47,4.75,5.12
Madrid,ES,40.4168,-3.7038,2026-06-02 06:00:00+00:00,2,87.04,0.02,1.17,60.48,0.17,2.41,4.73,5.25
Madrid,ES,40.4168,-3.7038,2026-06-02 07:00:00+00:00,1,86.75,0.15,1.2,58.08,0.17,2.32,4.65,5.26
Madrid,ES,40.4168,-3.7038,2026-06-02 08:00:00+00:00,1,86.25,0.26,1.0,57.44,0.16,2.22,4.55,5.21
Madrid,ES,40.4168,-3.7038,2026-06-02 09:00:00+00:00,1,85.83,0.23,0.76,59.24,0.15,2.12,4.42,5.08
Madrid,ES,40.4168,-3.7038,2026-06-02 10:00:00+00:00,2,84.33,0.08,0.28,66.6,0.11,1.4,2.83,2.53
Madrid,ES,40.4168,-3.7038,2026-06-02 11:00:00+00:00,2,81.98,0.05,0.19,63.66,0.07,0.94,1.95,1.81
Madrid,ES,40.4168,-3.7038,2026-06-02 12:00:00+00:00,2,80.93,0.05,0.16,62.17,0.05,0.75,1.57,1.58
Madrid,ES,40.4168,-3.7038,2026-06-02 13:00:00+00:00,2,82.64,0.04,0.15,68.42,0.03,0.58,1.13,1.25
Madrid,ES,40.4168,-3.7038,2026-06-02 14:00:00+00:00,2,84.46,0.04,0.14,77.23,0.02,0.52,0.89,1.08
Madrid,ES,40.4168,-3.7038,2026-06-02 15:00:00+00:00,2,85.8,0.03,0.16,82.96,0.02,0.5,0.79,1.03
Madrid,ES,40.4168,-3.7038,2026-06-02 16:00:00+00:00,2,86.98,0.03,0.18,86.38,0.01,0.5,0.72,1.05
Madrid,ES,40.4168,-3.7038,2026-06-02 17:00:00+00:00,2,87.49,0.03,0.21,86.69,0.01,0.5,0.69,1.15
Madrid,ES,40.4168,-3.7038,2026-06-02 18:00:00+00:00,2,87.58,0.03,0.24,86.6,0.01,0.5,0.66,1.27
Madrid,ES,40.4168,-3.7038,2026-06-02 19:00:00+00:00,2,87.67,0.01,0.32,85.39,0.01,0.5,0.67,1.53
Madrid,ES,40.4168,-3.7038,2026-06-02 20:00:00+00:00,2,88.38,0.0,0.42,83.45,0.02,0.5,0.73,1.98
Madrid,ES,40.4168,-3.7038,2026-06-02 21:00:00+00:00,2,89.14,0.0,0.47,82.06,0.02,0.51,0.82,2.38
Madrid,ES,40.4168,-3.7038,2026-06-02 22:00:00+00:00,2,88.67,0.0,0.53,78.82,0.02,0.52,0.88,2.83
Madrid,ES,40.4168,-3.7038,2026-06-02 23:00:00+00:00,2,89.11,0.0,0.58,75.7,0.02,0.54,0.93,3.37
Madrid,ES,40.4168,-3.7038,2026-06-03 00:00:00+00:00,2,89.58,0.0,0.6,73.04,0.02,0.55,0.98,3.81
Madrid,ES,40.4168,-3.7038,2026-06-03 01:00:00+00:00,2,89.34,0.0,0.64,69.23,0.03,0.57,1.04,4.23
Madrid,ES,40.4168,-3.7038,2026-06-03 02:00:00+00:00,2,90.06,0.0,0.72,65.41,0.05,0.61,1.14,4.79
Madrid,ES,40.4168,-3.7038,2026-06-03 03:00:00+00:00,2,90.95,0.0,0.81,61.81,0.06,0.68,1.26,5.26
Madrid,ES,40.4168,-3.7038,2026-06-03 04:00:00+00:00,1,90.61,0.0,0.96,57.98,0.06,0.74,1.39,5.55
Madrid,ES,40.4168,-3.7038,2026-06-03 05:00:00+00:00,1,91.35,0.0,1.26,55.38,0.07,0.81,1.54,5.64
Madrid,ES,40.4168,-3.7038,2026-06-03 06:00:00+00:00,1,92.4,0.04,1.67,54.77,0.08,0.9,1.71,5.56
Madrid,ES,40.4168,-3.7038,2026-06-03 07:00:00+00:00,1,93.07,0.26,1.76,56.61,0.1,0.99,1.92,5.36
Madrid,ES,40.4168,-3.7038,2026-06-03 08:00:00+00:00,1,93.34,0.48,1.76,57.71,0.1,1.11,2.16,5.34
Madrid,ES,40.4168,-3.7038,2026-06-03 09:00:00+00:00,2,93.46,0.46,1.51,63.59,0.1,1.37,2.54,5.18
Madrid,ES,40.4168,-3.7038,2026-06-03 10:00:00+00:00,2,91.87,0.16,0.65,81.47,0.15,1.62,2.59,3.13
Madrid,ES,40.4168,-3.7038,2026-06-03 11:00:00+00:00,2,89.81,0.09,0.38,87.27,0.16,1.62,2.41,2.4
Madrid,ES,40.4168,-3.7038,2026-06-03 12:00:00+00:00,2,88.9,0.07,0.32,89.61,0.16,1.69,2.44,2.22
Madrid,ES,40.4168,-3.7038,2026-06-03 13:00:00+00:00,2,89.47,0.07,0.3,92.11,0.16,1.73,2.45,2.12
Madrid,ES,40.4168,-3.7038,2026-06-03 14:00:00+00:00,2,88.51,0.06,0.28,91.91,0.15,1.66,2.32,1.99
Madrid,ES,40.4168,-3.7038,2026-06-03 15:00:00+00:00,2,87.63,0.06,0.27,90.01,0.14,1.56,2.17,1.91
Madrid,ES,40.4168,-3.7038,2026-06-03 16:00:00+00:00,2,87.9,0.05,0.27,86.98,0.13,1.43,2.02,1.89
Madrid,ES,40.4168,-3.7038,2026-06-03 17:00:00+00:00,2,88.08,0.05,0.26,82.16,0.12,1.28,1.83,1.9
Madrid,ES,40.4168,-3.7038,2026-06-03 18:00:00+00:00,2,88.99,0.04,0.26,76.74,0.11,1.13,1.65,1.92
Madrid,ES,40.4168,-3.7038,2026-06-03 19:00:00+00:00,2,90.52,0.02,0.32,70.84,0.1,1.02,1.56,2.12
Madrid,ES,40.4168,-3.7038,2026-06-03 20:00:00+00:00,2,92.76,0.0,0.39,64.62,0.09,0.94,1.57,2.48
Madrid,ES,40.4168,-3.7038,2026-06-03 21:00:00+00:00,1,95.15,0.0,0.42,57.92,0.08,0.85,1.54,2.76
Madrid,ES,40.4168,-3.7038,2026-06-03 22:00:00+00:00,1,96.13,0.0,0.45,51.04,0.07,0.77,1.55,2.92
Madrid,ES,40.4168,-3.7038,2026-06-03 23:00:00+00:00,1,97.46,0.0,0.48,46.38,0.06,0.84,2.31,3.12
Madrid,ES,40.4168,-3.7038,2026-06-04 00:00:00+00:00,1,97.72,0.0,0.55,44.2,0.08,1.17,4.74,3.33
Madrid,ES,40.4168,-3.7038,2026-06-04 01:00:00+00:00,1,96.1,0.0,0.64,44.29,0.13,1.72,8.83,3.46
Madrid,ES,40.4168,-3.7038,2026-06-04 02:00:00+00:00,1,95.58,0.0,0.73,46.22,0.19,2.24,12.79,3.52
Madrid,ES,40.4168,-3.7038,2026-06-04 03:00:00+00:00,1,95.67,0.0,0.79,47.72,0.22,2.5,14.69,3.44
Madrid,ES,40.4168,-3.7038,2026-06-04 04:00:00+00:00,1,94.74,0.0,0.82,47.17,0.23,2.43,14.05,3.18
Madrid,ES,40.4168,-3.7038,2026-06-04 05:00:00+00:00,1,95.03,0.0,0.9,45.74,0.21,2.24,12.32,2.97
Madrid,ES,40.4168,-3.7038,2026-06-04 06:00:00+00:00,1,95.59,0.03,1.01,44.08,0.18,2.06,10.53,2.72
Madrid,ES,40.4168,-3.7038,2026-06-04 07:00:00+00:00,1,94.84,0.16,0.86,43.01,0.16,1.88,9.04,2.5
Madrid,ES,40.4168,-3.7038,2026-06-04 08:00:00+00:00,1,94.2,0.21,0.64,44.39,0.14,1.73,7.88,2.47
Madrid,ES,40.4168,-3.7038,2026-06-04 09:00:00+00:00,1,93.7,0.16,0.46,47.82,0.13,1.6,6.82,2.35
Madrid,ES,40.4168,-3.7038,2026-06-04 10:00:00+00:00,1,94.28,0.09,0.28,54.42,0.12,1.27,5.25,1.73
Madrid,ES,40.4168,-3.7038,2026-06-04 11:00:00+00:00,1,93.11,0.07,0.2,58.95,0.1,1.04,3.96,1.48
Madrid,ES,40.4168,-3.7038,2026-06-04 12:00:00+00:00,2,91.64,0.06,0.18,62.63,0.09,0.93,3.11,1.45
Madrid,ES,40.4168,-3.7038,2026-06-04 13:00:00+00:00,2,90.32,0.04,0.16,74.17,0.06,0.73,2.08,1.19
Madrid,ES,40.4168,-3.7038,2026-06-04 14:00:00+00:00,2,88.21,0.04,0.15,82.33,0.04,0.6,1.47,1.01
Madrid,ES,40.4168,-3.7038,2026-06-04 15:00:00+00:00,2,87.06,0.04,0.15,85.04,0.04,0.59,1.29,0.97
Madrid,ES,40.4168,-3.7038,2026-06-04 16:00:00+00:00,2,87.54,0.04,0.17,86.92,0.04,0.6,1.26,0.98
Madrid,ES,40.4168,-3.7038,2026-06-04 17:00:00+00:00,2,87.55,0.03,0.19,87.6,0.04,0.64,1.33,1.06
Madrid,ES,40.4168,-3.7038,2026-06-04 18:00:00+00:00,2,87.42,0.03,0.22,88.11,0.05,0.69,1.41,1.15
Madrid,ES,40.4168,-3.7038,2026-06-04 19:00:00+00:00,2,87.22,0.01,0.28,87.94,0.06,0.73,1.47,1.32
Madrid,ES,40.4168,-3.7038,2026-06-04 20:00:00+00:00,2,87.86,0.0,0.36,88.4,0.06,0.78,1.57,1.61
Madrid,ES,40.4168,-3.7038,2026-06-04 21:00:00+00:00,2,88.74,0.0,0.4,89.09,0.07,0.79,1.63,1.86
Madrid,ES,40.4168,-3.7038,2026-06-04 22:00:00+00:00,2,88.34,0.0,0.47,86.13,0.07,0.8,1.67,2.39
Madrid,ES,40.4168,-3.7038,2026-06-04 23:00:00+00:00,2,88.86,0.0,0.55,82.21,0.06,0.81,1.73,3.2
Madrid,ES,40.4168,-3.7038,2026-06-05 00:00:00+00:00,2,89.36,0.0,0.59,78.64,0.06,0.81,1.76,3.86
Madrid,ES,40.4168,-3.7038,2026-06-05 01:00:00+00:00,2,88.89,0.0,0.62,74.69,0.05,0.8,1.75,4.33
Madrid,ES,40.4168,-3.7038,2026-06-05 02:00:00+00:00,2,89.44,0.0,0.64,71.78,0.05,0.8,1.74,4.64
Madrid,ES,40.4168,-3.7038,2026-06-05 03:00:00+00:00,2,90.18,0.0,0.7,69.45,0.05,0.8,1.75,4.82
Madrid,ES,40.4168,-3.7038,2026-06-05 04:00:00+00:00,2,90.16,0.0,0.86,66.1,0.05,0.81,1.79,4.99
Madrid,ES,40.4168,-3.7038,2026-06-05 05:00:00+00:00,2,90.95,0.0,1.19,62.1,0.05,0.84,1.89,5.24
Madrid,ES,40.4168,-3.7038,2026-06-05 06:00:00+00:00,1,91.85,0.02,1.71,57.72,0.05,0.89,2.02,5.41
Madrid,ES,40.4168,-3.7038,2026-06-05 07:00:00+00:00,1,92.16,0.2,1.93,53.67,0.05,0.93,2.13,5.45
Madrid,ES,40.4168,-3.7038,2026-06-05 08:00:00+00:00,1,91.73,0.42,1.7,52.25,0.05,0.97,2.24,5.4
Madrid,ES,40.4168,-3.7038,2026-06-05 09:00:00+00:00,1,91.02,0.41,1.3,55.41,0.05,1.08,2.43,5.31
Madrid,ES,40.4168,-3.7038,2026-06-05 10:00:00+00:00,2,91.97,0.15,0.56,80.46,0.1,1.14,2.44,3.44
Madrid,ES,40.4168,-3.7038,2026-06-05 11:00:00+00:00,2,89.86,0.07,0.3,87.48,0.13,1.12,2.25,2.54
Madrid,ES,40.4168,-3.7038,2026-06-05 12:00:00+00:00,2,88.42,0.06,0.24,89.59,0.14,1.13,2.22,2.25
Madrid,ES,40.4168,-3.7038,2026-06-05 13:00:00+00:00,2,88.62,0.05,0.23,92.72,0.14,1.13,2.19,2.07
Madrid,ES,40.4168,-3.7038,2026-06-05 14:00:00+00:00,2,87.68,0.05,0.22,96.04,0.11,1.07,2.07,1.88
Madrid,ES,40.4168,-3.7038,2026-06-05 15:00:00+00:00,2,87.07,0.05,0.23,99.3,0.09,1.02,1.97,1.77
Madrid,ES,40.4168,-3.7038,2026-06-05 16:00:00+00:00,3,87.44,0.05,0.25,103.66,0.06,0.99,1.9,1.74
Madrid,ES,40.4168,-3.7038,2026-06-05 17:00:00+00:00,3,87.46,0.04,0.26,106.58,0.05,0.99,1.87,1.81
Madrid,ES,40.4168,-3.7038,2026-06-05 18:00:00+00:00,3,87.4,0.03,0.29,108.0,0.05,1.0,1.87,1.95
Madrid,ES,40.4168,-3.7038,2026-06-05 19:00:00+00:00,3,87.61,0.02,0.36,106.24,0.05,1.03,1.93,2.26
Madrid,ES,40.4168,-3.7038,2026-06-05 20:00:00+00:00,3,88.59,0.0,0.45,102.49,0.06,1.09,2.05,2.69
Madrid,ES,40.4168,-3.7038,2026-06-05 21:00:00+00:00,2,89.67,0.0,0.48,99.17,0.06,1.13,2.15,2.99
Madrid,ES,40.4168,-3.7038,2026-06-05 22:00:00+00:00,2,89.5,0.0,0.53,94.69,0.07,1.15,2.2,3.27
Madrid,ES,40.4168,-3.7038,2026-06-05 23:00:00+00:00,2,90.23,0.0,0.57,90.78,0.08,1.2,2.34,3.68
Madrid,ES,40.4168,-3.7038,2026-06-06 00:00:00+00:00,2,90.82,0.0,0.59,87.34,0.1,1.28,2.54,4.05
Madrid,ES,40.4168,-3.7038,2026-06-06 01:00:00+00:00,2,90.34,0.0,0.63,81.51,0.11,1.36,2.74,4.57
Madrid,ES,40.4168,-3.7038,2026-06-06 02:00:00+00:00,2,90.63,0.0,0.72,75.46,0.11,1.45,2.98,5.26
Madrid,ES,40.4168,-3.7038,2026-06-06 03:00:00+00:00,2,91.05,0.0,0.81,70.58,0.11,1.54,3.23,5.89
Madrid,ES,40.4168,-3.7038,2026-06-06 04:00:00+00:00,2,90.4,0.0,0.9,66.47,0.1,1.6,3.45,6.44
Madrid,ES,40.4168,-3.7038,2026-06-06 05:00:00+00:00,2,90.72,0.0,1.09,64.24,0.11,1.67,3.7,6.71
Madrid,ES,40.4168,-3.7038,2026-06-06 06:00:00+00:00,2,91.3,0.02,1.39,62.99,0.11,1.74,3.96,6.82
Madrid,ES,40.4168,-3.7038,2026-06-06 07:00:00+00:00,2,90.61,0.08,1.5,60.95,0.11,1.76,4.11,6.75
Madrid,ES,40.4168,-3.7038,2026-06-06 08:00:00+00:00,1,89.72,0.19,1.38,59.45,0.11,1.77,4.21,6.54
Madrid,ES,40.4168,-3.7038,2026-06-06 09:00:00+00:00,2,88.87,0.22,1.14,62.35,0.12,1.79,4.36,6.28
Madrid,ES,40.4168,-3.7038,2026-06-06 10:00:00+00:00,2,90.71,0.08,0.44,86.59,0.15,1.61,4.1,3.17
Madrid,ES,40.4168,-3.7038,2026-06-06 11:00:00+00:00,2,90.02,0.06,0.27,86.48,0.14,1.46,3.86,2.45
Madrid,ES,40.4168,-3.7038,2026-06-06 12:00:00+00:00,2,89.12,0.05,0.22,84.67,0.13,1.45,3.91,2.33
Madrid,ES,40.4168,-3.7038,2026-06-06 13:00:00+00:00,2,88.34,0.04,0.17,77.66,0.1,1.21,3.46,1.71
Madrid,ES,40.4168,-3.7038,2026-06-06 14:00:00+00:00,2,85.37,0.04,0.13,72.45,0.07,0.98,2.9,1.29
Madrid,ES,40.4168,-3.7038,2026-06-06 15:00:00+00:00,2,83.82,0.03,0.13,71.1,0.06,0.9,2.7,1.19
Madrid,ES,40.4168,-3.7038,2026-06-06 16:00:00+00:00,2,83.87,0.04,0.14,70.69,0.05,0.86,2.67,1.25
Madrid,ES,40.4168,-3.7038,2026-06-06 17:00:00+00:00,2,83.68,0.03,0.16,69.51,0.05,0.84,2.68,1.4
Madrid,ES,40.4168,-3.7038,2026-06-06 18:00:00+00:00,2,83.58,0.03,0.18,68.37,0.04,0.82,2.72,1.56
Madrid,ES,40.4168,-3.7038,2026-06-06 19:00:00+00:00,2,83.92,0.02,0.31,64.4,0.04,0.82,2.74,2.38
Madrid,ES,40.4168,-3.7038,2026-06-06 20:00:00+00:00,1,84.56,0.0,0.53,58.34,0.04,0.83,2.76,3.64
Madrid,ES,40.4168,-3.7038,2026-06-06 21:00:00+00:00,1,85.31,0.0,0.69,53.48,0.03,0.84,2.77,4.66
Madrid,ES,40.4168,-3.7038,2026-06-06 22:00:00+00:00,1,84.74,0.0,0.8,48.59,0.03,0.83,2.7,5.47
Madrid,ES,40.4168,-3.7038,2026-06-06 23:00:00+00:00,1,84.89,0.0,0.87,44.54,0.02,0.84,2.65,6.19
Madrid,ES,40.4168,-3.7038,2026-06-07 00:00:00+00:00,1,85.19,0.0,0.9,41.26,0.02,0.85,2.62,6.81
Madrid,ES,40.4168,-3.7038,2026-06-07 01:00:00+00:00,1,84.47,0.0,0.91,38.63,0.02,0.85,2.61,7.47
Madrid,ES,40.4168,-3.7038,2026-06-07 02:00:00+00:00,1,84.7,0.0,0.95,37.37,0.02,0.87,2.64,8.38
Madrid,ES,40.4168,-3.7038,2026-06-07 03:00:00+00:00,1,85.08,0.0,1.06,36.68,0.03,0.89,2.68,9.66
Madrid,ES,40.4168,-3.7038,2026-06-07 04:00:00+00:00,1,84.71,0.0,1.23,35.78,0.03,0.92,2.7,10.9
Madrid,ES,40.4168,-3.7038,2026-06-07 05:00:00+00:00,1,85.0,0.0,1.54,33.71,0.04,0.97,2.77,11.2
Madrid,ES,40.4168,-3.7038,2026-06-07 06:00:00+00:00,1,85.54,0.07,1.98,30.96,0.04,1.05,2.89,11.14
Madrid,ES,40.4168,-3.7038,2026-06-07 07:00:00+00:00,1,85.06,0.46,1.87,29.42,0.04,1.16,3.08,10.56
Madrid,ES,40.4168,-3.7038,2026-06-07 08:00:00+00:00,1,84.41,0.69,1.61,31.19,0.04,1.29,3.34,9.41
Madrid,ES,40.4168,-3.7038,2026-06-07 09:00:00+00:00,1,83.9,0.55,1.38,38.63,0.05,1.45,3.69,8.27
Madrid,ES,40.4168,-3.7038,2026-06-07 10:00:00+00:00,2,86.26,0.1,0.39,77.25,0.31,1.62,4.58,3.26
Madrid,ES,40.4168,-3.7038,2026-06-07 11:00:00+00:00,2,85.22,0.06,0.24,84.79,0.34,1.79,4.84,2.23
Madrid,ES,40.4168,-3.7038,2026-06-07 12:00:00+00:00,2,84.33,0.05,0.21,86.48,0.31,1.95,5.2,1.99
Madrid,ES,40.4168,-3.7038,2026-06-07 13:00:00+00:00,2,84.65,0.05,0.2,88.0,0.28,2.07,5.51,1.86
Madrid,ES,40.4168,-3.7038,2026-06-07 14:00:00+00:00,2,83.77,0.04,0.18,88.28,0.24,2.08,5.52,1.73
Madrid,ES,40.4168,-3.7038,2026-06-07 15:00:00+00:00,2,82.99,0.04,0.19,88.06,0.21,2.09,5.49,1.66
Madrid,ES,40.4168,-3.7038,2026-06-07 16:00:00+00:00,2,83.3,0.04,0.19,88.21,0.18,2.11,5.51,1.7
Madrid,ES,40.4168,-3.7038,2026-06-07 17:00:00+00:00,2,83.38,0.03,0.2,87.0,0.15,2.11,5.53,1.83
Madrid,ES,40.4168,-3.7038,2026-06-07 18:00:00+00:00,2,83.56,0.02,0.22,85.83,0.13,2.1,5.52,1.97
Madrid,ES,40.4168,-3.7038,2026-06-07 19:00:00+00:00,2,83.97,0.01,0.3,82.75,0.11,2.08,5.42,2.49
Madrid,ES,40.4168,-3.7038,2026-06-07 20:00:00+00:00,2,84.88,0.0,0.44,78.17,0.1,2.03,5.2,3.3
Madrid,ES,40.4168,-3.7038,2026-06-07 21:00:00+00:00,2,85.74,0.0,0.53,74.3,0.09,1.93,4.85,4.02
Madrid,ES,40.4168,-3.7038,2026-06-07 22:00:00+00:00,2,85.11,0.0,0.61,69.26,0.08,1.8,4.43,4.69
Madrid,ES,40.4168,-3.7038,2026-06-07 23:00:00+00:00,2,85.57,0.0,0.69,65.19,0.07,1.72,4.2,5.35
Madrid,ES,40.4168,-3.7038,2026-06-08 00:00:00+00:00,2,85.95,0.0,0.75,62.07,0.06,1.67,4.09,5.97
Madrid,ES,40.4168,-3.7038,2026-06-08 01:00:00+00:00,1,85.42,0.0,0.78,59.44,0.06,1.66,4.09,6.5
Madrid,ES,40.4168,-3.7038,2026-06-08 02:00:00+00:00,1,85.84,0.0,0.83,57.41,0.07,1.74,4.28,6.64
Madrid,ES,40.4168,-3.7038,2026-06-08 03:00:00+00:00,1,86.34,0.0,0.88,55.59,0.08,1.87,4.58,6.58
Madrid,ES,40.4168,-3.7038,2026-06-08 04:00:00+00:00,1,86.1,0.0,0.94,54.01,0.1,2.01,4.93,6.42
Madrid,ES,40.4168,-3.7038,2026-06-08 05:00:00+00:00,1,86.72,0.0,1.08,53.32,0.12,2.2,5.37,6.32
Madrid,ES,40.4168,-3.7038,2026-06-08 06:00:00+00:00,1,87.62,0.04,1.3,53.33,0.14,2.4,5.88,6.25
Madrid,ES,40.4168,-3.7038,2026-06-08 07:00:00+00:00,1,87.27,0.19,1.17,53.96,0.17,2.56,6.32,6.09
Madrid,ES,40.4168,-3.7038,2026-06-08 08:00:00+00:00,1,86.75,0.25,0.93,56.32,0.19,2.68,6.67,5.84
Madrid,ES,40.4168,-3.7038,2026-06-08 09:00:00+00:00,2,86.32,0.19,0.69,62.24,0.23,2.8,7.05,5.55
Madrid,ES,40.4168,-3.7038,2026-06-08 10:00:00+00:00,2,88.43,0.07,0.3,83.1,0.25,2.41,5.99,2.81
Madrid,ES,40.4168,-3.7038,2026-06-08 11:00:00+00:00,2,88.46,0.05,0.22,87.07,0.21,2.22,5.31,2.14
Madrid,ES,40.4168,-3.7038,2026-06-08 12:00:00+00:00,2,88.12,0.05,0.21,89.31,0.19,2.09,4.87,1.92
Madrid,ES,40.4168,-3.7038,2026-06-08 13:00:00+00:00,2,88.93,0.04,0.19,94.19,0.15,1.81,4.06,1.6
Madrid,ES,40.4168,-3.7038,2026-06-08 14:00:00+00:00,2,88.48,0.04,0.19,97.69,0.12,1.52,3.28,1.33
Madrid,ES,40.4168,-3.7038,2026-06-08 15:00:00+00:00,2,88.06,0.04,0.2,99.0,0.1,1.34,2.84,1.22
Madrid,ES,40.4168,-3.7038,2026-06-08 16:00:00+00:00,2,88.63,0.04,0.21,99.62,0.09,1.24,2.62,1.21
Madrid,ES,40.4168,-3.7038,2026-06-08 17:00:00+00:00,2,88.76,0.04,0.23,98.44,0.08,1.2,2.55,1.28
Madrid,ES,40.4168,-3.7038,2026-06-08 18:00:00+00:00,2,88.81,0.03,0.25,95.96,0.08,1.19,2.54,1.36
Madrid,ES,40.4168,-3.7038,2026-06-08 19:00:00+00:00,2,89.12,0.02,0.33,91.55,0.08,1.19,2.58,1.77
Madrid,ES,40.4168,-3.7038,2026-06-08 20:00:00+00:00,2,89.74,0.0,0.45,86.08,0.08,1.21,2.66,2.42
Madrid,ES,40.4168,-3.7038,2026-06-08 21:00:00+00:00,2,90.11,0.0,0.5,81.11,0.08,1.22,2.68,2.97
Madrid,ES,40.4168,-3.7038,2026-06-08 22:00:00+00:00,2,88.89,0.0,0.57,74.34,0.07,1.18,2.59,3.58
Madrid,ES,40.4168,-3.7038,2026-06-08 23:00:00+00:00,2,88.73,0.0,0.64,68.47,0.07,1.16,2.55,4.34
Madrid,ES,40.4168,-3.7038,2026-06-09 00:00:00+00:00,2,88.68,0.0,0.68,63.77,0.06,1.15,2.52,4.95
Madrid,ES,40.4168,-3.7038,2026-06-09 01:00:00+00:00,1,87.55,0.0,0.73,58.81,0.05,1.13,2.5,5.47
Madrid,ES,40.4168,-3.7038,2026-06-09 02:00:00+00:00,1,87.59,0.0,0.8,54.3,0.05,1.14,2.53,6.04
Madrid,ES,40.4168,-3.7038,2026-06-09 03:00:00+00:00,1,87.73,0.0,0.91,50.41,0.04,1.16,2.61,6.58
Madrid,ES,40.4168,-3.7038,2026-06-09 04:00:00+00:00,1,87.0,0.0,1.06,46.61,0.04,1.19,2.71,6.98
Madrid,ES,40.4168,-3.7038,2026-06-09 05:00:00+00:00,1,87.3,0.0,1.4,43.32,0.04,1.25,2.87,7.13
Madrid,ES,40.4168,-3.7038,2026-06-09 06:00:00+00:00,1,87.96,0.07,1.9,40.37,0.04,1.33,3.07,7.14
Madrid,ES,40.4168,-3.7038,2026-06-09 07:00:00+00:00,1,87.59,0.42,1.86,38.72,0.04,1.39,3.23,6.9
Madrid,ES,40.4168,-3.7038,2026-06-09 08:00:00+00:00,1,86.61,0.61,1.59,40.12,0.04,1.44,3.36,6.57
Madrid,ES,40.4168,-3.7038,2026-06-09 09:00:00+00:00,1,86.0,0.46,1.29,47.08,0.04,1.57,3.59,6.28
Madrid,ES,40.4168,-3.7038,2026-06-09 10:00:00+00:00,2,86.37,0.1,0.39,75.2,0.08,1.33,3.0,2.88
Madrid,ES,40.4168,-3.7038,2026-06-09 11:00:00+00:00,2,84.57,0.05,0.21,76.07,0.08,1.09,2.34,1.88
Madrid,ES,40.4168,-3.7038,2026-06-09 12:00:00+00:00,2,83.02,0.05,0.18,73.71,0.07,0.99,2.08,1.6
Madrid,ES,40.4168,-3.7038,2026-06-09 13:00:00+00:00,2,82.91,0.04,0.16,72.88,0.07,0.89,1.86,1.42
Madrid,ES,40.4168,-3.7038,2026-06-09 14:00:00+00:00,2,81.65,0.04,0.16,73.3,0.05,0.76,1.57,1.23
Madrid,ES,40.4168,-3.7038,2026-06-09 15:00:00+00:00,2,80.86,0.04,0.17,74.46,0.05,0.71,1.44,1.16
Madrid,ES,40.4168,-3.7038,2026-06-09 16:00:00+00:00,2,81.52,0.04,0.19,76.69,0.05,0.72,1.43,1.21
Madrid,ES,40.4168,-3.7038,2026-06-09 17:00:00+00:00,2,81.8,0.04,0.21,78.44,0.04,0.75,1.46,1.35
Madrid,ES,40.4168,-3.7038,2026-06-09 18:00:00+00:00,2,82.32,0.03,0.24,80.2,0.04,0.79,1.51,1.51
Madrid,ES,40.4168,-3.7038,2026-06-09 19:00:00+00:00,2,83.09,0.02,0.32,81.23,0.04,0.84,1.61,1.86
Madrid,ES,40.4168,-3.7038,2026-06-09 20:00:00+00:00,2,84.35,0.0,0.42,81.44,0.04,0.91,1.75,2.39
Madrid,ES,40.4168,-3.7038,2026-06-09 21:00:00+00:00,2,85.42,0.0,0.48,81.99,0.04,0.98,1.88,2.86
Madrid,ES,40.4168,-3.7038,2026-06-09 22:00:00+00:00,2,84.85,0.0,0.55,78.93,0.05,1.03,1.92,3.38
Madrid,ES,40.4168,-3.7038,2026-06-09 23:00:00+00:00,2,85.2,0.0,0.64,74.71,0.05,1.09,2.0,4.03
Madrid,ES,40.4168,-3.7038,2026-06-10 00:00:00+00:00,2,85.74,0.0,0.73,70.98,0.06,1.18,2.13,4.6
Madrid,ES,40.4168,-3.7038,2026-06-10 01:00:00+00:00,2,85.23,0.0,0.87,66.03,0.06,1.25,2.27,5.09
Madrid,ES,40.4168,-3.7038,2026-06-10 02:00:00+00:00,2,86.22,0.0,1.06,61.78,0.06,1.32,2.41,5.52
Madrid,ES,40.4168,-3.7038,2026-06-10 03:00:00+00:00,1,87.35,0.0,1.26,58.78,0.06,1.36,2.52,5.87
Madrid,ES,40.4168,-3.7038,2026-06-10 04:00:00+00:00,1,88.13,0.0,1.49,56.68,0.06,1.4,2.65,6.06
Madrid,ES,40.4168,-3.7038,2026-06-10 05:00:00+00:00,1,89.97,0.0,1.86,55.19,0.07,1.46,2.85,6.1
Madrid,ES,40.4168,-3.7038,2026-06-10 06:00:00+00:00,1,91.6,0.05,2.29,54.27,0.07,1.57,3.19,6.05
Madrid,ES,40.4168,-3.7038,2026-06-10 07:00:00+00:00,1,91.61,0.32,2.25,53.56,0.07,1.73,3.69,5.88
Madrid,ES,40.4168,-3.7038,2026-06-10 08:00:00+00:00,1,91.62,0.53,2.0,55.41,0.07,1.97,4.38,5.72
Madrid,ES,40.4168,-3.7038,2026-06-10 09:00:00+00:00,2,91.81,0.48,1.63,62.65,0.08,2.36,5.31,5.51
Madrid,ES,40.4168,-3.7038,2026-06-10 10:00:00+00:00,2,91.62,0.18,0.75,83.27,0.12,2.77,6.35,3.88
Madrid,ES,40.4168,-3.7038,2026-06-10 11:00:00+00:00,2,89.45,0.1,0.44,89.34,0.14,2.77,6.0,3.11
Madrid,ES,40.4168,-3.7038,2026-06-10 12:00:00+00:00,2,88.1,0.08,0.37,91.74,0.14,2.85,5.91,2.89
Madrid,ES,40.4168,-3.7038,2026-06-10 13:00:00+00:00,2,87.7,0.07,0.33,94.96,0.13,2.57,5.13,2.48
Madrid,ES,40.4168,-3.7038,2026-06-10 14:00:00+00:00,2,85.89,0.06,0.3,95.37,0.1,2.1,4.02,1.97
Madrid,ES,40.4168,-3.7038,2026-06-10 15:00:00+00:00,2,85.02,0.06,0.31,95.29,0.09,1.91,3.59,1.79
Madrid,ES,40.4168,-3.7038,2026-06-10 16:00:00+00:00,2,85.54,0.06,0.34,96.45,0.08,1.86,3.45,1.79
Madrid,ES,40.4168,-3.7038,2026-06-10 17:00:00+00:00,2,85.68,0.06,0.37,96.87,0.07,1.88,3.47,1.9
Madrid,ES,40.4168,-3.7038,2026-06-10 18:00:00+00:00,2,85.85,0.04,0.42,97.08,0.07,1.92,3.53,2.04
Madrid,ES,40.4168,-3.7038,2026-06-10 19:00:00+00:00,2,86.49,0.02,0.57,95.71,0.07,1.99,3.63,2.44
Madrid,ES,40.4168,-3.7038,2026-06-10 20:00:00+00:00,2,87.73,0.0,0.8,93.22,0.08,2.07,3.72,3.04
Madrid,ES,40.4168,-3.7038,2026-06-10 21:00:00+00:00,2,89.21,0.0,1.01,90.86,0.08,2.1,3.72,3.58
Madrid,ES,40.4168,-3.7038,2026-06-10 22:00:00+00:00,2,89.24,0.0,1.25,87.61,0.09,2.04,3.57,3.96
Madrid,ES,40.4168,-3.7038,2026-06-10 23:00:00+00:00,2,91.08,0.0,1.55,86.6,0.11,1.99,3.47,4.27
Madrid,ES,40.4168,-3.7038,2026-06-11 00:00:00+00:00,2,93.13,0.0,1.79,86.21,0.12,1.94,3.39,4.5
Madrid,ES,40.4168,-3.7038,2026-06-11 01:00:00+00:00,2,93.5,0.0,1.81,84.27,0.13,1.86,3.29,4.57
Madrid,ES,40.4168,-3.7038,2026-06-11 02:00:00+00:00,2,93.75,0.0,1.65,80.57,0.13,1.86,3.44,4.69
Madrid,ES,40.4168,-3.7038,2026-06-11 03:00:00+00:00,2,93.72,0.0,1.41,76.32,0.12,2.01,4.05,4.69
Madrid,ES,40.4168,-3.7038,2026-06-11 04:00:00+00:00,2,92.32,0.0,1.2,71.7,0.11,2.27,5.04,4.39
Madrid,ES,40.4168,-3.7038,2026-06-11 05:00:00+00:00,2,92.27,0.0,1.16,68.35,0.11,2.58,6.17,4.0
Madrid,ES,40.4168,-3.7038,2026-06-11 06:00:00+00:00,2,92.56,0.02,1.37,66.01,0.11,2.84,7.13,3.59
Madrid,ES,40.4168,-3.7038,2026-06-11 07:00:00+00:00,2,91.69,0.14,1.47,64.35,0.11,2.98,7.73,3.24
Madrid,ES,40.4168,-3.7038,2026-06-11 08:00:00+00:00,2,90.91,0.26,1.37,65.48,0.12,3.05,8.09,3.19
Madrid,ES,40.4168,-3.7038,2026-06-11 09:00:00+00:00,2,89.98,0.27,1.05,69.96,0.14,3.16,8.38,3.13
Madrid,ES,40.4168,-3.7038,2026-06-11 10:00:00+00:00,2,89.59,0.13,0.64,79.17,0.2,3.34,8.64,2.69
Madrid,ES,40.4168,-3.7038,2026-06-11 11:00:00+00:00,2,87.98,0.07,0.47,82.65,0.21,3.38,8.47,2.45
Madrid,ES,40.4168,-3.7038,2026-06-11 12:00:00+00:00,2,86.65,0.05,0.45,83.92,0.2,3.37,8.25,2.37
Madrid,ES,40.4168,-3.7038,2026-06-11 13:00:00+00:00,2,86.87,0.04,0.41,88.85,0.17,3.09,7.16,2.16
Madrid,ES,40.4168,-3.7038,2026-06-11 14:00:00+00:00,2,85.97,0.03,0.4,91.4,0.14,2.71,5.95,1.98
Madrid,ES,40.4168,-3.7038,2026-06-11 15:00:00+00:00,2,85.2,0.03,0.42,92.02,0.12,2.54,5.45,1.93
Madrid,ES,40.4168,-3.7038,2026-06-11 16:00:00+00:00,2,85.74,0.03,0.47,93.09,0.1,2.5,5.26,2.0
Madrid,ES,40.4168,-3.7038,2026-06-11 17:00:00+00:00,2,85.75,0.03,0.52,93.39,0.09,2.47,5.13,2.14
Madrid,ES,40.4168,-3.7038,2026-06-11 18:00:00+00:00,2,85.76,0.02,0.58,94.1,0.08,2.45,5.0,2.28
Madrid,ES,40.4168,-3.7038,2026-06-11 19:00:00+00:00,2,86.52,0.01,0.73,94.62,0.08,2.44,4.88,2.58
Madrid,ES,40.4168,-3.7038,2026-06-11 20:00:00+00:00,2,87.75,0.0,0.99,94.61,0.08,2.41,4.72,3.01
Madrid,ES,40.4168,-3.7038,2026-06-11 21:00:00+00:00,2,89.53,0.0,1.24,94.52,0.09,2.35,4.48,3.43
Madrid,ES,40.4168,-3.7038,2026-06-11 22:00:00+00:00,2,90.03,0.0,1.48,91.68,0.1,2.22,4.15,3.82
Madrid,ES,40.4168,-3.7038,2026-06-11 23:00:00+00:00,2,91.33,0.0,1.66,87.07,0.11,2.1,3.93,4.31
Madrid,ES,40.4168,-3.7038,2026-06-12 00:00:00+00:00,2,91.83,0.0,1.7,81.22,0.11,2.0,3.81,4.81
Madrid,ES,40.4168,-3.7038,2026-06-12 01:00:00+00:00,2,90.85,0.0,1.58,75.03,0.11,1.97,3.89,5.18
Madrid,ES,40.4168,-3.7038,2026-06-12 02:00:00+00:00,2,90.59,0.0,1.41,70.43,0.11,2.06,4.32,5.37
Madrid,ES,40.4168,-3.7038,2026-06-12 03:00:00+00:00,2,90.52,0.0,1.26,67.23,0.1,2.23,5.03,5.38
Madrid,ES,40.4168,-3.7038,2026-06-12 04:00:00+00:00,2,89.52,0.0,1.13,64.55,0.09,2.39,5.75,5.18
Madrid,ES,40.4168,-3.7038,2026-06-12 05:00:00+00:00,2,90.03,0.0,1.14,62.95,0.09,2.56,6.45,5.05
Madrid,ES,40.4168,-3.7038,2026-06-12 06:00:00+00:00,2,90.77,0.02,1.34,61.94,0.08,2.71,7.12,4.84
Madrid,ES,40.4168,-3.7038,2026-06-12 07:00:00+00:00,2,89.91,0.16,1.3,62.18,0.09,2.8,7.61,4.42
Madrid,ES,40.4168,-3.7038,2026-06-12 08:00:00+00:00,2,88.89,0.25,1.13,64.91,0.09,2.85,7.9,4.09
Madrid,ES,40.4168,-3.7038,2026-06-12 09:00:00+00:00,2,87.83,0.22,0.89,70.84,0.08,2.93,8.07,3.77
Madrid,ES,40.4168,-3.7038,2026-06-12 10:00:00+00:00,2,87.42,0.12,0.51,83.36,0.1,2.88,7.78,2.71
Madrid,ES,40.4168,-3.7038,2026-06-12 11:00:00+00:00,2,85.4,0.08,0.35,87.98,0.08,2.76,7.12,2.2
Madrid,ES,40.4168,-3.7038,2026-06-12 12:00:00+00:00,2,84.16,0.07,0.31,89.63,0.07,2.71,6.75,2.05
Madrid,ES,40.4168,-3.7038,2026-06-12 13:00:00+00:00,2,84.13,0.05,0.25,91.96,0.06,2.35,5.56,1.67
Madrid,ES,40.4168,-3.7038,2026-06-12 14:00:00+00:00,2,82.57,0.05,0.22,90.7,0.04,1.88,4.25,1.34
Madrid,ES,40.4168,-3.7038,2026-06-12 15:00:00+00:00,2,81.34,0.05,0.23,89.6,0.04,1.66,3.67,1.22
Madrid,ES,40.4168,-3.7038,2026-06-12 16:00:00+00:00,2,81.55,0.04,0.26,89.89,0.04,1.54,3.35,1.21
Madrid,ES,40.4168,-3.7038,2026-06-12 17:00:00+00:00,2,81.26,0.04,0.29,89.29,0.04,1.43,3.11,1.27
Madrid,ES,40.4168,-3.7038,2026-06-12 18:00:00+00:00,2,81.44,0.03,0.33,88.1,0.05,1.36,2.98,1.35
Madrid,ES,40.4168,-3.7038,2026-06-12 19:00:00+00:00,2,82.13,0.02,0.4,87.09,0.07,1.32,2.99,1.47
Madrid,ES,40.4168,-3.7038,2026-06-12 20:00:00+00:00,2,83.65,0.0,0.48,86.34,0.1,1.34,3.13,1.61
Madrid,ES,40.4168,-3.7038,2026-06-12 21:00:00+00:00,2,85.24,0.0,0.53,86.58,0.14,1.34,3.26,1.74
Madrid,ES,40.4168,-3.7038,2026-06-12 22:00:00+00:00,2,85.34,0.0,0.58,85.37,0.16,1.32,3.28,1.95
Madrid,ES,40.4168,-3.7038,2026-06-12 23:00:00+00:00,2,86.32,0.0,0.61,84.6,0.16,1.33,3.31,2.3
Madrid,ES,40.4168,-3.7038,2026-06-13 00:00:00+00:00,2,87.02,0.0,0.59,83.68,0.15,1.35,3.36,2.61
Madrid,ES,40.4168,-3.7038,2026-06-13 01:00:00+00:00,2,86.37,0.0,0.58,80.14,0.14,1.36,3.38,2.99
Madrid,ES,40.4168,-3.7038,2026-06-13 02:00:00+00:00,2,86.99,0.0,0.59,77.44,0.12,1.4,3.43,3.45
Madrid,ES,40.4168,-3.7038,2026-06-13 03:00:00+00:00,2,87.69,0.0,0.6,75.67,0.11,1.42,3.47,3.84
Madrid,ES,40.4168,-3.7038,2026-06-13 04:00:00+00:00,2,87.31,0.0,0.61,73.21,0.09,1.42,3.42,4.1
Madrid,ES,40.4168,-3.7038,2026-06-13 05:00:00+00:00,2,87.68,0.0,0.7,70.99,0.08,1.42,3.39,4.31
Madrid,ES,40.4168,-3.7038,2026-06-13 06:00:00+00:00,2,88.16,0.02,0.91,68.93,0.07,1.43,3.35,4.45
Madrid,ES,40.4168,-3.7038,2026-06-13 07:00:00+00:00,2,87.76,0.1,0.94,69.31,0.07,1.39,3.24,4.33
Madrid,ES,40.4168,-3.7038,2026-06-13 08:00:00+00:00,2,86.91,0.17,0.86,69.51,0.07,1.36,3.13,4.29
Madrid,ES,40.4168,-3.7038,2026-06-13 09:00:00+00:00,2,85.88,0.16,0.67,72.36,0.07,1.34,3.03,4.1
Madrid,ES,40.4168,-3.7038,2026-06-13 10:00:00+00:00,2,84.56,0.08,0.37,84.3,0.14,1.21,2.79,2.56
Madrid,ES,40.4168,-3.7038,2026-06-13 11:00:00+00:00,2,82.41,0.06,0.27,86.08,0.14,1.14,2.58,2.03
Madrid,ES,40.4168,-3.7038,2026-06-13 12:00:00+00:00,2,80.76,0.06,0.24,85.87,0.13,1.11,2.45,1.86
Madrid,ES,40.4168,-3.7038,2026-06-13 13:00:00+00:00,2,80.48,0.04,0.2,87.08,0.12,1.29,3.46,1.4
Madrid,ES,40.4168,-3.7038,2026-06-13 14:00:00+00:00,2,78.86,0.04,0.18,87.23,0.14,1.92,6.21,1.03
Madrid,ES,40.4168,-3.7038,2026-06-13 15:00:00+00:00,2,77.81,0.04,0.19,87.58,0.17,2.32,7.75,0.92
Madrid,ES,40.4168,-3.7038,2026-06-13 16:00:00+00:00,2,78.1,0.04,0.25,88.33,0.21,2.56,8.55,1.04
Madrid,ES,40.4168,-3.7038,2026-06-13 17:00:00+00:00,2,78.03,0.03,0.32,87.55,0.24,2.65,8.75,1.31
Madrid,ES,40.4168,-3.7038,2026-06-13 18:00:00+00:00,2,78.34,0.01,0.38,87.2,0.28,2.71,8.87,1.58
Madrid,ES,40.4168,-3.7038,2026-06-13 19:00:00+00:00,2,78.85,0.01,0.51,85.03,0.3,2.8,8.91,2.4
Madrid,ES,40.4168,-3.7038,2026-06-13 20:00:00+00:00,2,80.14,0.0,0.66,81.53,0.32,2.93,8.87,3.51
Madrid,ES,40.4168,-3.7038,2026-06-13 21:00:00+00:00,2,81.41,0.0,0.75,78.59,0.31,3.05,8.7,4.51
Madrid,ES,40.4168,-3.7038,2026-06-13 22:00:00+00:00,2,81.92,0.0,0.8,75.43,0.3,3.14,8.52,5.16
Madrid,ES,40.4168,-3.7038,2026-06-13 23:00:00+00:00,2,83.56,0.0,0.81,72.99,0.3,3.25,8.5,5.33
Madrid,ES,40.4168,-3.7038,2026-06-14 00:00:00+00:00,2,85.04,0.0,0.79,70.93,0.3,3.32,8.42,5.23
Madrid,ES,40.4168,-3.7038,2026-06-14 01:00:00+00:00,2,84.95,0.0,0.76,68.29,0.29,3.29,8.2,4.93
Madrid,ES,40.4168,-3.7038,2026-06-14 02:00:00+00:00,2,85.69,0.0,0.75,66.02,0.29,3.25,8.03,4.85
Madrid,ES,40.4168,-3.7038,2026-06-14 03:00:00+00:00,2,86.19,0.0,0.75,64.61,0.27,3.18,7.94,4.83
Madrid,ES,40.4168,-3.7038,2026-06-14 04:00:00+00:00,2,85.39,0.0,0.75,62.58,0.25,3.08,7.87,4.84
Madrid,ES,40.4168,-3.7038,2026-06-14 05:00:00+00:00,2,85.37,0.0,0.83,60.46,0.22,3.06,8.05,4.97
Madrid,ES,40.4168,-3.7038,2026-06-14 06:00:00+00:00,1,85.77,0.02,0.98,59.47,0.21,3.13,8.52,5.06
Madrid,ES,40.4168,-3.7038,2026-06-14 07:00:00+00:00,2,85.2,0.09,0.81,61.6,0.22,3.27,9.29,4.78
Madrid,ES,40.4168,-3.7038,2026-06-14 08:00:00+00:00,2,84.25,0.14,0.65,63.95,0.25,3.47,10.1,4.7
Madrid,ES,40.4168,-3.7038,2026-06-14 09:00:00+00:00,2,83.41,0.12,0.5,69.23,0.29,3.73,10.99,4.4
Madrid,ES,40.4168,-3.7038,2026-06-14 10:00:00+00:00,2,83.47,0.05,0.23,86.12,0.34,3.85,11.67,2.51
Madrid,ES,40.4168,-3.7038,2026-06-14 11:00:00+00:00,2,82.41,0.03,0.17,87.84,0.31,3.95,11.92,1.85
Madrid,ES,40.4168,-3.7038,2026-06-14 12:00:00+00:00,2,81.81,0.03,0.16,86.81,0.3,4.16,12.45,1.68
Madrid,ES,40.4168,-3.7038,2026-06-14 13:00:00+00:00,2,82.52,0.03,0.16,86.33,0.3,4.41,13.04,1.54
Madrid,ES,40.4168,-3.7038,2026-06-14 14:00:00+00:00,2,82.64,0.02,0.17,83.82,0.28,4.58,13.39,1.39
Madrid,ES,40.4168,-3.7038,2026-06-14 15:00:00+00:00,2,82.42,0.02,0.19,82.07,0.28,4.47,13.0,1.32
Madrid,ES,40.4168,-3.7038,2026-06-14 16:00:00+00:00,2,82.81,0.02,0.29,81.16,0.32,4.28,11.91,1.66
Madrid,ES,40.4168,-3.7038,2026-06-14 17:00:00+00:00,2,83.49,0.02,0.41,79.62,0.34,4.14,10.64,2.22
Madrid,ES,40.4168,-3.7038,2026-06-14 18:00:00+00:00,2,84.39,0.01,0.49,78.2,0.33,3.98,9.38,2.59
Madrid,ES,40.4168,-3.7038,2026-06-14 19:00:00+00:00,2,84.53,0.01,0.52,75.73,0.31,3.78,8.03,2.73
Madrid,ES,40.4168,-3.7038,2026-06-14 20:00:00+00:00,2,86.23,0.0,0.55,74.69,0.27,3.75,7.23,2.95
Madrid,ES,40.4168,-3.7038,2026-06-14 21:00:00+00:00,2,87.95,0.0,0.55,74.48,0.24,3.81,6.86,3.07
Madrid,ES,40.4168,-3.7038,2026-06-14 22:00:00+00:00,2,87.17,0.0,0.62,68.72,0.16,3.83,6.57,2.98
Madrid,ES,40.4168,-3.7038,2026-06-14 23:00:00+00:00,2,86.95,0.0,0.72,61.12,0.1,3.87,6.47,3.5
Madrid,ES,40.4168,-3.7038,2026-06-15 00:00:00+00:00,1,86.68,0.0,0.79,55.04,0.06,3.89,6.43,4.02
Madrid,ES,40.4168,-3.7038,2026-06-15 01:00:00+00:00,1,86.51,0.0,0.84,50.54,0.05,3.9,6.43,4.38
Madrid,ES,40.4168,-3.7038,2026-06-15 02:00:00+00:00,1,86.74,0.0,0.87,47.73,0.04,3.92,6.45,4.29
Madrid,ES,40.4168,-3.7038,2026-06-15 03:00:00+00:00,1,87.03,0.0,0.93,45.88,0.04,3.91,6.41,4.27
Madrid,ES,40.4168,-3.7038,2026-06-15 04:00:00+00:00,1,86.44,0.0,0.99,44.32,0.04,3.84,6.24,4.28
Madrid,ES,40.4168,-3.7038,2026-06-15 05:00:00+00:00,1,86.64,0.0,1.18,42.79,0.04,3.77,6.1,4.09
Madrid,ES,40.4168,-3.7038,2026-06-15 06:00:00+00:00,1,86.93,0.04,1.46,41.63,0.04,3.69,5.97,3.82
Madrid,ES,40.4168,-3.7038,2026-06-15 07:00:00+00:00,1,86.68,0.24,1.3,43.04,0.04,3.56,5.82,3.15
Madrid,ES,40.4168,-3.7038,2026-06-15 08:00:00+00:00,1,85.82,0.35,1.04,44.18,0.03,3.48,5.74,3.48
Madrid,ES,40.4168,-3.7038,2026-06-15 09:00:00+00:00,1,85.07,0.27,0.79,50.2,0.04,3.47,5.8,3.91
Madrid,ES,40.4168,-3.7038,2026-06-15 10:00:00+00:00,2,85.52,0.04,0.2,82.66,0.12,2.07,3.89,1.54
Madrid,ES,40.4168,-3.7038,2026-06-15 11:00:00+00:00,2,84.17,0.02,0.13,83.62,0.09,1.74,3.3,1.24
Madrid,ES,40.4168,-3.7038,2026-06-15 12:00:00+00:00,2,83.21,0.02,0.14,82.35,0.07,1.68,3.25,1.22
Madrid,ES,40.4168,-3.7038,2026-06-15 13:00:00+00:00,2,83.76,0.02,0.15,82.27,0.06,1.69,3.27,1.27
Madrid,ES,40.4168,-3.7038,2026-06-15 14:00:00+00:00,2,83.5,0.02,0.16,81.13,0.06,1.69,3.22,1.35
Madrid,ES,40.4168,-3.7038,2026-06-15 15:00:00+00:00,2,83.21,0.02,0.19,80.33,0.06,1.67,3.12,1.42
Madrid,ES,40.4168,-3.7038,2026-06-15 16:00:00+00:00,2,83.53,0.02,0.21,80.29,0.06,1.64,2.97,1.5
Madrid,ES,40.4168,-3.7038,2026-06-15 17:00:00+00:00,2,83.86,0.02,0.23,80.29,0.05,1.57,2.74,1.59
Madrid,ES,40.4168,-3.7038,2026-06-15 18:00:00+00:00,2,84.12,0.02,0.25,80.57,0.05,1.49,2.52,1.66
Madrid,ES,40.4168,-3.7038,2026-06-15 19:00:00+00:00,2,84.17,0.01,0.45,75.35,0.04,1.48,2.42,2.66
Madrid,ES,40.4168,-3.7038,2026-06-15 20:00:00+00:00,2,84.71,0.0,0.74,68.36,0.04,1.52,2.47,4.27
Madrid,ES,40.4168,-3.7038,2026-06-15 21:00:00+00:00,2,85.19,0.0,0.94,63.92,0.03,1.55,2.53,5.65
Madrid,ES,40.4168,-3.7038,2026-06-15 22:00:00+00:00,2,84.75,0.0,1.06,60.75,0.03,1.56,2.58,6.86
Madrid,ES,40.4168,-3.7038,2026-06-15 23:00:00+00:00,1,84.89,0.0,1.09,58.14,0.03,1.58,2.65,7.85
Madrid,ES,40.4168,-3.7038,2026-06-16 00:00:00+00:00,1,84.93,0.0,1.12,55.4,0.02,1.59,2.72,8.79
Madrid,ES,40.4168,-3.7038,2026-06-16 01:00:00+00:00,1,84.69,0.0,1.18,53.41,0.02,1.61,2.8,10.13
Madrid,ES,40.4168,-3.7038,2026-06-16 02:00:00+00:00,1,85.26,0.0,1.26,53.23,0.03,1.64,2.91,11.84
Madrid,ES,40.4168,-3.7038,2026-06-16 03:00:00+00:00,1,85.95,0.0,1.36,53.18,0.03,1.67,3.0,13.4
Madrid,ES,40.4168,-3.7038,2026-06-16 04:00:00+00:00,1,85.96,0.0,1.5,52.28,0.03,1.68,3.03,14.73
Madrid,ES,40.4168,-3.7038,2026-06-16 05:00:00+00:00,1,86.42,0.0,1.83,50.32,0.03,1.7,3.1,15.62
Madrid,ES,40.4168,-3.7038,2026-06-16 06:00:00+00:00,1,87.04,0.06,2.39,46.15,0.04,1.74,3.17,15.57
Madrid,ES,40.4168,-3.7038,2026-06-16 07:00:00+00:00,1,87.05,0.45,2.37,39.17,0.03,1.75,3.21,10.57
Madrid,ES,40.4168,-3.7038,2026-06-16 08:00:00+00:00,1,86.47,0.75,2.06,37.88,0.02,1.79,3.26,9.16
Madrid,ES,40.4168,-3.7038,2026-06-16 09:00:00+00:00,1,86.05,0.65,1.77,44.76,0.03,1.89,3.4,8.26
Madrid,ES,40.4168,-3.7038,2026-06-16 10:00:00+00:00,2,85.11,0.08,0.38,83.41,0.21,1.82,3.34,2.21
Madrid,ES,40.4168,-3.7038,2026-06-16 11:00:00+00:00,2,84.21,0.04,0.24,87.31,0.2,2.11,3.6,1.61
Madrid,ES,40.4168,-3.7038,2026-06-16 12:00:00+00:00,2,83.46,0.04,0.23,88.0,0.21,2.26,3.8,1.5
Madrid,ES,40.4168,-3.7038,2026-06-16 13:00:00+00:00,2,83.65,0.04,0.24,89.22,0.24,2.36,3.96,1.46
Madrid,ES,40.4168,-3.7038,2026-06-16 14:00:00+00:00,2,82.85,0.04,0.25,89.42,0.26,2.41,4.06,1.44
Madrid,ES,40.4168,-3.7038,2026-06-16 15:00:00+00:00,2,82.1,0.04,0.28,89.57,0.28,2.45,4.14,1.44
Madrid,ES,40.4168,-3.7038,2026-06-16 16:00:00+00:00,2,82.15,0.04,0.33,90.15,0.3,2.47,4.19,1.63
Madrid,ES,40.4168,-3.7038,2026-06-16 17:00:00+00:00,2,82.23,0.04,0.38,90.24,0.3,2.45,4.13,2.0
Madrid,ES,40.4168,-3.7038,2026-06-16 18:00:00+00:00,2,82.6,0.03,0.43,90.27,0.3,2.39,4.02,2.38
Madrid,ES,40.4168,-3.7038,2026-06-16 19:00:00+00:00,2,82.9,0.02,0.61,84.72,0.27,2.33,3.83,3.45
Madrid,ES,40.4168,-3.7038,2026-06-16 20:00:00+00:00,2,84.1,0.0,0.85,76.88,0.22,2.34,3.75,4.78
Madrid,ES,40.4168,-3.7038,2026-06-16 21:00:00+00:00,2,85.29,0.0,1.0,70.22,0.17,2.36,3.74,5.45
Madrid,ES,40.4168,-3.7038,2026-06-16 22:00:00+00:00,2,84.26,0.0,1.08,62.81,0.12,2.35,3.72,5.29
Madrid,ES,40.4168,-3.7038,2026-06-16 23:00:00+00:00,1,84.44,0.0,1.16,57.18,0.09,2.38,3.79,5.48
Madrid,ES,40.4168,-3.7038,2026-06-17 00:00:00+00:00,1,84.55,0.0,1.23,52.15,0.06,2.41,3.85,5.86
Madrid,ES,40.4168,-3.7038,2026-06-17 01:00:00+00:00,1,84.21,0.0,1.31,47.85,0.05,2.42,3.89,6.62
Madrid,ES,40.4168,-3.7038,2026-06-17 02:00:00+00:00,1,84.18,0.0,1.44,44.61,0.05,2.43,3.94,7.64
Madrid,ES,40.4168,-3.7038,2026-06-17 03:00:00+00:00,1,84.09,0.0,1.62,41.96,0.05,2.42,3.95,8.73
Madrid,ES,40.4168,-3.7038,2026-06-17 04:00:00+00:00,1,84.02,0.0,1.83,39.56,0.05,2.41,3.99,9.65
Madrid,ES,40.4168,-3.7038,2026-06-17 05:00:00+00:00,1,84.38,0.0,2.15,36.7,0.05,2.44,4.09,9.8
Madrid,ES,40.4168,-3.7038,2026-06-17 06:00:00+00:00,1,84.88,0.07,2.6,33.9,0.04,2.5,4.24,9.6
Madrid,ES,40.4168,-3.7038,2026-06-17 07:00:00+00:00,1,84.34,0.48,2.46,32.25,0.04,2.55,4.39,8.5
Madrid,ES,40.4168,-3.7038,2026-06-17 08:00:00+00:00,1,83.54,0.78,2.12,34.43,0.04,2.63,4.62,7.56
Madrid,ES,40.4168,-3.7038,2026-06-17 09:00:00+00:00,1,83.04,0.67,1.82,43.15,0.05,2.81,5.01,6.95
Madrid,ES,40.4168,-3.7038,2026-06-17 10:00:00+00:00,2,81.17,0.1,0.47,88.19,0.44,2.67,5.49,2.31
Madrid,ES,40.4168,-3.7038,2026-06-17 11:00:00+00:00,2,78.98,0.05,0.27,91.89,0.32,2.43,4.95,1.48
Madrid,ES,40.4168,-3.7038,2026-06-17 12:00:00+00:00,2,77.4,0.04,0.24,92.21,0.24,2.35,4.8,1.27
Madrid,ES,40.4168,-3.7038,2026-06-17 13:00:00+00:00,2,77.35,0.04,0.24,93.31,0.2,2.33,4.8,1.21
Madrid,ES,40.4168,-3.7038,2026-06-17 14:00:00+00:00,2,76.27,0.04,0.24,92.8,0.17,2.3,4.84,1.21
Madrid,ES,40.4168,-3.7038,2026-06-17 15:00:00+00:00,2,75.2,0.04,0.26,92.13,0.14,2.28,4.87,1.23
Madrid,ES,40.4168,-3.7038,2026-06-17 16:00:00+00:00,2,75.16,0.04,0.29,92.33,0.13,2.27,4.95,1.31
Madrid,ES,40.4168,-3.7038,2026-06-17 17:00:00+00:00,2,74.85,0.03,0.31,91.34,0.13,2.26,4.95,1.4
Madrid,ES,40.4168,-3.7038,2026-06-17 18:00:00+00:00,2,74.49,0.02,0.34,90.3,0.15,2.24,4.93,1.47
Madrid,ES,40.4168,-3.7038,2026-06-17 19:00:00+00:00,2,74.71,0.02,0.56,85.78,0.16,2.23,4.8,2.44
Madrid,ES,40.4168,-3.7038,2026-06-17 20:00:00+00:00,2,75.7,0.0,0.83,81.66,0.17,2.25,4.75,4.04
Madrid,ES,40.4168,-3.7038,2026-06-17 21:00:00+00:00,2,77.01,0.0,0.99,80.82,0.17,2.29,4.78,5.58
Madrid,ES,40.4168,-3.7038,2026-06-17 22:00:00+00:00,2,77.25,0.0,1.09,78.87,0.16,2.32,4.73,6.97
Madrid,ES,40.4168,-3.7038,2026-06-17 23:00:00+00:00,2,78.2,0.0,1.12,74.95,0.15,2.39,4.81,8.04
Madrid,ES,40.4168,-3.7038,2026-06-18 00:00:00+00:00,2,78.94,0.0,1.1,69.55,0.12,2.46,4.9,8.25
Madrid,ES,40.4168,-3.7038,2026-06-18 01:00:00+00:00,2,78.09,0.0,1.0,64.22,0.1,2.48,4.91,6.88
Madrid,ES,40.4168,-3.7038,2026-06-18 02:00:00+00:00,1,78.13,0.0,0.99,59.93,0.09,2.52,4.94,6.45
Madrid,ES,40.4168,-3.7038,2026-06-18 03:00:00+00:00,1,78.18,0.0,1.0,57.28,0.08,2.56,5.0,6.21
Madrid,ES,40.4168,-3.7038,2026-06-18 04:00:00+00:00,1,77.56,0.0,1.01,56.53,0.09,2.58,5.14,5.84
Madrid,ES,40.4168,-3.7038,2026-06-18 05:00:00+00:00,1,77.73,0.0,1.24,54.29,0.09,2.64,5.21,5.82
Madrid,ES,40.4168,-3.7038,2026-06-18 06:00:00+00:00,1,78.41,0.03,1.65,51.72,0.1,2.71,5.33,5.88
Madrid,ES,40.4168,-3.7038,2026-06-18 07:00:00+00:00,1,78.32,0.25,1.74,51.79,0.11,2.77,5.56,5.78
Madrid,ES,40.4168,-3.7038,2026-06-18 08:00:00+00:00,1,77.88,0.42,1.6,53.74,0.13,2.82,5.73,5.63
Madrid,ES,40.4168,-3.7038,2026-06-18 09:00:00+00:00,2,77.63,0.38,1.32,60.26,0.15,2.93,6.0,5.44
Madrid,ES,40.4168,-3.7038,2026-06-18 10:00:00+00:00,2,78.33,0.13,0.61,86.48,0.64,3.2,7.37,3.17
Madrid,ES,40.4168,-3.7038,2026-06-18 11:00:00+00:00,2,77.31,0.08,0.41,91.04,0.62,3.15,7.22,2.57
Madrid,ES,40.4168,-3.7038,2026-06-18 12:00:00+00:00,2,76.4,0.06,0.36,91.7,0.56,3.12,7.06,2.46
Madrid,ES,40.4168,-3.7038,2026-06-18 13:00:00+00:00,2,76.51,0.04,0.29,92.93,0.45,2.89,6.55,2.08
Madrid,ES,40.4168,-3.7038,2026-06-18 14:00:00+00:00,2,75.3,0.04,0.24,92.03,0.34,2.63,6.09,1.68
Madrid,ES,40.4168,-3.7038,2026-06-18 15:00:00+00:00,2,74.59,0.03,0.24,91.34,0.28,2.5,5.89,1.55
Madrid,ES,40.4168,-3.7038,2026-06-18 16:00:00+00:00,2,74.9,0.03,0.26,91.38,0.26,2.42,5.7,1.58
Madrid,ES,40.4168,-3.7038,2026-06-18 17:00:00+00:00,2,75.13,0.02,0.29,90.64,0.24,2.27,5.27,1.69
Madrid,ES,40.4168,-3.7038,2026-06-18 18:00:00+00:00,2,75.49,0.01,0.32,89.66,0.22,2.06,4.64,1.8
Madrid,ES,40.4168,-3.7038,2026-06-18 19:00:00+00:00,2,75.93,0.0,0.38,87.51,0.2,1.93,4.12,2.15
Madrid,ES,40.4168,-3.7038,2026-06-18 20:00:00+00:00,2,77.1,0.0,0.46,84.66,0.18,1.93,3.87,2.71
Madrid,ES,40.4168,-3.7038,2026-06-18 21:00:00+00:00,2,78.55,0.0,0.51,82.22,0.17,1.96,3.64,3.14
Madrid,ES,40.4168,-3.7038,2026-06-18 22:00:00+00:00,2,78.2,0.0,0.6,75.69,0.14,1.97,3.36,3.84
Madrid,ES,40.4168,-3.7038,2026-06-18 23:00:00+00:00,2,78.62,0.0,0.71,68.13,0.11,2.0,3.24,4.84
Madrid,ES,40.4168,-3.7038,2026-06-19 00:00:00+00:00,2,79.02,0.0,0.8,62.39,0.09,2.05,3.28,5.69
Madrid,ES,40.4168,-3.7038,2026-06-19 01:00:00+00:00,1,78.9,0.0,0.85,58.22,0.08,2.15,3.59,6.33
Madrid,ES,40.4168,-3.7038,2026-06-19 02:00:00+00:00,1,79.32,0.0,0.89,56.34,0.08,2.33,4.25,6.59
Madrid,ES,40.4168,-3.7038,2026-06-19 03:00:00+00:00,1,79.74,0.0,0.95,55.28,0.08,2.58,5.13,6.73
Madrid,ES,40.4168,-3.7038,2026-06-19 04:00:00+00:00,1,79.61,0.0,1.03,54.68,0.09,2.8,5.96,6.55
Madrid,ES,40.4168,-3.7038,2026-06-19 05:00:00+00:00,1,80.02,0.0,1.3,52.14,0.1,2.94,6.31,6.47
Madrid,ES,40.4168,-3.7038,2026-06-19 06:00:00+00:00,1,80.79,0.04,1.73,49.38,0.1,3.03,6.5,6.37
Madrid,ES,40.4168,-3.7038,2026-06-19 07:00:00+00:00,1,80.67,0.26,1.77,50.41,0.12,3.1,6.79,6.08
Madrid,ES,40.4168,-3.7038,2026-06-19 08:00:00+00:00,1,80.1,0.41,1.55,52.76,0.14,3.15,6.93,5.85
Madrid,ES,40.4168,-3.7038,2026-06-19 09:00:00+00:00,2,79.69,0.33,1.22,60.01,0.19,3.25,7.1,5.6
Madrid,ES,40.4168,-3.7038,2026-06-19 10:00:00+00:00,2,79.36,0.09,0.53,85.7,0.5,3.15,7.53,3.12
Madrid,ES,40.4168,-3.7038,2026-06-19 11:00:00+00:00,2,77.88,0.06,0.39,90.24,0.5,3.16,7.72,2.45
Madrid,ES,40.4168,-3.7038,2026-06-19 12:00:00+00:00,2,76.99,0.05,0.37,91.51,0.5,3.3,8.11,2.28
Madrid,ES,40.4168,-3.7038,2026-06-19 13:00:00+00:00,2,77.23,0.04,0.33,92.19,0.39,3.51,9.35,2.0
Madrid,ES,40.4168,-3.7038,2026-06-19 14:00:00+00:00,2,76.32,0.03,0.34,91.7,0.32,3.69,10.4,1.93
Madrid,ES,40.4168,-3.7038,2026-06-19 15:00:00+00:00,2,75.54,0.03,0.38,91.74,0.32,3.78,10.83,2.06
Madrid,ES,40.4168,-3.7038,2026-06-19 16:00:00+00:00,2,75.98,0.02,0.48,92.14,0.36,3.76,10.54,2.31
Madrid,ES,40.4168,-3.7038,2026-06-19 17:00:00+00:00,2,76.62,0.02,0.58,91.42,0.41,3.71,10.07,2.61
Madrid,ES,40.4168,-3.7038,2026-06-19 18:00:00+00:00,2,77.22,0.01,0.64,90.73,0.42,3.69,9.8,2.79
Madrid,ES,40.4168,-3.7038,2026-06-19 19:00:00+00:00,2,76.83,0.01,0.78,85.59,0.38,3.72,9.55,3.55
Madrid,ES,40.4168,-3.7038,2026-06-19 20:00:00+00:00,2,77.92,0.0,1.0,79.22,0.32,3.84,9.46,4.65
Madrid,ES,40.4168,-3.7038,2026-06-19 21:00:00+00:00,2,79.0,0.0,1.18,73.74,0.27,3.97,9.36,5.31
Madrid,ES,40.4168,-3.7038,2026-06-19 22:00:00+00:00,2,78.68,0.0,1.28,68.24,0.23,4.02,9.12,5.4
Madrid,ES,40.4168,-3.7038,2026-06-19 23:00:00+00:00,2,79.32,0.0,1.35,64.53,0.19,4.11,8.96,5.54
Madrid,ES,40.4168,-3.7038,2026-06-20 00:00:00+00:00,2,79.91,0.0,1.38,61.61,0.15,4.2,8.87,5.71
Madrid,ES,40.4168,-3.7038,2026-06-20 01:00:00+00:00,2,80.45,0.0,1.32,60.4,0.12,4.29,9.03,5.57
Madrid,ES,40.4168,-3.7038,2026-06-20 02:00:00+00:00,1,81.44,0.0,1.22,59.94,0.12,4.42,9.43,5.32
Madrid,ES,40.4168,-3.7038,2026-06-20 03:00:00+00:00,2,82.46,0.0,1.12,60.4,0.14,4.6,10.05,5.04
Madrid,ES,40.4168,-3.7038,2026-06-20 04:00:00+00:00,2,83.17,0.0,1.04,60.65,0.16,4.81,10.81,4.77
Madrid,ES,40.4168,-3.7038,2026-06-20 05:00:00+00:00,1,83.75,0.0,1.15,57.63,0.15,4.97,11.12,4.96
Madrid,ES,40.4168,-3.7038,2026-06-20 06:00:00+00:00,1,84.61,0.02,1.42,54.17,0.13,5.09,11.38,5.17
Madrid,ES,40.4168,-3.7038,2026-06-20 07:00:00+00:00,1,84.62,0.16,1.47,51.31,0.11,5.15,11.62,5.27
Madrid,ES,40.4168,-3.7038,2026-06-20 08:00:00+00:00,1,84.57,0.28,1.29,51.96,0.1,5.26,12.1,5.25
Madrid,ES,40.4168,-3.7038,2026-06-20 09:00:00+00:00,1,84.91,0.25,1.02,57.7,0.1,5.51,13.0,5.09
Madrid,ES,40.4168,-3.7038,2026-06-20 10:00:00+00:00,2,82.9,0.05,0.36,79.77,0.2,7.22,28.17,1.67
Madrid,ES,40.4168,-3.7038,2026-06-20 11:00:00+00:00,2,80.1,0.03,0.24,82.2,0.15,8.03,34.53,0.88
Madrid,ES,40.4168,-3.7038,2026-06-20 12:00:00+00:00,2,78.61,0.02,0.22,82.7,0.14,8.23,35.92,0.72
Madrid,ES,40.4168,-3.7038,2026-06-20 13:00:00+00:00,2,78.76,0.02,0.23,84.25,0.15,8.18,35.1,0.74
Madrid,ES,40.4168,-3.7038,2026-06-20 14:00:00+00:00,2,77.48,0.02,0.25,84.68,0.16,7.5,31.32,0.85
Madrid,ES,40.4168,-3.7038,2026-06-20 15:00:00+00:00,2,76.57,0.02,0.28,85.04,0.17,6.79,27.85,0.98
Madrid,ES,40.4168,-3.7038,2026-06-20 16:00:00+00:00,2,76.71,0.02,0.38,85.29,0.19,6.07,23.65,1.39
Madrid,ES,40.4168,-3.7038,2026-06-20 17:00:00+00:00,2,76.95,0.02,0.49,84.15,0.2,5.42,20.0,1.7
Madrid,ES,40.4168,-3.7038,2026-06-20 18:00:00+00:00,2,77.37,0.01,0.56,83.2,0.22,4.97,17.71,1.8
Madrid,ES,40.4168,-3.7038,2026-06-20 19:00:00+00:00,2,78.26,0.0,0.67,80.29,0.23,4.87,16.6,2.15
Madrid,ES,40.4168,-3.7038,2026-06-20 20:00:00+00:00,2,79.92,0.0,0.8,76.87,0.22,4.92,15.67,2.72
Madrid,ES,40.4168,-3.7038,2026-06-20 21:00:00+00:00,2,81.59,0.0,0.86,75.42,0.2,4.69,13.88,3.09
Madrid,ES,40.4168,-3.7038,2026-06-20 22:00:00+00:00,2,81.92,0.0,0.78,76.19,0.18,4.59,13.23,2.96
Madrid,ES,40.4168,-3.7038,2026-06-20 23:00:00+00:00,2,83.23,0.0,0.71,76.55,0.18,5.47,15.78,3.03
Madrid,ES,40.4168,-3.7038,2026-06-21 00:00:00+00:00,2,84.54,0.0,0.66,76.34,0.19,6.78,19.83,3.08
Madrid,ES,40.4168,-3.7038,2026-06-21 01:00:00+00:00,2,84.54,0.0,0.61,75.21,0.19,7.91,23.34,3.09
Madrid,ES,40.4168,-3.7038,2026-06-21 02:00:00+00:00,2,85.32,0.0,0.59,73.43,0.19,8.81,25.87,3.31
Madrid,ES,40.4168,-3.7038,2026-06-21 03:00:00+00:00,2,85.91,0.0,0.59,71.69,0.18,9.47,27.55,3.53
Madrid,ES,40.4168,-3.7038,2026-06-21 04:00:00+00:00,2,85.49,0.0,0.59,69.73,0.16,9.78,28.14,3.72
Madrid,ES,40.4168,-3.7038,2026-06-21 05:00:00+00:00,2,86.06,0.0,0.66,68.98,0.15,9.99,28.43,3.85
Madrid,ES,40.4168,-3.7038,2026-06-21 06:00:00+00:00,2,86.51,0.01,0.84,69.03,0.14,10.09,28.58,3.9
Madrid,ES,40.4168,-3.7038,2026-06-21 07:00:00+00:00,2,85.92,0.07,0.87,70.7,0.14,9.98,28.9,3.66
Madrid,ES,40.4168,-3.7038,2026-06-21 08:00:00+00:00,2,84.76,0.13,0.76,72.82,0.15,9.77,28.74,3.49
Madrid,ES,40.4168,-3.7038,2026-06-21 09:00:00+00:00,2,83.75,0.12,0.61,76.71,0.15,9.62,28.95,3.3
Madrid,ES,40.4168,-3.7038,2026-06-21 10:00:00+00:00,2,83.75,0.08,0.38,85.52,0.19,9.76,33.18,2.11
Madrid,ES,40.4168,-3.7038,2026-06-21 11:00:00+00:00,2,82.38,0.06,0.32,87.58,0.22,9.64,33.69,1.7
Madrid,ES,40.4168,-3.7038,2026-06-21 12:00:00+00:00,2,81.47,0.06,0.3,88.37,0.26,9.62,33.82,1.56
Madrid,ES,40.4168,-3.7038,2026-06-21 13:00:00+00:00,2,79.81,0.05,0.25,89.76,0.33,9.16,33.88,0.98
Madrid,ES,40.4168,-3.7038,2026-06-21 14:00:00+00:00,2,76.91,0.04,0.23,90.69,0.36,8.25,31.39,0.74
Madrid,ES,40.4168,-3.7038,2026-06-21 15:00:00+00:00,2,75.42,0.04,0.24,91.02,0.36,7.77,29.59,0.71
Madrid,ES,40.4168,-3.7038,2026-06-21 16:00:00+00:00,2,75.66,0.04,0.26,91.74,0.35,7.61,28.54,0.76
Madrid,ES,40.4168,-3.7038,2026-06-21 17:00:00+00:00,2,76.11,0.03,0.29,91.37,0.34,7.54,27.59,0.84
Madrid,ES,40.4168,-3.7038,2026-06-21 18:00:00+00:00,2,77.02,0.02,0.34,90.53,0.34,7.63,27.09,0.93
Madrid,ES,40.4168,-3.7038,2026-06-21 19:00:00+00:00,2,78.26,0.01,0.5,87.15,0.36,7.87,26.45,1.52
Madrid,ES,40.4168,-3.7038,2026-06-21 20:00:00+00:00,2,80.27,0.0,0.7,82.38,0.39,8.17,25.83,2.39
Madrid,ES,40.4168,-3.7038,2026-06-21 21:00:00+00:00,2,81.94,0.0,0.8,78.12,0.37,8.47,25.73,3.04
Madrid,ES,40.4168,-3.7038,2026-06-21 22:00:00+00:00,2,82.08,0.0,0.83,73.11,0.34,8.67,25.61,3.48
Madrid,ES,40.4168,-3.7038,2026-06-21 23:00:00+00:00,2,83.31,0.0,0.83,70.25,0.32,9.12,26.25,3.79
Madrid,ES,40.4168,-3.7038,2026-06-22 00:00:00+00:00,2,84.38,0.0,0.79,68.97,0.31,9.63,27.25,3.89
Madrid,ES,40.4168,-3.7038,2026-06-22 01:00:00+00:00,2,83.91,0.0,0.81,65.25,0.29,9.89,26.96,4.26
Madrid,ES,40.4168,-3.7038,2026-06-22 02:00:00+00:00,2,84.28,0.0,0.9,59.61,0.25,10.02,25.91,5.1
Madrid,ES,40.4168,-3.7038,2026-06-22 03:00:00+00:00,2,84.4,0.0,1.01,55.15,0.22,10.01,25.12,5.91
Madrid,ES,40.4168,-3.7038,2026-06-22 04:00:00+00:00,2,83.44,0.0,1.11,51.41,0.19,9.78,24.08,6.57
Madrid,ES,40.4168,-3.7038,2026-06-22 05:00:00+00:00,2,83.46,0.0,1.34,48.49,0.17,9.64,23.15,6.55
Madrid,ES,40.4168,-3.7038,2026-06-22 06:00:00+00:00,2,83.98,0.03,1.71,47.1,0.16,9.55,22.43,6.32
Madrid,ES,40.4168,-3.7038,2026-06-22 07:00:00+00:00,2,83.98,0.14,1.45,55.91,0.2,9.53,24.55,5.17
Madrid,ES,40.4168,-3.7038,2026-06-22 08:00:00+00:00,2,83.59,0.23,1.26,60.91,0.21,9.36,24.65,4.66
Madrid,ES,40.4168,-3.7038,2026-06-22 09:00:00+00:00,2,82.93,0.21,0.99,67.69,0.25,9.2,24.95,4.16
Madrid,ES,40.4168,-3.7038,2026-06-22 10:00:00+00:00,2,80.62,0.07,0.49,79.67,0.37,8.96,30.57,1.64
Madrid,ES,40.4168,-3.7038,2026-06-22 11:00:00+00:00,2,78.46,0.05,0.41,79.38,0.39,8.43,29.54,1.15
Madrid,ES,40.4168,-3.7038,2026-06-22 12:00:00+00:00,2,76.89,0.04,0.41,78.53,0.42,8.11,28.27,1.08
Madrid,ES,40.4168,-3.7038,2026-06-22 13:00:00+00:00,2,76.78,0.03,0.34,78.09,0.37,7.75,26.9,0.87
Madrid,ES,40.4168,-3.7038,2026-06-22 14:00:00+00:00,2,75.67,0.03,0.3,77.99,0.32,7.18,24.76,0.73
Madrid,ES,40.4168,-3.7038,2026-06-22 15:00:00+00:00,2,75.01,0.04,0.3,78.95,0.3,6.75,23.08,0.68
Madrid,ES,40.4168,-3.7038,2026-06-22 16:00:00+00:00,2,75.51,0.04,0.31,80.69,0.29,6.52,22.02,0.69
Madrid,ES,40.4168,-3.7038,2026-06-22 17:00:00+00:00,2,75.88,0.03,0.36,81.47,0.3,6.44,21.25,0.78
Madrid,ES,40.4168,-3.7038,2026-06-22 18:00:00+00:00,2,76.22,0.02,0.4,81.73,0.31,6.38,20.48,0.87
Madrid,ES,40.4168,-3.7038,2026-06-22 19:00:00+00:00,2,76.98,0.01,0.57,79.9,0.34,6.35,19.49,1.39
Madrid,ES,40.4168,-3.7038,2026-06-22 20:00:00+00:00,2,78.37,0.0,0.77,76.62,0.39,6.47,19.04,2.21
Madrid,ES,40.4168,-3.7038,2026-06-22 21:00:00+00:00,2,79.8,0.0,0.86,73.61,0.41,6.75,19.51,2.86
Madrid,ES,40.4168,-3.7038,2026-06-22 22:00:00+00:00,2,79.57,0.0,0.93,68.34,0.39,7.02,19.73,3.7
Madrid,ES,40.4168,-3.7038,2026-06-22 23:00:00+00:00,2,80.29,0.0,1.02,64.88,0.38,7.32,19.87,4.87
Madrid,ES,40.4168,-3.7038,2026-06-23 00:00:00+00:00,2,80.82,0.0,1.08,63.8,0.37,7.46,19.58,6.06
Madrid,ES,40.4168,-3.7038,2026-06-23 01:00:00+00:00,2,80.47,0.0,1.12,62.14,0.35,7.34,18.43,7.13
Madrid,ES,40.4168,-3.7038,2026-06-23 02:00:00+00:00,1,80.61,0.0,1.15,59.61,0.31,7.14,17.2,7.77
Madrid,ES,40.4168,-3.7038,2026-06-23 03:00:00+00:00,1,80.61,0.0,1.16,57.08,0.25,6.81,15.86,7.69
Madrid,ES,40.4168,-3.7038,2026-06-23 04:00:00+00:00,1,79.93,0.0,1.15,55.25,0.2,6.3,14.23,6.69
Madrid,ES,40.4168,-3.7038,2026-06-23 05:00:00+00:00,1,80.14,0.0,1.27,55.08,0.17,5.84,12.81,6.06
Madrid,ES,40.4168,-3.7038,2026-06-23 06:00:00+00:00,1,80.68,0.02,1.53,55.9,0.14,5.43,11.75,5.63
Madrid,ES,40.4168,-3.7038,2026-06-23 07:00:00+00:00,2,80.68,0.14,1.51,61.41,0.14,4.9,11.14,4.9
Madrid,ES,40.4168,-3.7038,2026-06-23 08:00:00+00:00,2,80.06,0.24,1.31,64.93,0.13,4.59,10.97,4.47
Madrid,ES,40.4168,-3.7038,2026-06-23 09:00:00+00:00,2,79.19,0.22,0.99,71.34,0.14,4.55,12.1,3.93
Madrid,ES,40.4168,-3.7038,2026-06-23 10:00:00+00:00,2,75.72,0.07,0.35,81.62,0.12,6.17,22.77,1.37
Madrid,ES,40.4168,-3.7038,2026-06-23 11:00:00+00:00,2,72.85,0.05,0.23,82.01,0.1,6.87,25.76,0.8
Madrid,ES,40.4168,-3.7038,2026-06-23 12:00:00+00:00,2,71.0,0.05,0.21,82.93,0.09,6.81,25.0,0.67
Madrid,ES,40.4168,-3.7038,2026-06-23 13:00:00+00:00,2,70.59,0.04,0.21,85.46,0.09,6.59,23.74,0.57
Madrid,ES,40.4168,-3.7038,2026-06-23 14:00:00+00:00,2,69.51,0.04,0.21,86.23,0.09,6.13,21.63,0.54
Madrid,ES,40.4168,-3.7038,2026-06-23 15:00:00+00:00,2,68.92,0.04,0.23,86.97,0.09,5.73,19.85,0.55
Madrid,ES,40.4168,-3.7038,2026-06-23 16:00:00+00:00,2,69.37,0.04,0.27,87.99,0.1,5.49,18.79,0.62
Madrid,ES,40.4168,-3.7038,2026-06-23 17:00:00+00:00,2,69.58,0.03,0.32,87.84,0.11,5.33,18.05,0.75
Madrid,ES,40.4168,-3.7038,2026-06-23 18:00:00+00:00,2,70.05,0.02,0.37,87.19,0.12,5.36,18.08,0.89
Madrid,ES,40.4168,-3.7038,2026-06-23 19:00:00+00:00,2,70.92,0.01,0.45,85.88,0.14,5.57,18.6,1.2
Madrid,ES,40.4168,-3.7038,2026-06-23 20:00:00+00:00,2,72.78,0.0,0.54,84.5,0.16,5.95,19.4,1.67
Madrid,ES,40.4168,-3.7038,2026-06-23 21:00:00+00:00,2,75.12,0.0,0.59,83.81,0.19,6.37,20.0,2.13
Madrid,ES,40.4168,-3.7038,2026-06-23 22:00:00+00:00,2,76.03,0.0,0.67,80.37,0.2,6.59,19.38,2.74
Madrid,ES,40.4168,-3.7038,2026-06-23 23:00:00+00:00,2,78.09,0.0,0.77,76.7,0.21,6.84,18.83,3.54
Madrid,ES,40.4168,-3.7038,2026-06-24 00:00:00+00:00,2,79.76,0.0,0.82,73.62,0.21,7.06,18.58,4.16
Madrid,ES,40.4168,-3.7038,2026-06-24 01:00:00+00:00,2,79.94,0.0,0.89,68.33,0.2,7.12,17.86,4.87
Madrid,ES,40.4168,-3.7038,2026-06-24 02:00:00+00:00,2,80.73,0.0,0.99,62.67,0.19,7.22,17.34,5.76
Madrid,ES,40.4168,-3.7038,2026-06-24 03:00:00+00:00,1,81.39,0.0,1.11,57.69,0.17,7.3,17.13,6.62
Madrid,ES,40.4168,-3.7038,2026-06-24 04:00:00+00:00,1,80.83,0.0,1.24,52.77,0.14,7.3,16.93,7.33
Madrid,ES,40.4168,-3.7038,2026-06-24 05:00:00+00:00,1,81.48,0.0,1.56,48.26,0.12,7.41,17.02,7.71
Madrid,ES,40.4168,-3.7038,2026-06-24 06:00:00+00:00,1,82.45,0.04,2.13,44.05,0.11,7.56,17.18,7.92
Madrid,ES,40.4168,-3.7038,2026-06-24 07:00:00+00:00,1,82.22,0.38,2.22,40.84,0.1,7.56,17.07,7.8
Madrid,ES,40.4168,-3.7038,2026-06-24 08:00:00+00:00,1,81.52,0.69,1.95,40.77,0.09,7.48,16.84,7.43
Madrid,ES,40.4168,-3.7038,2026-06-24 09:00:00+00:00,1,81.22,0.6,1.68,47.15,0.09,7.44,16.89,7.11
Madrid,ES,40.4168,-3.7038,2026-06-24 10:00:00+00:00,2,80.53,0.1,0.48,81.5,0.28,7.86,23.44,3.21
Madrid,ES,40.4168,-3.7038,2026-06-24 11:00:00+00:00,2,78.19,0.07,0.32,85.49,0.29,7.4,23.38,2.24
Madrid,ES,40.4168,-3.7038,2026-06-24 12:00:00+00:00,2,76.48,0.06,0.28,86.23,0.28,6.91,22.28,1.9
Madrid,ES,40.4168,-3.7038,2026-06-24 13:00:00+00:00,2,75.79,0.05,0.25,87.94,0.24,6.44,21.3,1.54
Madrid,ES,40.4168,-3.7038,2026-06-24 14:00:00+00:00,2,74.04,0.04,0.24,87.34,0.2,6.2,21.33,1.24
Madrid,ES,40.4168,-3.7038,2026-06-24 15:00:00+00:00,2,72.91,0.04,0.26,86.65,0.19,6.12,21.43,1.09
Madrid,ES,40.4168,-3.7038,2026-06-24 16:00:00+00:00,2,73.14,0.04,0.29,86.77,0.19,6.24,22.01,1.05
Madrid,ES,40.4168,-3.7038,2026-06-24 17:00:00+00:00,2,73.47,0.03,0.32,85.95,0.2,6.4,22.67,1.09
Madrid,ES,40.4168,-3.7038,2026-06-24 18:00:00+00:00,2,74.27,0.03,0.37,84.86,0.23,6.46,22.99,1.2
Madrid,ES,40.4168,-3.7038,2026-06-24 19:00:00+00:00,2,75.65,0.01,0.46,83.94,0.27,6.44,22.97,1.39
Madrid,ES,40.4168,-3.7038,2026-06-24 20:00:00+00:00,2,78.22,0.0,0.54,83.68,0.33,6.66,23.46,1.66
Madrid,ES,40.4168,-3.7038,2026-06-24 21:00:00+00:00,2,81.23,0.0,0.51,84.13,0.35,7.07,24.34,1.91
Madrid,ES,40.4168,-3.7038,2026-06-24 22:00:00+00:00,2,82.32,0.0,0.49,83.24,0.34,7.2,23.77,2.12
Madrid,ES,40.4168,-3.7038,2026-06-24 23:00:00+00:00,2,83.88,0.0,0.5,83.69,0.36,7.44,23.35,2.3
Madrid,ES,40.4168,-3.7038,2026-06-25 00:00:00+00:00,2,84.5,0.0,0.52,83.36,0.4,7.74,23.15,2.4
Madrid,ES,40.4168,-3.7038,2026-06-25 01:00:00+00:00,2,83.4,0.0,0.51,81.04,0.44,7.89,22.82,2.4
Madrid,ES,40.4168,-3.7038,2026-06-25 02:00:00+00:00,2,83.72,0.0,0.5,79.72,0.48,8.07,22.84,2.39
Madrid,ES,40.4168,-3.7038,2026-06-25 03:00:00+00:00,2,84.2,0.0,0.48,78.1,0.51,8.03,22.51,2.33
Madrid,ES,40.4168,-3.7038,2026-06-25 04:00:00+00:00,2,83.37,0.0,0.46,75.18,0.49,7.62,21.32,2.19
Madrid,ES,40.4168,-3.7038,2026-06-25 05:00:00+00:00,2,83.61,0.0,0.5,72.59,0.48,7.11,19.83,2.07
Madrid,ES,40.4168,-3.7038,2026-06-25 06:00:00+00:00,2,83.87,0.0,0.61,69.77,0.45,6.41,17.87,1.96
Madrid,ES,40.4168,-3.7038,2026-06-25 07:00:00+00:00,2,82.97,0.04,0.63,66.74,0.45,5.52,15.12,1.78
Madrid,ES,40.4168,-3.7038,2026-06-25 08:00:00+00:00,2,82.15,0.08,0.55,65.22,0.44,4.68,12.46,1.6
Madrid,ES,40.4168,-3.7038,2026-06-25 09:00:00+00:00,2,81.39,0.09,0.44,64.93,0.42,3.85,10.05,1.46
Madrid,ES,40.4168,-3.7038,2026-06-25 10:00:00+00:00,2,80.64,0.07,0.29,66.69,0.36,2.75,7.12,1.17
Madrid,ES,40.4168,-3.7038,2026-06-25 11:00:00+00:00,2,79.2,0.05,0.22,67.32,0.32,1.93,5.02,0.99
Madrid,ES,40.4168,-3.7038,2026-06-25 12:00:00+00:00,2,78.26,0.05,0.2,67.71,0.3,1.52,3.94,0.93
Madrid,ES,40.4168,-3.7038,2026-06-25 13:00:00+00:00,2,78.07,0.04,0.17,71.01,0.25,1.21,3.16,0.83
Madrid,ES,40.4168,-3.7038,2026-06-25 14:00:00+00:00,2,77.06,0.04,0.15,72.27,0.21,1.04,2.78,0.76
Madrid,ES,40.4168,-3.7038,2026-06-25 15:00:00+00:00,2,76.32,0.04,0.16,71.55,0.18,0.95,2.59,0.76
Madrid,ES,40.4168,-3.7038,2026-06-25 16:00:00+00:00,2,76.46,0.04,0.16,70.85,0.16,0.87,2.43,0.8
Madrid,ES,40.4168,-3.7038,2026-06-25 17:00:00+00:00,2,76.07,0.04,0.17,69.5,0.13,0.8,2.29,0.86
Madrid,ES,40.4168,-3.7038,2026-06-25 18:00:00+00:00,2,75.63,0.03,0.19,67.78,0.13,0.74,2.19,0.93
Madrid,ES,40.4168,-3.7038,2026-06-25 19:00:00+00:00,2,75.84,0.02,0.3,64.91,0.13,0.71,2.13,1.34
Madrid,ES,40.4168,-3.7038,2026-06-25 20:00:00+00:00,2,76.21,0.0,0.47,61.09,0.15,0.7,2.13,1.97
Madrid,ES,40.4168,-3.7038,2026-06-25 21:00:00+00:00,1,76.71,0.0,0.58,57.87,0.16,0.69,2.14,2.46
Madrid,ES,40.4168,-3.7038,2026-06-25 22:00:00+00:00,1,76.47,0.0,0.64,54.79,0.16,0.67,2.12,2.81
Madrid,ES,40.4168,-3.7038,2026-06-25 23:00:00+00:00,1,77.11,0.0,0.63,52.97,0.15,0.68,2.16,3.01
Madrid,ES,40.4168,-3.7038,2026-06-26 00:00:00+00:00,1,77.93,0.0,0.59,51.81,0.13,0.71,2.22,3.06
Madrid,ES,40.4168,-3.7038,2026-06-26 01:00:00+00:00,1,77.5,0.0,0.57,49.93,0.11,0.75,2.27,3.1
Madrid,ES,40.4168,-3.7038,2026-06-26 02:00:00+00:00,1,78.03,0.0,0.58,48.41,0.09,0.81,2.37,3.41
Madrid,ES,40.4168,-3.7038,2026-06-26 03:00:00+00:00,1,78.59,0.0,0.59,47.24,0.07,0.87,2.49,3.62
Madrid,ES,40.4168,-3.7038,2026-06-26 04:00:00+00:00,1,78.34,0.0,0.62,45.95,0.06,0.92,2.59,3.68
Madrid,ES,40.4168,-3.7038,2026-06-26 05:00:00+00:00,1,78.78,0.0,0.74,45.19,0.05,0.99,2.74,3.8
Madrid,ES,40.4168,-3.7038,2026-06-26 06:00:00+00:00,1,79.38,0.02,0.92,44.97,0.05,1.06,2.92,3.88
Madrid,ES,40.4168,-3.7038,2026-06-26 07:00:00+00:00,1,79.07,0.14,0.83,45.32,0.05,1.11,3.06,3.97
Madrid,ES,40.4168,-3.7038,2026-06-26 08:00:00+00:00,1,78.35,0.19,0.66,46.84,0.05,1.16,3.2,4.0
Madrid,ES,40.4168,-3.7038,2026-06-26 09:00:00+00:00,1,77.91,0.15,0.48,50.46,0.06,1.22,3.35,3.71
Madrid,ES,40.4168,-3.7038,2026-06-26 10:00:00+00:00,1,77.89,0.06,0.22,59.82,0.11,1.09,2.88,1.89
Madrid,ES,40.4168,-3.7038,2026-06-26 11:00:00+00:00,2,76.66,0.05,0.17,61.28,0.12,0.95,2.46,1.4
Madrid,ES,40.4168,-3.7038,2026-06-26 12:00:00+00:00,2,75.65,0.05,0.16,62.26,0.13,0.91,2.29,1.28
Madrid,ES,40.4168,-3.7038,2026-06-26 13:00:00+00:00,2,75.65,0.04,0.16,64.84,0.14,0.89,2.19,1.22
Madrid,ES,40.4168,-3.7038,2026-06-26 14:00:00+00:00,2,74.42,0.04,0.16,67.72,0.14,0.84,2.04,1.14
Madrid,ES,40.4168,-3.7038,2026-06-26 15:00:00+00:00,2,73.44,0.04,0.18,69.68,0.15,0.83,1.96,1.09
Madrid,ES,40.4168,-3.7038,2026-06-26 16:00:00+00:00,2,73.67,0.04,0.2,71.55,0.17,0.84,1.97,1.12
Madrid,ES,40.4168,-3.7038,2026-06-26 17:00:00+00:00,2,73.35,0.04,0.21,72.32,0.17,0.85,1.99,1.17
Madrid,ES,40.4168,-3.7038,2026-06-26 18:00:00+00:00,2,73.14,0.03,0.23,73.01,0.18,0.86,2.02,1.23
Madrid,ES,40.4168,-3.7038,2026-06-26 19:00:00+00:00,2,73.29,0.02,0.33,71.23,0.17,0.87,2.1,1.68
Madrid,ES,40.4168,-3.7038,2026-06-26 20:00:00+00:00,2,74.01,0.0,0.47,67.26,0.15,0.89,2.21,2.44
Madrid,ES,40.4168,-3.7038,2026-06-26 21:00:00+00:00,2,74.85,0.0,0.56,63.69,0.13,0.9,2.31,3.1
Madrid,ES,40.4168,-3.7038,2026-06-26 22:00:00+00:00,1,74.48,0.0,0.69,57.54,0.11,0.91,2.3,3.98
Madrid,ES,40.4168,-3.7038,2026-06-26 23:00:00+00:00,1,74.76,0.0,0.81,51.52,0.09,0.93,2.33,4.97
Madrid,ES,40.4168,-3.7038,2026-06-27 00:00:00+00:00,1,75.04,0.0,0.88,46.59,0.07,0.95,2.39,5.7
Madrid,ES,40.4168,-3.7038,2026-06-27 01:00:00+00:00,1,74.68,0.0,0.92,42.51,0.05,0.95,2.47,6.25
Madrid,ES,40.4168,-3.7038,2026-06-27 02:00:00+00:00,1,74.87,0.0,0.97,39.4,0.04,0.96,2.56,6.77
Madrid,ES,40.4168,-3.7038,2026-06-27 03:00:00+00:00,1,74.91,0.0,1.03,36.7,0.03,0.97,2.64,7.31
Madrid,ES,40.4168,-3.7038,2026-06-27 04:00:00+00:00,1,74.64,0.0,1.11,34.06,0.03,0.97,2.72,7.71
Madrid,ES,40.4168,-3.7038,2026-06-27 05:00:00+00:00,1,74.88,0.0,1.31,31.44,0.02,1.0,2.85,7.78
Madrid,ES,40.4168,-3.7038,2026-06-27 06:00:00+00:00,1,75.31,0.06,1.58,29.16,0.02,1.04,3.03,7.64
Madrid,ES,40.4168,-3.7038,2026-06-27 07:00:00+00:00,1,74.95,0.36,1.36,29.01,0.03,1.09,3.24,7.21
Madrid,ES,40.4168,-3.7038,2026-06-27 08:00:00+00:00,1,74.4,0.47,1.09,31.83,0.03,1.15,3.44,6.81
Madrid,ES,40.4168,-3.7038,2026-06-27 09:00:00+00:00,1,74.28,0.32,0.85,39.29,0.04,1.27,3.74,6.51
Madrid,ES,40.4168,-3.7038,2026-06-27 10:00:00+00:00,2,75.8,0.08,0.28,63.16,0.19,1.31,4.05,2.75
Madrid,ES,40.4168,-3.7038,2026-06-27 11:00:00+00:00,2,74.83,0.05,0.19,68.39,0.18,1.34,3.88,1.79
Madrid,ES,40.4168,-3.7038,2026-06-27 12:00:00+00:00,2,74.08,0.04,0.17,70.16,0.18,1.35,3.75,1.59
Madrid,ES,40.4168,-3.7038,2026-06-27 13:00:00+00:00,2,73.78,0.04,0.16,74.23,0.17,1.29,3.4,1.39
Madrid,ES,40.4168,-3.7038,2026-06-27 14:00:00+00:00,2,72.42,0.03,0.17,77.86,0.14,1.2,3.04,1.2
Madrid,ES,40.4168,-3.7038,2026-06-27 15:00:00+00:00,2,71.57,0.03,0.18,79.61,0.14,1.19,2.94,1.11
Madrid,ES,40.4168,-3.7038,2026-06-27 16:00:00+00:00,2,71.67,0.03,0.19,81.21,0.12,1.21,2.91,1.09
Madrid,ES,40.4168,-3.7038,2026-06-27 17:00:00+00:00,2,71.59,0.03,0.2,81.28,0.12,1.21,2.89,1.15
Madrid,ES,40.4168,-3.7038,2026-06-27 18:00:00+00:00,2,71.45,0.03,0.22,80.94,0.11,1.24,2.93,1.22
Madrid,ES,40.4168,-3.7038,2026-06-27 19:00:00+00:00,2,71.65,0.02,0.32,77.74,0.12,1.27,3.0,1.78
Madrid,ES,40.4168,-3.7038,2026-06-27 20:00:00+00:00,2,72.4,0.0,0.47,72.48,0.12,1.29,3.06,2.71
Madrid,ES,40.4168,-3.7038,2026-06-27 21:00:00+00:00,2,73.24,0.0,0.57,67.92,0.11,1.31,3.1,3.48
Madrid,ES,40.4168,-3.7038,2026-06-27 22:00:00+00:00,2,72.87,0.0,0.71,61.21,0.1,1.3,3.05,4.39
Madrid,ES,40.4168,-3.7038,2026-06-27 23:00:00+00:00,1,73.28,0.0,0.83,54.83,0.09,1.31,3.06,5.39
Madrid,ES,40.4168,-3.7038,2026-06-28 00:00:00+00:00,1,73.69,0.0,0.89,50.13,0.07,1.32,3.1,6.19
Madrid,ES,40.4168,-3.7038,2026-06-28 01:00:00+00:00,1,73.44,0.0,0.91,46.46,0.06,1.3,3.12,6.87
Madrid,ES,40.4168,-3.7038,2026-06-28 02:00:00+00:00,1,73.83,0.0,0.94,44.0,0.05,1.29,3.16,7.25
Madrid,ES,40.4168,-3.7038,2026-06-28 03:00:00+00:00,1,74.21,0.0,0.98,41.7,0.04,1.29,3.19,7.46
Madrid,ES,40.4168,-3.7038,2026-06-28 04:00:00+00:00,1,73.77,0.0,1.05,39.32,0.04,1.27,3.18,7.53
Madrid,ES,40.4168,-3.7038,2026-06-28 05:00:00+00:00,1,74.09,0.0,1.23,37.39,0.03,1.26,3.22,7.51
Madrid,ES,40.4168,-3.7038,2026-06-28 06:00:00+00:00,1,74.47,0.02,1.51,35.73,0.03,1.26,3.28,7.38
Madrid,ES,40.4168,-3.7038,2026-06-28 07:00:00+00:00,1,74.07,0.2,1.46,34.75,0.04,1.24,3.31,7.03
Madrid,ES,40.4168,-3.7038,2026-06-28 08:00:00+00:00,1,73.3,0.36,1.19,36.21,0.04,1.25,3.31,6.61
Madrid,ES,40.4168,-3.7038,2026-06-28 09:00:00+00:00,1,72.88,0.32,0.93,42.86,0.05,1.29,3.37,6.09
Madrid,ES,40.4168,-3.7038,2026-06-28 10:00:00+00:00,2,74.09,0.06,0.26,69.86,0.12,1.67,4.57,2.16
Madrid,ES,40.4168,-3.7038,2026-06-28 11:00:00+00:00,2,74.27,0.03,0.17,75.2,0.15,2.44,6.48,1.36
Madrid,ES,40.4168,-3.7038,2026-06-28 12:00:00+00:00,2,74.25,0.03,0.15,76.65,0.16,2.65,6.89,1.18
Madrid,ES,40.4168,-3.7038,2026-06-28 13:00:00+00:00,2,74.48,0.03,0.15,77.73,0.16,2.6,6.62,1.16
Madrid,ES,40.4168,-3.7038,2026-06-28 14:00:00+00:00,2,73.92,0.03,0.17,77.7,0.15,2.45,6.12,1.23
Madrid,ES,40.4168,-3.7038,2026-06-28 15:00:00+00:00,2,73.31,0.03,0.18,77.65,0.14,2.28,5.6,1.34
Madrid,ES,40.4168,-3.7038,2026-06-28 16:00:00+00:00,2,73.67,0.04,0.2,78.16,0.13,2.13,5.08,1.55
Madrid,ES,40.4168,-3.7038,2026-06-28 17:00:00+00:00,2,73.62,0.03,0.23,77.15,0.12,1.94,4.49,1.65
Madrid,ES,40.4168,-3.7038,2026-06-28 18:00:00+00:00,2,73.43,0.03,0.26,76.51,0.11,1.72,3.88,1.69
Madrid,ES,40.4168,-3.7038,2026-06-28 19:00:00+00:00,2,73.57,0.01,0.34,75.24,0.1,1.5,3.33,1.98
Madrid,ES,40.4168,-3.7038,2026-06-28 20:00:00+00:00,2,73.95,0.0,0.46,72.57,0.09,1.3,2.89,2.67
Madrid,ES,40.4168,-3.7038,2026-06-28 21:00:00+00:00,2,74.36,0.0,0.54,70.43,0.08,1.1,2.55,3.31
Madrid,ES,40.4168,-3.7038,2026-06-28 22:00:00+00:00,2,73.65,0.0,0.64,65.97,0.07,0.97,2.27,4.11
Madrid,ES,40.4168,-3.7038,2026-06-28 23:00:00+00:00,2,73.84,0.0,0.78,61.12,0.06,0.9,2.13,5.0
Madrid,ES,40.4168,-3.7038,2026-06-29 00:00:00+00:00,1,74.1,0.0,0.94,56.83,0.06,0.87,2.08,5.71
Madrid,ES,40.4168,-3.7038,2026-06-29 01:00:00+00:00,1,74.02,0.0,1.08,52.54,0.05,0.86,2.07,6.27
Madrid,ES,40.4168,-3.7038,2026-06-29 02:00:00+00:00,1,74.78,0.0,1.21,48.8,0.04,0.89,2.13,6.78
Madrid,ES,40.4168,-3.7038,2026-06-29 03:00:00+00:00,1,75.59,0.0,1.37,45.72,0.04,0.95,2.28,7.28
Madrid,ES,40.4168,-3.7038,2026-06-29 04:00:00+00:00,1,75.55,0.0,1.54,43.07,0.03,1.04,2.47,7.45
Madrid,ES,40.4168,-3.7038,2026-06-29 05:00:00+00:00,1,76.74,0.0,1.87,41.47,0.03,1.2,2.78,7.28
Madrid,ES,40.4168,-3.7038,2026-06-29 06:00:00+00:00,1,78.66,0.05,2.23,42.19,0.03,1.49,3.29,6.9
Madrid,ES,40.4168,-3.7038,2026-06-29 07:00:00+00:00,1,80.42,0.28,1.89,50.31,0.05,2.11,4.31,5.82
Madrid,ES,40.4168,-3.7038,2026-06-29 08:00:00+00:00,1,81.32,0.44,1.63,54.78,0.05,2.64,5.06,5.3
Madrid,ES,40.4168,-3.7038,2026-06-29 09:00:00+00:00,2,82.01,0.4,1.37,61.83,0.06,3.2,5.81,5.03
Madrid,ES,40.4168,-3.7038,2026-06-29 10:00:00+00:00,2,80.14,0.11,0.49,81.47,0.1,3.57,6.8,2.44
Madrid,ES,40.4168,-3.7038,2026-06-29 11:00:00+00:00,2,77.85,0.06,0.27,84.15,0.1,3.36,6.44,1.71
Madrid,ES,40.4168,-3.7038,2026-06-29 12:00:00+00:00,2,76.82,0.05,0.24,84.63,0.09,3.41,6.51,1.57
Madrid,ES,40.4168,-3.7038,2026-06-29 13:00:00+00:00,2,77.21,0.05,0.23,86.14,0.09,3.42,6.53,1.51
Madrid,ES,40.4168,-3.7038,2026-06-29 14:00:00+00:00,2,76.31,0.04,0.23,86.87,0.08,3.26,6.22,1.45
Madrid,ES,40.4168,-3.7038,2026-06-29 15:00:00+00:00,2,75.68,0.04,0.25,87.44,0.07,3.13,6.0,1.42
Madrid,ES,40.4168,-3.7038,2026-06-29 16:00:00+00:00,2,75.84,0.04,0.31,88.37,0.07,3.06,5.85,1.54
Madrid,ES,40.4168,-3.7038,2026-06-29 17:00:00+00:00,2,75.89,0.05,0.39,88.45,0.07,3.0,5.71,1.8
Madrid,ES,40.4168,-3.7038,2026-06-29 18:00:00+00:00,2,76.0,0.05,0.47,88.47,0.06,2.96,5.6,2.07
Madrid,ES,40.4168,-3.7038,2026-06-29 19:00:00+00:00,2,76.95,0.03,0.68,86.41,0.06,2.99,5.59,2.74
Madrid,ES,40.4168,-3.7038,2026-06-29 20:00:00+00:00,2,78.28,0.0,1.01,82.19,0.07,3.05,5.61,3.68
Madrid,ES,40.4168,-3.7038,2026-06-29 21:00:00+00:00,2,79.62,0.0,1.24,77.91,0.07,3.11,5.58,4.43
Madrid,ES,40.4168,-3.7038,2026-06-29 22:00:00+00:00,2,79.95,0.0,1.49,70.43,0.08,3.14,5.43,5.27
Madrid,ES,40.4168,-3.7038,2026-06-29 23:00:00+00:00,2,81.08,0.0,1.77,62.98,0.08,3.22,5.41,6.22
Madrid,ES,40.4168,-3.7038,2026-06-30 00:00:00+00:00,1,81.97,0.0,1.96,56.99,0.07,3.29,5.43,7.06
Madrid,ES,40.4168,-3.7038,2026-06-30 01:00:00+00:00,1,81.69,0.0,1.98,52.6,0.07,3.28,5.36,7.6
Madrid,ES,40.4168,-3.7038,2026-06-30 02:00:00+00:00,1,81.79,0.0,1.89,49.8,0.06,3.23,5.25,7.49
Madrid,ES,40.4168,-3.7038,2026-06-30 03:00:00+00:00,1,82.05,0.0,1.84,48.16,0.06,3.17,5.14,7.3
Madrid,ES,40.4168,-3.7038,2026-06-30 04:00:00+00:00,1,81.73,0.0,1.85,47.75,0.06,3.09,5.12,6.97
Madrid,ES,40.4168,-3.7038,2026-06-30 05:00:00+00:00,1,82.14,0.0,2.09,45.58,0.06,3.07,5.16,6.86
Madrid,ES,40.4168,-3.7038,2026-06-30 06:00:00+00:00,1,82.88,0.05,2.53,42.51,0.06,3.08,5.25,6.87
Madrid,ES,40.4168,-3.7038,2026-06-30 07:00:00+00:00,1,82.47,0.41,2.43,40.74,0.05,3.06,5.29,6.75
Madrid,ES,40.4168,-3.7038,2026-06-30 08:00:00+00:00,1,81.84,0.66,2.07,43.22,0.05,3.06,5.37,6.5
Madrid,ES,40.4168,-3.7038,2026-06-30 09:00:00+00:00,1,81.55,0.53,1.7,52.18,0.06,3.17,5.64,6.26
Madrid,ES,40.4168,-3.7038,2026-06-30 10:00:00+00:00,2,83.6,0.11,0.54,86.58,0.34,3.63,6.82,2.65
Madrid,ES,40.4168,-3.7038,2026-06-30 11:00:00+00:00,2,81.77,0.06,0.33,90.53,0.25,3.43,6.15,1.91
Madrid,ES,40.4168,-3.7038,2026-06-30 12:00:00+00:00,2,80.02,0.06,0.29,91.22,0.2,3.3,5.8,1.78
Madrid,ES,40.4168,-3.7038,2026-06-30 13:00:00+00:00,2,79.93,0.05,0.28,92.9,0.18,3.25,5.66,1.77
Madrid,ES,40.4168,-3.7038,2026-06-30 14:00:00+00:00,2,79.09,0.04,0.27,93.29,0.15,3.12,5.38,1.75
Madrid,ES,40.4168,-3.7038,2026-06-30 15:00:00+00:00,2,78.49,0.04,0.28,93.29,0.14,3.0,5.14,1.76
Madrid,ES,40.4168,-3.7038,2026-06-30 16:00:00+00:00,2,78.98,0.04,0.31,93.73,0.13,2.93,5.0,1.87
Madrid,ES,40.4168,-3.7038,2026-06-30 17:00:00+00:00,2,79.27,0.03,0.34,93.32,0.12,2.86,4.86,2.08
Madrid,ES,40.4168,-3.7038,2026-06-30 18:00:00+00:00,2,79.67,0.03,0.38,92.8,0.12,2.79,4.73,2.29
Madrid,ES,40.4168,-3.7038,2026-06-30 19:00:00+00:00,2,80.39,0.02,0.58,87.81,0.11,2.81,4.71,3.12
Madrid,ES,40.4168,-3.7038,2026-06-30 20:00:00+00:00,2,81.48,0.0,0.88,80.36,0.11,2.89,4.81,4.35
Madrid,ES,40.4168,-3.7038,2026-06-30 21:00:00+00:00,2,82.43,0.0,1.07,74.48,0.11,2.95,4.9,5.3
Madrid,ES,40.4168,-3.7038,2026-06-30 22:00:00+00:00,2,81.91,0.0,1.21,68.51,0.09,2.93,4.86,6.08
Madrid,ES,40.4168,-3.7038,2026-06-30 23:00:00+00:00,2,82.13,0.0,1.28,63.76,0.09,2.92,4.83,6.87
Madrid,ES,40.4168,-3.7038,2026-07-01 00:00:00+00:00,2,82.07,0.0,1.33,60.41,0.08,2.89,4.81,7.73
Madrid,ES,40.4168,-3.7038,2026-07-01 01:00:00+00:00,1,81.79,0.0,1.39,58.24,0.08,2.84,4.76,8.35
Madrid,ES,40.4168,-3.7038,2026-07-01 02:00:00+00:00,1,82.23,0.0,1.49,57.16,0.09,2.84,4.81,8.45
Madrid,ES,40.4168,-3.7038,2026-07-01 03:00:00+00:00,1,83.05,0.0,1.64,56.35,0.09,2.87,4.94,8.48
Madrid,ES,40.4168,-3.7038,2026-07-01 04:00:00+00:00,1,83.22,0.0,1.84,54.79,0.09,2.91,5.06,8.2
Madrid,ES,40.4168,-3.7038,2026-07-01 05:00:00+00:00,1,84.09,0.0,2.19,52.0,0.09,2.97,5.23,7.62
Madrid,ES,40.4168,-3.7038,2026-07-01 06:00:00+00:00,1,85.15,0.04,2.67,49.31,0.09,3.05,5.41,7.07
Madrid,ES,40.4168,-3.7038,2026-07-01 07:00:00+00:00,1,84.67,0.34,2.56,49.04,0.09,3.09,5.57,6.51
Madrid,ES,40.4168,-3.7038,2026-07-01 08:00:00+00:00,1,84.0,0.51,2.21,52.7,0.09,3.12,5.69,6.11
Madrid,ES,40.4168,-3.7038,2026-07-01 09:00:00+00:00,2,83.79,0.39,1.73,63.41,0.1,3.22,5.87,5.83
Madrid,ES,40.4168,-3.7038,2026-07-01 10:00:00+00:00,2,81.98,0.15,0.82,90.87,0.23,3.18,5.95,4.6
Madrid,ES,40.4168,-3.7038,2026-07-01 11:00:00+00:00,2,80.85,0.09,0.54,97.45,0.18,3.26,5.77,4.11
Madrid,ES,40.4168,-3.7038,2026-07-01 12:00:00+00:00,3,80.14,0.08,0.47,100.56,0.15,3.4,5.8,3.94
Madrid,ES,40.4168,-3.7038,2026-07-01 13:00:00+00:00,3,78.67,0.06,0.34,100.82,0.1,3.0,4.91,3.25
Madrid,ES,40.4168,-3.7038,2026-07-01 14:00:00+00:00,2,76.44,0.04,0.28,98.52,0.07,2.61,4.14,2.78
Madrid,ES,40.4168,-3.7038,2026-07-01 15:00:00+00:00,2,75.58,0.04,0.28,97.66,0.06,2.46,3.85,2.62
Madrid,ES,40.4168,-3.7038,2026-07-01 16:00:00+00:00,2,75.75,0.04,0.31,97.74,0.05,2.35,3.62,2.59
Madrid,ES,40.4168,-3.7038,2026-07-01 17:00:00+00:00,2,75.54,0.03,0.33,97.27,0.05,2.2,3.37,2.61
Madrid,ES,40.4168,-3.7038,2026-07-01 18:00:00+00:00,2,75.4,0.02,0.35,96.52,0.04,2.1,3.21,2.66
Madrid,ES,40.4168,-3.7038,2026-07-01 19:00:00+00:00,2,75.67,0.01,0.46,94.5,0.04,2.09,3.2,2.9
Madrid,ES,40.4168,-3.7038,2026-07-01 20:00:00+00:00,2,76.73,0.0,0.67,91.15,0.05,2.14,3.28,3.3
Madrid,ES,40.4168,-3.7038,2026-07-01 21:00:00+00:00,2,77.88,0.0,0.95,87.94,0.06,2.2,3.36,3.65
Madrid,ES,40.4168,-3.7038,2026-07-01 22:00:00+00:00,2,78.42,0.0,1.29,84.37,0.08,2.25,3.42,3.88
Madrid,ES,40.4168,-3.7038,2026-07-01 23:00:00+00:00,2,80.34,0.0,1.56,83.54,0.11,2.34,3.51,4.0
Madrid,ES,40.4168,-3.7038,2026-07-02 00:00:00+00:00,2,81.47,0.0,1.6,83.4,0.14,2.26,3.39,3.89
Madrid,ES,40.4168,-3.7038,2026-07-02 01:00:00+00:00,2,79.52,0.0,1.27,82.74,0.15,1.88,2.95,3.43
Madrid,ES,40.4168,-3.7038,2026-07-02 02:00:00+00:00,2,79.08,0.0,1.04,81.65,0.14,1.72,2.88,3.38
Madrid,ES,40.4168,-3.7038,2026-07-02 03:00:00+00:00,2,79.3,0.0,0.95,80.71,0.13,1.77,3.2,3.47
Madrid,ES,40.4168,-3.7038,2026-07-02 04:00:00+00:00,2,79.07,0.0,0.96,78.61,0.14,1.82,3.49,3.52
Madrid,ES,40.4168,-3.7038,2026-07-02 05:00:00+00:00,2,79.85,0.0,1.09,77.12,0.14,1.81,3.61,3.6
Madrid,ES,40.4168,-3.7038,2026-07-02 06:00:00+00:00,2,80.66,0.02,1.42,75.97,0.13,1.73,3.53,3.63
Madrid,ES,40.4168,-3.7038,2026-07-02 07:00:00+00:00,2,80.24,0.15,1.57,74.69,0.13,1.58,3.32,3.58
Madrid,ES,40.4168,-3.7038,2026-07-02 08:00:00+00:00,2,80.04,0.29,1.49,76.46,0.12,1.46,3.11,3.5
Madrid,ES,40.4168,-3.7038,2026-07-02 09:00:00+00:00,2,79.82,0.28,1.24,81.91,0.12,1.42,3.01,3.37
Madrid,ES,40.4168,-3.7038,2026-07-02 10:00:00+00:00,2,80.03,0.17,0.79,90.57,0.12,1.67,3.45,2.97
Madrid,ES,40.4168,-3.7038,2026-07-02 11:00:00+00:00,2,79.25,0.11,0.56,95.88,0.11,1.94,3.82,2.64
Madrid,ES,40.4168,-3.7038,2026-07-02 12:00:00+00:00,3,78.37,0.09,0.49,100.26,0.1,2.04,3.82,2.4
Madrid,ES,40.4168,-3.7038,2026-07-02 13:00:00+00:00,3,76.9,0.07,0.37,104.12,0.08,1.79,3.06,1.69
Madrid,ES,40.4168,-3.7038,2026-07-02 14:00:00+00:00,3,74.83,0.06,0.31,104.68,0.06,1.33,2.13,1.2
Madrid,ES,40.4168,-3.7038,2026-07-02 15:00:00+00:00,3,73.7,0.06,0.31,105.46,0.05,1.07,1.67,1.02
Madrid,ES,40.4168,-3.7038,2026-07-02 16:00:00+00:00,3,73.87,0.06,0.35,107.43,0.04,0.91,1.39,0.95
Madrid,ES,40.4168,-3.7038,2026-07-02 17:00:00+00:00,3,73.52,0.06,0.41,108.13,0.04,0.78,1.19,0.95
Madrid,ES,40.4168,-3.7038,2026-07-02 18:00:00+00:00,3,73.4,0.05,0.49,107.79,0.04,0.7,1.07,0.99
Madrid,ES,40.4168,-3.7038,2026-07-02 19:00:00+00:00,3,73.59,0.03,0.69,105.91,0.05,0.66,1.06,1.21
Madrid,ES,40.4168,-3.7038,2026-07-02 20:00:00+00:00,3,74.61,0.0,1.0,102.38,0.06,0.66,1.14,1.62
Madrid,ES,40.4168,-3.7038,2026-07-02 21:00:00+00:00,2,76.0,0.0,1.23,97.26,0.07,0.68,1.25,2.02
Madrid,ES,40.4168,-3.7038,2026-07-02 22:00:00+00:00,2,76.56,0.0,1.37,90.52,0.09,0.74,1.42,2.33
Madrid,ES,40.4168,-3.7038,2026-07-02 23:00:00+00:00,2,78.12,0.0,1.35,86.14,0.1,0.84,1.64,2.62
Madrid,ES,40.4168,-3.7038,2026-07-03 00:00:00+00:00,2,79.33,0.0,1.24,83.47,0.11,0.94,1.79,2.9
Madrid,ES,40.4168,-3.7038,2026-07-03 01:00:00+00:00,2,78.53,0.0,1.1,80.38,0.1,0.99,1.86,3.18
Madrid,ES,40.4168,-3.7038,2026-07-03 02:00:00+00:00,2,78.46,0.0,1.05,77.67,0.1,1.15,2.16,3.58
Madrid,ES,40.4168,-3.7038,2026-07-03 03:00:00+00:00,2,78.7,0.0,1.04,74.49,0.09,1.51,2.95,3.92
Madrid,ES,40.4168,-3.7038,2026-07-03 04:00:00+00:00,2,78.84,0.0,1.04,70.46,0.09,2.09,4.22,4.06
Madrid,ES,40.4168,-3.7038,2026-07-03 05:00:00+00:00,2,80.23,0.0,1.14,67.59,0.09,2.75,5.74,4.06
Madrid,ES,40.4168,-3.7038,2026-07-03 06:00:00+00:00,2,81.88,0.02,1.41,65.66,0.1,3.32,7.08,3.98
Madrid,ES,40.4168,-3.7038,2026-07-03 07:00:00+00:00,2,82.79,0.15,1.51,65.08,0.12,3.69,8.02,3.81
Madrid,ES,40.4168,-3.7038,2026-07-03 08:00:00+00:00,2,82.97,0.25,1.34,68.21,0.16,3.9,8.63,3.64
Madrid,ES,40.4168,-3.7038,2026-07-03 09:00:00+00:00,2,82.86,0.21,1.02,75.32,0.24,4.05,9.07,3.4
Madrid,ES,40.4168,-3.7038,2026-07-03 10:00:00+00:00,2,81.14,0.1,0.5,87.22,0.36,3.77,8.44,2.35
Madrid,ES,40.4168,-3.7038,2026-07-03 11:00:00+00:00,2,78.66,0.06,0.33,91.43,0.31,3.29,7.14,1.86
Madrid,ES,40.4168,-3.7038,2026-07-03 12:00:00+00:00,2,77.24,0.05,0.29,92.8,0.27,3.03,6.43,1.68
Madrid,ES,40.4168,-3.7038,2026-07-03 13:00:00+00:00,2,77.16,0.05,0.28,95.06,0.23,2.82,5.83,1.56
Madrid,ES,40.4168,-3.7038,2026-07-03 14:00:00+00:00,2,75.98,0.04,0.26,95.68,0.18,2.56,5.14,1.45
Madrid,ES,40.4168,-3.7038,2026-07-03 15:00:00+00:00,2,75.07,0.04,0.27,96.26,0.15,2.39,4.69,1.39
Madrid,ES,40.4168,-3.7038,2026-07-03 16:00:00+00:00,2,75.12,0.04,0.3,97.86,0.13,2.29,4.42,1.41
Madrid,ES,40.4168,-3.7038,2026-07-03 17:00:00+00:00,2,75.01,0.04,0.32,98.85,0.11,2.2,4.19,1.46
Madrid,ES,40.4168,-3.7038,2026-07-03 18:00:00+00:00,2,74.85,0.03,0.36,99.66,0.1,2.12,3.99,1.53
Madrid,ES,40.4168,-3.7038,2026-07-03 19:00:00+00:00,2,75.3,0.02,0.65,94.88,0.1,2.08,3.86,2.36
Madrid,ES,40.4168,-3.7038,2026-07-03 20:00:00+00:00,2,76.17,0.0,1.1,86.84,0.1,2.06,3.8,3.59
Madrid,ES,40.4168,-3.7038,2026-07-03 21:00:00+00:00,2,77.04,0.0,1.41,80.39,0.11,2.05,3.79,4.51
Madrid,ES,40.4168,-3.7038,2026-07-03 22:00:00+00:00,2,76.83,0.0,1.58,75.07,0.15,2.05,3.8,4.97
Madrid,ES,40.4168,-3.7038,2026-07-03 23:00:00+00:00,2,77.57,0.0,1.57,72.2,0.18,2.13,4.0,5.07
Madrid,ES,40.4168,-3.7038,2026-07-04 00:00:00+00:00,2,78.53,0.0,1.5,71.4,0.22,2.27,4.37,4.93
Madrid,ES,40.4168,-3.7038,2026-07-04 01:00:00+00:00,2,78.7,0.0,1.36,74.04,0.27,2.48,5.1,4.71
Madrid,ES,40.4168,-3.7038,2026-07-04 02:00:00+00:00,2,79.76,0.0,1.4,72.12,0.28,2.66,5.61,5.56
Madrid,ES,40.4168,-3.7038,2026-07-04 03:00:00+00:00,2,80.75,0.0,1.47,69.92,0.26,2.79,5.98,6.55
Madrid,ES,40.4168,-3.7038,2026-07-04 04:00:00+00:00,2,80.56,0.0,1.58,65.33,0.22,2.84,6.09,7.46
Madrid,ES,40.4168,-3.7038,2026-07-04 05:00:00+00:00,1,80.85,0.0,1.89,59.37,0.18,2.9,6.15,8.21
Madrid,ES,40.4168,-3.7038,2026-07-04 06:00:00+00:00,1,81.45,0.03,2.33,53.23,0.15,2.96,6.26,8.46
Madrid,ES,40.4168,-3.7038,2026-07-04 07:00:00+00:00,1,81.01,0.29,2.25,48.21,0.13,2.97,6.32,7.28
Madrid,ES,40.4168,-3.7038,2026-07-04 08:00:00+00:00,1,80.26,0.43,1.85,50.25,0.13,2.99,6.43,6.33
Madrid,ES,40.4168,-3.7038,2026-07-04 09:00:00+00:00,2,79.87,0.31,1.36,61.27,0.15,3.05,6.69,5.6
Madrid,ES,40.4168,-3.7038,2026-07-04 10:00:00+00:00,2,77.59,0.07,0.37,92.83,0.28,2.89,6.63,2.39
Madrid,ES,40.4168,-3.7038,2026-07-04 11:00:00+00:00,2,76.23,0.05,0.25,96.24,0.23,2.69,5.9,1.95
Madrid,ES,40.4168,-3.7038,2026-07-04 12:00:00+00:00,2,75.44,0.04,0.23,96.88,0.2,2.63,5.62,1.89
Madrid,ES,40.4168,-3.7038,2026-07-04 13:00:00+00:00,2,75.94,0.04,0.22,98.8,0.19,2.63,5.49,1.84
Madrid,ES,40.4168,-3.7038,2026-07-04 14:00:00+00:00,2,75.33,0.04,0.22,99.49,0.17,2.56,5.21,1.77
Madrid,ES,40.4168,-3.7038,2026-07-04 15:00:00+00:00,2,74.97,0.04,0.23,99.82,0.15,2.51,5.01,1.76
Madrid,ES,40.4168,-3.7038,2026-07-04 16:00:00+00:00,3,75.56,0.04,0.25,100.58,0.14,2.53,4.99,1.88
Madrid,ES,40.4168,-3.7038,2026-07-04 17:00:00+00:00,2,75.82,0.04,0.28,99.98,0.13,2.58,5.07,2.08
Madrid,ES,40.4168,-3.7038,2026-07-04 18:00:00+00:00,2,76.0,0.03,0.31,98.93,0.13,2.63,5.17,2.3
Madrid,ES,40.4168,-3.7038,2026-07-04 19:00:00+00:00,2,76.59,0.02,0.42,95.79,0.13,2.7,5.3,2.85
Madrid,ES,40.4168,-3.7038,2026-07-04 20:00:00+00:00,2,77.35,0.0,0.59,90.32,0.13,2.78,5.44,3.68
Madrid,ES,40.4168,-3.7038,2026-07-04 21:00:00+00:00,2,78.09,0.0,0.71,85.29,0.14,2.86,5.55,4.44
Madrid,ES,40.4168,-3.7038,2026-07-04 22:00:00+00:00,2,77.69,0.0,0.78,79.88,0.15,2.88,5.55,4.98
Madrid,ES,40.4168,-3.7038,2026-07-04 23:00:00+00:00,2,78.32,0.0,0.8,76.42,0.14,2.92,5.62,5.35
Madrid,ES,40.4168,-3.7038,2026-07-05 00:00:00+00:00,2,79.21,0.0,0.84,74.05,0.13,2.95,5.75,5.52
Madrid,ES,40.4168,-3.7038,2026-07-05 01:00:00+00:00,2,79.29,0.0,0.9,71.03,0.12,2.95,5.8,5.58
Madrid,ES,40.4168,-3.7038,2026-07-05 02:00:00+00:00,2,80.12,0.0,1.01,67.6,0.12,2.97,5.83,5.89
Madrid,ES,40.4168,-3.7038,2026-07-05 03:00:00+00:00,2,80.81,0.0,1.17,64.28,0.12,2.99,5.85,6.44
Madrid,ES,40.4168,-3.7038,2026-07-05 04:00:00+00:00,2,80.66,0.0,1.33,60.14,0.11,2.99,5.8,6.96
Madrid,ES,40.4168,-3.7038,2026-07-05 05:00:00+00:00,1,81.28,0.0,1.57,56.42,0.11,3.05,5.86,6.91
Madrid,ES,40.4168,-3.7038,2026-07-05 06:00:00+00:00,1,82.06,0.03,1.9,52.95,0.1,3.15,5.99,6.64
Madrid,ES,40.4168,-3.7038,2026-07-05 07:00:00+00:00,1,81.7,0.22,1.85,50.7,0.1,3.2,6.08,6.24
Madrid,ES,40.4168,-3.7038,2026-07-05 08:00:00+00:00,1,81.12,0.35,1.54,53.08,0.1,3.26,6.2,5.87
Madrid,ES,40.4168,-3.7038,2026-07-05 09:00:00+00:00,2,80.95,0.26,1.16,61.81,0.11,3.35,6.43,5.49
Madrid,ES,40.4168,-3.7038,2026-07-05 10:00:00+00:00,2,81.4,0.1,0.52,84.52,0.17,3.46,6.95,3.66
Madrid,ES,40.4168,-3.7038,2026-07-05 11:00:00+00:00,2,80.48,0.07,0.37,89.26,0.17,3.45,6.92,3.24
Madrid,ES,40.4168,-3.7038,2026-07-05 12:00:00+00:00,2,79.95,0.06,0.34,91.57,0.16,3.5,6.94,3.23
Madrid,ES,40.4168,-3.7038,2026-07-05 13:00:00+00:00,2,79.56,0.05,0.29,96.71,0.13,3.19,6.01,3.0
Madrid,ES,40.4168,-3.7038,2026-07-05 14:00:00+00:00,2,77.85,0.04,0.27,98.62,0.1,2.79,5.03,2.74
Madrid,ES,40.4168,-3.7038,2026-07-05 15:00:00+00:00,2,77.02,0.04,0.28,99.1,0.09,2.6,4.61,2.65
Madrid,ES,40.4168,-3.7038,2026-07-05 16:00:00+00:00,2,77.07,0.04,0.32,99.84,0.08,2.5,4.41,2.73
Madrid,ES,40.4168,-3.7038,2026-07-05 17:00:00+00:00,2,77.17,0.03,0.37,99.78,0.08,2.46,4.31,2.93
Madrid,ES,40.4168,-3.7038,2026-07-05 18:00:00+00:00,2,77.22,0.03,0.42,99.71,0.07,2.37,4.15,3.14
Madrid,ES,40.4168,-3.7038,2026-07-05 19:00:00+00:00,2,77.68,0.02,0.58,95.75,0.07,2.34,4.08,3.79
Madrid,ES,40.4168,-3.7038,2026-07-05 20:00:00+00:00,2,78.57,0.0,0.8,88.69,0.07,2.39,4.14,4.74
Madrid,ES,40.4168,-3.7038,2026-07-05 21:00:00+00:00,2,79.35,0.0,0.94,82.56,0.07,2.43,4.21,5.46
Madrid,ES,40.4168,-3.7038,2026-07-05 22:00:00+00:00,2,79.02,0.0,1.01,77.29,0.08,2.44,4.23,6.32
Madrid,ES,40.4168,-3.7038,2026-07-05 23:00:00+00:00,2,79.52,0.0,1.04,74.7,0.09,2.49,4.34,7.36
Madrid,ES,40.4168,-3.7038,2026-07-06 00:00:00+00:00,2,79.89,0.0,1.02,73.12,0.1,2.56,4.53,8.2
Madrid,ES,40.4168,-3.7038,2026-07-06 01:00:00+00:00,2,79.2,0.0,0.99,71.47,0.11,2.63,4.79,8.99
Madrid,ES,40.4168,-3.7038,2026-07-06 02:00:00+00:00,2,79.38,0.0,1.04,68.6,0.12,2.71,5.01,10.21
Madrid,ES,40.4168,-3.7038,2026-07-06 03:00:00+00:00,2,79.66,0.0,1.16,65.49,0.13,2.78,5.21,11.35
Madrid,ES,40.4168,-3.7038,2026-07-06 04:00:00+00:00,2,79.53,0.0,1.33,61.4,0.13,2.81,5.36,11.04
Madrid,ES,40.4168,-3.7038,2026-07-06 05:00:00+00:00,1,80.19,0.0,1.66,58.3,0.14,2.88,5.56,10.43
Madrid,ES,40.4168,-3.7038,2026-07-06 06:00:00+00:00,1,81.14,0.02,2.14,55.82,0.14,2.97,5.81,9.77
Madrid,ES,40.4168,-3.7038,2026-07-06 07:00:00+00:00,1,81.13,0.21,2.22,54.19,0.15,3.03,6.02,8.25
Madrid,ES,40.4168,-3.7038,2026-07-06 08:00:00+00:00,1,81.17,0.35,1.94,56.45,0.17,3.13,6.25,7.03
Madrid,ES,40.4168,-3.7038,2026-07-06 09:00:00+00:00,2,81.61,0.28,1.54,64.49,0.19,3.37,6.68,6.28
Madrid,ES,40.4168,-3.7038,2026-07-06 10:00:00+00:00,2,89.86,0.07,0.53,93.62,0.31,5.56,9.14,3.78
Madrid,ES,40.4168,-3.7038,2026-07-06 11:00:00+00:00,2,89.37,0.05,0.35,98.35,0.26,5.56,8.68,3.19
Madrid,ES,40.4168,-3.7038,2026-07-06 12:00:00+00:00,2,88.28,0.05,0.31,99.01,0.23,5.47,8.43,3.04
Madrid,ES,40.4168,-3.7038,2026-07-06 13:00:00+00:00,3,86.79,0.04,0.28,100.73,0.19,5.0,7.71,2.91
Madrid,ES,40.4168,-3.7038,2026-07-06 14:00:00+00:00,3,84.84,0.03,0.28,100.2,0.16,4.59,7.07,2.81
Madrid,ES,40.4168,-3.7038,2026-07-06 15:00:00+00:00,2,84.42,0.02,0.3,99.6,0.14,4.54,6.95,2.78
Madrid,ES,40.4168,-3.7038,2026-07-06 16:00:00+00:00,3,85.78,0.02,0.35,100.05,0.13,4.7,6.99,2.93
Madrid,ES,40.4168,-3.7038,2026-07-06 17:00:00+00:00,3,87.53,0.02,0.39,100.06,0.12,4.78,6.82,3.08
Madrid,ES,40.4168,-3.7038,2026-07-06 18:00:00+00:00,3,89.42,0.01,0.4,100.64,0.11,4.66,6.37,3.07
Madrid,ES,40.4168,-3.7038,2026-07-06 19:00:00+00:00,2,90.5,0.01,0.56,94.5,0.11,4.51,5.86,3.42
Madrid,ES,40.4168,-3.7038,2026-07-06 20:00:00+00:00,2,92.41,0.0,0.77,85.94,0.12,4.5,5.66,4.02
Madrid,ES,40.4168,-3.7038,2026-07-06 21:00:00+00:00,2,94.05,0.0,0.9,79.44,0.12,4.54,5.64,4.45
Madrid,ES,40.4168,-3.7038,2026-07-06 22:00:00+00:00,2,93.62,0.0,0.97,74.01,0.12,4.49,5.59,4.8
Madrid,ES,40.4168,-3.7038,2026-07-06 23:00:00+00:00,2,93.73,0.0,1.01,69.88,0.13,4.49,5.65,5.15
Madrid,ES,40.4168,-3.7038,2026-07-07 00:00:00+00:00,2,93.49,0.0,1.03,65.83,0.13,4.51,5.76,5.47
Madrid,ES,40.4168,-3.7038,2026-07-07 01:00:00+00:00,2,92.72,0.0,1.02,62.94,0.13,4.53,5.96,5.58
Madrid,ES,40.4168,-3.7038,2026-07-07 02:00:00+00:00,2,91.87,0.0,1.01,60.84,0.13,4.58,6.23,5.54
Madrid,ES,40.4168,-3.7038,2026-07-07 03:00:00+00:00,1,91.03,0.0,1.01,59.75,0.13,4.63,6.57,5.44
Madrid,ES,40.4168,-3.7038,2026-07-07 04:00:00+00:00,1,89.95,0.0,1.04,59.84,0.14,4.71,7.04,5.28
Madrid,ES,40.4168,-3.7038,2026-07-07 05:00:00+00:00,1,90.02,0.0,1.24,58.64,0.15,4.85,7.55,5.32
Madrid,ES,40.4168,-3.7038,2026-07-07 06:00:00+00:00,1,90.37,0.01,1.61,57.18,0.16,5.01,8.04,5.35
Madrid,ES,40.4168,-3.7038,2026-07-07 07:00:00+00:00,1,89.3,0.14,1.68,55.78,0.17,5.03,8.3,5.25
Madrid,ES,40.4168,-3.7038,2026-07-07 08:00:00+00:00,1,88.52,0.26,1.45,58.07,0.18,5.11,8.67,5.18
Madrid,ES,40.4168,-3.7038,2026-07-07 09:00:00+00:00,2,89.06,0.22,1.11,66.85,0.22,5.46,9.6,5.05
Madrid,ES,40.4168,-3.7038,2026-07-07 10:00:00+00:00,2,95.84,0.06,0.37,94.33,0.35,7.5,12.51,3.1
Madrid,ES,40.4168,-3.7038,2026-07-07 11:00:00+00:00,2,94.22,0.04,0.28,97.3,0.31,7.25,11.76,2.69
Madrid,ES,40.4168,-3.7038,2026-07-07 12:00:00+00:00,2,92.83,0.04,0.28,97.71,0.31,6.93,11.23,2.56
Madrid,ES,40.4168,-3.7038,2026-07-07 13:00:00+00:00,2,91.29,0.04,0.27,99.63,0.29,6.33,10.14,2.25
Madrid,ES,40.4168,-3.7038,2026-07-07 14:00:00+00:00,2,88.28,0.04,0.27,99.43,0.28,5.77,9.31,2.03
Madrid,ES,40.4168,-3.7038,2026-07-07 15:00:00+00:00,2,86.14,0.04,0.28,99.35,0.27,5.38,8.82,1.92
Madrid,ES,40.4168,-3.7038,2026-07-07 16:00:00+00:00,3,85.18,0.04,0.3,100.05,0.25,5.11,8.6,1.87
Madrid,ES,40.4168,-3.7038,2026-07-07 17:00:00+00:00,2,84.31,0.03,0.32,99.93,0.25,4.97,8.65,1.89
Madrid,ES,40.4168,-3.7038,2026-07-07 18:00:00+00:00,2,83.62,0.02,0.35,99.65,0.24,4.97,8.97,1.92
Madrid,ES,40.4168,-3.7038,2026-07-07 19:00:00+00:00,2,83.55,0.01,0.5,96.28,0.24,5.1,9.36,2.34
Madrid,ES,40.4168,-3.7038,2026-07-07 20:00:00+00:00,2,84.51,0.0,0.73,90.98,0.24,5.32,9.7,3.08
Madrid,ES,40.4168,-3.7038,2026-07-07 21:00:00+00:00,2,85.87,0.0,0.89,86.75,0.24,5.53,10.02,3.72
Madrid,ES,40.4168,-3.7038,2026-07-07 22:00:00+00:00,2,85.97,0.0,1.02,82.24,0.24,5.58,9.94,4.21
Madrid,ES,40.4168,-3.7038,2026-07-07 23:00:00+00:00,2,87.43,0.0,1.11,78.85,0.24,5.66,9.86,4.72
Madrid,ES,40.4168,-3.7038,2026-07-08 00:00:00+00:00,2,88.07,0.0,1.14,75.23,0.23,5.68,9.7,5.19
Madrid,ES,40.4168,-3.7038,2026-07-08 01:00:00+00:00,2,87.57,0.0,1.22,69.24,0.22,5.58,9.32,6.09
Madrid,ES,40.4168,-3.7038,2026-07-08 02:00:00+00:00,2,88.2,0.0,1.37,64.12,0.19,5.53,9.1,7.62
Madrid,ES,40.4168,-3.7038,2026-07-08 03:00:00+00:00,2,89.13,0.0,1.59,60.11,0.16,5.46,8.93,9.27
Madrid,ES,40.4168,-3.7038,2026-07-08 04:00:00+00:00,1,89.31,0.0,1.88,56.08,0.14,5.31,8.69,10.86
Madrid,ES,40.4168,-3.7038,2026-07-08 05:00:00+00:00,1,90.51,0.0,2.36,52.62,0.12,5.27,8.66,12.24
Madrid,ES,40.4168,-3.7038,2026-07-08 06:00:00+00:00,1,91.65,0.03,3.03,48.87,0.11,5.34,8.8,13.14
Madrid,ES,40.4168,-3.7038,2026-07-08 07:00:00+00:00,1,91.4,0.36,3.02,44.8,0.1,5.23,8.72,11.3
Madrid,ES,40.4168,-3.7038,2026-07-08 08:00:00+00:00,1,90.47,0.6,2.56,46.37,0.09,5.2,8.76,9.4
Madrid,ES,40.4168,-3.7038,2026-07-08 09:00:00+00:00,1,90.03,0.46,2.06,57.09,0.09,5.3,9.15,8.28
Madrid,ES,40.4168,-3.7038,2026-07-08 10:00:00+00:00,2,86.03,0.07,0.42,99.71,0.32,6.96,15.2,2.41
Madrid,ES,40.4168,-3.7038,2026-07-08 11:00:00+00:00,3,81.58,0.04,0.24,104.3,0.24,6.62,14.87,1.51
Madrid,ES,40.4168,-3.7038,2026-07-08 12:00:00+00:00,3,79.41,0.04,0.23,105.55,0.21,6.34,14.36,1.29
Madrid,ES,40.4168,-3.7038,2026-07-08 13:00:00+00:00,3,79.18,0.04,0.22,108.35,0.21,6.22,14.15,1.17
Madrid,ES,40.4168,-3.7038,2026-07-08 14:00:00+00:00,3,78.03,0.04,0.23,109.69,0.2,6.02,13.71,1.09
Madrid,ES,40.4168,-3.7038,2026-07-08 15:00:00+00:00,3,77.22,0.04,0.24,110.8,0.19,5.86,13.33,1.04
Madrid,ES,40.4168,-3.7038,2026-07-08 16:00:00+00:00,3,77.43,0.04,0.27,111.98,0.19,5.86,13.28,1.09
Madrid,ES,40.4168,-3.7038,2026-07-08 17:00:00+00:00,3,77.72,0.04,0.3,111.44,0.18,5.95,13.44,1.23
Madrid,ES,40.4168,-3.7038,2026-07-08 18:00:00+00:00,3,78.11,0.03,0.33,110.19,0.18,6.12,13.82,1.38
Madrid,ES,40.4168,-3.7038,2026-07-08 19:00:00+00:00,3,79.06,0.02,0.45,106.54,0.18,6.37,14.2,1.88
Madrid,ES,40.4168,-3.7038,2026-07-08 20:00:00+00:00,3,80.57,0.0,0.61,101.14,0.18,6.67,14.57,2.67
Madrid,ES,40.4168,-3.7038,2026-07-08 21:00:00+00:00,2,82.1,0.0,0.7,96.69,0.18,6.98,15.0,3.34
Madrid,ES,40.4168,-3.7038,2026-07-08 22:00:00+00:00,2,81.97,0.0,0.74,91.79,0.17,7.1,15.0,3.83
Madrid,ES,40.4168,-3.7038,2026-07-08 23:00:00+00:00,2,83.15,0.0,0.74,89.36,0.17,7.29,14.98,4.29
Madrid,ES,40.4168,-3.7038,2026-07-09 00:00:00+00:00,2,85.12,0.0,0.71,87.6,0.16,7.52,14.86,4.74
Madrid,ES,40.4168,-3.7038,2026-07-09 01:00:00+00:00,2,88.0,0.0,0.7,84.7,0.16,7.87,14.69,5.16
Madrid,ES,40.4168,-3.7038,2026-07-09 02:00:00+00:00,2,92.42,0.0,0.74,81.75,0.15,8.39,14.73,5.69
Madrid,ES,40.4168,-3.7038,2026-07-09 03:00:00+00:00,2,96.88,0.0,0.81,78.91,0.15,8.94,14.96,6.24
Madrid,ES,40.4168,-3.7038,2026-07-09 04:00:00+00:00,2,100.32,0.0,0.9,75.17,0.15,9.4,15.1,6.59
Madrid,ES,40.4168,-3.7038,2026-07-09 05:00:00+00:00,2,103.96,0.0,1.16,71.13,0.14,9.87,15.33,6.52
Madrid,ES,40.4168,-3.7038,2026-07-09 06:00:00+00:00,2,107.11,0.01,1.61,66.67,0.14,10.25,15.51,6.28
Madrid,ES,40.4168,-3.7038,2026-07-09 07:00:00+00:00,2,107.76,0.13,1.72,63.17,0.14,10.37,15.45,5.9
Madrid,ES,40.4168,-3.7038,2026-07-09 08:00:00+00:00,2,108.76,0.23,1.42,64.79,0.16,10.6,15.64,5.55
Madrid,ES,40.4168,-3.7038,2026-07-09 09:00:00+00:00,2,113.2,0.19,1.01,74.25,0.21,11.36,16.58,5.14
Madrid,ES,40.4168,-3.7038,2026-07-09 10:00:00+00:00,3,130.54,0.06,0.37,112.12,0.37,14.25,21.81,1.98
Madrid,ES,40.4168,-3.7038,2026-07-09 11:00:00+00:00,3,112.71,0.04,0.25,112.35,0.38,12.26,22.23,1.28
Madrid,ES,40.4168,-3.7038,2026-07-09 12:00:00+00:00,3,102.5,0.04,0.23,111.89,0.41,10.95,21.38,1.07
Madrid,ES,40.4168,-3.7038,2026-07-09 13:00:00+00:00,3,96.04,0.04,0.23,113.56,0.43,9.95,20.28,0.96
Madrid,ES,40.4168,-3.7038,2026-07-09 14:00:00+00:00,3,90.82,0.03,0.23,114.08,0.4,8.91,18.24,0.9
Madrid,ES,40.4168,-3.7038,2026-07-09 15:00:00+00:00,3,88.18,0.03,0.25,114.15,0.37,8.28,16.7,0.89
Madrid,ES,40.4168,-3.7038,2026-07-09 16:00:00+00:00,3,89.09,0.03,0.27,114.48,0.34,8.18,15.88,0.96
Madrid,ES,40.4168,-3.7038,2026-07-09 17:00:00+00:00,3,91.59,0.03,0.29,114.31,0.31,8.36,15.37,1.1
Madrid,ES,40.4168,-3.7038,2026-07-09 18:00:00+00:00,3,94.46,0.02,0.32,113.65,0.28,8.59,14.96,1.23
Madrid,ES,40.4168,-3.7038,2026-07-09 19:00:00+00:00,3,97.58,0.01,0.4,111.24,0.26,8.85,14.62,1.55
Madrid,ES,40.4168,-3.7038,2026-07-09 20:00:00+00:00,3,100.79,0.0,0.51,107.67,0.24,8.99,14.08,2.03
Madrid,ES,40.4168,-3.7038,2026-07-09 21:00:00+00:00,3,100.82,0.0,0.59,103.12,0.21,8.56,12.89,2.45
Madrid,ES,40.4168,-3.7038,2026-07-09 22:00:00+00:00,2,95.83,0.0,0.64,96.58,0.19,7.61,11.3,2.76
Madrid,ES,40.4168,-3.7038,2026-07-09 23:00:00+00:00,2,91.11,0.0,0.67,91.75,0.17,6.83,10.31,3.08
Madrid,ES,40.4168,-3.7038,2026-07-10 00:00:00+00:00,2,86.77,0.0,0.69,87.88,0.16,6.27,9.83,3.37
Madrid,ES,40.4168,-3.7038,2026-07-11 01:00:00+00:00,1,77.06,0.0,1.36,55.2,0.21,5.06,9.36,7.16
Madrid,ES,40.4168,-3.7038,2026-07-11 02:00:00+00:00,1,77.86,0.0,1.4,53.32,0.19,5.02,9.39,7.37
Madrid,ES,40.4168,-3.7038,2026-07-11 03:00:00+00:00,1,78.88,0.0,1.52,51.46,0.18,4.97,9.39,7.89
Madrid,ES,40.4168,-3.7038,2026-07-11 04:00:00+00:00,1,78.67,0.0,1.69,48.98,0.17,4.84,9.2,8.38
Madrid,ES,40.4168,-3.7038,2026-07-11 05:00:00+00:00,1,79.38,0.0,2.02,46.21,0.15,4.79,9.14,8.63
Madrid,ES,40.4168,-3.7038,2026-07-11 06:00:00+00:00,1,80.45,0.04,2.53,42.61,0.13,4.78,9.14,8.36
Madrid,ES,40.4168,-3.7038,2026-07-11 07:00:00+00:00,1,80.65,0.34,2.58,40.11,0.12,4.76,9.11,7.76
Madrid,ES,40.4168,-3.7038,2026-07-11 08:00:00+00:00,1,80.53,0.52,2.37,41.96,0.11,4.79,9.16,7.07
Madrid,ES,40.4168,-3.7038,2026-07-11 09:00:00+00:00,1,80.69,0.4,2.15,49.2,0.12,4.86,9.36,6.52
Madrid,ES,40.4168,-3.7038,2026-07-11 10:00:00+00:00,2,78.42,0.09,0.72,88.9,0.68,4.74,10.99,2.36
Madrid,ES,40.4168,-3.7038,2026-07-11 11:00:00+00:00,2,76.62,0.06,0.42,95.49,0.72,4.95,11.56,1.46
Madrid,ES,40.4168,-3.7038,2026-07-11 12:00:00+00:00,2,76.06,0.06,0.33,97.49,0.74,5.39,13.01,1.21
Madrid,ES,40.4168,-3.7038,2026-07-11 13:00:00+00:00,3,76.59,0.05,0.28,100.38,0.65,6.36,16.98,0.94
Madrid,ES,40.4168,-3.7038,2026-07-11 14:00:00+00:00,3,75.84,0.04,0.24,100.41,0.58,7.57,23.05,0.71
Madrid,ES,40.4168,-3.7038,2026-07-11 15:00:00+00:00,2,74.76,0.04,0.23,99.2,0.54,8.32,27.56,0.57
Madrid,ES,40.4168,-3.7038,2026-07-11 16:00:00+00:00,2,74.42,0.04,0.23,98.61,0.5,8.94,31.38,0.52
Madrid,ES,40.4168,-3.7038,2026-07-11 17:00:00+00:00,2,74.08,0.03,0.25,96.98,0.48,9.22,33.33,0.58
Madrid,ES,40.4168,-3.7038,2026-07-11 18:00:00+00:00,2,73.91,0.02,0.29,95.12,0.46,9.2,33.66,0.66
Madrid,ES,40.4168,-3.7038,2026-07-11 19:00:00+00:00,2,74.36,0.01,0.38,92.34,0.49,8.79,31.18,0.89
Madrid,ES,40.4168,-3.7038,2026-07-11 20:00:00+00:00,2,76.08,0.0,0.48,89.49,0.55,8.11,26.94,1.24
Madrid,ES,40.4168,-3.7038,2026-07-11 21:00:00+00:00,2,77.7,0.0,0.52,87.07,0.58,7.28,22.5,1.55
Madrid,ES,40.4168,-3.7038,2026-07-11 22:00:00+00:00,2,77.73,0.0,0.53,83.93,0.57,6.29,18.23,1.77
Madrid,ES,40.4168,-3.7038,2026-07-11 23:00:00+00:00,2,78.36,0.0,0.53,82.48,0.54,5.5,15.17,1.99
Madrid,ES,40.4168,-3.7038,2026-07-12 00:00:00+00:00,2,78.86,0.0,0.53,81.3,0.49,4.82,12.91,2.18
Madrid,ES,40.4168,-3.7038,2026-07-12 01:00:00+00:00,2,78.21,0.0,0.53,78.2,0.43,4.21,10.87,2.45
Madrid,ES,40.4168,-3.7038,2026-07-12 02:00:00+00:00,2,78.84,0.0,0.57,75.38,0.37,3.81,9.55,2.92
Madrid,ES,40.4168,-3.7038,2026-07-12 03:00:00+00:00,2,79.55,0.0,0.62,72.95,0.32,3.55,8.78,3.37
Madrid,ES,40.4168,-3.7038,2026-07-12 04:00:00+00:00,2,79.26,0.0,0.67,69.92,0.29,3.34,8.23,3.72
Madrid,ES,40.4168,-3.7038,2026-07-12 05:00:00+00:00,2,79.84,0.0,0.81,67.42,0.26,3.26,7.97,4.04
Madrid,ES,40.4168,-3.7038,2026-07-12 06:00:00+00:00,2,80.51,0.0,1.08,64.63,0.24,3.23,7.84,4.2
Madrid,ES,40.4168,-3.7038,2026-07-12 07:00:00+00:00,2,79.99,0.07,1.19,61.53,0.23,3.17,7.71,4.26
Madrid,ES,40.4168,-3.7038,2026-07-12 08:00:00+00:00,2,79.46,0.16,1.05,60.98,0.23,3.13,7.63,4.22
Madrid,ES,40.4168,-3.7038,2026-07-12 09:00:00+00:00,2,79.13,0.16,0.82,64.53,0.27,3.09,7.61,4.04
Madrid,ES,40.4168,-3.7038,2026-07-12 10:00:00+00:00,2,78.81,0.06,0.32,84.12,0.48,3.11,9.38,1.68
Madrid,ES,40.4168,-3.7038,2026-07-12 11:00:00+00:00,2,77.71,0.04,0.21,87.65,0.49,3.64,11.69,1.11
Madrid,ES,40.4168,-3.7038,2026-07-12 12:00:00+00:00,2,76.77,0.04,0.19,86.86,0.51,3.79,12.11,0.98
Madrid,ES,40.4168,-3.7038,2026-07-12 13:00:00+00:00,2,76.82,0.04,0.18,85.56,0.48,3.69,11.49,0.88
Madrid,ES,40.4168,-3.7038,2026-07-12 14:00:00+00:00,2,75.82,0.03,0.16,82.65,0.42,3.41,10.26,0.77
Madrid,ES,40.4168,-3.7038,2026-07-12 15:00:00+00:00,2,75.11,0.03,0.16,81.07,0.38,3.04,8.87,0.71
Madrid,ES,40.4168,-3.7038,2026-07-12 16:00:00+00:00,2,75.43,0.03,0.17,81.9,0.33,2.66,7.54,0.69
Madrid,ES,40.4168,-3.7038,2026-07-12 17:00:00+00:00,2,75.66,0.03,0.19,84.07,0.27,2.28,6.32,0.7
Madrid,ES,40.4168,-3.7038,2026-07-12 18:00:00+00:00,2,76.06,0.02,0.21,87.36,0.23,1.93,5.27,0.72
Madrid,ES,40.4168,-3.7038,2026-07-12 19:00:00+00:00,2,76.72,0.01,0.29,89.46,0.2,1.63,4.39,0.95
Madrid,ES,40.4168,-3.7038,2026-07-12 20:00:00+00:00,2,77.96,0.0,0.39,89.41,0.19,1.42,3.79,1.36
Madrid,ES,40.4168,-3.7038,2026-07-12 21:00:00+00:00,2,79.29,0.0,0.45,87.86,0.18,1.28,3.47,1.76
Madrid,ES,40.4168,-3.7038,2026-07-12 22:00:00+00:00,2,79.3,0.0,0.53,82.92,0.17,1.2,3.27,2.38
Madrid,ES,40.4168,-3.7038,2026-07-12 23:00:00+00:00,2,80.37,0.0,0.63,78.24,0.17,1.19,3.25,3.18
Madrid,ES,40.4168,-3.7038,2026-07-13 00:00:00+00:00,2,81.41,0.0,0.71,74.56,0.16,1.21,3.31,3.9
Madrid,ES,40.4168,-3.7038,2026-07-13 01:00:00+00:00,2,81.67,0.0,0.77,71.25,0.15,1.22,3.35,4.6
Madrid,ES,40.4168,-3.7038,2026-07-13 02:00:00+00:00,2,82.77,0.0,0.83,69.29,0.14,1.26,3.43,5.28
Madrid,ES,40.4168,-3.7038,2026-07-13 03:00:00+00:00,2,83.8,0.0,0.87,68.29,0.14,1.3,3.53,5.86
Madrid,ES,40.4168,-3.7038,2026-07-13 04:00:00+00:00,2,83.9,0.0,0.91,66.86,0.14,1.33,3.62,6.19
Madrid,ES,40.4168,-3.7038,2026-07-13 05:00:00+00:00,2,84.44,0.0,1.08,64.41,0.14,1.38,3.73,6.16
Madrid,ES,40.4168,-3.7038,2026-07-13 06:00:00+00:00,2,85.05,0.01,1.33,61.99,0.14,1.42,3.87,5.87
Madrid,ES,40.4168,-3.7038,2026-07-13 07:00:00+00:00,2,84.21,0.13,1.24,60.46,0.13,1.45,3.97,5.36
Madrid,ES,40.4168,-3.7038,2026-07-13 08:00:00+00:00,2,83.11,0.21,0.97,61.51,0.14,1.47,4.08,4.88
Madrid,ES,40.4168,-3.7038,2026-07-13 09:00:00+00:00,2,82.07,0.16,0.65,66.15,0.16,1.52,4.25,4.34
Madrid,ES,40.4168,-3.7038,2026-07-13 10:00:00+00:00,2,82.77,0.06,0.26,82.96,0.21,1.42,3.75,1.95
Madrid,ES,40.4168,-3.7038,2026-07-13 11:00:00+00:00,2,82.22,0.04,0.19,87.68,0.23,1.35,3.41,1.36
Madrid,ES,40.4168,-3.7038,2026-07-13 12:00:00+00:00,2,81.61,0.04,0.19,89.04,0.26,1.35,3.28,1.22
Madrid,ES,40.4168,-3.7038,2026-07-13 13:00:00+00:00,2,81.62,0.04,0.2,94.27,0.29,1.34,3.16,1.12
Madrid,ES,40.4168,-3.7038,2026-07-13 14:00:00+00:00,2,80.18,0.04,0.2,98.93,0.3,1.32,3.03,1.04
Madrid,ES,40.4168,-3.7038,2026-07-13 15:00:00+00:00,3,79.23,0.04,0.22,101.31,0.31,1.32,2.97,1.0
Madrid,ES,40.4168,-3.7038,2026-07-13 16:00:00+00:00,3,79.37,0.04,0.24,103.3,0.29,1.31,2.93,1.0
Madrid,ES,40.4168,-3.7038,2026-07-13 17:00:00+00:00,3,79.08,0.04,0.26,103.42,0.28,1.29,2.93,1.07
Madrid,ES,40.4168,-3.7038,2026-07-13 18:00:00+00:00,3,78.84,0.03,0.29,102.64,0.29,1.29,2.97,1.15
Madrid,ES,40.4168,-3.7038,2026-07-13 19:00:00+00:00,2,79.27,0.02,0.49,96.39,0.28,1.3,3.0,1.88
Madrid,ES,40.4168,-3.7038,2026-07-13 20:00:00+00:00,2,79.97,0.0,0.79,86.8,0.26,1.32,3.03,3.0
Madrid,ES,40.4168,-3.7038,2026-07-13 21:00:00+00:00,2,80.64,0.0,0.97,79.25,0.23,1.34,3.06,3.86
Madrid,ES,40.4168,-3.7038,2026-07-13 22:00:00+00:00,2,79.82,0.0,1.09,71.82,0.2,1.33,3.04,4.56
Madrid,ES,40.4168,-3.7038,2026-07-13 23:00:00+00:00,2,80.03,0.0,1.14,66.59,0.18,1.34,3.09,5.19
Madrid,ES,40.4168,-3.7038,2026-07-14 00:00:00+00:00,2,80.34,0.0,1.11,63.55,0.16,1.37,3.19,5.74
Madrid,ES,40.4168,-3.7038,2026-07-14 01:00:00+00:00,2,80.07,0.0,1.09,61.5,0.15,1.41,3.33,6.56
Madrid,ES,40.4168,-3.7038,2026-07-14 02:00:00+00:00,1,80.85,0.0,1.15,59.18,0.13,1.49,3.52,7.61
Madrid,ES,40.4168,-3.7038,2026-07-14 03:00:00+00:00,1,81.81,0.0,1.24,57.74,0.12,1.6,3.79,8.47
Madrid,ES,40.4168,-3.7038,2026-07-14 04:00:00+00:00,1,82.35,0.0,1.33,56.99,0.11,1.71,4.14,8.97
Madrid,ES,40.4168,-3.7038,2026-07-14 05:00:00+00:00,1,83.38,0.0,1.59,55.33,0.12,1.84,4.51,8.93
Madrid,ES,40.4168,-3.7038,2026-07-14 06:00:00+00:00,1,84.64,0.02,2.02,53.06,0.12,1.99,4.92,8.31
Madrid,ES,40.4168,-3.7038,2026-07-14 07:00:00+00:00,1,84.95,0.24,1.94,52.46,0.14,2.11,5.31,6.46
Madrid,ES,40.4168,-3.7038,2026-07-14 08:00:00+00:00,1,84.88,0.37,1.58,55.66,0.18,2.25,5.76,5.32
Madrid,ES,40.4168,-3.7038,2026-07-14 09:00:00+00:00,2,84.74,0.26,1.14,64.96,0.25,2.44,6.39,4.53
Madrid,ES,40.4168,-3.7038,2026-07-14 10:00:00+00:00,2,80.92,0.08,0.41,92.67,0.67,2.24,5.94,1.55
Madrid,ES,40.4168,-3.7038,2026-07-14 11:00:00+00:00,2,78.48,0.05,0.27,98.8,0.62,2.08,5.22,1.01
Madrid,ES,40.4168,-3.7038,2026-07-14 12:00:00+00:00,3,77.32,0.04,0.24,100.91,0.59,2.0,4.86,0.84
Madrid,ES,40.4168,-3.7038,2026-07-14 13:00:00+00:00,3,76.34,0.04,0.21,108.61,0.49,1.88,4.62,0.65
Madrid,ES,40.4168,-3.7038,2026-07-14 14:00:00+00:00,3,74.12,0.03,0.18,111.78,0.38,2.15,5.9,0.5
Madrid,ES,40.4168,-3.7038,2026-07-14 15:00:00+00:00,3,73.07,0.03,0.18,109.98,0.36,2.75,8.13,0.43
Madrid,ES,40.4168,-3.7038,2026-07-14 16:00:00+00:00,3,73.22,0.03,0.19,108.2,0.38,3.52,10.87,0.42
Madrid,ES,40.4168,-3.7038,2026-07-14 17:00:00+00:00,3,73.41,0.03,0.2,106.92,0.41,3.93,12.09,0.48
Madrid,ES,40.4168,-3.7038,2026-07-14 18:00:00+00:00,3,73.69,0.02,0.23,105.82,0.45,4.17,12.59,0.54
Madrid,ES,40.4168,-3.7038,2026-07-14 19:00:00+00:00,3,74.31,0.01,0.32,104.54,0.49,4.27,12.38,0.75
Madrid,ES,40.4168,-3.7038,2026-07-14 20:00:00+00:00,3,75.5,0.0,0.41,102.94,0.53,4.26,11.73,1.12
Madrid,ES,40.4168,-3.7038,2026-07-14 21:00:00+00:00,3,77.1,0.0,0.46,101.43,0.55,4.19,11.07,1.47
Madrid,ES,40.4168,-3.7038,2026-07-14 22:00:00+00:00,2,77.43,0.0,0.5,97.37,0.55,4.01,10.12,1.88
Madrid,ES,40.4168,-3.7038,2026-07-14 23:00:00+00:00,2,78.88,0.0,0.54,93.79,0.53,3.83,9.29,2.35
Madrid,ES,40.4168,-3.7038,2026-07-15 00:00:00+00:00,2,80.08,0.0,0.58,90.32,0.5,3.59,8.46,2.76
Madrid,ES,40.4168,-3.7038,2026-07-15 01:00:00+00:00,2,80.19,0.0,0.64,83.86,0.43,3.32,7.57,3.31
Madrid,ES,40.4168,-3.7038,2026-07-15 02:00:00+00:00,2,80.93,0.0,0.75,77.04,0.36,3.17,7.07,3.98
Madrid,ES,40.4168,-3.7038,2026-07-15 03:00:00+00:00,2,81.55,0.0,0.87,71.09,0.3,3.08,6.81,4.48
Madrid,ES,40.4168,-3.7038,2026-07-15 04:00:00+00:00,2,81.26,0.0,1.01,64.71,0.24,3.01,6.63,4.85
Madrid,ES,40.4168,-3.7038,2026-07-15 05:00:00+00:00,1,81.7,0.0,1.33,58.42,0.19,3.01,6.58,5.19
Madrid,ES,40.4168,-3.7038,2026-07-15 06:00:00+00:00,1,82.47,0.02,1.88,52.18,0.16,3.05,6.58,5.42
Madrid,ES,40.4168,-3.7038,2026-07-15 07:00:00+00:00,1,82.14,0.24,2.03,47.37,0.13,3.06,6.54,5.48
Madrid,ES,40.4168,-3.7038,2026-07-15 08:00:00+00:00,1,81.47,0.44,1.75,47.8,0.13,3.07,6.55,5.42
Madrid,ES,40.4168,-3.7038,2026-07-15 09:00:00+00:00,1,81.05,0.33,1.34,55.28,0.14,3.08,6.68,5.29
Madrid,ES,40.4168,-3.7038,2026-07-15 10:00:00+00:00,2,80.17,0.1,0.52,85.98,0.74,2.99,7.3,2.34
Madrid,ES,40.4168,-3.7038,2026-07-15 11:00:00+00:00,2,79.19,0.07,0.36,92.4,0.77,2.86,6.78,1.69
Madrid,ES,40.4168,-3.7038,2026-07-15 12:00:00+00:00,2,78.54,0.06,0.32,93.67,0.71,2.71,6.24,1.51
Madrid,ES,40.4168,-3.7038,2026-07-15 13:00:00+00:00,2,78.3,0.05,0.22,88.53,0.43,2.14,5.47,1.11
Madrid,ES,40.4168,-3.7038,2026-07-15 14:00:00+00:00,2,77.01,0.04,0.18,81.65,0.27,2.24,7.3,0.83
Madrid,ES,40.4168,-3.7038,2026-07-15 15:00:00+00:00,2,76.2,0.03,0.18,79.35,0.23,2.75,10.11,0.75
Madrid,ES,40.4168,-3.7038,2026-07-15 16:00:00+00:00,2,76.71,0.03,0.2,78.95,0.22,3.16,12.15,0.79
Madrid,ES,40.4168,-3.7038,2026-07-15 17:00:00+00:00,2,77.06,0.03,0.23,78.52,0.22,2.84,10.45,0.92
Madrid,ES,40.4168,-3.7038,2026-07-15 18:00:00+00:00,2,77.25,0.03,0.27,78.07,0.23,2.63,9.37,1.05
Madrid,ES,40.4168,-3.7038,2026-07-15 19:00:00+00:00,2,77.72,0.02,0.43,75.74,0.26,2.51,8.59,1.57
Madrid,ES,40.4168,-3.7038,2026-07-15 20:00:00+00:00,2,78.65,0.0,0.65,71.96,0.29,2.39,7.69,2.39
Madrid,ES,40.4168,-3.7038,2026-07-15 21:00:00+00:00,2,79.71,0.0,0.81,68.76,0.31,2.3,7.07,3.08
Madrid,ES,40.4168,-3.7038,2026-07-15 22:00:00+00:00,2,79.24,0.0,0.92,65.04,0.33,2.22,6.6,3.6
Madrid,ES,40.4168,-3.7038,2026-07-15 23:00:00+00:00,2,79.87,0.0,0.98,62.5,0.33,2.19,6.31,4.1
Madrid,ES,40.4168,-3.7038,2026-07-16 00:00:00+00:00,2,80.72,0.0,0.97,60.21,0.3,2.15,5.98,4.58
Madrid,ES,40.4168,-3.7038,2026-07-16 01:00:00+00:00,1,80.73,0.0,0.97,56.01,0.24,2.07,5.44,5.15
Madrid,ES,40.4168,-3.7038,2026-07-16 02:00:00+00:00,1,81.16,0.0,1.02,51.35,0.18,2.02,5.07,5.79
Madrid,ES,40.4168,-3.7038,2026-07-16 03:00:00+00:00,1,81.55,0.0,1.11,47.57,0.14,1.97,4.85,6.34
Madrid,ES,40.4168,-3.7038,2026-07-16 04:00:00+00:00,1,81.31,0.0,1.21,44.26,0.1,1.88,4.55,6.69
Madrid,ES,40.4168,-3.7038,2026-07-16 05:00:00+00:00,1,81.77,0.0,1.47,42.03,0.09,1.79,4.28,6.79
Madrid,ES,40.4168,-3.7038,2026-07-16 06:00:00+00:00,1,82.53,0.02,1.89,40.57,0.08,1.71,4.1,6.74
Madrid,ES,40.4168,-3.7038,2026-07-16 07:00:00+00:00,1,81.85,0.24,1.79,40.64,0.07,1.62,3.99,6.43
Madrid,ES,40.4168,-3.7038,2026-07-16 08:00:00+00:00,1,80.86,0.39,1.4,43.94,0.07,1.55,3.94,6.02
Madrid,ES,40.4168,-3.7038,2026-07-16 09:00:00+00:00,1,79.84,0.27,1.0,52.98,0.09,1.52,4.02,5.61
Madrid,ES,40.4168,-3.7038,2026-07-16 10:00:00+00:00,2,80.27,0.07,0.29,74.57,0.18,1.25,3.23,1.94
Madrid,ES,40.4168,-3.7038,2026-07-16 11:00:00+00:00,2,80.32,0.05,0.19,73.92,0.17,1.13,2.59,1.25
Madrid,ES,40.4168,-3.7038,2026-07-16 12:00:00+00:00,2,80.26,0.04,0.18,73.29,0.18,1.17,2.49,1.09
Madrid,ES,40.4168,-3.7038,2026-07-16 13:00:00+00:00,2,80.84,0.04,0.17,74.87,0.19,1.24,2.55,0.94
Madrid,ES,40.4168,-3.7038,2026-07-16 14:00:00+00:00,2,80.16,0.04,0.18,77.26,0.19,1.32,2.69,0.84
Madrid,ES,40.4168,-3.7038,2026-07-16 15:00:00+00:00,2,79.48,0.04,0.19,79.13,0.2,1.41,2.83,0.83
Madrid,ES,40.4168,-3.7038,2026-07-16 16:00:00+00:00,2,79.68,0.04,0.21,81.17,0.2,1.48,2.93,0.88
Madrid,ES,40.4168,-3.7038,2026-07-16 17:00:00+00:00,2,79.85,0.04,0.22,81.68,0.2,1.48,2.9,0.96
Madrid,ES,40.4168,-3.7038,2026-07-16 18:00:00+00:00,2,79.59,0.03,0.25,81.9,0.18,1.37,2.72,1.04
Madrid,ES,40.4168,-3.7038,2026-07-16 19:00:00+00:00,2,79.5,0.02,0.32,80.9,0.15,1.21,2.45,1.28
Madrid,ES,40.4168,-3.7038,2026-07-16 20:00:00+00:00,2,80.07,0.0,0.41,78.64,0.12,1.04,2.2,1.66
Madrid,ES,40.4168,-3.7038,2026-07-16 21:00:00+00:00,2,80.74,0.0,0.47,76.18,0.08,0.88,2.0,2.01
Madrid,ES,40.4168,-3.7038,2026-07-16 22:00:00+00:00,2,80.29,0.0,0.55,72.46,0.07,0.8,1.94,2.44
Madrid,ES,40.4168,-3.7038,2026-07-16 23:00:00+00:00,2,81.15,0.0,0.61,70.04,0.07,0.82,2.03,2.92
Madrid,ES,40.4168,-3.7038,2026-07-17 00:00:00+00:00,2,82.25,0.0,0.64,68.67,0.08,0.91,2.21,3.23
Madrid,ES,40.4168,-3.7038,2026-07-17 01:00:00+00:00,2,82.43,0.0,0.67,65.78,0.09,1.02,2.36,3.48
Madrid,ES,40.4168,-3.7038,2026-07-17 02:00:00+00:00,2,83.64,0.0,0.74,62.18,0.1,1.13,2.52,3.93
Madrid,ES,40.4168,-3.7038,2026-07-17 03:00:00+00:00,1,84.75,0.0,0.82,58.96,0.1,1.23,2.66,4.33
Madrid,ES,40.4168,-3.7038,2026-07-17 04:00:00+00:00,1,85.1,0.0,0.93,55.1,0.09,1.29,2.75,4.7
Madrid,ES,40.4168,-3.7038,2026-07-17 05:00:00+00:00,1,85.8,0.0,1.23,50.87,0.09,1.34,2.84,5.07
Madrid,ES,40.4168,-3.7038,2026-07-17 06:00:00+00:00,1,86.83,0.02,1.76,46.76,0.08,1.4,2.95,5.33
Madrid,ES,40.4168,-3.7038,2026-07-17 07:00:00+00:00,1,86.57,0.25,1.86,43.74,0.07,1.43,3.04,5.41
Madrid,ES,40.4168,-3.7038,2026-07-17 08:00:00+00:00,1,85.91,0.42,1.54,45.28,0.07,1.45,3.12,5.28
Madrid,ES,40.4168,-3.7038,2026-07-17 09:00:00+00:00,1,85.22,0.29,1.11,53.11,0.08,1.48,3.25,4.93
Madrid,ES,40.4168,-3.7038,2026-07-17 10:00:00+00:00,2,83.73,0.06,0.27,73.49,0.19,1.17,2.62,1.65
Madrid,ES,40.4168,-3.7038,2026-07-17 11:00:00+00:00,2,82.22,0.04,0.19,76.67,0.22,1.08,2.31,1.21
Madrid,ES,40.4168,-3.7038,2026-07-17 12:00:00+00:00,2,81.35,0.04,0.19,77.78,0.24,1.09,2.29,1.17
Madrid,ES,40.4168,-3.7038,2026-07-17 13:00:00+00:00,2,81.29,0.04,0.19,82.07,0.25,1.08,2.24,1.1
Madrid,ES,40.4168,-3.7038,2026-07-17 14:00:00+00:00,2,79.61,0.04,0.18,85.64,0.24,1.05,2.19,1.05
Madrid,ES,40.4168,-3.7038,2026-07-17 15:00:00+00:00,2,78.79,0.04,0.19,87.19,0.23,1.06,2.24,1.04
Madrid,ES,40.4168,-3.7038,2026-07-17 16:00:00+00:00,2,78.57,0.04,0.21,89.32,0.2,1.13,2.63,1.05
Madrid,ES,40.4168,-3.7038,2026-07-17 17:00:00+00:00,2,78.5,0.04,0.24,89.16,0.18,1.25,3.22,1.18
Madrid,ES,40.4168,-3.7038,2026-07-17 18:00:00+00:00,2,78.72,0.03,0.28,88.76,0.18,1.42,3.99,1.31
Madrid,ES,40.4168,-3.7038,2026-07-17 19:00:00+00:00,2,79.21,0.02,0.42,86.72,0.17,1.48,4.26,1.83
Madrid,ES,40.4168,-3.7038,2026-07-17 20:00:00+00:00,2,80.14,0.0,0.6,83.59,0.16,1.4,3.88,2.66
Madrid,ES,40.4168,-3.7038,2026-07-17 21:00:00+00:00,2,80.83,0.0,0.72,81.65,0.13,1.29,3.45,3.44
Madrid,ES,40.4168,-3.7038,2026-07-17 22:00:00+00:00,2,80.17,0.0,0.88,76.63,0.11,1.21,3.07,4.37
Madrid,ES,40.4168,-3.7038,2026-07-17 23:00:00+00:00,2,80.25,0.0,1.0,71.25,0.1,1.17,2.87,5.3
Madrid,ES,40.4168,-3.7038,2026-07-18 00:00:00+00:00,2,80.38,0.0,1.05,66.94,0.08,1.13,2.76,5.97
Madrid,ES,40.4168,-3.7038,2026-07-18 01:00:00+00:00,2,79.57,0.0,1.08,63.17,0.07,1.1,2.69,6.37
Madrid,ES,40.4168,-3.7038,2026-07-18 02:00:00+00:00,2,79.45,0.0,1.1,60.59,0.06,1.09,2.7,6.61
Madrid,ES,40.4168,-3.7038,2026-07-18 03:00:00+00:00,1,79.29,0.0,1.14,58.28,0.06,1.1,2.74,6.77
Madrid,ES,40.4168,-3.7038,2026-07-18 04:00:00+00:00,1,78.52,0.0,1.22,55.43,0.06,1.11,2.77,6.9
Madrid,ES,40.4168,-3.7038,2026-07-18 05:00:00+00:00,1,78.53,0.0,1.46,52.36,0.05,1.14,2.87,7.14
Madrid,ES,40.4168,-3.7038,2026-07-18 06:00:00+00:00,1,78.98,0.01,1.9,48.77,0.05,1.21,3.01,7.46
Madrid,ES,40.4168,-3.7038,2026-07-18 07:00:00+00:00,1,78.24,0.19,1.99,45.42,0.05,1.25,3.11,7.38
Madrid,ES,40.4168,-3.7038,2026-07-18 08:00:00+00:00,1,77.38,0.34,1.68,46.17,0.05,1.29,3.2,6.84
Madrid,ES,40.4168,-3.7038,2026-07-18 09:00:00+00:00,1,76.71,0.28,1.34,52.56,0.06,1.34,3.36,6.48
Madrid,ES,40.4168,-3.7038,2026-07-18 10:00:00+00:00,2,77.76,0.06,0.38,90.96,0.21,1.57,4.42,2.4
Madrid,ES,40.4168,-3.7038,2026-07-18 11:00:00+00:00,2,76.89,0.05,0.26,94.49,0.24,1.57,4.53,1.74
Madrid,ES,40.4168,-3.7038,2026-07-18 12:00:00+00:00,2,76.08,0.04,0.23,95.09,0.23,1.58,4.39,1.57
Madrid,ES,40.4168,-3.7038,2026-07-18 13:00:00+00:00,2,75.2,0.04,0.21,98.47,0.2,1.67,4.72,1.33
Madrid,ES,40.4168,-3.7038,2026-07-18 14:00:00+00:00,3,73.11,0.03,0.19,100.7,0.17,1.72,4.95,1.12
Madrid,ES,40.4168,-3.7038,2026-07-18 15:00:00+00:00,3,72.06,0.03,0.2,102.21,0.17,1.72,4.71,1.07
Madrid,ES,40.4168,-3.7038,2026-07-18 16:00:00+00:00,3,72.29,0.03,0.21,104.44,0.16,1.68,4.3,1.12
Madrid,ES,40.4168,-3.7038,2026-07-18 17:00:00+00:00,3,72.36,0.03,0.23,105.51,0.15,1.69,4.23,1.22
Madrid,ES,40.4168,-3.7038,2026-07-18 18:00:00+00:00,3,72.15,0.02,0.26,105.76,0.15,1.8,4.88,1.31
Madrid,ES,40.4168,-3.7038,2026-07-18 19:00:00+00:00,3,72.13,0.01,0.39,102.35,0.14,1.82,4.93,1.87
Madrid,ES,40.4168,-3.7038,2026-07-18 20:00:00+00:00,2,72.55,0.0,0.58,96.63,0.13,1.71,4.38,2.82
Madrid,ES,40.4168,-3.7038,2026-07-18 21:00:00+00:00,2,72.95,0.0,0.72,91.75,0.11,1.6,3.94,3.68
Madrid,ES,40.4168,-3.7038,2026-07-18 22:00:00+00:00,2,72.22,0.0,0.84,85.44,0.1,1.5,3.61,4.44
Madrid,ES,40.4168,-3.7038,2026-07-18 23:00:00+00:00,2,72.74,0.0,0.91,79.84,0.09,1.44,3.4,5.06
Madrid,ES,40.4168,-3.7038,2026-07-19 00:00:00+00:00,2,73.27,0.0,0.93,74.93,0.08,1.39,3.24,5.5
Madrid,ES,40.4168,-3.7038,2026-07-19 01:00:00+00:00,2,73.07,0.0,0.95,70.29,0.07,1.33,3.12,5.8
Madrid,ES,40.4168,-3.7038,2026-07-19 02:00:00+00:00,2,74.06,0.0,0.99,66.64,0.06,1.31,3.11,6.17
Madrid,ES,40.4168,-3.7038,2026-07-19 03:00:00+00:00,2,74.83,0.0,1.06,63.29,0.05,1.33,3.18,6.58
Madrid,ES,40.4168,-3.7038,2026-07-19 04:00:00+00:00,1,74.68,0.0,1.15,59.31,0.05,1.35,3.26,6.88
Madrid,ES,40.4168,-3.7038,2026-07-19 05:00:00+00:00,1,75.58,0.0,1.39,55.51,0.05,1.43,3.46,7.12
Madrid,ES,40.4168,-3.7038,2026-07-19 06:00:00+00:00,1,76.63,0.01,1.82,51.4,0.05,1.55,3.73,7.28
Madrid,ES,40.4168,-3.7038,2026-07-19 07:00:00+00:00,1,76.33,0.2,1.84,47.71,0.05,1.66,3.95,7.05
Madrid,ES,40.4168,-3.7038,2026-07-19 08:00:00+00:00,1,75.75,0.35,1.5,48.29,0.06,1.76,4.2,6.53
Madrid,ES,40.4168,-3.7038,2026-07-19 09:00:00+00:00,1,75.6,0.27,1.13,55.14,0.07,1.93,4.6,6.14
Madrid,ES,40.4168,-3.7038,2026-07-19 10:00:00+00:00,2,76.64,0.07,0.37,90.88,0.32,2.33,5.59,2.28
Madrid,ES,40.4168,-3.7038,2026-07-19 11:00:00+00:00,2,75.24,0.05,0.28,95.08,0.36,2.11,5.12,1.7
Madrid,ES,40.4168,-3.7038,2026-07-19 12:00:00+00:00,2,74.25,0.05,0.25,96.25,0.36,2.09,4.97,1.54
Madrid,ES,40.4168,-3.7038,2026-07-19 13:00:00+00:00,3,71.93,0.04,0.19,100.95,0.23,2.63,8.8,1.12
Madrid,ES,40.4168,-3.7038,2026-07-19 14:00:00+00:00,3,69.92,0.03,0.16,100.97,0.16,3.66,14.56,0.88
Madrid,ES,40.4168,-3.7038,2026-07-19 15:00:00+00:00,2,69.46,0.03,0.16,99.93,0.14,4.02,16.2,0.86
Madrid,ES,40.4168,-3.7038,2026-07-19 16:00:00+00:00,3,70.25,0.03,0.18,100.1,0.13,3.78,14.57,0.97
Madrid,ES,40.4168,-3.7038,2026-07-19 17:00:00+00:00,3,70.89,0.03,0.2,100.1,0.14,3.23,11.45,1.17
Madrid,ES,40.4168,-3.7038,2026-07-19 18:00:00+00:00,2,71.2,0.02,0.23,99.61,0.14,2.91,9.81,1.32
Madrid,ES,40.4168,-3.7038,2026-07-19 19:00:00+00:00,2,71.58,0.02,0.39,95.0,0.14,2.67,8.26,1.99
Madrid,ES,40.4168,-3.7038,2026-07-19 20:00:00+00:00,2,72.3,0.0,0.63,87.96,0.14,2.48,6.91,3.04
Madrid,ES,40.4168,-3.7038,2026-07-19 21:00:00+00:00,2,73.15,0.0,0.79,82.38,0.12,2.34,6.04,3.96
Madrid,ES,40.4168,-3.7038,2026-07-19 22:00:00+00:00,2,72.62,0.0,0.91,76.54,0.11,2.22,5.47,4.73
Madrid,ES,40.4168,-3.7038,2026-07-19 23:00:00+00:00,2,73.35,0.0,0.97,72.41,0.09,2.16,5.13,5.32
Madrid,ES,40.4168,-3.7038,2026-07-20 00:00:00+00:00,2,74.09,0.0,0.98,68.89,0.08,2.11,4.86,5.71
Madrid,ES,40.4168,-3.7038,2026-07-20 01:00:00+00:00,2,74.16,0.0,0.97,65.25,0.07,2.06,4.62,5.9
Madrid,ES,40.4168,-3.7038,2026-07-20 02:00:00+00:00,2,75.02,0.0,1.01,62.09,0.06,2.06,4.57,6.16
Madrid,ES,40.4168,-3.7038,2026-07-20 03:00:00+00:00,1,75.82,0.0,1.08,59.06,0.06,2.1,4.62,6.44
Madrid,ES,40.4168,-3.7038,2026-07-20 04:00:00+00:00,1,75.84,0.0,1.18,55.67,0.05,2.13,4.69,6.61
Madrid,ES,40.4168,-3.7038,2026-07-20 05:00:00+00:00,1,76.93,0.0,1.45,52.79,0.05,2.22,4.87,6.74
Madrid,ES,40.4168,-3.7038,2026-07-20 06:00:00+00:00,1,78.19,0.02,1.89,50.14,0.06,2.35,5.14,6.79
Madrid,ES,40.4168,-3.7038,2026-07-20 07:00:00+00:00,1,78.01,0.2,1.92,47.78,0.06,2.45,5.36,6.55
Madrid,ES,40.4168,-3.7038,2026-07-20 08:00:00+00:00,1,77.68,0.37,1.6,48.97,0.07,2.55,5.6,6.15
Madrid,ES,40.4168,-3.7038,2026-07-20 09:00:00+00:00,1,77.67,0.29,1.22,56.87,0.08,2.7,6.0,5.79
Madrid,ES,40.4168,-3.7038,2026-07-20 10:00:00+00:00,2,78.14,0.07,0.4,90.61,0.37,2.93,7.44,2.26
Madrid,ES,40.4168,-3.7038,2026-07-20 11:00:00+00:00,2,76.89,0.05,0.29,93.38,0.38,2.83,7.47,1.66
Madrid,ES,40.4168,-3.7038,2026-07-20 12:00:00+00:00,2,75.97,0.05,0.26,93.7,0.37,2.8,7.5,1.52
Madrid,ES,40.4168,-3.7038,2026-07-20 13:00:00+00:00,2,74.97,0.04,0.22,96.6,0.29,3.03,9.64,1.3
Madrid,ES,40.4168,-3.7038,2026-07-20 14:00:00+00:00,2,73.42,0.04,0.2,97.89,0.25,3.02,10.08,1.16
Madrid,ES,40.4168,-3.7038,2026-07-20 15:00:00+00:00,2,72.81,0.03,0.2,98.68,0.23,2.94,9.5,1.15
Madrid,ES,40.4168,-3.7038,2026-07-20 16:00:00+00:00,3,73.11,0.04,0.22,100.2,0.21,2.87,8.84,1.2
Madrid,ES,40.4168,-3.7038,2026-07-20 17:00:00+00:00,3,73.16,0.03,0.24,100.58,0.19,2.94,8.87,1.31
Madrid,ES,40.4168,-3.7038,2026-07-20 18:00:00+00:00,3,73.21,0.03,0.27,100.41,0.19,3.2,9.88,1.43
Madrid,ES,40.4168,-3.7038,2026-07-20 19:00:00+00:00,2,73.58,0.01,0.45,96.26,0.18,3.31,10.03,2.09
Madrid,ES,40.4168,-3.7038,2026-07-20 20:00:00+00:00,2,74.5,0.0,0.68,90.18,0.17,3.2,9.18,3.19
Madrid,ES,40.4168,-3.7038,2026-07-20 21:00:00+00:00,2,75.3,0.0,0.85,85.34,0.16,3.05,8.38,4.2
Madrid,ES,40.4168,-3.7038,2026-07-20 22:00:00+00:00,2,74.69,0.0,1.01,78.81,0.15,2.88,7.64,5.2
Madrid,ES,40.4168,-3.7038,2026-07-20 23:00:00+00:00,2,75.03,0.0,1.12,72.89,0.14,2.8,7.17,6.21
Madrid,ES,40.4168,-3.7038,2026-07-21 00:00:00+00:00,2,75.45,0.0,1.17,68.08,0.12,2.7,6.77,7.1
Madrid,ES,40.4168,-3.7038,2026-07-21 01:00:00+00:00,2,75.07,0.0,1.19,63.95,0.1,2.57,6.36,7.78
Madrid,ES,40.4168,-3.7038,2026-07-21 02:00:00+00:00,2,75.46,0.0,1.21,60.96,0.09,2.46,6.02,8.24
Madrid,ES,40.4168,-3.7038,2026-07-21 03:00:00+00:00,1,75.7,0.0,1.25,58.25,0.07,2.35,5.68,8.44
Madrid,ES,40.4168,-3.7038,2026-07-21 04:00:00+00:00,1,75.53,0.0,1.33,55.08,0.06,2.2,5.25,8.35
Madrid,ES,40.4168,-3.7038,2026-07-21 05:00:00+00:00,1,76.1,0.0,1.62,51.9,0.05,2.1,4.94,8.34
Madrid,ES,40.4168,-3.7038,2026-07-21 06:00:00+00:00,1,77.0,0.0,2.18,48.63,0.05,2.09,4.84,8.32
Madrid,ES,40.4168,-3.7038,2026-07-21 07:00:00+00:00,1,76.78,0.12,2.43,45.72,0.05,2.12,4.86,7.89
Madrid,ES,40.4168,-3.7038,2026-07-21 08:00:00+00:00,1,76.06,0.32,2.1,45.72,0.05,2.16,4.94,7.12
Madrid,ES,40.4168,-3.7038,2026-07-21 09:00:00+00:00,1,75.68,0.33,1.65,52.03,0.06,2.24,5.11,6.63
Madrid,ES,40.4168,-3.7038,2026-07-21 10:00:00+00:00,2,75.88,0.08,0.51,90.92,0.25,2.4,6.89,2.65
Madrid,ES,40.4168,-3.7038,2026-07-21 11:00:00+00:00,2,75.12,0.06,0.36,95.56,0.31,2.51,7.87,2.03
Madrid,ES,40.4168,-3.7038,2026-07-21 12:00:00+00:00,2,74.8,0.05,0.31,96.73,0.33,2.74,8.89,1.88
Madrid,ES,40.4168,-3.7038,2026-07-21 13:00:00+00:00,2,73.62,0.04,0.22,97.82,0.23,6.79,33.5,1.3
Madrid,ES,40.4168,-3.7038,2026-07-21 14:00:00+00:00,3,71.92,0.03,0.18,96.56,0.17,10.28,52.62,0.96
Madrid,ES,40.4168,-3.7038,2026-07-21 15:00:00+00:00,3,71.45,0.03,0.18,96.37,0.17,11.54,58.5,0.9
Madrid,ES,40.4168,-3.7038,2026-07-21 16:00:00+00:00,3,72.48,0.03,0.21,98.18,0.17,11.44,56.83,0.99
Madrid,ES,40.4168,-3.7038,2026-07-21 17:00:00+00:00,3,73.2,0.03,0.24,99.48,0.18,10.47,50.54,1.17
Madrid,ES,40.4168,-3.7038,2026-07-21 18:00:00+00:00,3,73.85,0.02,0.29,100.4,0.19,9.76,46.01,1.31
Madrid,ES,40.4168,-3.7038,2026-07-21 19:00:00+00:00,2,74.67,0.01,0.53,95.01,0.19,8.94,39.14,2.26
Madrid,ES,40.4168,-3.7038,2026-07-21 20:00:00+00:00,2,75.94,0.0,0.86,86.21,0.2,8.04,31.8,3.66
Madrid,ES,40.4168,-3.7038,2026-07-21 21:00:00+00:00,2,76.96,0.0,1.11,79.51,0.19,7.36,26.7,4.78
Madrid,ES,40.4168,-3.7038,2026-07-21 22:00:00+00:00,2,76.63,0.0,1.25,73.57,0.19,6.84,23.35,5.72
Madrid,ES,40.4168,-3.7038,2026-07-21 23:00:00+00:00,2,77.15,0.0,1.3,70.06,0.18,6.6,21.61,6.65
Madrid,ES,40.4168,-3.7038,2026-07-22 00:00:00+00:00,2,77.68,0.0,1.29,67.48,0.17,6.42,20.35,7.64
Madrid,ES,40.4168,-3.7038,2026-07-22 01:00:00+00:00,2,76.74,0.0,1.24,69.01,0.13,5.26,14.71,10.72
Madrid,ES,40.4168,-3.7038,2026-07-22 02:00:00+00:00,2,76.78,0.0,1.24,66.16,0.12,5.24,14.32,11.22
Madrid,ES,40.4168,-3.7038,2026-07-22 03:00:00+00:00,2,76.88,0.0,1.31,61.8,0.12,5.27,14.25,11.22
Madrid,ES,40.4168,-3.7038,2026-07-22 04:00:00+00:00,1,76.64,0.0,1.49,56.5,0.11,5.29,14.23,10.89
Madrid,ES,40.4168,-3.7038,2026-07-22 05:00:00+00:00,1,77.07,0.0,1.89,52.2,0.11,5.29,13.96,11.21
Madrid,ES,40.4168,-3.7038,2026-07-22 06:00:00+00:00,1,78.05,0.0,2.5,49.55,0.1,5.24,13.41,11.69
Madrid,ES,40.4168,-3.7038,2026-07-22 07:00:00+00:00,1,77.93,0.1,2.65,49.4,0.09,5.08,12.96,11.52
Madrid,ES,40.4168,-3.7038,2026-07-22 08:00:00+00:00,1,77.11,0.25,2.23,52.19,0.08,4.91,12.35,10.47
Madrid,ES,40.4168,-3.7038,2026-07-22 09:00:00+00:00,1,76.29,0.26,1.65,59.45,0.08,4.74,11.85,9.07
Madrid,ES,40.4168,-3.7038,2026-07-22 10:00:00+00:00,3,77.28,0.07,0.5,100.23,0.17,4.39,14.5,3.12
Madrid,ES,40.4168,-3.7038,2026-07-22 11:00:00+00:00,3,78.03,0.05,0.36,104.63,0.2,4.82,17.88,2.42
Madrid,ES,40.4168,-3.7038,2026-07-22 12:00:00+00:00,3,78.72,0.05,0.31,104.74,0.21,5.5,21.77,2.25
Madrid,ES,40.4168,-3.7038,2026-07-22 13:00:00+00:00,3,78.46,0.04,0.23,103.59,0.17,10.57,50.12,1.52
Madrid,ES,40.4168,-3.7038,2026-07-22 14:00:00+00:00,3,76.63,0.03,0.2,101.21,0.14,13.23,64.42,1.15
Madrid,ES,40.4168,-3.7038,2026-07-22 15:00:00+00:00,3,75.93,0.03,0.21,100.22,0.13,13.33,65.0,1.08
Madrid,ES,40.4168,-3.7038,2026-07-22 16:00:00+00:00,3,76.28,0.03,0.23,100.81,0.13,12.89,62.45,1.18
Madrid,ES,40.4168,-3.7038,2026-07-22 17:00:00+00:00,3,76.72,0.03,0.27,100.99,0.13,11.89,56.87,1.43
Madrid,ES,40.4168,-3.7038,2026-07-22 18:00:00+00:00,3,76.94,0.03,0.32,100.41,0.14,11.18,52.46,1.66
Madrid,ES,40.4168,-3.7038,2026-07-22 19:00:00+00:00,2,76.97,0.01,0.52,95.74,0.15,10.37,45.72,2.46
Madrid,ES,40.4168,-3.7038,2026-07-22 20:00:00+00:00,2,77.35,0.0,0.76,89.06,0.15,9.56,39.06,3.65
Madrid,ES,40.4168,-3.7038,2026-07-22 21:00:00+00:00,2,77.7,0.0,0.93,84.02,0.15,8.89,34.33,4.58
Madrid,ES,40.4168,-3.7038,2026-07-22 22:00:00+00:00,2,76.41,0.0,1.03,78.57,0.14,8.21,30.24,5.33
Madrid,ES,40.4168,-3.7038,2026-07-22 23:00:00+00:00,2,76.42,0.0,1.05,74.52,0.13,7.7,26.97,5.89
Madrid,ES,40.4168,-3.7038,2026-07-23 00:00:00+00:00,2,76.55,0.0,1.01,71.28,0.11,7.16,23.87,6.28
Madrid,ES,40.4168,-3.7038,2026-07-23 01:00:00+00:00,2,76.02,0.0,0.99,67.61,0.1,6.5,20.67,6.56
Madrid,ES,40.4168,-3.7038,2026-07-23 02:00:00+00:00,2,76.26,0.0,1.01,64.54,0.09,5.94,18.02,7.05
Madrid,ES,40.4168,-3.7038,2026-07-23 03:00:00+00:00,2,76.4,0.0,1.08,61.73,0.08,5.46,15.78,7.69
Madrid,ES,40.4168,-3.7038,2026-07-23 04:00:00+00:00,1,75.97,0.0,1.2,58.74,0.07,4.94,13.57,8.3
Madrid,ES,40.4168,-3.7038,2026-07-23 05:00:00+00:00,1,76.19,0.0,1.55,56.0,0.06,4.48,11.62,8.64
Madrid,ES,40.4168,-3.7038,2026-07-23 06:00:00+00:00,1,76.98,0.01,2.2,52.86,0.06,4.08,9.96,8.76
Madrid,ES,40.4168,-3.7038,2026-07-23 07:00:00+00:00,1,76.44,0.2,2.39,50.16,0.06,3.71,8.56,8.32
Madrid,ES,40.4168,-3.7038,2026-07-23 08:00:00+00:00,1,75.61,0.39,1.94,52.09,0.07,3.35,7.37,7.52
Madrid,ES,40.4168,-3.7038,2026-07-23 09:00:00+00:00,2,74.87,0.29,1.36,62.17,0.1,3.04,6.41,6.65
Madrid,ES,40.4168,-3.7038,2026-07-23 10:00:00+00:00,2,77.43,0.07,0.42,97.76,0.32,3.58,10.09,2.6
Madrid,ES,40.4168,-3.7038,2026-07-23 11:00:00+00:00,3,78.54,0.06,0.32,101.01,0.34,4.21,13.41,2.05
Madrid,ES,40.4168,-3.7038,2026-07-23 12:00:00+00:00,3,77.69,0.05,0.3,101.46,0.33,4.5,15.06,1.9
Madrid,ES,40.4168,-3.7038,2026-07-23 13:00:00+00:00,2,76.94,0.05,0.28,99.24,0.22,6.58,24.19,1.22
Madrid,ES,40.4168,-3.7038,2026-07-23 14:00:00+00:00,2,75.42,0.05,0.27,95.11,0.14,7.67,28.24,0.82
Madrid,ES,40.4168,-3.7038,2026-07-23 15:00:00+00:00,2,74.33,0.05,0.28,92.76,0.11,8.22,30.75,0.69
Madrid,ES,40.4168,-3.7038,2026-07-23 16:00:00+00:00,2,72.63,0.05,0.28,92.57,0.09,8.41,32.87,0.67
Madrid,ES,40.4168,-3.7038,2026-07-23 17:00:00+00:00,2,70.28,0.04,0.27,93.5,0.08,7.59,30.48,0.83
Madrid,ES,40.4168,-3.7038,2026-07-23 18:00:00+00:00,2,68.78,0.03,0.29,94.74,0.08,6.57,26.65,1.05
Madrid,ES,40.4168,-3.7038,2026-07-23 19:00:00+00:00,2,67.59,0.01,0.42,93.19,0.08,5.39,20.81,1.82
Madrid,ES,40.4168,-3.7038,2026-07-23 20:00:00+00:00,2,67.45,0.0,0.63,89.64,0.08,4.24,14.81,3.02
Madrid,ES,40.4168,-3.7038,2026-07-23 21:00:00+00:00,2,67.81,0.0,0.78,87.07,0.08,3.4,10.76,4.02
Madrid,ES,40.4168,-3.7038,2026-07-23 22:00:00+00:00,2,67.47,0.0,0.9,83.07,0.08,2.87,8.33,4.82
Madrid,ES,40.4168,-3.7038,2026-07-23 23:00:00+00:00,2,68.19,0.0,0.97,79.2,0.08,2.62,7.07,5.48
Madrid,ES,40.4168,-3.7038,2026-07-24 00:00:00+00:00,2,69.24,0.0,0.99,75.53,0.08,2.45,6.29,5.94
Madrid,ES,40.4168,-3.7038,2026-07-24 01:00:00+00:00,2,69.8,0.0,1.0,71.92,0.08,2.32,5.74,6.21
Madrid,ES,40.4168,-3.7038,2026-07-24 02:00:00+00:00,2,71.19,0.0,1.0,70.14,0.09,2.23,5.36,6.43
Madrid,ES,40.4168,-3.7038,2026-07-24 03:00:00+00:00,2,72.59,0.0,1.02,69.98,0.1,2.18,5.18,6.59
Madrid,ES,40.4168,-3.7038,2026-07-24 04:00:00+00:00,2,73.2,0.0,1.02,70.9,0.13,2.24,5.35,6.6
Madrid,ES,40.4168,-3.7038,2026-07-24 05:00:00+00:00,2,74.83,0.0,1.28,69.23,0.16,2.51,5.98,6.63
Madrid,ES,40.4168,-3.7038,2026-07-24 06:00:00+00:00,2,76.64,0.0,1.78,67.1,0.19,2.89,6.81,6.56
Madrid,ES,40.4168,-3.7038,2026-07-24 07:00:00+00:00,2,77.22,0.11,1.94,65.06,0.22,3.2,7.48,6.28
Madrid,ES,40.4168,-3.7038,2026-07-24 08:00:00+00:00,2,77.44,0.24,1.54,67.2,0.25,3.5,8.06,5.86
Madrid,ES,40.4168,-3.7038,2026-07-24 09:00:00+00:00,2,77.71,0.19,0.99,75.1,0.29,3.85,8.69,5.09
Madrid,ES,40.4168,-3.7038,2026-07-24 10:00:00+00:00,2,77.52,0.08,0.44,96.96,0.27,3.53,7.15,2.4
Madrid,ES,40.4168,-3.7038,2026-07-24 11:00:00+00:00,3,77.83,0.08,0.42,101.9,0.22,3.54,6.32,1.8
Madrid,ES,40.4168,-3.7038,2026-07-24 12:00:00+00:00,3,79.31,0.11,0.52,103.58,0.2,4.13,6.56,1.64
Madrid,ES,40.4168,-3.7038,2026-07-24 13:00:00+00:00,3,78.81,0.12,0.58,107.63,0.16,4.17,5.94,1.28
Madrid,ES,40.4168,-3.7038,2026-07-24 14:00:00+00:00,3,76.89,0.12,0.61,109.45,0.14,3.98,5.23,1.02
Madrid,ES,40.4168,-3.7038,2026-07-24 15:00:00+00:00,3,76.48,0.13,0.67,110.21,0.14,3.98,5.04,0.95
Madrid,ES,40.4168,-3.7038,2026-07-24 16:00:00+00:00,3,75.83,0.11,0.66,110.74,0.13,3.62,4.63,0.96
Madrid,ES,40.4168,-3.7038,2026-07-24 17:00:00+00:00,3,76.21,0.1,0.65,109.81,0.12,3.33,4.38,1.08
Madrid,ES,40.4168,-3.7038,2026-07-24 18:00:00+00:00,3,77.26,0.07,0.69,108.28,0.12,3.16,4.27,1.21
Madrid,ES,40.4168,-3.7038,2026-07-24 19:00:00+00:00,3,76.67,0.03,0.65,105.9,0.11,2.69,3.87,1.44
Madrid,ES,40.4168,-3.7038,2026-07-24 20:00:00+00:00,3,77.77,0.0,0.59,103.8,0.11,2.36,3.66,1.78
Madrid,ES,40.4168,-3.7038,2026-07-24 21:00:00+00:00,3,79.78,0.0,0.57,102.31,0.12,2.33,3.77,2.06
Madrid,ES,40.4168,-3.7038,2026-07-24 22:00:00+00:00,2,79.97,0.0,0.55,99.85,0.14,2.29,3.88,2.24
Madrid,ES,40.4168,-3.7038,2026-07-24 23:00:00+00:00,2,81.24,0.0,0.52,98.96,0.17,2.3,4.06,2.38
Madrid,ES,40.4168,-3.7038,2026-07-25 00:00:00+00:00,2,82.6,0.0,0.49,97.79,0.19,2.36,4.28,2.49
Madrid,ES,40.4168,-3.7038,2026-07-25 01:00:00+00:00,2,83.44,0.0,0.49,94.63,0.2,2.43,4.44,2.64
Madrid,ES,40.4168,-3.7038,2026-07-25 02:00:00+00:00,2,85.25,0.0,0.51,91.63,0.19,2.48,4.58,2.94
Madrid,ES,40.4168,-3.7038,2026-07-25 03:00:00+00:00,2,86.66,0.0,0.54,88.47,0.18,2.5,4.7,3.22
Madrid,ES,40.4168,-3.7038,2026-07-25 04:00:00+00:00,2,86.85,0.0,0.57,84.18,0.17,2.46,4.74,3.37
Madrid,ES,40.4168,-3.7038,2026-07-25 05:00:00+00:00,2,87.45,0.0,0.65,80.78,0.16,2.41,4.82,3.36
Madrid,ES,40.4168,-3.7038,2026-07-25 06:00:00+00:00,2,87.85,0.0,0.8,77.6,0.15,2.34,4.87,3.18
Madrid,ES,40.4168,-3.7038,2026-07-25 07:00:00+00:00,2,86.67,0.05,0.79,74.41,0.14,2.22,4.81,2.92
Madrid,ES,40.4168,-3.7038,2026-07-25 08:00:00+00:00,2,85.31,0.1,0.63,73.22,0.14,2.11,4.73,2.78
Madrid,ES,40.4168,-3.7038,2026-07-25 09:00:00+00:00,2,84.01,0.1,0.46,73.91,0.14,2.0,4.58,2.58
Madrid,ES,40.4168,-3.7038,2026-07-25 10:00:00+00:00,2,98.44,0.08,0.42,86.43,0.13,3.24,5.01,1.72
Madrid,ES,40.4168,-3.7038,2026-07-25 11:00:00+00:00,2,109.87,0.09,0.51,94.48,0.12,4.44,5.77,1.56
Madrid,ES,40.4168,-3.7038,2026-07-25 12:00:00+00:00,2,119.82,0.13,0.83,99.95,0.14,6.19,7.4,1.67
Madrid,ES,40.4168,-3.7038,2026-07-25 13:00:00+00:00,3,133.33,0.18,1.34,111.12,0.17,8.35,9.37,1.79
Madrid,ES,40.4168,-3.7038,2026-07-25 14:00:00+00:00,3,145.27,0.23,1.98,121.06,0.2,10.64,11.43,1.86
Madrid,ES,40.4168,-3.7038,2026-07-25 15:00:00+00:00,3,163.93,0.29,2.85,127.98,0.25,14.06,14.76,2.09
Madrid,ES,40.4168,-3.7038,2026-07-25 16:00:00+00:00,3,208.43,0.33,4.25,136.5,0.33,21.17,21.79,2.74
Paris,FR,48.8566,2.3522,2026-04-26 16:00:00+00:00,3,136.63,0.11,0.98,133.89,0.7,9.83,11.39,6.2
Paris,FR,48.8566,2.3522,2026-04-26 17:00:00+00:00,3,138.7,0.11,1.4,131.41,0.76,9.91,11.49,7.04
Paris,FR,48.8566,2.3522,2026-04-26 18:00:00+00:00,3,139.7,0.06,1.83,127.7,0.8,9.54,11.13,7.87
Paris,FR,48.8566,2.3522,2026-04-26 19:00:00+00:00,3,140.01,0.01,2.31,119.54,0.82,9.03,10.6,9.14
Paris,FR,48.8566,2.3522,2026-04-26 20:00:00+00:00,3,142.68,0.0,2.78,108.48,0.84,8.58,10.17,10.97
Paris,FR,48.8566,2.3522,2026-04-26 21:00:00+00:00,2,145.73,0.0,3.23,98.23,0.85,8.24,9.86,12.54
Paris,FR,48.8566,2.3522,2026-04-26 22:00:00+00:00,2,144.52,0.0,3.36,87.96,0.78,7.91,9.49,13.64
Paris,FR,48.8566,2.3522,2026-04-26 23:00:00+00:00,2,145.01,0.0,3.35,80.12,0.7,7.98,9.56,14.85
Paris,FR,48.8566,2.3522,2026-04-27 00:00:00+00:00,2,146.23,0.0,3.27,73.57,0.62,8.79,10.38,15.88
Paris,FR,48.8566,2.3522,2026-04-27 01:00:00+00:00,2,146.47,0.0,3.17,68.17,0.54,10.03,11.62,16.47
Paris,FR,48.8566,2.3522,2026-04-27 02:00:00+00:00,2,148.5,0.0,3.17,64.67,0.48,11.52,13.12,16.54
Paris,FR,48.8566,2.3522,2026-04-27 03:00:00+00:00,2,150.54,0.0,3.3,61.81,0.42,12.87,14.47,15.02
Paris,FR,48.8566,2.3522,2026-04-27 04:00:00+00:00,2,150.79,0.0,3.65,58.08,0.39,13.7,15.28,13.08
Paris,FR,48.8566,2.3522,2026-04-27 05:00:00+00:00,2,155.03,0.0,4.7,55.02,0.42,14.46,16.08,11.83
Paris,FR,48.8566,2.3522,2026-04-27 06:00:00+00:00,2,161.32,0.21,6.3,52.87,0.49,15.09,16.81,10.42
Paris,FR,48.8566,2.3522,2026-04-27 07:00:00+00:00,2,166.62,1.12,6.75,52.06,0.59,15.37,17.2,10.09
Paris,FR,48.8566,2.3522,2026-04-27 08:00:00+00:00,2,173.6,2.11,6.64,52.19,0.72,15.69,17.67,11.09
Paris,FR,48.8566,2.3522,2026-04-27 09:00:00+00:00,2,181.34,2.62,6.51,55.55,0.88,16.68,18.82,11.75
Paris,FR,48.8566,2.3522,2026-04-27 10:00:00+00:00,2,172.51,1.54,5.04,90.92,1.21,18.81,20.93,10.62
Paris,FR,48.8566,2.3522,2026-04-27 11:00:00+00:00,3,171.58,1.19,4.34,104.83,1.34,21.05,23.21,10.0
Paris,FR,48.8566,2.3522,2026-04-27 12:00:00+00:00,3,175.28,0.95,3.91,112.57,1.45,23.7,25.93,10.06
Paris,FR,48.8566,2.3522,2026-04-27 13:00:00+00:00,3,154.82,0.38,2.04,131.48,1.19,17.85,19.66,7.75
Paris,FR,48.8566,2.3522,2026-04-27 14:00:00+00:00,3,143.39,0.19,1.21,138.29,1.0,14.54,16.08,6.47
Paris,FR,48.8566,2.3522,2026-04-27 15:00:00+00:00,4,141.93,0.15,1.12,140.51,0.98,14.34,15.85,6.29
Paris,FR,48.8566,2.3522,2026-04-27 16:00:00+00:00,4,144.64,0.13,1.39,141.01,1.01,14.84,16.41,6.75
Paris,FR,48.8566,2.3522,2026-04-27 17:00:00+00:00,3,148.86,0.1,1.87,139.18,1.08,15.61,17.3,7.63
Paris,FR,48.8566,2.3522,2026-04-27 18:00:00+00:00,3,153.28,0.04,2.33,136.58,1.14,16.26,18.06,8.47
Paris,FR,48.8566,2.3522,2026-04-27 19:00:00+00:00,3,157.78,0.0,2.76,131.25,1.23,17.61,19.56,9.42
Paris,FR,48.8566,2.3522,2026-04-27 20:00:00+00:00,3,166.51,0.0,3.15,126.31,1.38,20.39,22.58,10.51
Paris,FR,48.8566,2.3522,2026-04-27 21:00:00+00:00,3,177.49,0.0,3.63,122.08,1.59,24.24,26.7,11.4
Paris,FR,48.8566,2.3522,2026-04-27 22:00:00+00:00,3,186.6,0.0,4.13,115.06,1.78,27.63,30.32,12.08
Paris,FR,48.8566,2.3522,2026-04-27 23:00:00+00:00,3,199.98,0.0,4.83,107.41,1.94,31.0,33.91,13.02
Paris,FR,48.8566,2.3522,2026-04-28 00:00:00+00:00,3,215.09,0.0,5.63,99.39,2.04,34.31,37.43,13.86
Paris,FR,48.8566,2.3522,2026-04-28 01:00:00+00:00,3,225.79,0.0,6.09,91.19,2.0,36.74,39.97,14.46
Paris,FR,48.8566,2.3522,2026-04-28 02:00:00+00:00,3,232.04,0.0,6.21,85.71,1.84,38.59,41.87,15.05
Paris,FR,48.8566,2.3522,2026-04-28 03:00:00+00:00,3,232.59,0.0,6.13,81.22,1.62,39.29,42.55,13.92
Paris,FR,48.8566,2.3522,2026-04-28 04:00:00+00:00,3,226.75,0.0,6.07,76.22,1.41,38.53,41.72,11.73
Paris,FR,48.8566,2.3522,2026-04-28 05:00:00+00:00,3,222.66,0.0,6.65,72.72,1.38,37.74,40.99,11.18
Paris,FR,48.8566,2.3522,2026-04-28 06:00:00+00:00,3,219.87,0.12,8.5,70.65,1.49,37.01,40.4,11.29
Paris,FR,48.8566,2.3522,2026-04-28 07:00:00+00:00,3,218.17,0.92,9.41,71.27,1.8,36.05,39.66,12.05
Paris,FR,48.8566,2.3522,2026-04-28 08:00:00+00:00,3,221.78,2.01,9.43,72.66,2.15,36.21,40.07,12.91
Paris,FR,48.8566,2.3522,2026-04-28 09:00:00+00:00,3,230.05,2.7,9.43,76.68,2.51,38.08,42.19,13.54
Paris,FR,48.8566,2.3522,2026-04-28 10:00:00+00:00,3,204.03,1.66,6.21,109.69,2.63,34.61,38.24,10.68
Paris,FR,48.8566,2.3522,2026-04-28 11:00:00+00:00,3,192.86,1.15,4.51,123.29,2.51,33.66,37.01,9.78
Paris,FR,48.8566,2.3522,2026-04-28 12:00:00+00:00,3,190.57,0.81,3.57,130.37,2.48,34.94,38.2,9.74
Paris,FR,48.8566,2.3522,2026-04-28 13:00:00+00:00,3,173.47,0.27,2.18,139.82,1.99,29.93,32.73,8.44
Paris,FR,48.8566,2.3522,2026-04-28 14:00:00+00:00,4,157.29,0.14,1.35,140.31,1.53,23.4,25.75,7.74
Paris,FR,48.8566,2.3522,2026-04-28 15:00:00+00:00,3,148.99,0.1,1.14,137.9,1.3,19.83,21.93,7.74
Paris,FR,48.8566,2.3522,2026-04-28 16:00:00+00:00,3,144.12,0.09,1.26,134.34,1.13,16.53,18.42,8.1
Paris,FR,48.8566,2.3522,2026-04-28 17:00:00+00:00,3,141.06,0.09,1.6,129.59,0.99,13.1,14.73,8.55
Paris,FR,48.8566,2.3522,2026-04-28 18:00:00+00:00,3,139.07,0.05,2.08,125.3,0.91,10.26,11.67,8.81
Paris,FR,48.8566,2.3522,2026-04-28 19:00:00+00:00,3,140.83,0.01,2.89,117.12,0.94,9.27,10.68,9.82
Paris,FR,48.8566,2.3522,2026-04-28 20:00:00+00:00,3,146.57,0.0,3.65,106.99,1.05,9.22,10.75,11.29
Paris,FR,48.8566,2.3522,2026-04-28 21:00:00+00:00,2,153.06,0.0,4.35,98.94,1.15,9.22,10.83,12.38
Paris,FR,48.8566,2.3522,2026-04-28 22:00:00+00:00,2,155.22,0.0,4.6,90.63,1.14,9.12,10.73,13.26
Paris,FR,48.8566,2.3522,2026-04-28 23:00:00+00:00,2,154.62,0.0,4.3,83.47,1.01,9.04,10.6,14.08
Paris,FR,48.8566,2.3522,2026-04-29 00:00:00+00:00,2,149.3,0.0,3.61,76.66,0.81,8.67,10.13,14.61
Paris,FR,48.8566,2.3522,2026-04-29 01:00:00+00:00,2,140.82,0.0,2.85,71.11,0.6,8.03,9.35,13.9
Paris,FR,48.8566,2.3522,2026-04-29 02:00:00+00:00,2,134.45,0.0,2.29,68.02,0.46,7.56,8.75,11.48
Paris,FR,48.8566,2.3522,2026-04-29 03:00:00+00:00,2,130.61,0.0,1.92,66.16,0.38,7.33,8.39,8.41
Paris,FR,48.8566,2.3522,2026-04-29 04:00:00+00:00,2,127.6,0.0,1.77,64.65,0.36,7.26,8.23,6.42
Paris,FR,48.8566,2.3522,2026-04-29 05:00:00+00:00,2,128.02,0.0,2.08,63.25,0.41,7.54,8.49,5.93
Paris,FR,48.8566,2.3522,2026-04-29 06:00:00+00:00,2,131.35,0.02,2.76,63.65,0.5,8.22,9.18,6.29
Paris,FR,48.8566,2.3522,2026-04-29 07:00:00+00:00,2,135.07,0.25,2.77,70.45,0.6,9.4,10.33,7.29
Paris,FR,48.8566,2.3522,2026-04-29 08:00:00+00:00,2,135.68,0.47,2.39,72.49,0.66,9.62,10.5,8.06
Paris,FR,48.8566,2.3522,2026-04-29 09:00:00+00:00,2,135.55,0.51,1.94,76.97,0.69,10.15,10.97,8.32
Paris,FR,48.8566,2.3522,2026-04-29 10:00:00+00:00,2,134.27,0.19,1.27,98.69,0.6,8.58,9.14,6.21
Paris,FR,48.8566,2.3522,2026-04-29 11:00:00+00:00,3,129.71,0.08,0.92,102.41,0.49,6.78,7.24,5.56
Paris,FR,48.8566,2.3522,2026-04-29 12:00:00+00:00,3,126.79,0.04,0.81,102.91,0.44,5.68,6.12,5.65
Paris,FR,48.8566,2.3522,2026-04-29 13:00:00+00:00,3,124.95,0.01,0.71,106.42,0.36,4.04,4.43,5.27
Paris,FR,48.8566,2.3522,2026-04-29 14:00:00+00:00,3,122.6,0.01,0.67,108.78,0.3,3.35,3.74,4.86
Paris,FR,48.8566,2.3522,2026-04-29 15:00:00+00:00,3,122.1,0.01,0.74,110.39,0.31,3.52,3.92,4.98
Paris,FR,48.8566,2.3522,2026-04-29 16:00:00+00:00,3,124.03,0.02,0.9,113.01,0.35,3.74,4.15,5.39
Paris,FR,48.8566,2.3522,2026-04-29 17:00:00+00:00,3,127.5,0.02,1.14,114.42,0.44,4.18,4.63,6.27
Paris,FR,48.8566,2.3522,2026-04-29 18:00:00+00:00,3,131.6,0.01,1.34,115.83,0.56,5.06,5.59,7.36
Paris,FR,48.8566,2.3522,2026-04-29 19:00:00+00:00,3,133.94,0.0,1.4,116.93,0.69,6.3,6.93,8.11
Paris,FR,48.8566,2.3522,2026-04-29 20:00:00+00:00,3,135.02,0.0,1.3,118.62,0.82,7.28,8.02,8.59
Paris,FR,48.8566,2.3522,2026-04-29 21:00:00+00:00,3,135.75,0.0,1.22,119.42,0.94,7.82,8.65,9.04
Paris,FR,48.8566,2.3522,2026-04-29 22:00:00+00:00,3,134.09,0.0,1.1,117.01,1.05,8.28,9.16,9.76
Paris,FR,48.8566,2.3522,2026-04-29 23:00:00+00:00,3,134.6,0.0,1.0,114.37,1.18,9.04,9.97,10.78
Paris,FR,48.8566,2.3522,2026-04-30 00:00:00+00:00,3,135.92,0.0,0.94,111.72,1.29,9.82,10.78,11.66
Paris,FR,48.8566,2.3522,2026-04-30 01:00:00+00:00,3,135.98,0.0,0.9,107.57,1.35,10.36,11.32,12.37
Paris,FR,48.8566,2.3522,2026-04-30 02:00:00+00:00,3,137.68,0.0,0.9,103.79,1.36,10.88,11.83,13.04
Paris,FR,48.8566,2.3522,2026-04-30 03:00:00+00:00,3,139.92,0.0,0.93,100.29,1.34,11.37,12.3,13.57
Paris,FR,48.8566,2.3522,2026-04-30 04:00:00+00:00,2,140.29,0.0,1.01,96.12,1.33,11.6,12.51,13.81
Paris,FR,48.8566,2.3522,2026-04-30 05:00:00+00:00,2,141.7,0.0,1.38,92.93,1.35,11.75,12.65,14.03
Paris,FR,48.8566,2.3522,2026-04-30 06:00:00+00:00,2,143.3,0.04,2.03,89.73,1.38,11.81,12.73,14.16
Paris,FR,48.8566,2.3522,2026-04-30 07:00:00+00:00,2,143.2,0.21,2.21,87.14,1.38,11.65,12.56,14.13
Paris,FR,48.8566,2.3522,2026-04-30 08:00:00+00:00,2,142.33,0.37,2.05,86.49,1.38,11.31,12.22,13.99
Paris,FR,48.8566,2.3522,2026-04-30 09:00:00+00:00,2,140.92,0.39,1.72,88.93,1.35,11.2,12.1,13.63
Paris,FR,48.8566,2.3522,2026-04-30 10:00:00+00:00,2,139.7,0.29,1.25,98.5,1.25,10.41,11.35,12.33
Paris,FR,48.8566,2.3522,2026-04-30 11:00:00+00:00,3,136.7,0.21,0.94,103.31,1.14,9.75,10.76,11.77
Paris,FR,48.8566,2.3522,2026-04-30 12:00:00+00:00,3,134.61,0.17,0.78,106.08,1.08,9.64,10.67,11.69
Paris,FR,48.8566,2.3522,2026-04-30 13:00:00+00:00,3,130.4,0.09,0.69,111.47,0.87,8.46,10.62,9.26
Paris,FR,48.8566,2.3522,2026-04-30 14:00:00+00:00,3,125.15,0.08,0.6,112.8,0.69,7.41,10.91,7.5
Paris,FR,48.8566,2.3522,2026-04-30 15:00:00+00:00,3,122.84,0.08,0.61,112.55,0.62,6.84,11.06,7.12
Paris,FR,48.8566,2.3522,2026-04-30 16:00:00+00:00,3,122.97,0.09,0.76,112.36,0.58,6.73,11.29,7.05
Paris,FR,48.8566,2.3522,2026-04-30 17:00:00+00:00,3,123.61,0.08,1.0,110.57,0.56,6.53,10.9,7.24
Paris,FR,48.8566,2.3522,2026-04-30 18:00:00+00:00,3,124.52,0.04,1.26,108.55,0.55,6.16,10.24,7.54
Paris,FR,48.8566,2.3522,2026-04-30 19:00:00+00:00,3,126.02,0.01,1.74,102.16,0.59,6.01,9.62,8.61
Paris,FR,48.8566,2.3522,2026-04-30 20:00:00+00:00,2,129.0,0.0,2.24,93.75,0.64,6.18,9.42,10.06
Paris,FR,48.8566,2.3522,2026-04-30 21:00:00+00:00,2,131.3,0.0,2.58,86.02,0.63,6.33,9.39,11.14
Paris,FR,48.8566,2.3522,2026-04-30 22:00:00+00:00,2,128.99,0.0,2.64,76.2,0.51,6.27,9.35,11.54
Paris,FR,48.8566,2.3522,2026-04-30 23:00:00+00:00,2,127.63,0.0,2.5,66.86,0.37,6.19,9.4,10.93
Paris,FR,48.8566,2.3522,2026-05-01 00:00:00+00:00,1,125.98,0.0,2.24,59.16,0.27,6.06,9.37,9.82
Paris,FR,48.8566,2.3522,2026-05-01 01:00:00+00:00,1,122.39,0.0,2.02,50.11,0.18,5.83,9.05,7.63
Paris,FR,48.8566,2.3522,2026-05-01 02:00:00+00:00,1,119.49,0.0,1.94,40.45,0.11,5.66,8.64,5.73
Paris,FR,48.8566,2.3522,2026-05-01 03:00:00+00:00,1,116.75,0.0,1.94,32.53,0.08,5.47,8.23,4.33
Paris,FR,48.8566,2.3522,2026-05-01 04:00:00+00:00,1,113.38,0.0,2.13,26.03,0.07,5.23,7.78,3.56
Paris,FR,48.8566,2.3522,2026-05-01 05:00:00+00:00,1,112.78,0.02,3.05,21.0,0.09,5.1,7.5,2.72
Paris,FR,48.8566,2.3522,2026-05-01 06:00:00+00:00,1,113.73,0.42,4.16,18.47,0.1,5.01,7.25,2.23
Paris,FR,48.8566,2.3522,2026-05-01 07:00:00+00:00,1,114.51,0.97,3.47,27.62,0.11,4.56,6.46,2.47
Paris,FR,48.8566,2.3522,2026-05-01 08:00:00+00:00,1,113.35,1.44,2.93,29.73,0.12,4.28,5.91,2.92
Paris,FR,48.8566,2.3522,2026-05-01 09:00:00+00:00,1,111.67,1.59,2.56,31.1,0.12,4.16,5.62,3.84
Paris,FR,48.8566,2.3522,2026-05-01 10:00:00+00:00,2,116.28,0.15,0.8,88.17,0.08,2.43,3.24,2.02
Paris,FR,48.8566,2.3522,2026-05-01 11:00:00+00:00,2,115.64,0.06,0.43,97.12,0.06,1.72,2.4,1.66
Paris,FR,48.8566,2.3522,2026-05-01 12:00:00+00:00,2,114.74,0.04,0.39,98.27,0.05,1.45,2.04,1.69
Paris,FR,48.8566,2.3522,2026-05-01 13:00:00+00:00,2,116.01,0.04,0.45,98.9,0.05,1.32,1.82,1.78
Paris,FR,48.8566,2.3522,2026-05-01 14:00:00+00:00,2,116.43,0.06,0.63,96.66,0.05,1.32,1.71,1.97
Paris,FR,48.8566,2.3522,2026-05-01 15:00:00+00:00,2,116.94,0.07,0.95,94.1,0.06,1.32,1.62,2.17
Paris,FR,48.8566,2.3522,2026-05-01 16:00:00+00:00,2,117.68,0.09,1.51,89.74,0.07,1.33,1.59,2.54
Paris,FR,48.8566,2.3522,2026-05-01 17:00:00+00:00,2,119.03,0.1,2.11,84.39,0.09,1.39,1.66,3.03
Paris,FR,48.8566,2.3522,2026-05-01 18:00:00+00:00,2,120.66,0.06,2.54,80.4,0.11,1.44,1.73,3.41
Paris,FR,48.8566,2.3522,2026-05-01 19:00:00+00:00,2,120.56,0.01,3.17,69.87,0.12,1.52,1.9,3.66
Paris,FR,48.8566,2.3522,2026-05-01 20:00:00+00:00,1,121.63,0.0,3.81,56.01,0.13,1.66,2.17,3.42
Paris,FR,48.8566,2.3522,2026-05-01 21:00:00+00:00,1,121.44,0.0,4.27,44.92,0.12,1.77,2.37,3.16
Paris,FR,48.8566,2.3522,2026-05-01 22:00:00+00:00,1,118.67,0.0,4.22,36.03,0.08,1.78,2.41,3.01
Paris,FR,48.8566,2.3522,2026-05-01 23:00:00+00:00,1,116.16,0.0,3.62,30.79,0.06,1.75,2.35,2.47
Paris,FR,48.8566,2.3522,2026-05-02 00:00:00+00:00,1,114.19,0.0,2.99,29.28,0.04,1.72,2.26,2.13
Paris,FR,48.8566,2.3522,2026-05-02 01:00:00+00:00,1,115.05,0.0,2.12,38.51,0.04,1.68,2.16,2.15
Paris,FR,48.8566,2.3522,2026-05-02 02:00:00+00:00,1,114.27,0.0,1.8,35.53,0.04,1.79,2.27,2.15
Paris,FR,48.8566,2.3522,2026-05-02 03:00:00+00:00,1,113.29,0.0,1.67,31.69,0.04,1.96,2.42,2.41
Paris,FR,48.8566,2.3522,2026-05-02 04:00:00+00:00,1,111.58,0.0,1.69,28.37,0.04,2.18,2.61,2.52
Paris,FR,48.8566,2.3522,2026-05-02 05:00:00+00:00,1,112.26,0.01,2.27,26.34,0.06,2.35,2.79,2.38
Paris,FR,48.8566,2.3522,2026-05-02 06:00:00+00:00,1,113.49,0.08,3.18,25.15,0.07,2.51,2.99,2.31
Paris,FR,48.8566,2.3522,2026-05-02 07:00:00+00:00,1,113.68,0.42,3.24,26.58,0.08,2.59,3.17,2.41
Paris,FR,48.8566,2.3522,2026-05-02 08:00:00+00:00,1,112.74,0.87,2.73,28.91,0.09,2.57,3.34,3.63
Paris,FR,48.8566,2.3522,2026-05-02 09:00:00+00:00,1,111.72,0.94,2.14,35.85,0.11,2.81,3.75,5.44
Paris,FR,48.8566,2.3522,2026-05-02 10:00:00+00:00,2,119.42,0.25,0.92,87.67,0.16,3.56,5.23,5.48
Paris,FR,48.8566,2.3522,2026-05-02 11:00:00+00:00,2,119.39,0.14,0.62,99.19,0.16,4.11,6.04,5.45
Paris,FR,48.8566,2.3522,2026-05-02 12:00:00+00:00,3,118.46,0.12,0.53,101.77,0.17,4.55,6.58,5.63
Paris,FR,48.8566,2.3522,2026-05-02 13:00:00+00:00,3,117.72,0.07,0.47,103.95,0.16,4.53,6.67,4.51
Paris,FR,48.8566,2.3522,2026-05-02 14:00:00+00:00,3,116.54,0.05,0.49,102.7,0.14,4.13,6.05,3.4
Paris,FR,48.8566,2.3522,2026-05-02 15:00:00+00:00,3,116.51,0.03,0.59,101.53,0.13,3.89,5.46,2.91
Paris,FR,48.8566,2.3522,2026-05-02 16:00:00+00:00,2,117.55,0.04,0.98,97.64,0.15,3.91,5.04,2.99
Paris,FR,48.8566,2.3522,2026-05-02 17:00:00+00:00,2,118.88,0.04,1.47,92.28,0.16,4.1,4.89,3.27
Paris,FR,48.8566,2.3522,2026-05-02 18:00:00+00:00,2,120.58,0.02,1.73,89.02,0.16,4.23,4.83,3.37
Paris,FR,48.8566,2.3522,2026-05-02 19:00:00+00:00,2,120.52,0.0,1.76,86.24,0.14,4.29,4.8,3.1
Paris,FR,48.8566,2.3522,2026-05-02 20:00:00+00:00,2,121.66,0.0,1.66,84.39,0.12,4.35,4.8,2.77
Paris,FR,48.8566,2.3522,2026-05-02 21:00:00+00:00,2,122.26,0.0,1.54,82.15,0.1,4.29,4.66,2.33
Paris,FR,48.8566,2.3522,2026-05-02 22:00:00+00:00,2,121.05,0.0,1.36,78.59,0.08,4.11,4.38,1.93
Paris,FR,48.8566,2.3522,2026-05-02 23:00:00+00:00,2,120.81,0.0,1.17,75.57,0.07,4.0,4.21,1.72
Paris,FR,48.8566,2.3522,2026-05-03 00:00:00+00:00,2,120.65,0.0,1.02,72.69,0.07,3.97,4.17,1.64
Paris,FR,48.8566,2.3522,2026-05-03 01:00:00+00:00,2,119.97,0.0,0.92,69.51,0.07,3.95,4.16,1.55
Paris,FR,48.8566,2.3522,2026-05-03 02:00:00+00:00,2,119.47,0.0,0.84,65.7,0.08,3.92,4.13,1.45
Paris,FR,48.8566,2.3522,2026-05-03 03:00:00+00:00,2,118.43,0.0,0.8,62.39,0.07,3.84,4.03,1.41
Paris,FR,48.8566,2.3522,2026-05-03 04:00:00+00:00,2,116.91,0.0,0.8,60.51,0.07,3.64,3.82,1.33
Paris,FR,48.8566,2.3522,2026-05-03 05:00:00+00:00,2,116.65,0.0,0.98,61.34,0.07,3.39,3.55,1.23
Paris,FR,48.8566,2.3522,2026-05-03 06:00:00+00:00,2,117.03,0.0,1.3,64.48,0.07,3.11,3.26,1.17
Paris,FR,48.8566,2.3522,2026-05-03 07:00:00+00:00,2,117.88,0.01,1.33,72.4,0.07,2.86,3.0,1.13
Paris,FR,48.8566,2.3522,2026-05-03 08:00:00+00:00,2,118.29,0.03,1.23,76.35,0.07,2.76,2.93,1.14
Paris,FR,48.8566,2.3522,2026-05-03 09:00:00+00:00,2,118.51,0.05,1.08,77.26,0.06,2.69,2.88,1.18
Paris,FR,48.8566,2.3522,2026-05-03 10:00:00+00:00,2,119.34,0.05,0.82,80.21,0.05,2.4,2.59,1.14
Paris,FR,48.8566,2.3522,2026-05-03 11:00:00+00:00,2,118.69,0.04,0.72,79.04,0.04,2.02,2.17,1.08
Paris,FR,48.8566,2.3522,2026-05-03 12:00:00+00:00,2,117.87,0.04,0.7,76.42,0.04,1.6,1.7,0.98
Paris,FR,48.8566,2.3522,2026-05-03 13:00:00+00:00,2,119.07,0.03,0.68,74.97,0.03,1.12,1.19,0.85
Paris,FR,48.8566,2.3522,2026-05-03 14:00:00+00:00,2,118.71,0.05,0.67,72.59,0.03,0.88,0.93,0.87
Paris,FR,48.8566,2.3522,2026-05-03 15:00:00+00:00,2,118.26,0.06,0.7,70.52,0.03,0.77,0.82,0.96
Paris,FR,48.8566,2.3522,2026-05-03 16:00:00+00:00,2,117.56,0.06,0.76,69.2,0.03,0.7,0.74,1.03
Paris,FR,48.8566,2.3522,2026-05-03 17:00:00+00:00,2,117.23,0.03,0.79,69.02,0.03,0.6,0.64,1.04
Paris,FR,48.8566,2.3522,2026-05-03 18:00:00+00:00,2,116.99,0.01,0.79,69.45,0.03,0.53,0.54,1.0
Paris,FR,48.8566,2.3522,2026-05-03 19:00:00+00:00,2,116.11,0.0,1.17,62.12,0.04,0.53,0.58,1.37
Paris,FR,48.8566,2.3522,2026-05-03 20:00:00+00:00,1,115.74,0.0,1.72,50.11,0.06,0.57,0.74,1.6
Paris,FR,48.8566,2.3522,2026-05-03 21:00:00+00:00,1,114.46,0.0,2.11,40.62,0.06,0.63,0.87,2.09
Paris,FR,48.8566,2.3522,2026-05-03 22:00:00+00:00,1,111.24,0.0,2.24,33.19,0.05,0.65,0.9,2.77
Paris,FR,48.8566,2.3522,2026-05-03 23:00:00+00:00,1,108.81,0.0,2.07,27.94,0.04,0.66,0.9,2.37
Paris,FR,48.8566,2.3522,2026-05-04 00:00:00+00:00,1,107.83,0.0,1.76,26.5,0.04,0.66,0.88,2.16
Paris,FR,48.8566,2.3522,2026-05-04 01:00:00+00:00,1,107.08,0.0,1.46,28.14,0.04,0.67,0.82,2.04
Paris,FR,48.8566,2.3522,2026-05-04 02:00:00+00:00,1,106.11,0.0,1.31,26.72,0.03,0.65,0.79,1.86
Paris,FR,48.8566,2.3522,2026-05-04 03:00:00+00:00,1,105.49,0.0,1.22,26.14,0.03,0.63,0.77,1.72
Paris,FR,48.8566,2.3522,2026-05-04 04:00:00+00:00,1,105.68,0.0,1.21,27.12,0.03,0.63,0.76,1.55
Paris,FR,48.8566,2.3522,2026-05-04 05:00:00+00:00,1,106.65,0.01,1.64,26.98,0.05,0.68,0.81,1.52
Paris,FR,48.8566,2.3522,2026-05-04 06:00:00+00:00,1,108.27,0.03,2.47,26.89,0.07,0.75,0.9,1.5
Paris,FR,48.8566,2.3522,2026-05-04 07:00:00+00:00,1,109.01,0.08,2.53,32.82,0.06,0.76,0.89,1.27
Paris,FR,48.8566,2.3522,2026-05-04 08:00:00+00:00,1,108.68,0.2,2.4,33.56,0.07,0.8,0.93,1.22
Paris,FR,48.8566,2.3522,2026-05-04 09:00:00+00:00,1,108.54,0.29,2.04,35.7,0.06,0.86,0.98,1.14
Paris,FR,48.8566,2.3522,2026-05-04 10:00:00+00:00,1,111.2,0.15,1.22,56.68,0.04,0.92,1.0,0.76
Paris,FR,48.8566,2.3522,2026-05-04 11:00:00+00:00,2,111.85,0.11,0.86,66.22,0.03,1.0,1.06,0.68
Paris,FR,48.8566,2.3522,2026-05-04 12:00:00+00:00,2,111.86,0.1,0.71,70.69,0.03,1.1,1.15,0.69
Paris,FR,48.8566,2.3522,2026-05-04 13:00:00+00:00,2,112.95,0.08,0.67,76.08,0.03,1.17,1.22,0.72
Paris,FR,48.8566,2.3522,2026-05-04 14:00:00+00:00,2,113.41,0.07,0.84,77.5,0.04,1.2,1.26,0.88
Paris,FR,48.8566,2.3522,2026-05-04 15:00:00+00:00,2,113.41,0.09,1.16,77.07,0.04,1.23,1.3,1.12
Paris,FR,48.8566,2.3522,2026-05-04 16:00:00+00:00,2,113.96,0.11,1.67,74.44,0.05,1.27,1.37,1.5
Paris,FR,48.8566,2.3522,2026-05-04 17:00:00+00:00,2,113.99,0.09,2.08,69.52,0.07,1.31,1.45,1.79
Paris,FR,48.8566,2.3522,2026-05-04 18:00:00+00:00,2,114.1,0.05,2.22,65.94,0.09,1.33,1.52,1.97
Paris,FR,48.8566,2.3522,2026-05-04 19:00:00+00:00,2,115.17,0.01,2.4,60.48,0.11,1.4,1.65,2.17
Paris,FR,48.8566,2.3522,2026-05-04 20:00:00+00:00,1,117.57,0.0,2.75,50.77,0.13,1.57,1.92,2.07
Paris,FR,48.8566,2.3522,2026-05-04 21:00:00+00:00,1,120.53,0.0,3.23,40.9,0.15,1.81,2.25,1.78
Paris,FR,48.8566,2.3522,2026-05-04 22:00:00+00:00,1,122.59,0.0,3.6,32.4,0.14,2.05,2.57,1.58
Paris,FR,48.8566,2.3522,2026-05-04 23:00:00+00:00,1,126.94,0.0,3.84,27.08,0.14,2.52,3.09,1.56
Paris,FR,48.8566,2.3522,2026-05-05 00:00:00+00:00,1,133.31,0.0,4.07,23.88,0.15,3.35,3.98,1.6
Paris,FR,48.8566,2.3522,2026-05-05 01:00:00+00:00,1,140.27,0.0,4.33,21.9,0.18,4.14,4.74,1.51
Paris,FR,48.8566,2.3522,2026-05-05 02:00:00+00:00,1,146.53,0.0,4.63,20.52,0.2,4.6,5.13,1.43
Paris,FR,48.8566,2.3522,2026-05-05 03:00:00+00:00,1,148.77,0.0,4.79,19.87,0.19,4.75,5.19,1.47
Paris,FR,48.8566,2.3522,2026-05-05 04:00:00+00:00,1,145.25,0.0,4.7,20.51,0.19,4.35,4.7,1.55
Paris,FR,48.8566,2.3522,2026-05-05 05:00:00+00:00,1,139.95,0.01,4.6,19.96,0.18,3.78,4.07,1.55
Paris,FR,48.8566,2.3522,2026-05-05 06:00:00+00:00,1,135.93,0.07,4.9,18.81,0.17,3.39,3.64,1.49
Paris,FR,48.8566,2.3522,2026-05-05 07:00:00+00:00,1,133.75,0.29,4.76,19.84,0.17,3.12,3.32,1.32
Paris,FR,48.8566,2.3522,2026-05-05 08:00:00+00:00,1,134.48,0.65,4.45,18.85,0.17,2.93,3.11,1.23
Paris,FR,48.8566,2.3522,2026-05-05 09:00:00+00:00,1,136.67,1.04,4.07,17.47,0.17,2.77,2.94,1.17
Paris,FR,48.8566,2.3522,2026-05-05 10:00:00+00:00,1,136.54,1.29,3.66,17.2,0.16,2.32,2.46,1.16
Paris,FR,48.8566,2.3522,2026-05-05 11:00:00+00:00,1,134.12,1.28,3.36,18.99,0.15,2.12,2.25,1.08
Paris,FR,48.8566,2.3522,2026-05-05 12:00:00+00:00,1,131.52,1.04,3.24,22.68,0.14,2.07,2.19,1.06
Paris,FR,48.8566,2.3522,2026-05-05 13:00:00+00:00,1,127.81,0.34,2.38,45.68,0.09,1.6,1.66,0.75
Paris,FR,48.8566,2.3522,2026-05-05 14:00:00+00:00,2,124.16,0.14,1.61,60.29,0.06,1.35,1.39,0.63
Paris,FR,48.8566,2.3522,2026-05-05 15:00:00+00:00,2,123.67,0.11,1.51,65.06,0.05,1.39,1.43,0.64
Paris,FR,48.8566,2.3522,2026-05-05 16:00:00+00:00,2,125.11,0.12,1.74,66.06,0.06,1.48,1.52,0.72
Paris,FR,48.8566,2.3522,2026-05-05 17:00:00+00:00,2,126.68,0.13,2.06,64.66,0.08,1.54,1.59,0.84
Paris,FR,48.8566,2.3522,2026-05-05 18:00:00+00:00,2,128.07,0.09,2.38,63.29,0.1,1.59,1.65,0.92
Paris,FR,48.8566,2.3522,2026-05-05 19:00:00+00:00,2,129.19,0.02,2.71,60.99,0.11,1.65,1.74,1.02
Paris,FR,48.8566,2.3522,2026-05-05 20:00:00+00:00,1,130.56,0.0,2.86,57.47,0.12,1.76,1.88,1.19
Paris,FR,48.8566,2.3522,2026-05-05 21:00:00+00:00,1,131.58,0.0,2.93,53.2,0.12,1.85,2.0,1.33
Paris,FR,48.8566,2.3522,2026-05-05 22:00:00+00:00,1,130.88,0.0,2.83,48.72,0.11,1.87,2.04,1.43
Paris,FR,48.8566,2.3522,2026-05-05 23:00:00+00:00,1,130.99,0.0,2.66,45.17,0.1,1.99,2.18,1.48
Paris,FR,48.8566,2.3522,2026-05-06 00:00:00+00:00,1,131.47,0.0,2.5,42.4,0.09,2.32,2.52,1.46
Paris,FR,48.8566,2.3522,2026-05-06 01:00:00+00:00,1,131.79,0.0,2.36,39.68,0.09,2.68,2.88,1.37
Paris,FR,48.8566,2.3522,2026-05-06 02:00:00+00:00,1,132.31,0.0,2.33,36.95,0.09,2.99,3.19,1.3
Paris,FR,48.8566,2.3522,2026-05-06 03:00:00+00:00,1,133.2,0.0,2.38,35.21,0.1,3.4,3.59,1.33
Paris,FR,48.8566,2.3522,2026-05-06 04:00:00+00:00,1,134.2,0.0,2.51,35.11,0.12,3.8,3.98,1.31
Paris,FR,48.8566,2.3522,2026-05-06 05:00:00+00:00,1,136.23,0.0,2.89,36.73,0.15,4.65,4.81,1.21
Paris,FR,48.8566,2.3522,2026-05-06 06:00:00+00:00,1,138.63,0.01,3.47,39.4,0.19,5.53,5.71,1.14
Paris,FR,48.8566,2.3522,2026-05-06 07:00:00+00:00,1,141.41,0.05,3.91,44.24,0.24,6.21,6.38,0.98
Paris,FR,48.8566,2.3522,2026-05-06 08:00:00+00:00,1,142.93,0.15,4.26,47.43,0.27,6.82,7.01,0.9
Paris,FR,48.8566,2.3522,2026-05-06 09:00:00+00:00,1,144.63,0.33,4.56,50.04,0.31,7.34,7.54,0.9
Paris,FR,48.8566,2.3522,2026-05-06 10:00:00+00:00,1,145.82,0.63,4.68,53.15,0.35,7.45,7.7,0.99
Paris,FR,48.8566,2.3522,2026-05-06 11:00:00+00:00,1,147.04,0.72,4.98,57.37,0.4,7.12,7.43,1.18
Paris,FR,48.8566,2.3522,2026-05-06 12:00:00+00:00,2,146.43,0.71,4.96,63.07,0.42,6.61,6.95,1.34
Paris,FR,48.8566,2.3522,2026-05-06 13:00:00+00:00,2,141.43,0.46,3.93,75.53,0.38,4.43,4.76,1.53
Paris,FR,48.8566,2.3522,2026-05-06 14:00:00+00:00,2,135.32,0.28,2.92,84.89,0.35,2.71,3.05,1.67
Paris,FR,48.8566,2.3522,2026-05-06 15:00:00+00:00,2,131.32,0.19,2.42,88.52,0.35,1.72,2.09,1.81
Paris,FR,48.8566,2.3522,2026-05-06 16:00:00+00:00,2,128.58,0.15,2.09,90.7,0.35,1.52,1.93,1.9
Paris,FR,48.8566,2.3522,2026-05-06 17:00:00+00:00,2,125.9,0.12,2.11,89.17,0.36,1.45,1.93,2.18
Paris,FR,48.8566,2.3522,2026-05-06 18:00:00+00:00,2,124.3,0.08,2.17,87.03,0.37,1.42,1.97,2.48
Paris,FR,48.8566,2.3522,2026-05-06 19:00:00+00:00,2,123.86,0.02,2.42,82.0,0.35,1.44,2.07,2.89
Paris,FR,48.8566,2.3522,2026-05-06 20:00:00+00:00,2,124.65,0.0,2.71,74.51,0.31,1.54,2.27,3.0
Paris,FR,48.8566,2.3522,2026-05-06 21:00:00+00:00,2,125.35,0.0,2.96,67.67,0.27,1.64,2.47,2.6
Paris,FR,48.8566,2.3522,2026-05-06 22:00:00+00:00,2,123.68,0.0,3.04,60.18,0.21,1.71,2.6,2.04
Paris,FR,48.8566,2.3522,2026-05-06 23:00:00+00:00,1,123.04,0.0,2.94,53.32,0.16,1.79,2.73,1.65
Paris,FR,48.8566,2.3522,2026-05-07 00:00:00+00:00,1,122.58,0.0,2.73,47.97,0.14,1.89,2.87,1.47
Paris,FR,48.8566,2.3522,2026-05-07 01:00:00+00:00,1,120.64,0.0,2.51,42.52,0.12,1.96,2.98,1.44
Paris,FR,48.8566,2.3522,2026-05-07 02:00:00+00:00,1,119.83,0.0,2.39,37.37,0.1,2.05,3.11,1.53
Paris,FR,48.8566,2.3522,2026-05-07 03:00:00+00:00,1,119.02,0.0,2.36,32.93,0.09,2.17,3.25,1.68
Paris,FR,48.8566,2.3522,2026-05-07 04:00:00+00:00,1,117.83,0.0,2.46,29.08,0.1,2.29,3.38,1.75
Paris,FR,48.8566,2.3522,2026-05-07 05:00:00+00:00,1,119.15,0.01,3.12,25.67,0.12,2.45,3.6,1.69
Paris,FR,48.8566,2.3522,2026-05-07 06:00:00+00:00,1,121.5,0.47,3.73,23.1,0.15,2.75,3.98,1.65
Paris,FR,48.8566,2.3522,2026-05-07 07:00:00+00:00,1,123.07,1.61,3.21,22.01,0.18,2.88,4.18,1.62
Paris,FR,48.8566,2.3522,2026-05-07 08:00:00+00:00,1,123.68,2.43,2.79,21.5,0.2,2.85,4.22,1.78
Paris,FR,48.8566,2.3522,2026-05-07 09:00:00+00:00,1,124.64,2.54,2.71,25.39,0.28,3.1,4.56,2.38
Paris,FR,48.8566,2.3522,2026-05-07 10:00:00+00:00,2,127.94,0.32,1.3,88.69,0.66,3.09,4.09,1.91
Paris,FR,48.8566,2.3522,2026-05-07 11:00:00+00:00,2,123.65,0.13,0.75,98.34,0.5,2.27,3.01,1.63
Paris,FR,48.8566,2.3522,2026-05-07 12:00:00+00:00,2,121.83,0.09,0.69,99.45,0.45,2.23,2.91,1.62
Paris,FR,48.8566,2.3522,2026-05-07 13:00:00+00:00,3,121.97,0.07,0.7,100.59,0.43,2.25,2.9,1.65
Paris,FR,48.8566,2.3522,2026-05-07 14:00:00+00:00,3,120.79,0.07,0.7,100.68,0.4,2.24,2.87,1.65
Paris,FR,48.8566,2.3522,2026-05-07 15:00:00+00:00,3,120.17,0.08,0.75,100.68,0.38,2.26,2.88,1.66
Paris,FR,48.8566,2.3522,2026-05-07 16:00:00+00:00,2,120.59,0.11,0.94,99.89,0.37,2.4,3.05,1.82
Paris,FR,48.8566,2.3522,2026-05-07 17:00:00+00:00,2,121.88,0.13,1.26,96.81,0.39,2.72,3.44,2.19
Paris,FR,48.8566,2.3522,2026-05-07 18:00:00+00:00,2,124.16,0.11,1.62,93.57,0.42,3.1,3.93,2.57
Paris,FR,48.8566,2.3522,2026-05-07 19:00:00+00:00,2,127.73,0.03,2.22,87.67,0.45,3.61,4.58,3.08
Paris,FR,48.8566,2.3522,2026-05-07 20:00:00+00:00,2,133.0,0.0,2.83,79.25,0.45,4.29,5.39,3.51
Paris,FR,48.8566,2.3522,2026-05-07 21:00:00+00:00,2,137.58,0.0,3.32,71.53,0.4,4.98,6.15,3.18
Paris,FR,48.8566,2.3522,2026-05-07 22:00:00+00:00,2,136.45,0.0,3.33,63.05,0.3,5.36,6.46,2.37
Paris,FR,48.8566,2.3522,2026-05-07 23:00:00+00:00,1,134.16,0.0,2.89,56.0,0.21,5.66,6.65,1.77
Paris,FR,48.8566,2.3522,2026-05-08 00:00:00+00:00,1,130.75,0.0,2.33,50.22,0.14,5.77,6.63,1.52
Paris,FR,48.8566,2.3522,2026-05-08 01:00:00+00:00,1,126.57,0.0,1.87,45.45,0.1,5.63,6.35,1.44
Paris,FR,48.8566,2.3522,2026-05-08 02:00:00+00:00,1,123.41,0.0,1.57,41.75,0.08,5.34,5.97,1.37
Paris,FR,48.8566,2.3522,2026-05-08 03:00:00+00:00,1,120.61,0.0,1.41,38.88,0.06,5.03,5.57,1.35
Paris,FR,48.8566,2.3522,2026-05-08 04:00:00+00:00,1,118.48,0.0,1.44,36.38,0.06,4.8,5.28,1.33
Paris,FR,48.8566,2.3522,2026-05-08 05:00:00+00:00,1,117.97,0.0,1.91,34.06,0.08,4.63,5.11,1.34
Paris,FR,48.8566,2.3522,2026-05-08 06:00:00+00:00,1,118.93,0.25,2.57,32.16,0.1,4.59,5.08,1.39
Paris,FR,48.8566,2.3522,2026-05-08 07:00:00+00:00,1,119.36,0.89,2.48,32.01,0.11,4.43,4.92,1.6
Paris,FR,48.8566,2.3522,2026-05-08 08:00:00+00:00,1,118.26,1.23,2.16,33.84,0.13,4.06,4.54,2.18
Paris,FR,48.8566,2.3522,2026-05-08 09:00:00+00:00,1,116.52,1.15,1.92,39.06,0.15,3.8,4.26,2.86
Paris,FR,48.8566,2.3522,2026-05-08 10:00:00+00:00,2,116.97,0.19,0.7,86.42,0.13,2.11,2.32,2.24
Paris,FR,48.8566,2.3522,2026-05-08 11:00:00+00:00,2,115.35,0.1,0.44,93.01,0.11,1.76,1.9,2.01
Paris,FR,48.8566,2.3522,2026-05-08 12:00:00+00:00,2,114.45,0.09,0.4,93.65,0.1,1.76,1.9,1.99
Paris,FR,48.8566,2.3522,2026-05-08 13:00:00+00:00,2,114.65,0.09,0.41,95.05,0.11,1.8,1.93,1.99
Paris,FR,48.8566,2.3522,2026-05-08 14:00:00+00:00,2,113.78,0.09,0.44,96.0,0.11,1.76,1.89,1.94
Paris,FR,48.8566,2.3522,2026-05-08 15:00:00+00:00,2,112.92,0.09,0.51,96.48,0.11,1.67,1.79,1.92
Paris,FR,48.8566,2.3522,2026-05-08 16:00:00+00:00,2,113.2,0.13,0.84,94.51,0.12,1.73,1.87,2.17
Paris,FR,48.8566,2.3522,2026-05-08 17:00:00+00:00,2,113.74,0.14,1.36,89.45,0.16,1.95,2.14,2.69
Paris,FR,48.8566,2.3522,2026-05-08 18:00:00+00:00,2,114.45,0.09,1.85,84.3,0.2,2.16,2.4,3.23
Paris,FR,48.8566,2.3522,2026-05-08 19:00:00+00:00,2,115.35,0.02,2.25,79.86,0.24,2.35,2.63,3.67
Paris,FR,48.8566,2.3522,2026-05-08 20:00:00+00:00,2,117.59,0.0,2.47,76.52,0.26,2.5,2.83,3.95
Paris,FR,48.8566,2.3522,2026-05-08 21:00:00+00:00,2,120.04,0.0,2.66,73.85,0.28,2.62,2.98,3.91
Paris,FR,48.8566,2.3522,2026-05-08 22:00:00+00:00,2,119.79,0.0,2.69,69.41,0.26,2.65,3.01,3.54
Paris,FR,48.8566,2.3522,2026-05-08 23:00:00+00:00,2,119.83,0.0,2.57,64.31,0.23,2.72,3.09,3.09
Paris,FR,48.8566,2.3522,2026-05-09 00:00:00+00:00,1,118.96,0.0,2.37,59.19,0.2,2.8,3.18,2.63
Paris,FR,48.8566,2.3522,2026-05-09 01:00:00+00:00,1,116.51,0.0,2.15,53.61,0.17,2.84,3.21,2.26
Paris,FR,48.8566,2.3522,2026-05-09 02:00:00+00:00,1,114.68,0.0,2.0,48.36,0.14,2.89,3.25,2.12
Paris,FR,48.8566,2.3522,2026-05-09 03:00:00+00:00,1,113.02,0.0,1.94,43.57,0.12,2.94,3.31,2.09
Paris,FR,48.8566,2.3522,2026-05-09 04:00:00+00:00,1,111.1,0.0,1.99,38.65,0.12,2.99,3.38,2.02
Paris,FR,48.8566,2.3522,2026-05-09 05:00:00+00:00,1,109.92,0.0,2.35,33.5,0.13,3.05,3.48,1.89
Paris,FR,48.8566,2.3522,2026-05-09 06:00:00+00:00,1,109.11,0.26,2.73,28.59,0.14,3.1,3.58,1.8
Paris,FR,48.8566,2.3522,2026-05-09 07:00:00+00:00,1,107.63,0.99,2.33,25.26,0.14,3.08,3.58,1.91
Paris,FR,48.8566,2.3522,2026-05-09 08:00:00+00:00,1,105.95,1.45,1.91,24.16,0.14,3.05,3.56,2.46
Paris,FR,48.8566,2.3522,2026-05-09 09:00:00+00:00,1,104.47,1.43,1.69,27.16,0.14,3.14,3.65,3.23
Paris,FR,48.8566,2.3522,2026-05-09 10:00:00+00:00,1,108.52,0.62,1.26,54.34,0.15,3.09,3.52,4.03
Paris,FR,48.8566,2.3522,2026-05-09 11:00:00+00:00,2,107.86,0.32,0.91,66.18,0.14,3.36,3.76,3.99
Paris,FR,48.8566,2.3522,2026-05-09 12:00:00+00:00,2,106.32,0.19,0.7,73.01,0.12,3.41,3.76,3.83
Paris,FR,48.8566,2.3522,2026-05-09 13:00:00+00:00,2,107.15,0.09,0.46,88.12,0.08,2.12,2.34,2.87
Paris,FR,48.8566,2.3522,2026-05-09 14:00:00+00:00,2,106.27,0.07,0.39,94.27,0.06,1.32,1.47,2.23
Paris,FR,48.8566,2.3522,2026-05-09 15:00:00+00:00,2,105.12,0.07,0.42,95.78,0.05,1.07,1.21,2.07
Paris,FR,48.8566,2.3522,2026-05-09 16:00:00+00:00,2,104.87,0.1,0.69,92.99,0.06,1.06,1.23,2.35
Paris,FR,48.8566,2.3522,2026-05-09 17:00:00+00:00,2,104.63,0.11,1.1,86.04,0.08,1.16,1.38,2.88
Paris,FR,48.8566,2.3522,2026-05-09 18:00:00+00:00,2,104.74,0.07,1.45,79.75,0.09,1.23,1.5,3.28
Paris,FR,48.8566,2.3522,2026-05-09 19:00:00+00:00,2,104.06,0.02,1.92,68.48,0.1,1.31,1.65,3.77
Paris,FR,48.8566,2.3522,2026-05-09 20:00:00+00:00,1,104.55,0.0,2.42,56.2,0.12,1.43,1.86,4.28
Paris,FR,48.8566,2.3522,2026-05-09 21:00:00+00:00,1,106.11,0.0,2.98,47.2,0.14,1.6,2.11,4.28
Paris,FR,48.8566,2.3522,2026-05-09 22:00:00+00:00,1,107.1,0.0,3.4,39.93,0.15,1.77,2.36,3.78
Paris,FR,48.8566,2.3522,2026-05-09 23:00:00+00:00,1,108.51,0.0,3.53,34.41,0.16,1.97,2.61,3.15
Paris,FR,48.8566,2.3522,2026-05-10 00:00:00+00:00,1,108.3,0.0,3.38,30.14,0.15,2.1,2.79,2.66
Paris,FR,48.8566,2.3522,2026-05-10 01:00:00+00:00,1,105.65,0.0,3.06,26.0,0.12,2.14,2.81,2.5
Paris,FR,48.8566,2.3522,2026-05-10 02:00:00+00:00,1,103.28,0.0,2.81,22.03,0.1,2.16,2.79,2.91
Paris,FR,48.8566,2.3522,2026-05-10 03:00:00+00:00,1,100.82,0.0,2.67,19.2,0.1,2.14,2.75,3.81
Paris,FR,48.8566,2.3522,2026-05-10 04:00:00+00:00,1,98.59,0.01,2.69,17.25,0.1,2.13,2.75,4.28
Paris,FR,48.8566,2.3522,2026-05-10 05:00:00+00:00,1,97.85,0.04,3.2,14.91,0.11,2.15,2.81,3.09
Paris,FR,48.8566,2.3522,2026-05-10 06:00:00+00:00,1,98.75,0.16,4.27,12.98,0.11,2.2,2.87,2.24
Paris,FR,48.8566,2.3522,2026-05-10 07:00:00+00:00,1,100.75,0.45,4.44,16.33,0.12,2.15,2.74,2.03
Paris,FR,48.8566,2.3522,2026-05-10 08:00:00+00:00,1,101.68,0.92,4.16,18.87,0.12,2.12,2.66,1.94
Paris,FR,48.8566,2.3522,2026-05-10 09:00:00+00:00,1,102.33,1.43,3.48,21.18,0.12,2.11,2.61,2.08
Paris,FR,48.8566,2.3522,2026-05-10 10:00:00+00:00,1,107.25,0.54,2.35,53.38,0.12,1.74,2.01,2.12
Paris,FR,48.8566,2.3522,2026-05-10 11:00:00+00:00,2,107.08,0.34,1.62,63.68,0.1,1.65,1.83,1.71
Paris,FR,48.8566,2.3522,2026-05-10 12:00:00+00:00,2,106.45,0.24,1.13,70.09,0.08,1.67,1.8,1.42
Paris,FR,48.8566,2.3522,2026-05-10 13:00:00+00:00,2,105.36,0.12,0.75,77.67,0.05,1.51,1.61,1.24
Paris,FR,48.8566,2.3522,2026-05-10 14:00:00+00:00,2,104.17,0.08,0.63,81.23,0.04,1.34,1.41,1.38
Paris,FR,48.8566,2.3522,2026-05-10 15:00:00+00:00,2,103.43,0.07,0.7,81.69,0.05,1.31,1.39,1.56
Paris,FR,48.8566,2.3522,2026-05-10 16:00:00+00:00,2,104.57,0.09,1.25,77.16,0.06,1.39,1.48,1.86
Paris,FR,48.8566,2.3522,2026-05-10 17:00:00+00:00,2,105.18,0.09,2.02,68.6,0.08,1.47,1.61,1.99
Paris,FR,48.8566,2.3522,2026-05-10 18:00:00+00:00,2,106.43,0.05,2.58,62.43,0.1,1.54,1.72,1.79
Paris,FR,48.8566,2.3522,2026-05-10 19:00:00+00:00,1,107.6,0.01,3.08,54.1,0.12,1.72,1.96,2.17
Paris,FR,48.8566,2.3522,2026-05-10 20:00:00+00:00,1,110.22,0.0,3.46,44.95,0.14,2.01,2.3,2.44
Paris,FR,48.8566,2.3522,2026-05-10 21:00:00+00:00,1,111.94,0.0,3.56,38.26,0.13,2.46,2.77,2.57
Paris,FR,48.8566,2.3522,2026-05-10 22:00:00+00:00,1,111.22,0.0,3.23,34.09,0.11,2.91,3.2,2.36
Paris,FR,48.8566,2.3522,2026-05-10 23:00:00+00:00,1,111.22,0.0,2.68,33.53,0.1,3.18,3.42,1.83
Paris,FR,48.8566,2.3522,2026-05-11 00:00:00+00:00,1,112.4,0.0,2.11,37.59,0.1,3.38,3.57,1.51
Paris,FR,48.8566,2.3522,2026-05-12 01:00:00+00:00,1,115.66,0.0,1.77,50.6,0.22,1.79,2.4,1.71
Paris,FR,48.8566,2.3522,2026-05-12 02:00:00+00:00,1,115.32,0.0,1.7,47.59,0.23,1.88,2.48,1.59
Paris,FR,48.8566,2.3522,2026-05-12 03:00:00+00:00,1,116.84,0.0,1.78,47.8,0.26,2.05,2.62,1.45
Paris,FR,48.8566,2.3522,2026-05-12 04:00:00+00:00,1,119.78,0.0,2.03,51.46,0.33,2.37,2.94,1.31
Paris,FR,48.8566,2.3522,2026-05-12 05:00:00+00:00,1,122.38,0.0,2.51,53.05,0.36,2.56,3.17,1.28
Paris,FR,48.8566,2.3522,2026-05-12 06:00:00+00:00,1,125.53,0.03,3.24,55.36,0.4,2.76,3.39,1.32
Paris,FR,48.8566,2.3522,2026-05-12 07:00:00+00:00,2,130.16,0.13,3.07,65.44,0.46,3.44,4.01,1.3
Paris,FR,48.8566,2.3522,2026-05-12 08:00:00+00:00,2,130.94,0.22,2.76,68.98,0.43,3.36,3.9,1.38
Paris,FR,48.8566,2.3522,2026-05-12 09:00:00+00:00,2,130.32,0.26,2.4,71.0,0.38,3.15,3.68,1.49
Paris,FR,48.8566,2.3522,2026-05-12 10:00:00+00:00,2,128.41,0.22,1.74,77.87,0.33,2.31,2.73,1.4
Paris,FR,48.8566,2.3522,2026-05-12 11:00:00+00:00,2,125.31,0.16,1.2,82.9,0.28,1.47,1.81,1.32
Paris,FR,48.8566,2.3522,2026-05-12 12:00:00+00:00,2,123.23,0.14,0.88,85.38,0.24,1.44,1.72,1.25
Paris,FR,48.8566,2.3522,2026-05-12 13:00:00+00:00,2,122.51,0.12,0.69,87.81,0.21,1.55,1.8,1.27
Paris,FR,48.8566,2.3522,2026-05-12 14:00:00+00:00,2,121.22,0.1,0.63,88.39,0.19,1.63,1.87,1.35
Paris,FR,48.8566,2.3522,2026-05-12 15:00:00+00:00,2,120.02,0.09,0.67,88.49,0.17,1.61,1.82,1.45
Paris,FR,48.8566,2.3522,2026-05-12 16:00:00+00:00,2,119.89,0.09,0.82,88.24,0.17,1.56,1.78,1.66
Paris,FR,48.8566,2.3522,2026-05-12 17:00:00+00:00,2,119.73,0.07,1.04,86.3,0.17,1.54,1.77,1.99
Paris,FR,48.8566,2.3522,2026-05-12 18:00:00+00:00,2,119.48,0.03,1.21,84.99,0.18,1.5,1.74,2.33
Paris,FR,48.8566,2.3522,2026-05-12 19:00:00+00:00,2,119.78,0.01,1.86,75.54,0.18,1.55,1.87,3.34
Paris,FR,48.8566,2.3522,2026-05-12 20:00:00+00:00,2,120.0,0.0,2.69,61.96,0.17,1.69,2.14,4.47
Paris,FR,48.8566,2.3522,2026-05-12 21:00:00+00:00,1,119.39,0.0,3.33,52.03,0.16,1.8,2.35,5.2
Paris,FR,48.8566,2.3522,2026-05-12 22:00:00+00:00,1,116.41,0.0,3.57,44.62,0.14,1.85,2.45,5.53
Paris,FR,48.8566,2.3522,2026-05-12 23:00:00+00:00,1,113.91,0.0,3.26,39.09,0.1,1.87,2.47,3.77
Paris,FR,48.8566,2.3522,2026-05-13 00:00:00+00:00,1,112.23,0.0,2.76,37.71,0.08,1.85,2.46,2.33
Paris,FR,48.8566,2.3522,2026-05-13 01:00:00+00:00,1,113.11,0.0,1.85,50.85,0.12,1.71,2.3,2.04
Paris,FR,48.8566,2.3522,2026-05-13 02:00:00+00:00,1,113.81,0.0,1.41,57.3,0.13,1.59,2.18,1.72
Paris,FR,48.8566,2.3522,2026-05-13 03:00:00+00:00,2,115.15,0.0,1.15,62.07,0.15,1.5,2.1,1.55
Paris,FR,48.8566,2.3522,2026-05-13 04:00:00+00:00,2,115.64,0.0,1.03,65.14,0.19,1.57,2.21,1.48
Paris,FR,48.8566,2.3522,2026-05-13 05:00:00+00:00,2,115.82,0.0,1.28,64.08,0.22,1.49,2.27,1.45
Paris,FR,48.8566,2.3522,2026-05-13 06:00:00+00:00,2,115.35,0.02,1.76,62.98,0.26,1.48,2.45,1.44
Paris,FR,48.8566,2.3522,2026-05-13 07:00:00+00:00,2,114.87,0.06,1.92,67.09,0.33,1.43,2.52,1.39
Paris,FR,48.8566,2.3522,2026-05-13 08:00:00+00:00,2,114.19,0.16,1.9,68.11,0.33,1.24,2.25,1.42
Paris,FR,48.8566,2.3522,2026-05-13 09:00:00+00:00,2,113.7,0.25,1.75,67.79,0.31,1.29,2.28,1.57
Paris,FR,48.8566,2.3522,2026-05-13 10:00:00+00:00,2,113.88,0.15,1.15,82.28,0.29,1.23,2.21,1.43
Paris,FR,48.8566,2.3522,2026-05-13 11:00:00+00:00,2,113.01,0.11,0.78,90.16,0.28,1.24,2.28,1.45
Paris,FR,48.8566,2.3522,2026-05-13 12:00:00+00:00,2,112.33,0.1,0.67,90.68,0.31,1.44,2.7,1.67
Paris,FR,48.8566,2.3522,2026-05-13 13:00:00+00:00,2,113.33,0.09,0.65,90.93,0.37,1.61,3.14,1.78
Paris,FR,48.8566,2.3522,2026-05-13 14:00:00+00:00,2,113.93,0.08,0.7,90.51,0.41,1.76,3.65,1.75
Paris,FR,48.8566,2.3522,2026-05-13 15:00:00+00:00,2,114.61,0.07,0.8,89.55,0.42,1.92,4.16,1.69
Paris,FR,48.8566,2.3522,2026-05-13 16:00:00+00:00,2,115.3,0.07,0.92,88.57,0.44,1.98,3.71,1.47
Paris,FR,48.8566,2.3522,2026-05-13 17:00:00+00:00,2,115.98,0.07,0.97,86.87,0.37,1.92,2.96,1.3
Paris,FR,48.8566,2.3522,2026-05-13 18:00:00+00:00,2,116.48,0.05,1.0,85.0,0.31,1.8,2.45,1.13
Paris,FR,48.8566,2.3522,2026-05-13 19:00:00+00:00,2,115.8,0.01,1.03,81.71,0.25,1.63,2.08,0.98
Paris,FR,48.8566,2.3522,2026-05-13 20:00:00+00:00,2,116.31,0.0,1.07,78.01,0.23,1.49,1.86,0.99
Paris,FR,48.8566,2.3522,2026-05-13 21:00:00+00:00,2,117.0,0.0,1.17,74.61,0.21,1.39,1.73,1.04
Paris,FR,48.8566,2.3522,2026-05-13 22:00:00+00:00,2,116.3,0.0,1.2,71.19,0.19,1.31,1.68,1.1
Paris,FR,48.8566,2.3522,2026-05-13 23:00:00+00:00,2,116.67,0.0,1.13,69.36,0.18,1.24,1.69,1.18
Paris,FR,48.8566,2.3522,2026-05-14 00:00:00+00:00,2,116.87,0.0,1.03,68.15,0.18,1.18,1.73,1.26
Paris,FR,48.8566,2.3522,2026-05-14 01:00:00+00:00,2,116.77,0.0,0.95,66.62,0.19,1.14,1.79,1.32
Paris,FR,48.8566,2.3522,2026-05-14 02:00:00+00:00,2,116.93,0.0,0.9,65.71,0.21,1.13,1.88,1.35
Paris,FR,48.8566,2.3522,2026-05-14 03:00:00+00:00,2,117.46,0.0,0.87,65.27,0.22,1.15,1.99,1.34
Paris,FR,48.8566,2.3522,2026-05-14 04:00:00+00:00,2,117.74,0.0,0.9,64.64,0.23,1.17,2.14,1.35
Paris,FR,48.8566,2.3522,2026-05-14 05:00:00+00:00,2,118.51,0.0,1.12,64.37,0.25,1.19,2.28,1.38
Paris,FR,48.8566,2.3522,2026-05-14 06:00:00+00:00,2,119.01,0.02,1.54,63.86,0.27,1.2,2.37,1.39
Paris,FR,48.8566,2.3522,2026-05-14 07:00:00+00:00,2,119.16,0.05,1.81,63.35,0.3,1.07,2.1,1.32
Paris,FR,48.8566,2.3522,2026-05-14 08:00:00+00:00,2,118.61,0.11,1.92,61.97,0.28,0.98,1.75,1.22
Paris,FR,48.8566,2.3522,2026-05-14 09:00:00+00:00,2,117.78,0.18,1.92,61.0,0.25,0.87,1.43,1.24
Paris,FR,48.8566,2.3522,2026-05-14 10:00:00+00:00,2,117.83,0.14,1.33,71.48,0.17,0.53,0.76,0.9
Paris,FR,48.8566,2.3522,2026-05-14 11:00:00+00:00,2,116.47,0.12,1.04,76.48,0.12,0.5,0.5,0.76
Paris,FR,48.8566,2.3522,2026-05-14 12:00:00+00:00,2,115.3,0.11,0.93,78.02,0.11,0.5,0.5,0.77
Paris,FR,48.8566,2.3522,2026-05-14 13:00:00+00:00,2,114.82,0.11,0.81,80.84,0.1,0.5,0.5,0.76
Paris,FR,48.8566,2.3522,2026-05-14 14:00:00+00:00,2,113.59,0.11,0.67,84.15,0.1,0.5,0.5,0.74
Paris,FR,48.8566,2.3522,2026-05-14 15:00:00+00:00,2,112.45,0.11,0.61,86.99,0.11,0.5,0.5,0.73
Paris,FR,48.8566,2.3522,2026-05-14 16:00:00+00:00,2,112.29,0.12,0.67,88.02,0.12,0.5,0.5,0.77
Paris,FR,48.8566,2.3522,2026-05-14 17:00:00+00:00,2,112.41,0.12,0.83,86.24,0.14,0.5,0.5,0.92
Paris,FR,48.8566,2.3522,2026-05-14 18:00:00+00:00,2,112.98,0.09,1.02,83.83,0.15,0.5,0.5,1.03
Paris,FR,48.8566,2.3522,2026-05-14 19:00:00+00:00,2,113.39,0.03,1.42,77.35,0.16,0.51,0.56,1.26
Paris,FR,48.8566,2.3522,2026-05-14 20:00:00+00:00,2,115.01,0.0,1.89,68.31,0.15,0.58,0.65,1.36
Paris,FR,48.8566,2.3522,2026-05-14 21:00:00+00:00,2,115.82,0.0,2.24,60.82,0.14,0.64,0.79,1.31
Paris,FR,48.8566,2.3522,2026-05-14 22:00:00+00:00,1,114.13,0.0,2.38,54.04,0.11,0.67,0.89,1.32
Paris,FR,48.8566,2.3522,2026-05-14 23:00:00+00:00,1,113.43,0.0,2.32,49.29,0.1,0.73,1.0,1.33
Paris,FR,48.8566,2.3522,2026-05-15 00:00:00+00:00,1,112.73,0.0,2.19,45.54,0.1,0.85,1.16,1.34
Paris,FR,48.8566,2.3522,2026-05-15 01:00:00+00:00,1,111.74,0.0,2.07,42.65,0.1,1.05,1.39,1.32
Paris,FR,48.8566,2.3522,2026-05-15 02:00:00+00:00,1,111.93,0.0,2.02,41.45,0.12,1.34,1.69,1.27
Paris,FR,48.8566,2.3522,2026-05-15 03:00:00+00:00,1,112.86,0.0,2.07,42.27,0.15,1.73,2.09,1.23
Paris,FR,48.8566,2.3522,2026-05-15 04:00:00+00:00,1,113.97,0.0,2.25,44.02,0.2,2.2,2.61,1.23
Paris,FR,48.8566,2.3522,2026-05-15 05:00:00+00:00,1,115.54,0.01,2.86,43.3,0.25,2.53,3.04,1.27
Paris,FR,48.8566,2.3522,2026-05-15 06:00:00+00:00,1,117.84,0.32,3.43,43.81,0.35,2.78,3.38,1.34
Paris,FR,48.8566,2.3522,2026-05-15 07:00:00+00:00,1,119.79,0.83,3.24,48.24,0.53,2.87,3.55,1.43
Paris,FR,48.8566,2.3522,2026-05-15 08:00:00+00:00,1,120.53,1.14,3.12,50.03,0.63,2.81,3.54,1.63
Paris,FR,48.8566,2.3522,2026-05-15 09:00:00+00:00,1,120.89,1.2,3.05,52.68,0.71,2.87,3.61,1.92
Paris,FR,48.8566,2.3522,2026-05-15 10:00:00+00:00,2,118.96,0.46,1.7,80.93,0.66,1.36,1.74,1.22
Paris,FR,48.8566,2.3522,2026-05-15 11:00:00+00:00,2,114.86,0.2,0.86,89.76,0.41,0.68,0.86,0.85
Paris,FR,48.8566,2.3522,2026-05-15 12:00:00+00:00,2,112.24,0.14,0.59,91.52,0.29,0.6,0.7,0.74
Paris,FR,48.8566,2.3522,2026-05-15 13:00:00+00:00,2,111.2,0.1,0.48,92.36,0.21,0.5,0.57,0.71
Paris,FR,48.8566,2.3522,2026-05-15 14:00:00+00:00,2,110.02,0.09,0.5,91.5,0.16,0.5,0.5,0.73
Paris,FR,48.8566,2.3522,2026-05-15 15:00:00+00:00,2,109.74,0.08,0.63,90.49,0.14,0.53,0.55,0.78
Paris,FR,48.8566,2.3522,2026-05-15 16:00:00+00:00,2,110.75,0.08,0.97,88.77,0.17,0.59,0.6,0.91
Paris,FR,48.8566,2.3522,2026-05-15 17:00:00+00:00,2,112.68,0.08,1.34,86.26,0.2,0.64,0.7,1.08
Paris,FR,48.8566,2.3522,2026-05-15 18:00:00+00:00,2,114.63,0.05,1.58,84.43,0.22,0.77,0.84,1.04
Paris,FR,48.8566,2.3522,2026-05-15 19:00:00+00:00,2,114.84,0.02,1.94,77.71,0.21,0.91,1.01,1.14
Paris,FR,48.8566,2.3522,2026-05-15 20:00:00+00:00,2,116.14,0.0,2.36,68.18,0.19,1.09,1.26,1.3
Paris,FR,48.8566,2.3522,2026-05-15 21:00:00+00:00,1,116.43,0.0,2.68,58.89,0.17,1.27,1.48,1.37
Paris,FR,48.8566,2.3522,2026-05-15 22:00:00+00:00,1,114.37,0.0,2.8,49.53,0.12,1.38,1.62,1.43
Paris,FR,48.8566,2.3522,2026-05-15 23:00:00+00:00,1,112.08,0.0,2.66,41.0,0.08,1.46,1.72,1.47
Paris,FR,48.8566,2.3522,2026-05-16 00:00:00+00:00,1,109.88,0.0,2.4,34.72,0.06,1.58,1.84,1.48
Paris,FR,48.8566,2.3522,2026-05-16 01:00:00+00:00,1,107.35,0.0,2.16,30.26,0.05,1.75,2.01,1.47
Paris,FR,48.8566,2.3522,2026-05-16 02:00:00+00:00,1,106.06,0.0,2.0,27.92,0.05,1.9,2.16,1.47
Paris,FR,48.8566,2.3522,2026-05-16 03:00:00+00:00,1,105.43,0.0,1.94,26.99,0.05,2.09,2.36,1.48
Paris,FR,48.8566,2.3522,2026-05-16 04:00:00+00:00,1,105.18,0.0,1.91,27.72,0.07,2.29,2.58,1.46
Paris,FR,48.8566,2.3522,2026-05-16 05:00:00+00:00,1,106.07,0.01,2.16,29.05,0.09,2.5,2.83,1.46
Paris,FR,48.8566,2.3522,2026-05-16 06:00:00+00:00,1,108.17,0.27,2.29,32.17,0.12,2.64,3.02,1.5
Paris,FR,48.8566,2.3522,2026-05-16 07:00:00+00:00,1,109.85,0.6,1.89,37.51,0.15,2.53,2.98,1.53
Paris,FR,48.8566,2.3522,2026-05-16 08:00:00+00:00,1,110.33,0.75,1.62,40.23,0.18,2.13,2.68,1.68
Paris,FR,48.8566,2.3522,2026-05-16 09:00:00+00:00,1,110.54,0.7,1.42,44.97,0.22,1.93,2.61,2.12
Paris,FR,48.8566,2.3522,2026-05-16 10:00:00+00:00,2,114.45,0.18,0.67,83.23,0.36,0.95,1.61,1.3
Paris,FR,48.8566,2.3522,2026-05-16 11:00:00+00:00,2,113.89,0.1,0.4,92.13,0.28,0.68,1.15,0.97
Paris,FR,48.8566,2.3522,2026-05-16 12:00:00+00:00,2,112.98,0.08,0.34,93.71,0.23,0.63,1.01,0.95
Paris,FR,48.8566,2.3522,2026-05-16 13:00:00+00:00,2,113.3,0.07,0.32,95.08,0.2,0.63,0.94,1.0
Paris,FR,48.8566,2.3522,2026-05-16 14:00:00+00:00,2,112.84,0.07,0.34,95.55,0.18,0.62,0.88,1.04
Paris,FR,48.8566,2.3522,2026-05-16 15:00:00+00:00,2,112.66,0.06,0.4,95.32,0.16,0.58,0.78,1.07
Paris,FR,48.8566,2.3522,2026-05-16 16:00:00+00:00,2,113.42,0.06,0.47,95.11,0.14,0.55,0.7,1.11
Paris,FR,48.8566,2.3522,2026-05-16 17:00:00+00:00,2,113.93,0.05,0.55,94.06,0.12,0.54,0.67,1.2
Paris,FR,48.8566,2.3522,2026-05-16 18:00:00+00:00,2,114.53,0.03,0.63,92.77,0.11,0.54,0.66,1.31
Paris,FR,48.8566,2.3522,2026-05-16 19:00:00+00:00,2,114.5,0.01,0.82,88.27,0.11,0.56,0.7,1.71
Paris,FR,48.8566,2.3522,2026-05-16 20:00:00+00:00,2,114.74,0.0,1.08,81.15,0.12,0.63,0.85,2.43
Paris,FR,48.8566,2.3522,2026-05-16 21:00:00+00:00,2,114.43,0.0,1.3,74.23,0.13,0.71,1.02,2.89
Paris,FR,48.8566,2.3522,2026-05-16 22:00:00+00:00,2,113.19,0.0,1.4,67.94,0.13,0.76,1.17,3.07
Paris,FR,48.8566,2.3522,2026-05-16 23:00:00+00:00,2,112.23,0.0,1.31,64.58,0.13,0.79,1.3,3.39
Paris,FR,48.8566,2.3522,2026-05-17 00:00:00+00:00,2,111.82,0.0,1.17,63.11,0.14,0.8,1.41,3.72
Paris,FR,48.8566,2.3522,2026-05-17 01:00:00+00:00,2,110.93,0.0,1.05,62.26,0.14,0.78,1.38,3.46
Paris,FR,48.8566,2.3522,2026-05-17 02:00:00+00:00,1,109.85,0.0,0.95,59.83,0.12,0.75,1.23,2.52
Paris,FR,48.8566,2.3522,2026-05-17 03:00:00+00:00,1,108.87,0.0,0.87,57.24,0.09,0.72,1.08,1.77
Paris,FR,48.8566,2.3522,2026-05-17 04:00:00+00:00,1,108.07,0.0,0.84,55.04,0.07,0.68,0.95,1.35
Paris,FR,48.8566,2.3522,2026-05-17 05:00:00+00:00,1,107.83,0.0,0.98,52.97,0.06,0.66,0.85,1.16
Paris,FR,48.8566,2.3522,2026-05-17 06:00:00+00:00,1,107.87,0.01,1.3,50.97,0.06,0.64,0.79,1.08
Paris,FR,48.8566,2.3522,2026-05-17 07:00:00+00:00,1,107.37,0.06,1.44,50.28,0.06,0.63,0.75,1.09
Paris,FR,48.8566,2.3522,2026-05-17 08:00:00+00:00,1,106.6,0.09,1.37,51.94,0.06,0.6,0.73,1.14
Paris,FR,48.8566,2.3522,2026-05-17 09:00:00+00:00,1,105.66,0.1,1.2,56.43,0.06,0.56,0.69,1.2
Paris,FR,48.8566,2.3522,2026-05-17 10:00:00+00:00,2,105.62,0.05,0.77,77.62,0.05,0.5,0.51,0.83
Paris,FR,48.8566,2.3522,2026-05-17 11:00:00+00:00,2,104.65,0.04,0.61,85.65,0.04,0.5,0.5,0.72
Paris,FR,48.8566,2.3522,2026-05-17 12:00:00+00:00,2,103.69,0.04,0.58,86.39,0.04,0.5,0.5,0.76
Paris,FR,48.8566,2.3522,2026-05-17 13:00:00+00:00,2,104.36,0.05,0.61,85.41,0.04,0.5,0.5,0.85
Paris,FR,48.8566,2.3522,2026-05-17 14:00:00+00:00,2,104.21,0.07,0.68,81.22,0.05,0.5,0.5,0.89
Paris,FR,48.8566,2.3522,2026-05-17 15:00:00+00:00,2,104.05,0.09,0.79,77.09,0.05,0.5,0.5,0.83
Paris,FR,48.8566,2.3522,2026-05-17 16:00:00+00:00,2,103.32,0.12,0.95,71.6,0.05,0.5,0.5,0.86
Paris,FR,48.8566,2.3522,2026-05-17 17:00:00+00:00,2,103.66,0.11,1.19,66.54,0.06,0.5,0.51,0.96
Paris,FR,48.8566,2.3522,2026-05-17 18:00:00+00:00,2,104.63,0.07,1.35,63.07,0.07,0.5,0.53,1.09
Paris,FR,48.8566,2.3522,2026-05-17 19:00:00+00:00,1,105.18,0.02,1.5,58.04,0.07,0.5,0.55,1.26
Paris,FR,48.8566,2.3522,2026-05-17 20:00:00+00:00,1,105.68,0.0,1.61,50.6,0.07,0.52,0.59,1.34
Paris,FR,48.8566,2.3522,2026-05-17 21:00:00+00:00,1,105.72,0.0,1.72,43.61,0.07,0.53,0.67,1.36
Paris,FR,48.8566,2.3522,2026-05-17 22:00:00+00:00,1,104.33,0.0,1.72,37.8,0.06,0.55,0.72,1.38
Paris,FR,48.8566,2.3522,2026-05-17 23:00:00+00:00,1,104.3,0.0,1.64,34.37,0.06,0.58,0.75,1.38
Paris,FR,48.8566,2.3522,2026-05-18 00:00:00+00:00,1,104.72,0.0,1.51,32.24,0.06,0.6,0.75,1.37
Paris,FR,48.8566,2.3522,2026-05-18 01:00:00+00:00,1,104.76,0.0,1.39,30.04,0.06,0.6,0.75,1.39
Paris,FR,48.8566,2.3522,2026-05-18 02:00:00+00:00,1,104.12,0.0,1.3,27.51,0.05,0.59,0.75,1.45
Paris,FR,48.8566,2.3522,2026-05-18 03:00:00+00:00,1,103.49,0.0,1.27,25.56,0.05,0.59,0.77,1.5
Paris,FR,48.8566,2.3522,2026-05-18 04:00:00+00:00,1,102.52,0.01,1.34,23.94,0.06,0.59,0.8,1.49
Paris,FR,48.8566,2.3522,2026-05-18 05:00:00+00:00,1,103.15,0.03,1.78,22.55,0.08,0.62,0.87,1.51
Paris,FR,48.8566,2.3522,2026-05-18 06:00:00+00:00,1,105.08,0.17,2.5,22.17,0.1,0.68,0.97,1.58
Paris,FR,48.8566,2.3522,2026-05-18 07:00:00+00:00,1,107.22,0.36,2.75,24.85,0.11,0.72,1.06,1.65
Paris,FR,48.8566,2.3522,2026-05-18 08:00:00+00:00,1,108.83,0.52,2.58,28.24,0.12,0.75,1.14,1.69
Paris,FR,48.8566,2.3522,2026-05-18 09:00:00+00:00,1,109.59,0.58,2.38,32.61,0.14,0.78,1.22,1.97
Paris,FR,48.8566,2.3522,2026-05-18 10:00:00+00:00,2,112.96,0.11,1.06,68.82,0.13,0.5,0.7,1.1
Paris,FR,48.8566,2.3522,2026-05-18 11:00:00+00:00,2,112.8,0.07,0.68,77.46,0.1,0.5,0.51,0.9
Paris,FR,48.8566,2.3522,2026-05-18 12:00:00+00:00,2,112.0,0.07,0.64,78.93,0.1,0.5,0.5,0.91
Paris,FR,48.8566,2.3522,2026-05-18 13:00:00+00:00,2,112.23,0.07,0.61,80.08,0.1,0.5,0.5,0.91
Paris,FR,48.8566,2.3522,2026-05-18 14:00:00+00:00,2,112.2,0.07,0.58,80.77,0.09,0.5,0.51,0.86
Paris,FR,48.8566,2.3522,2026-05-18 15:00:00+00:00,2,112.0,0.07,0.6,81.3,0.08,0.5,0.5,0.84
Paris,FR,48.8566,2.3522,2026-05-18 16:00:00+00:00,2,112.21,0.08,0.73,81.01,0.06,0.5,0.5,0.92
Paris,FR,48.8566,2.3522,2026-05-18 17:00:00+00:00,2,112.12,0.07,0.91,79.2,0.06,0.5,0.5,1.14
Paris,FR,48.8566,2.3522,2026-05-18 18:00:00+00:00,2,112.11,0.05,1.04,77.53,0.06,0.5,0.5,1.3
Paris,FR,48.8566,2.3522,2026-05-18 19:00:00+00:00,2,111.95,0.02,1.38,71.08,0.07,0.5,0.5,1.66
Paris,FR,48.8566,2.3522,2026-05-18 20:00:00+00:00,2,111.9,0.0,1.81,60.66,0.08,0.5,0.57,1.83
Paris,FR,48.8566,2.3522,2026-05-18 21:00:00+00:00,1,111.57,0.0,2.12,52.04,0.08,0.52,0.68,1.63
Paris,FR,48.8566,2.3522,2026-05-18 22:00:00+00:00,1,109.38,0.0,2.17,45.42,0.06,0.52,0.71,1.51
Paris,FR,48.8566,2.3522,2026-05-18 23:00:00+00:00,1,108.01,0.0,1.94,42.49,0.05,0.51,0.69,1.48
Paris,FR,48.8566,2.3522,2026-05-19 00:00:00+00:00,1,106.92,0.0,1.6,42.26,0.04,0.5,0.65,1.48
Paris,FR,48.8566,2.3522,2026-05-20 01:00:00+00:00,2,106.03,0.0,0.67,70.64,0.2,2.82,5.74,1.26
Paris,FR,48.8566,2.3522,2026-05-20 02:00:00+00:00,2,106.04,0.0,0.59,69.84,0.2,3.22,6.54,1.19
Paris,FR,48.8566,2.3522,2026-05-20 03:00:00+00:00,2,106.32,0.0,0.55,69.59,0.2,3.44,7.0,1.17
Paris,FR,48.8566,2.3522,2026-05-20 04:00:00+00:00,2,106.27,0.0,0.54,69.78,0.2,3.45,7.05,1.14
Paris,FR,48.8566,2.3522,2026-05-20 05:00:00+00:00,2,106.91,0.0,0.71,70.17,0.2,3.34,6.9,1.15
Paris,FR,48.8566,2.3522,2026-05-20 06:00:00+00:00,2,107.45,0.01,1.05,70.24,0.21,3.26,6.83,1.18
Paris,FR,48.8566,2.3522,2026-05-20 07:00:00+00:00,2,108.05,0.02,1.26,70.7,0.22,3.07,6.24,1.19
Paris,FR,48.8566,2.3522,2026-05-20 08:00:00+00:00,2,108.26,0.05,1.26,71.88,0.21,2.81,5.27,1.21
Paris,FR,48.8566,2.3522,2026-05-20 09:00:00+00:00,2,108.38,0.08,1.16,73.52,0.21,2.67,4.63,1.24
Paris,FR,48.8566,2.3522,2026-05-20 10:00:00+00:00,2,109.03,0.11,0.89,77.72,0.19,2.41,3.91,1.17
Paris,FR,48.8566,2.3522,2026-05-20 11:00:00+00:00,2,108.75,0.1,0.67,81.27,0.16,2.02,3.15,1.09
Paris,FR,48.8566,2.3522,2026-05-20 12:00:00+00:00,2,108.11,0.09,0.56,83.01,0.15,1.85,2.85,1.12
Paris,FR,48.8566,2.3522,2026-05-20 13:00:00+00:00,2,108.54,0.09,0.47,85.34,0.14,1.84,2.89,1.23
Paris,FR,48.8566,2.3522,2026-05-20 14:00:00+00:00,2,108.41,0.09,0.45,87.17,0.14,1.89,3.11,1.4
Paris,FR,48.8566,2.3522,2026-05-20 15:00:00+00:00,2,108.27,0.09,0.5,88.38,0.14,1.94,3.36,1.56
Paris,FR,48.8566,2.3522,2026-05-20 16:00:00+00:00,2,108.59,0.09,0.64,88.35,0.15,2.01,3.68,1.8
Paris,FR,48.8566,2.3522,2026-05-20 17:00:00+00:00,2,108.73,0.1,0.86,85.98,0.16,2.13,4.03,2.19
Paris,FR,48.8566,2.3522,2026-05-20 18:00:00+00:00,2,108.78,0.08,1.04,83.31,0.17,2.2,4.23,2.53
Paris,FR,48.8566,2.3522,2026-05-20 19:00:00+00:00,2,108.88,0.05,1.88,67.61,0.16,2.3,4.41,3.45
Paris,FR,48.8566,2.3522,2026-05-20 20:00:00+00:00,1,109.14,0.0,2.94,49.82,0.17,2.47,4.65,4.61
Paris,FR,48.8566,2.3522,2026-05-20 21:00:00+00:00,1,108.76,0.0,3.7,40.63,0.18,2.61,4.87,6.23
Paris,FR,48.8566,2.3522,2026-05-20 22:00:00+00:00,1,105.83,0.0,4.06,36.04,0.18,2.65,4.92,8.83
Paris,FR,48.8566,2.3522,2026-05-20 23:00:00+00:00,1,103.16,0.0,3.82,30.79,0.15,2.69,4.95,9.17
Paris,FR,48.8566,2.3522,2026-05-21 00:00:00+00:00,1,101.21,0.0,3.47,26.55,0.13,2.74,4.95,8.28
Paris,FR,48.8566,2.3522,2026-05-21 01:00:00+00:00,1,98.84,0.0,3.1,22.88,0.12,2.8,4.9,7.53
Paris,FR,48.8566,2.3522,2026-05-21 02:00:00+00:00,1,97.26,0.0,2.68,21.12,0.09,2.87,4.9,5.93
Paris,FR,48.8566,2.3522,2026-05-21 03:00:00+00:00,1,96.69,0.0,2.38,22.45,0.08,2.91,4.88,4.17
Paris,FR,48.8566,2.3522,2026-05-21 04:00:00+00:00,1,96.67,0.0,2.1,26.64,0.07,2.83,4.78,2.77
Paris,FR,48.8566,2.3522,2026-05-21 05:00:00+00:00,1,97.48,0.02,2.44,26.9,0.08,2.73,4.72,2.19
Paris,FR,48.8566,2.3522,2026-05-21 06:00:00+00:00,1,99.03,0.39,2.92,26.61,0.09,2.75,4.8,1.98
Paris,FR,48.8566,2.3522,2026-05-21 07:00:00+00:00,1,100.82,0.98,2.62,30.87,0.11,2.73,4.86,2.07
Paris,FR,48.8566,2.3522,2026-05-21 08:00:00+00:00,1,100.71,1.24,2.14,35.02,0.12,2.71,4.87,2.63
Paris,FR,48.8566,2.3522,2026-05-21 09:00:00+00:00,1,99.31,1.04,1.71,40.96,0.13,2.88,5.06,3.24
Paris,FR,48.8566,2.3522,2026-05-21 10:00:00+00:00,2,104.71,0.17,0.6,81.3,0.11,2.25,4.14,2.23
Paris,FR,48.8566,2.3522,2026-05-21 11:00:00+00:00,2,104.14,0.1,0.37,87.17,0.09,1.96,3.49,1.95
Paris,FR,48.8566,2.3522,2026-05-21 12:00:00+00:00,2,102.75,0.09,0.34,87.61,0.08,1.9,3.27,1.96
Paris,FR,48.8566,2.3522,2026-05-21 13:00:00+00:00,2,102.8,0.09,0.34,88.81,0.08,1.88,3.12,2.03
Paris,FR,48.8566,2.3522,2026-05-21 14:00:00+00:00,2,101.87,0.09,0.36,89.31,0.07,1.79,2.89,2.06
Paris,FR,48.8566,2.3522,2026-05-21 15:00:00+00:00,2,101.12,0.09,0.42,89.43,0.07,1.75,2.74,2.14
Paris,FR,48.8566,2.3522,2026-05-21 16:00:00+00:00,2,101.52,0.11,0.56,89.0,0.07,1.8,2.75,2.32
Paris,FR,48.8566,2.3522,2026-05-21 17:00:00+00:00,2,101.91,0.12,0.74,86.05,0.07,1.9,2.85,2.65
Paris,FR,48.8566,2.3522,2026-05-21 18:00:00+00:00,2,102.31,0.1,0.92,82.64,0.08,1.94,2.87,2.95
Paris,FR,48.8566,2.3522,2026-05-21 19:00:00+00:00,2,102.71,0.05,1.35,74.36,0.09,1.98,2.9,3.34
Paris,FR,48.8566,2.3522,2026-05-21 20:00:00+00:00,2,104.02,0.0,1.91,62.99,0.11,2.05,3.0,3.67
Paris,FR,48.8566,2.3522,2026-05-21 21:00:00+00:00,1,105.7,0.0,2.35,54.14,0.12,2.13,3.08,3.28
Paris,FR,48.8566,2.3522,2026-05-21 22:00:00+00:00,1,104.65,0.0,2.49,46.68,0.1,2.12,3.02,2.31
Paris,FR,48.8566,2.3522,2026-05-21 23:00:00+00:00,1,103.94,0.0,2.24,42.01,0.08,2.08,2.92,1.71
Paris,FR,48.8566,2.3522,2026-05-22 00:00:00+00:00,1,102.96,0.0,1.87,38.72,0.06,2.01,2.79,1.42
Paris,FR,48.8566,2.3522,2026-05-22 01:00:00+00:00,1,100.45,0.0,1.58,33.75,0.05,1.95,2.67,1.3
Paris,FR,48.8566,2.3522,2026-05-22 02:00:00+00:00,1,97.88,0.0,1.45,27.48,0.04,1.94,2.64,1.36
Paris,FR,48.8566,2.3522,2026-05-22 03:00:00+00:00,1,95.67,0.0,1.42,22.45,0.04,1.94,2.64,1.52
Paris,FR,48.8566,2.3522,2026-05-22 04:00:00+00:00,1,93.06,0.01,1.57,18.31,0.04,1.94,2.64,1.63
Paris,FR,48.8566,2.3522,2026-05-22 05:00:00+00:00,1,93.0,0.07,2.32,14.79,0.06,1.99,2.73,1.71
Paris,FR,48.8566,2.3522,2026-05-22 06:00:00+00:00,1,94.59,0.69,2.94,13.26,0.08,2.07,2.83,2.03
Paris,FR,48.8566,2.3522,2026-05-22 07:00:00+00:00,1,95.9,1.6,2.48,15.61,0.1,2.08,2.84,2.8
Paris,FR,48.8566,2.3522,2026-05-22 08:00:00+00:00,1,95.56,2.15,2.17,17.97,0.12,2.11,2.87,3.72
Paris,FR,48.8566,2.3522,2026-05-22 09:00:00+00:00,1,95.75,1.96,2.04,25.8,0.13,2.23,2.98,4.41
Paris,FR,48.8566,2.3522,2026-05-22 10:00:00+00:00,2,103.79,0.37,1.09,77.63,0.16,2.16,2.67,3.46
Paris,FR,48.8566,2.3522,2026-05-22 11:00:00+00:00,2,103.2,0.18,0.67,89.15,0.15,2.4,2.87,3.15
Paris,FR,48.8566,2.3522,2026-05-22 12:00:00+00:00,2,102.18,0.14,0.57,92.82,0.14,2.66,3.12,3.08
Paris,FR,48.8566,2.3522,2026-05-22 13:00:00+00:00,2,102.73,0.1,0.47,99.39,0.12,2.27,2.68,2.75
Paris,FR,48.8566,2.3522,2026-05-22 14:00:00+00:00,3,101.49,0.09,0.46,101.78,0.1,2.0,2.38,2.47
Paris,FR,48.8566,2.3522,2026-05-22 15:00:00+00:00,3,100.34,0.09,0.51,102.43,0.09,1.91,2.29,2.35
Paris,FR,48.8566,2.3522,2026-05-22 16:00:00+00:00,3,100.19,0.11,0.71,101.62,0.1,1.93,2.35,2.43
Paris,FR,48.8566,2.3522,2026-05-22 17:00:00+00:00,2,100.68,0.12,0.94,98.83,0.11,2.07,2.56,2.72
Paris,FR,48.8566,2.3522,2026-05-22 18:00:00+00:00,2,101.71,0.1,1.14,96.41,0.13,2.23,2.79,3.04
Paris,FR,48.8566,2.3522,2026-05-22 19:00:00+00:00,2,102.08,0.05,1.99,81.35,0.15,2.49,3.13,4.03
Paris,FR,48.8566,2.3522,2026-05-22 20:00:00+00:00,2,103.76,0.0,3.04,62.98,0.18,2.85,3.58,5.11
Paris,FR,48.8566,2.3522,2026-05-22 21:00:00+00:00,1,104.74,0.0,3.81,50.8,0.17,3.19,3.99,5.61
Paris,FR,48.8566,2.3522,2026-05-22 22:00:00+00:00,1,102.59,0.0,4.04,42.0,0.13,3.39,4.2,5.34
Paris,FR,48.8566,2.3522,2026-05-22 23:00:00+00:00,1,101.35,0.0,3.61,37.05,0.09,3.57,4.34,4.29
Paris,FR,48.8566,2.3522,2026-05-23 00:00:00+00:00,1,100.46,0.0,3.04,34.24,0.07,3.68,4.41,3.26
Paris,FR,48.8566,2.3522,2026-05-23 01:00:00+00:00,1,98.74,0.0,2.53,32.22,0.06,3.65,4.33,2.59
Paris,FR,48.8566,2.3522,2026-05-23 02:00:00+00:00,1,96.92,0.0,2.22,28.39,0.05,3.59,4.25,2.38
Paris,FR,48.8566,2.3522,2026-05-23 03:00:00+00:00,1,94.73,0.0,2.03,24.56,0.04,3.5,4.15,2.37
Paris,FR,48.8566,2.3522,2026-05-23 04:00:00+00:00,1,91.87,0.01,1.97,21.43,0.04,3.37,4.02,2.47
Paris,FR,48.8566,2.3522,2026-05-23 05:00:00+00:00,1,91.0,0.04,2.35,19.67,0.06,3.3,3.97,2.74
Paris,FR,48.8566,2.3522,2026-05-23 06:00:00+00:00,1,91.58,0.56,2.61,19.66,0.08,3.29,4.0,3.11
Paris,FR,48.8566,2.3522,2026-05-23 07:00:00+00:00,1,91.52,1.24,2.36,21.26,0.1,3.28,4.0,3.67
Paris,FR,48.8566,2.3522,2026-05-23 08:00:00+00:00,1,89.64,1.6,2.1,22.06,0.11,3.29,4.03,4.27
Paris,FR,48.8566,2.3522,2026-05-23 09:00:00+00:00,1,88.05,1.57,1.95,25.21,0.12,3.51,4.27,4.72
Paris,FR,48.8566,2.3522,2026-05-23 10:00:00+00:00,2,97.91,0.24,0.95,91.74,0.18,3.7,4.27,3.83
Paris,FR,48.8566,2.3522,2026-05-23 11:00:00+00:00,3,97.83,0.12,0.59,103.05,0.19,4.05,4.58,3.54
Paris,FR,48.8566,2.3522,2026-05-23 12:00:00+00:00,3,97.31,0.11,0.52,105.67,0.2,4.48,5.01,3.53
Paris,FR,48.8566,2.3522,2026-05-23 13:00:00+00:00,3,97.38,0.09,0.45,111.06,0.19,4.3,5.54,3.05
Paris,FR,48.8566,2.3522,2026-05-23 14:00:00+00:00,3,96.27,0.08,0.46,111.5,0.17,4.12,6.4,2.61
Paris,FR,48.8566,2.3522,2026-05-23 15:00:00+00:00,3,96.31,0.1,0.56,111.42,0.18,4.22,6.57,2.55
Paris,FR,48.8566,2.3522,2026-05-23 16:00:00+00:00,3,97.85,0.11,0.7,113.12,0.22,4.5,6.62,2.61
Paris,FR,48.8566,2.3522,2026-05-23 17:00:00+00:00,3,100.46,0.1,0.86,115.21,0.28,4.93,6.69,2.76
Paris,FR,48.8566,2.3522,2026-05-23 18:00:00+00:00,3,103.43,0.08,1.12,117.61,0.36,5.35,6.84,2.91
Paris,FR,48.8566,2.3522,2026-05-23 19:00:00+00:00,3,106.09,0.03,1.71,111.86,0.44,5.82,7.14,3.47
Paris,FR,48.8566,2.3522,2026-05-23 20:00:00+00:00,3,109.77,0.0,2.35,101.92,0.48,6.24,7.54,4.24
Paris,FR,48.8566,2.3522,2026-05-23 21:00:00+00:00,2,113.31,0.0,2.75,93.76,0.49,6.37,7.78,4.72
Paris,FR,48.8566,2.3522,2026-05-23 22:00:00+00:00,2,113.13,0.0,2.89,84.14,0.43,6.18,7.73,4.84
Paris,FR,48.8566,2.3522,2026-05-23 23:00:00+00:00,2,114.58,0.0,2.86,75.47,0.37,6.16,7.83,4.78
Paris,FR,48.8566,2.3522,2026-05-24 00:00:00+00:00,2,116.22,0.0,2.75,67.79,0.32,6.32,8.03,4.57
Paris,FR,48.8566,2.3522,2026-05-24 01:00:00+00:00,2,116.71,0.0,2.61,60.68,0.28,6.54,8.17,4.12
Paris,FR,48.8566,2.3522,2026-05-24 02:00:00+00:00,1,116.77,0.0,2.47,56.11,0.27,6.86,8.36,3.78
Paris,FR,48.8566,2.3522,2026-05-24 03:00:00+00:00,1,116.28,0.0,2.37,52.48,0.26,7.2,8.54,3.47
Paris,FR,48.8566,2.3522,2026-05-24 04:00:00+00:00,1,114.54,0.0,2.37,49.32,0.25,7.44,8.67,3.36
Paris,FR,48.8566,2.3522,2026-05-24 05:00:00+00:00,1,113.91,0.01,2.7,47.18,0.28,7.65,8.86,3.61
Paris,FR,48.8566,2.3522,2026-05-24 06:00:00+00:00,1,113.64,0.3,2.99,46.41,0.31,7.77,9.06,3.95
Paris,FR,48.8566,2.3522,2026-05-24 07:00:00+00:00,1,112.43,0.78,2.8,47.14,0.35,7.71,9.17,4.29
Paris,FR,48.8566,2.3522,2026-05-24 08:00:00+00:00,1,110.48,1.02,2.54,48.5,0.38,7.58,9.28,4.59
Paris,FR,48.8566,2.3522,2026-05-24 09:00:00+00:00,1,108.9,0.89,2.23,55.9,0.44,7.73,9.81,4.98
Paris,FR,48.8566,2.3522,2026-05-24 10:00:00+00:00,3,110.95,0.36,1.39,101.39,0.98,7.4,9.79,5.49
Paris,FR,48.8566,2.3522,2026-05-24 11:00:00+00:00,3,110.33,0.2,0.97,113.27,1.05,8.1,10.55,5.4
Paris,FR,48.8566,2.3522,2026-05-24 12:00:00+00:00,3,109.98,0.15,0.81,117.16,1.02,8.73,11.2,5.28
Paris,FR,48.8566,2.3522,2026-05-24 13:00:00+00:00,3,105.97,0.1,0.6,122.7,0.92,7.42,9.86,4.87
Paris,FR,48.8566,2.3522,2026-05-24 14:00:00+00:00,3,101.8,0.09,0.54,122.67,0.78,6.48,9.68,4.47
Paris,FR,48.8566,2.3522,2026-05-24 15:00:00+00:00,3,100.09,0.09,0.6,121.15,0.72,6.28,10.71,4.38
Paris,FR,48.8566,2.3522,2026-05-24 16:00:00+00:00,3,100.3,0.1,0.71,120.74,0.71,6.49,12.45,4.53
Paris,FR,48.8566,2.3522,2026-05-24 17:00:00+00:00,3,101.38,0.09,0.85,119.96,0.75,6.97,14.48,4.85
Paris,FR,48.8566,2.3522,2026-05-24 18:00:00+00:00,3,102.39,0.07,1.03,117.74,0.77,7.37,16.72,5.06
Paris,FR,48.8566,2.3522,2026-05-24 19:00:00+00:00,3,103.2,0.03,1.35,111.92,0.79,7.94,19.88,5.36
Paris,FR,48.8566,2.3522,2026-05-24 20:00:00+00:00,3,105.13,0.0,1.71,104.55,0.79,8.9,24.96,5.76
Paris,FR,48.8566,2.3522,2026-05-24 21:00:00+00:00,2,107.44,0.0,1.98,98.24,0.78,10.1,32.13,5.83
Paris,FR,48.8566,2.3522,2026-05-24 22:00:00+00:00,2,107.33,0.0,2.1,90.62,0.72,11.38,40.42,5.62
Paris,FR,48.8566,2.3522,2026-05-24 23:00:00+00:00,2,107.72,0.0,2.07,83.84,0.63,12.87,48.9,5.49
Paris,FR,48.8566,2.3522,2026-05-25 00:00:00+00:00,3,107.13,0.0,1.94,77.4,0.53,14.19,55.75,5.32
Paris,FR,48.8566,2.3522,2026-05-25 01:00:00+00:00,3,104.62,0.0,1.8,70.33,0.44,14.98,58.57,5.13
Paris,FR,48.8566,2.3522,2026-05-25 02:00:00+00:00,3,102.79,0.0,1.71,63.52,0.36,15.4,57.81,5.04
Paris,FR,48.8566,2.3522,2026-05-25 03:00:00+00:00,3,100.87,0.0,1.65,57.1,0.3,15.55,55.23,4.8
Paris,FR,48.8566,2.3522,2026-05-25 04:00:00+00:00,3,98.28,0.0,1.69,50.51,0.25,15.46,51.82,4.49
Paris,FR,48.8566,2.3522,2026-05-25 05:00:00+00:00,2,97.29,0.01,2.05,44.44,0.24,15.51,49.49,4.45
Paris,FR,48.8566,2.3522,2026-05-25 06:00:00+00:00,2,97.2,0.23,2.53,39.41,0.24,15.71,47.98,4.48
Paris,FR,48.8566,2.3522,2026-05-25 07:00:00+00:00,2,96.75,0.69,2.43,36.38,0.25,15.85,46.75,4.71
Paris,FR,48.8566,2.3522,2026-05-25 08:00:00+00:00,2,95.5,0.91,2.08,36.91,0.27,15.98,45.74,5.09
Paris,FR,48.8566,2.3522,2026-05-25 09:00:00+00:00,2,94.34,0.77,1.74,42.71,0.3,16.41,45.73,5.55
Paris,FR,48.8566,2.3522,2026-05-25 10:00:00+00:00,2,98.15,0.32,1.15,71.0,0.45,16.08,44.55,6.1
Paris,FR,48.8566,2.3522,2026-05-25 11:00:00+00:00,2,98.0,0.2,0.87,81.6,0.49,16.01,42.45,6.13
Paris,FR,48.8566,2.3522,2026-05-25 12:00:00+00:00,2,97.5,0.16,0.76,88.05,0.51,15.99,41.03,6.12
Paris,FR,48.8566,2.3522,2026-05-25 13:00:00+00:00,2,95.96,0.09,0.54,98.78,0.41,14.3,42.0,5.09
Paris,FR,48.8566,2.3522,2026-05-25 14:00:00+00:00,3,94.27,0.08,0.52,100.8,0.33,14.25,47.15,4.3
Paris,FR,48.8566,2.3522,2026-05-25 15:00:00+00:00,3,93.37,0.09,0.61,100.3,0.29,14.21,48.95,4.1
Paris,FR,48.8566,2.3522,2026-05-25 16:00:00+00:00,3,93.84,0.1,0.74,100.34,0.27,14.21,50.03,4.07
Paris,FR,48.8566,2.3522,2026-05-25 17:00:00+00:00,3,94.74,0.1,0.89,100.26,0.29,14.22,50.52,4.12
Paris,FR,48.8566,2.3522,2026-05-25 18:00:00+00:00,3,96.42,0.07,1.09,99.88,0.33,14.11,50.3,4.19
Paris,FR,48.8566,2.3522,2026-05-25 19:00:00+00:00,2,97.86,0.03,1.49,95.72,0.38,13.76,47.58,4.51
Paris,FR,48.8566,2.3522,2026-05-25 20:00:00+00:00,2,100.81,0.0,1.96,90.03,0.43,13.36,43.17,5.13
Paris,FR,48.8566,2.3522,2026-05-25 21:00:00+00:00,2,104.41,0.0,2.29,85.78,0.5,12.74,37.91,5.71
Paris,FR,48.8566,2.3522,2026-05-25 22:00:00+00:00,2,105.25,0.0,2.39,80.54,0.51,11.77,31.73,6.12
Paris,FR,48.8566,2.3522,2026-05-25 23:00:00+00:00,2,105.79,0.0,2.22,76.01,0.47,10.95,26.63,6.49
Paris,FR,48.8566,2.3522,2026-05-26 00:00:00+00:00,2,104.82,0.0,1.92,71.6,0.4,10.16,22.42,6.52
Paris,FR,48.8566,2.3522,2026-05-26 01:00:00+00:00,2,102.01,0.0,1.69,63.98,0.31,9.45,18.98,6.2
Paris,FR,48.8566,2.3522,2026-05-26 02:00:00+00:00,1,99.86,0.0,1.62,54.91,0.24,9.07,16.8,5.99
Paris,FR,48.8566,2.3522,2026-05-26 03:00:00+00:00,1,98.07,0.0,1.66,46.75,0.19,8.84,15.58,5.75
Paris,FR,48.8566,2.3522,2026-05-26 04:00:00+00:00,1,95.86,0.0,1.84,39.26,0.16,8.62,14.85,5.06
Paris,FR,48.8566,2.3522,2026-05-26 05:00:00+00:00,1,95.31,0.02,2.45,32.91,0.16,8.56,14.76,4.78
Paris,FR,48.8566,2.3522,2026-05-26 06:00:00+00:00,1,95.67,0.43,3.08,27.72,0.18,8.64,15.2,4.71
Paris,FR,48.8566,2.3522,2026-05-26 07:00:00+00:00,1,95.29,1.3,2.87,24.22,0.19,8.7,15.73,4.85
Paris,FR,48.8566,2.3522,2026-05-26 08:00:00+00:00,1,94.0,1.87,2.53,23.18,0.2,8.73,16.05,5.17
Paris,FR,48.8566,2.3522,2026-05-26 09:00:00+00:00,1,92.44,1.83,2.29,26.91,0.23,9.02,16.74,5.6
Paris,FR,48.8566,2.3522,2026-05-26 10:00:00+00:00,2,96.41,0.41,1.37,72.98,0.37,9.97,21.87,6.83
Paris,FR,48.8566,2.3522,2026-05-26 11:00:00+00:00,2,95.48,0.2,0.9,85.89,0.38,10.6,22.73,6.62
Paris,FR,48.8566,2.3522,2026-05-26 12:00:00+00:00,2,95.17,0.15,0.8,90.08,0.39,11.23,23.03,6.57
Paris,FR,48.8566,2.3522,2026-05-26 13:00:00+00:00,3,94.25,0.08,0.5,101.69,0.33,11.46,31.59,5.19
Paris,FR,48.8566,2.3522,2026-05-26 14:00:00+00:00,3,92.83,0.07,0.43,104.31,0.27,11.64,35.9,4.31
Paris,FR,48.8566,2.3522,2026-05-26 15:00:00+00:00,3,92.19,0.07,0.49,104.46,0.25,11.52,35.74,4.06
Paris,FR,48.8566,2.3522,2026-05-26 16:00:00+00:00,3,92.89,0.13,0.89,101.21,0.25,11.52,34.85,4.2
Paris,FR,48.8566,2.3522,2026-05-26 17:00:00+00:00,2,93.9,0.18,1.49,94.01,0.27,11.56,33.47,4.64
Paris,FR,48.8566,2.3522,2026-05-26 18:00:00+00:00,2,95.17,0.15,2.02,87.53,0.3,11.57,32.3,5.11
Paris,FR,48.8566,2.3522,2026-05-26 19:00:00+00:00,2,96.62,0.07,2.89,75.35,0.32,11.57,30.57,5.91
Paris,FR,48.8566,2.3522,2026-05-26 20:00:00+00:00,2,99.3,0.0,3.83,60.95,0.34,11.7,28.82,7.04
Paris,FR,48.8566,2.3522,2026-05-26 21:00:00+00:00,2,102.62,0.0,4.64,50.84,0.35,11.86,27.28,8.08
Paris,FR,48.8566,2.3522,2026-05-26 22:00:00+00:00,2,104.77,0.0,5.19,42.66,0.34,11.88,25.57,8.6
Paris,FR,48.8566,2.3522,2026-05-26 23:00:00+00:00,2,110.09,0.0,5.33,36.75,0.35,12.1,24.44,8.4
Paris,FR,48.8566,2.3522,2026-05-27 00:00:00+00:00,2,116.07,0.0,5.2,33.12,0.36,12.28,23.31,8.12
Paris,FR,48.8566,2.3522,2026-05-27 01:00:00+00:00,2,118.11,0.0,4.76,30.68,0.36,12.19,21.97,6.95
Paris,FR,48.8566,2.3522,2026-05-27 02:00:00+00:00,2,117.6,0.0,4.3,28.62,0.32,12.13,21.2,5.75
Paris,FR,48.8566,2.3522,2026-05-27 03:00:00+00:00,2,114.92,0.0,3.93,26.67,0.28,12.01,20.81,4.76
Paris,FR,48.8566,2.3522,2026-05-27 04:00:00+00:00,2,110.55,0.0,3.73,25.04,0.26,11.7,20.37,4.23
Paris,FR,48.8566,2.3522,2026-05-27 05:00:00+00:00,2,108.3,0.06,4.16,24.48,0.3,11.48,20.27,4.4
Paris,FR,48.8566,2.3522,2026-05-27 06:00:00+00:00,2,107.85,0.67,4.44,26.27,0.36,11.31,20.27,4.84
Paris,FR,48.8566,2.3522,2026-05-27 07:00:00+00:00,2,107.34,1.38,4.0,31.3,0.42,11.03,19.94,5.61
Paris,FR,48.8566,2.3522,2026-05-27 08:00:00+00:00,2,106.41,1.87,3.73,33.23,0.47,10.87,18.87,5.81
Paris,FR,48.8566,2.3522,2026-05-27 09:00:00+00:00,2,105.66,1.72,3.44,41.4,0.59,11.1,18.12,5.9
Paris,FR,48.8566,2.3522,2026-05-27 10:00:00+00:00,3,107.25,0.25,1.34,110.22,0.84,10.98,22.78,4.93
Paris,FR,48.8566,2.3522,2026-05-27 11:00:00+00:00,3,104.27,0.12,0.74,118.12,0.73,11.14,23.08,4.46
Paris,FR,48.8566,2.3522,2026-05-27 12:00:00+00:00,3,102.27,0.09,0.61,120.59,0.68,10.85,21.57,4.25
Paris,FR,48.8566,2.3522,2026-05-27 13:00:00+00:00,3,100.34,0.08,0.54,123.08,0.6,10.07,20.0,3.93
Paris,FR,48.8566,2.3522,2026-05-27 14:00:00+00:00,3,99.79,0.08,0.59,123.53,0.59,9.73,18.52,3.9
Paris,FR,48.8566,2.3522,2026-05-27 15:00:00+00:00,3,100.1,0.08,0.72,124.71,0.6,9.57,17.21,4.05
Paris,FR,48.8566,2.3522,2026-05-27 16:00:00+00:00,3,101.62,0.1,0.97,124.92,0.62,9.53,16.17,4.33
Paris,FR,48.8566,2.3522,2026-05-27 17:00:00+00:00,3,103.15,0.11,1.26,123.28,0.62,9.54,15.28,4.7
Paris,FR,48.8566,2.3522,2026-05-27 18:00:00+00:00,3,104.34,0.08,1.52,120.59,0.63,9.37,14.26,5.06
Paris,FR,48.8566,2.3522,2026-05-27 19:00:00+00:00,3,105.19,0.04,2.17,107.63,0.62,9.19,13.07,5.64
Paris,FR,48.8566,2.3522,2026-05-27 20:00:00+00:00,2,107.36,0.0,2.93,90.44,0.61,9.18,12.26,6.33
Paris,FR,48.8566,2.3522,2026-05-27 21:00:00+00:00,2,109.81,0.0,3.49,77.89,0.58,9.19,11.74,6.62
Paris,FR,48.8566,2.3522,2026-05-27 22:00:00+00:00,2,109.14,0.0,3.6,68.46,0.53,9.01,11.19,6.56
Paris,FR,48.8566,2.3522,2026-05-27 23:00:00+00:00,2,109.51,0.0,3.31,62.6,0.5,9.05,11.09,6.73
Paris,FR,48.8566,2.3522,2026-05-28 00:00:00+00:00,1,109.34,0.0,2.89,57.7,0.47,9.19,11.27,6.89
Paris,FR,48.8566,2.3522,2026-05-28 01:00:00+00:00,1,107.02,0.0,2.54,51.3,0.41,9.24,11.49,6.66
Paris,FR,48.8566,2.3522,2026-05-28 02:00:00+00:00,1,104.32,0.0,2.32,43.63,0.31,9.37,11.83,5.56
Paris,FR,48.8566,2.3522,2026-05-28 03:00:00+00:00,1,101.15,0.0,2.22,36.68,0.24,9.5,12.22,4.33
Paris,FR,48.8566,2.3522,2026-05-28 04:00:00+00:00,1,97.32,0.0,2.27,30.87,0.2,9.52,12.5,3.63
Paris,FR,48.8566,2.3522,2026-05-28 05:00:00+00:00,1,96.18,0.03,2.94,26.88,0.21,9.62,12.94,3.71
Paris,FR,48.8566,2.3522,2026-05-28 06:00:00+00:00,1,96.75,0.55,3.61,25.4,0.23,9.76,13.44,4.08
Paris,FR,48.8566,2.3522,2026-05-28 07:00:00+00:00,1,97.56,1.17,3.27,30.69,0.28,9.84,13.86,4.84
Paris,FR,48.8566,2.3522,2026-05-28 08:00:00+00:00,1,95.72,1.67,2.87,29.35,0.27,9.83,13.82,5.14
Paris,FR,48.8566,2.3522,2026-05-28 09:00:00+00:00,2,93.55,1.64,2.48,31.16,0.28,10.05,13.97,5.51
Paris,FR,48.8566,2.3522,2026-05-28 10:00:00+00:00,3,102.39,0.23,1.06,105.96,0.96,10.49,16.58,5.85
Paris,FR,48.8566,2.3522,2026-05-28 11:00:00+00:00,3,100.44,0.12,0.71,112.13,0.87,10.58,18.33,5.28
Paris,FR,48.8566,2.3522,2026-05-28 12:00:00+00:00,3,99.28,0.09,0.67,112.15,0.8,10.84,19.34,5.1
Paris,FR,48.8566,2.3522,2026-05-28 13:00:00+00:00,3,99.46,0.06,0.65,118.05,0.85,10.41,19.09,4.85
Paris,FR,48.8566,2.3522,2026-05-28 14:00:00+00:00,3,99.42,0.08,0.75,117.28,0.8,10.23,18.32,4.69
Paris,FR,48.8566,2.3522,2026-05-28 15:00:00+00:00,3,100.07,0.11,0.95,116.6,0.76,10.31,17.84,4.71
Paris,FR,48.8566,2.3522,2026-05-28 16:00:00+00:00,3,101.68,0.13,1.3,115.71,0.75,10.59,17.92,4.92
Paris,FR,48.8566,2.3522,2026-05-28 17:00:00+00:00,3,104.24,0.1,1.73,113.87,0.75,10.84,18.1,5.19
Paris,FR,48.8566,2.3522,2026-05-28 18:00:00+00:00,3,106.56,0.05,2.1,111.72,0.74,10.78,17.99,5.4
Paris,FR,48.8566,2.3522,2026-05-28 19:00:00+00:00,3,108.28,0.02,2.72,102.03,0.72,11.08,18.18,5.89
Paris,FR,48.8566,2.3522,2026-05-28 20:00:00+00:00,2,111.27,0.0,3.46,88.3,0.68,11.77,18.83,6.35
Paris,FR,48.8566,2.3522,2026-05-28 21:00:00+00:00,2,113.31,0.0,3.93,77.18,0.61,12.12,19.13,6.44
Paris,FR,48.8566,2.3522,2026-05-28 22:00:00+00:00,2,111.59,0.0,4.0,67.0,0.49,11.84,18.54,6.38
Paris,FR,48.8566,2.3522,2026-05-28 23:00:00+00:00,2,109.35,0.0,3.67,58.61,0.37,11.28,17.57,6.31
Paris,FR,48.8566,2.3522,2026-05-29 00:00:00+00:00,2,106.21,0.0,3.14,51.87,0.27,10.54,16.32,6.19
Paris,FR,48.8566,2.3522,2026-05-29 01:00:00+00:00,1,101.16,0.0,2.65,43.72,0.18,9.76,14.89,6.15
Paris,FR,48.8566,2.3522,2026-05-29 02:00:00+00:00,1,97.13,0.0,2.36,35.78,0.13,9.25,13.83,6.42
Paris,FR,48.8566,2.3522,2026-05-29 03:00:00+00:00,1,93.61,0.0,2.21,29.9,0.1,8.84,13.02,6.63
Paris,FR,48.8566,2.3522,2026-05-29 04:00:00+00:00,1,90.35,0.0,2.28,24.92,0.09,8.48,12.35,6.54
Paris,FR,48.8566,2.3522,2026-05-29 05:00:00+00:00,1,90.32,0.07,3.11,20.0,0.11,8.35,12.09,6.17
Paris,FR,48.8566,2.3522,2026-05-29 06:00:00+00:00,1,91.9,0.95,3.68,16.48,0.14,8.33,12.09,5.81
Paris,FR,48.8566,2.3522,2026-05-29 07:00:00+00:00,1,92.74,2.06,3.01,18.94,0.15,8.14,12.01,5.85
Paris,FR,48.8566,2.3522,2026-05-29 08:00:00+00:00,1,91.95,2.52,2.71,20.65,0.17,7.94,11.76,6.12
Paris,FR,48.8566,2.3522,2026-05-29 09:00:00+00:00,1,90.63,2.25,2.63,26.68,0.18,7.9,11.66,6.19
Paris,FR,48.8566,2.3522,2026-05-29 10:00:00+00:00,3,94.02,0.22,0.99,101.03,0.3,6.58,10.95,4.59
Paris,FR,48.8566,2.3522,2026-05-29 11:00:00+00:00,3,92.98,0.11,0.6,108.96,0.29,6.3,11.12,4.13
Paris,FR,48.8566,2.3522,2026-05-29 12:00:00+00:00,3,91.69,0.1,0.53,109.35,0.28,6.19,11.22,3.93
Paris,FR,48.8566,2.3522,2026-05-29 13:00:00+00:00,3,91.4,0.07,0.45,111.68,0.27,5.7,11.16,3.53
Paris,FR,48.8566,2.3522,2026-05-29 14:00:00+00:00,3,90.11,0.06,0.47,109.63,0.25,5.38,11.05,3.26
Paris,FR,48.8566,2.3522,2026-05-29 15:00:00+00:00,3,89.43,0.05,0.55,107.65,0.24,5.24,10.94,3.17
Paris,FR,48.8566,2.3522,2026-05-29 16:00:00+00:00,3,89.9,0.06,0.79,106.07,0.25,5.24,10.94,3.32
Paris,FR,48.8566,2.3522,2026-05-29 17:00:00+00:00,3,90.91,0.06,1.11,103.46,0.27,5.31,10.91,3.66
Paris,FR,48.8566,2.3522,2026-05-29 18:00:00+00:00,3,92.28,0.03,1.36,101.27,0.29,5.36,10.88,3.98
Paris,FR,48.8566,2.3522,2026-05-29 19:00:00+00:00,2,93.91,0.01,2.26,86.92,0.31,5.46,10.55,4.95
Paris,FR,48.8566,2.3522,2026-05-29 20:00:00+00:00,2,96.77,0.0,3.38,68.17,0.31,5.7,10.38,6.04
Paris,FR,48.8566,2.3522,2026-05-29 21:00:00+00:00,1,98.59,0.0,4.17,54.75,0.28,5.92,10.34,6.38
Paris,FR,48.8566,2.3522,2026-05-29 22:00:00+00:00,1,96.29,0.0,4.24,45.76,0.22,5.98,10.1,6.4
Paris,FR,48.8566,2.3522,2026-05-29 23:00:00+00:00,1,93.72,0.0,3.54,42.1,0.17,6.01,9.9,6.76
Paris,FR,48.8566,2.3522,2026-05-30 00:00:00+00:00,1,91.4,0.0,2.74,41.22,0.15,6.05,9.81,7.3
Paris,FR,48.8566,2.3522,2026-05-30 01:00:00+00:00,1,88.94,0.0,2.16,40.29,0.12,6.07,9.79,7.66
Paris,FR,48.8566,2.3522,2026-05-30 02:00:00+00:00,1,87.65,0.0,1.86,36.03,0.1,6.17,9.84,7.54
Paris,FR,48.8566,2.3522,2026-05-30 03:00:00+00:00,1,86.27,0.0,1.72,31.48,0.08,6.27,9.93,6.4
Paris,FR,48.8566,2.3522,2026-05-30 04:00:00+00:00,1,84.07,0.0,1.78,26.86,0.07,6.28,9.94,5.26
Paris,FR,48.8566,2.3522,2026-05-30 05:00:00+00:00,1,84.47,0.02,2.46,23.06,0.09,6.37,10.18,5.04
Paris,FR,48.8566,2.3522,2026-05-30 06:00:00+00:00,1,86.31,0.36,3.44,20.34,0.11,6.51,10.53,5.19
Paris,FR,48.8566,2.3522,2026-05-30 07:00:00+00:00,1,87.52,1.37,3.06,19.81,0.12,6.58,10.79,5.79
Paris,FR,48.8566,2.3522,2026-05-30 08:00:00+00:00,1,87.13,2.16,2.44,19.19,0.13,6.59,10.89,6.4
Paris,FR,48.8566,2.3522,2026-05-30 09:00:00+00:00,1,86.2,2.23,2.14,21.84,0.13,6.7,11.22,6.64
Paris,FR,48.8566,2.3522,2026-05-30 10:00:00+00:00,2,89.64,0.25,1.19,74.73,0.17,6.88,12.77,5.79
Paris,FR,48.8566,2.3522,2026-05-30 11:00:00+00:00,2,89.2,0.11,0.81,84.98,0.16,6.96,12.91,5.07
Paris,FR,48.8566,2.3522,2026-05-30 12:00:00+00:00,2,88.41,0.09,0.72,86.64,0.16,7.01,12.88,4.87
Paris,FR,48.8566,2.3522,2026-05-30 13:00:00+00:00,2,88.88,0.04,0.5,97.08,0.12,6.26,12.1,3.57
Paris,FR,48.8566,2.3522,2026-05-30 14:00:00+00:00,2,87.76,0.03,0.43,99.63,0.1,5.52,11.06,2.85
Paris,FR,48.8566,2.3522,2026-05-30 15:00:00+00:00,2,86.81,0.03,0.48,99.29,0.09,5.13,10.31,2.69
Paris,FR,48.8566,2.3522,2026-05-30 16:00:00+00:00,2,87.16,0.04,0.68,97.59,0.09,4.98,9.94,2.87
Paris,FR,48.8566,2.3522,2026-05-30 17:00:00+00:00,2,87.51,0.06,0.99,92.76,0.11,5.02,9.85,3.34
Paris,FR,48.8566,2.3522,2026-05-30 18:00:00+00:00,2,88.12,0.05,1.25,88.5,0.12,5.11,9.89,3.88
Paris,FR,48.8566,2.3522,2026-05-30 19:00:00+00:00,2,88.57,0.03,2.01,74.06,0.15,5.22,9.77,5.13
Paris,FR,48.8566,2.3522,2026-05-30 20:00:00+00:00,1,89.74,0.0,2.91,58.51,0.19,5.39,9.75,7.0
Paris,FR,48.8566,2.3522,2026-05-30 21:00:00+00:00,1,90.39,0.0,3.55,50.03,0.2,5.51,9.74,8.97
Paris,FR,48.8566,2.3522,2026-05-30 22:00:00+00:00,1,88.5,0.0,3.72,44.18,0.18,5.49,9.54,10.09
Paris,FR,48.8566,2.3522,2026-05-30 23:00:00+00:00,1,87.21,0.0,3.3,37.64,0.13,5.52,9.4,8.5
Paris,FR,48.8566,2.3522,2026-05-31 00:00:00+00:00,1,87.05,0.0,2.71,34.52,0.09,5.64,9.38,6.04
Paris,FR,48.8566,2.3522,2026-05-31 01:00:00+00:00,1,88.22,0.0,1.96,41.17,0.08,6.16,10.34,4.06
Paris,FR,48.8566,2.3522,2026-05-31 02:00:00+00:00,1,90.1,0.0,1.6,43.65,0.11,7.43,11.94,3.27
Paris,FR,48.8566,2.3522,2026-05-31 03:00:00+00:00,1,91.8,0.0,1.47,43.67,0.15,8.98,13.67,2.93
Paris,FR,48.8566,2.3522,2026-05-31 04:00:00+00:00,2,93.64,0.0,1.44,46.53,0.25,10.47,15.25,3.23
Paris,FR,48.8566,2.3522,2026-05-31 05:00:00+00:00,2,96.23,0.0,1.74,48.15,0.34,11.35,16.03,3.56
Paris,FR,48.8566,2.3522,2026-05-31 06:00:00+00:00,2,98.73,0.01,2.26,49.57,0.43,11.6,16.04,3.93
Paris,FR,48.8566,2.3522,2026-05-31 07:00:00+00:00,2,100.08,0.05,2.41,53.69,0.54,10.9,14.96,4.49
Paris,FR,48.8566,2.3522,2026-05-31 08:00:00+00:00,1,100.35,0.11,2.38,55.35,0.56,9.77,13.4,5.19
Paris,FR,48.8566,2.3522,2026-05-31 09:00:00+00:00,1,99.9,0.2,2.13,56.78,0.54,8.37,11.58,5.62
Paris,FR,48.8566,2.3522,2026-05-31 10:00:00+00:00,2,99.52,0.2,1.2,73.59,0.44,6.41,9.69,4.66
Paris,FR,48.8566,2.3522,2026-05-31 11:00:00+00:00,2,98.43,0.13,0.73,84.52,0.34,5.28,8.62,3.93
Paris,FR,48.8566,2.3522,2026-05-31 12:00:00+00:00,2,97.52,0.11,0.52,89.62,0.26,4.18,7.13,3.48
Paris,FR,48.8566,2.3522,2026-05-31 13:00:00+00:00,2,97.16,0.07,0.47,92.52,0.2,3.15,5.59,3.03
Paris,FR,48.8566,2.3522,2026-05-31 14:00:00+00:00,2,96.66,0.06,0.46,92.69,0.17,2.41,4.4,2.72
Paris,FR,48.8566,2.3522,2026-05-31 15:00:00+00:00,2,96.07,0.06,0.49,90.96,0.15,1.96,3.62,2.53
Paris,FR,48.8566,2.3522,2026-05-31 16:00:00+00:00,2,95.97,0.05,0.56,87.98,0.14,1.62,3.0,2.4
Paris,FR,48.8566,2.3522,2026-05-31 17:00:00+00:00,2,95.74,0.04,0.6,84.2,0.12,1.41,2.61,2.44
Paris,FR,48.8566,2.3522,2026-05-31 18:00:00+00:00,2,96.23,0.03,0.62,81.26,0.11,1.33,2.43,2.63
Paris,FR,48.8566,2.3522,2026-05-31 19:00:00+00:00,2,96.64,0.01,0.72,77.87,0.11,1.34,2.39,2.99
Paris,FR,48.8566,2.3522,2026-05-31 20:00:00+00:00,2,97.35,0.0,0.89,73.1,0.11,1.42,2.44,3.46
Paris,FR,48.8566,2.3522,2026-05-31 21:00:00+00:00,2,97.97,0.0,1.03,69.15,0.11,1.49,2.47,3.75
Paris,FR,48.8566,2.3522,2026-05-31 22:00:00+00:00,2,97.24,0.0,1.08,65.26,0.11,1.54,2.44,3.88
Paris,FR,48.8566,2.3522,2026-05-31 23:00:00+00:00,2,96.96,0.0,1.05,62.39,0.11,1.58,2.43,3.77
Paris,FR,48.8566,2.3522,2026-06-01 00:00:00+00:00,2,96.76,0.0,1.0,60.05,0.13,1.63,2.44,3.55
Paris,FR,48.8566,2.3522,2026-06-01 01:00:00+00:00,1,95.54,0.0,1.11,51.07,0.11,1.7,2.53,2.63
Paris,FR,48.8566,2.3522,2026-06-01 02:00:00+00:00,1,93.56,0.0,1.29,38.93,0.08,1.79,2.68,1.8
Paris,FR,48.8566,2.3522,2026-06-01 03:00:00+00:00,1,91.92,0.0,1.47,30.11,0.07,1.88,2.84,1.53
Paris,FR,48.8566,2.3522,2026-06-01 04:00:00+00:00,1,89.79,0.0,1.74,23.98,0.07,1.94,2.97,1.44
Paris,FR,48.8566,2.3522,2026-06-01 05:00:00+00:00,1,90.37,0.03,2.56,20.81,0.09,2.04,3.17,1.35
Paris,FR,48.8566,2.3522,2026-06-01 06:00:00+00:00,1,92.58,0.21,3.58,20.23,0.13,2.16,3.4,1.36
Paris,FR,48.8566,2.3522,2026-06-01 07:00:00+00:00,1,95.14,0.46,3.2,27.03,0.21,2.24,3.66,1.63
Paris,FR,48.8566,2.3522,2026-06-01 08:00:00+00:00,1,95.51,0.79,2.8,28.53,0.25,2.32,3.85,1.85
Paris,FR,48.8566,2.3522,2026-06-01 09:00:00+00:00,1,95.42,0.92,2.34,30.78,0.24,2.44,4.04,2.16
Paris,FR,48.8566,2.3522,2026-06-01 10:00:00+00:00,2,96.44,0.18,1.16,61.83,0.24,2.16,3.54,2.45
Paris,FR,48.8566,2.3522,2026-06-01 11:00:00+00:00,2,95.36,0.1,0.66,69.37,0.17,1.81,2.9,2.19
Paris,FR,48.8566,2.3522,2026-06-01 12:00:00+00:00,2,94.45,0.08,0.52,71.69,0.14,1.73,2.69,2.0
Paris,FR,48.8566,2.3522,2026-06-01 13:00:00+00:00,2,94.87,0.08,0.44,74.95,0.13,1.78,2.67,1.89
Paris,FR,48.8566,2.3522,2026-06-01 14:00:00+00:00,2,94.48,0.08,0.42,77.13,0.11,1.8,2.63,1.77
Paris,FR,48.8566,2.3522,2026-06-01 15:00:00+00:00,2,94.01,0.08,0.45,78.77,0.1,1.8,2.58,1.68
Paris,FR,48.8566,2.3522,2026-06-01 16:00:00+00:00,2,94.36,0.09,0.58,80.36,0.1,1.83,2.58,1.66
Paris,FR,48.8566,2.3522,2026-06-01 17:00:00+00:00,2,94.41,0.08,0.78,79.87,0.11,1.86,2.62,1.71
Paris,FR,48.8566,2.3522,2026-06-01 18:00:00+00:00,2,94.46,0.04,0.95,79.15,0.12,1.88,2.67,1.82
Paris,FR,48.8566,2.3522,2026-06-01 19:00:00+00:00,2,94.96,0.01,1.45,73.38,0.13,1.96,2.81,2.16
Paris,FR,48.8566,2.3522,2026-06-01 20:00:00+00:00,2,96.19,0.0,2.06,64.79,0.15,2.09,3.03,2.62
Paris,FR,48.8566,2.3522,2026-06-01 21:00:00+00:00,1,97.06,0.0,2.48,58.47,0.15,2.19,3.19,2.79
Paris,FR,48.8566,2.3522,2026-06-01 22:00:00+00:00,1,96.43,0.0,2.56,54.62,0.12,2.2,3.21,2.79
Paris,FR,48.8566,2.3522,2026-06-01 23:00:00+00:00,1,96.33,0.0,2.26,54.31,0.1,2.18,3.23,2.9
Paris,FR,48.8566,2.3522,2026-06-02 00:00:00+00:00,1,96.32,0.0,1.83,57.25,0.11,2.2,3.42,3.06
Paris,FR,48.8566,2.3522,2026-06-02 01:00:00+00:00,2,95.84,0.0,1.28,66.34,0.19,2.22,3.83,3.14
Paris,FR,48.8566,2.3522,2026-06-02 02:00:00+00:00,2,95.9,0.0,1.08,66.34,0.22,2.07,3.72,2.62
Paris,FR,48.8566,2.3522,2026-06-02 03:00:00+00:00,2,96.31,0.0,0.98,63.81,0.2,1.78,3.3,1.97
Paris,FR,48.8566,2.3522,2026-06-02 04:00:00+00:00,2,95.66,0.0,0.94,60.07,0.17,1.5,2.89,1.56
Paris,FR,48.8566,2.3522,2026-06-02 05:00:00+00:00,1,95.64,0.0,1.13,56.91,0.15,1.37,2.73,1.44
Paris,FR,48.8566,2.3522,2026-06-02 06:00:00+00:00,1,95.62,0.03,1.42,55.16,0.15,1.43,2.85,1.33
Paris,FR,48.8566,2.3522,2026-06-02 07:00:00+00:00,1,95.3,0.05,1.39,58.2,0.15,1.58,2.68,0.87
Paris,FR,48.8566,2.3522,2026-06-02 08:00:00+00:00,1,94.85,0.06,1.28,59.74,0.12,1.63,2.15,0.47
Paris,FR,48.8566,2.3522,2026-06-02 09:00:00+00:00,2,94.76,0.08,1.14,60.9,0.09,1.61,1.83,0.32
Paris,FR,48.8566,2.3522,2026-06-02 10:00:00+00:00,2,94.65,0.08,0.96,61.46,0.07,1.44,1.54,0.3
Paris,FR,48.8566,2.3522,2026-06-02 11:00:00+00:00,2,94.24,0.1,0.83,60.2,0.07,1.17,1.25,0.41
Paris,FR,48.8566,2.3522,2026-06-02 12:00:00+00:00,2,94.27,0.09,0.68,62.37,0.09,0.88,0.96,0.52
Paris,FR,48.8566,2.3522,2026-06-02 13:00:00+00:00,2,96.37,0.08,0.53,70.52,0.12,0.76,0.89,0.58
Paris,FR,48.8566,2.3522,2026-06-02 14:00:00+00:00,2,97.35,0.07,0.46,76.0,0.14,0.8,1.02,0.57
Paris,FR,48.8566,2.3522,2026-06-02 15:00:00+00:00,2,98.25,0.07,0.48,77.68,0.16,0.81,1.07,0.55
Paris,FR,48.8566,2.3522,2026-06-02 16:00:00+00:00,2,98.83,0.08,0.56,77.63,0.16,0.75,1.03,0.57
Paris,FR,48.8566,2.3522,2026-06-02 17:00:00+00:00,2,99.72,0.07,0.64,77.85,0.17,0.69,1.01,0.63
Paris,FR,48.8566,2.3522,2026-06-02 18:00:00+00:00,2,100.62,0.04,0.7,77.91,0.18,0.65,0.99,0.69
Paris,FR,48.8566,2.3522,2026-06-02 19:00:00+00:00,2,100.69,0.02,0.79,76.25,0.18,0.62,0.95,0.77
Paris,FR,48.8566,2.3522,2026-06-02 20:00:00+00:00,2,101.62,0.0,0.91,73.84,0.17,0.61,0.91,0.87
Paris,FR,48.8566,2.3522,2026-06-02 21:00:00+00:00,2,102.01,0.0,0.96,71.96,0.16,0.59,0.86,0.94
Paris,FR,48.8566,2.3522,2026-06-02 22:00:00+00:00,2,101.14,0.0,0.94,69.93,0.15,0.58,0.86,0.94
Paris,FR,48.8566,2.3522,2026-06-02 23:00:00+00:00,2,101.45,0.0,0.86,69.23,0.15,0.62,0.95,0.92
Paris,FR,48.8566,2.3522,2026-06-03 00:00:00+00:00,2,102.04,0.0,0.78,68.6,0.17,0.72,1.14,0.87
Paris,FR,48.8566,2.3522,2026-06-03 01:00:00+00:00,2,101.92,0.0,0.72,67.53,0.19,0.84,1.42,0.84
Paris,FR,48.8566,2.3522,2026-06-03 02:00:00+00:00,2,102.28,0.0,0.68,66.65,0.22,0.99,1.75,0.84
Paris,FR,48.8566,2.3522,2026-06-03 03:00:00+00:00,2,102.18,0.0,0.66,65.38,0.24,1.11,2.04,0.85
Paris,FR,48.8566,2.3522,2026-06-03 04:00:00+00:00,2,101.46,0.0,0.65,64.21,0.24,1.16,2.25,0.83
Paris,FR,48.8566,2.3522,2026-06-03 05:00:00+00:00,2,101.01,0.0,0.78,62.91,0.25,1.13,2.29,0.79
Paris,FR,48.8566,2.3522,2026-06-03 06:00:00+00:00,2,100.66,0.02,1.01,62.04,0.24,1.05,2.18,0.76
Paris,FR,48.8566,2.3522,2026-06-03 07:00:00+00:00,2,100.37,0.04,1.11,61.88,0.24,0.96,1.86,0.72
Paris,FR,48.8566,2.3522,2026-06-03 08:00:00+00:00,2,99.6,0.07,1.04,61.99,0.21,0.91,1.53,0.69
Paris,FR,48.8566,2.3522,2026-06-03 09:00:00+00:00,2,98.92,0.09,0.93,62.64,0.19,0.9,1.35,0.67
Paris,FR,48.8566,2.3522,2026-06-03 10:00:00+00:00,2,99.6,0.09,0.77,65.22,0.16,0.9,1.27,0.66
Paris,FR,48.8566,2.3522,2026-06-03 11:00:00+00:00,2,99.37,0.09,0.67,66.94,0.15,0.94,1.27,0.67
Paris,FR,48.8566,2.3522,2026-06-03 12:00:00+00:00,2,99.31,0.09,0.6,68.56,0.15,1.07,1.47,0.69
Paris,FR,48.8566,2.3522,2026-06-03 13:00:00+00:00,2,100.44,0.07,0.59,70.41,0.17,1.26,1.9,0.75
Paris,FR,48.8566,2.3522,2026-06-03 14:00:00+00:00,2,100.79,0.06,0.61,70.8,0.21,1.43,2.4,0.82
Paris,FR,48.8566,2.3522,2026-06-03 15:00:00+00:00,2,100.78,0.06,0.67,71.11,0.22,1.47,2.57,0.84
Paris,FR,48.8566,2.3522,2026-06-03 16:00:00+00:00,2,100.87,0.04,0.77,71.72,0.21,1.43,2.43,0.81
Paris,FR,48.8566,2.3522,2026-06-03 17:00:00+00:00,2,100.43,0.03,0.84,71.87,0.18,1.35,2.05,0.76
Paris,FR,48.8566,2.3522,2026-06-03 18:00:00+00:00,2,100.09,0.01,0.9,71.33,0.16,1.37,1.8,0.69
Paris,FR,48.8566,2.3522,2026-06-03 19:00:00+00:00,2,99.55,0.0,0.94,70.08,0.14,1.53,1.79,0.58
Paris,FR,48.8566,2.3522,2026-06-03 20:00:00+00:00,2,99.26,0.0,1.0,68.45,0.14,1.77,1.98,0.51
Paris,FR,48.8566,2.3522,2026-06-03 21:00:00+00:00,2,98.97,0.0,1.02,66.35,0.15,2.06,2.32,0.48
Paris,FR,48.8566,2.3522,2026-06-03 22:00:00+00:00,2,98.55,0.0,0.97,64.2,0.17,2.24,2.58,0.46
Paris,FR,48.8566,2.3522,2026-06-03 23:00:00+00:00,2,98.71,0.0,0.87,62.38,0.18,2.23,2.64,0.47
Paris,FR,48.8566,2.3522,2026-06-04 00:00:00+00:00,2,98.78,0.0,0.76,60.87,0.19,2.09,2.58,0.49
Paris,FR,48.8566,2.3522,2026-06-04 01:00:00+00:00,1,98.33,0.0,0.66,59.76,0.17,1.88,2.58,0.51
Paris,FR,48.8566,2.3522,2026-06-04 02:00:00+00:00,1,98.08,0.0,0.56,59.54,0.19,1.88,2.93,0.53
Paris,FR,48.8566,2.3522,2026-06-04 03:00:00+00:00,2,97.65,0.0,0.5,60.09,0.2,1.86,2.99,0.52
Paris,FR,48.8566,2.3522,2026-06-04 04:00:00+00:00,2,97.48,0.0,0.47,61.26,0.2,1.81,2.72,0.48
Paris,FR,48.8566,2.3522,2026-06-04 05:00:00+00:00,2,97.68,0.0,0.58,62.35,0.2,1.94,2.67,0.42
Paris,FR,48.8566,2.3522,2026-06-04 06:00:00+00:00,2,98.14,0.0,0.82,62.43,0.2,2.11,2.75,0.38
Paris,FR,48.8566,2.3522,2026-06-04 07:00:00+00:00,2,98.62,0.01,0.98,62.16,0.2,2.12,2.62,0.36
Paris,FR,48.8566,2.3522,2026-06-04 08:00:00+00:00,2,98.93,0.02,1.01,61.77,0.18,2.08,2.43,0.36
Paris,FR,48.8566,2.3522,2026-06-04 09:00:00+00:00,2,99.34,0.04,1.0,61.22,0.17,2.04,2.28,0.38
Paris,FR,48.8566,2.3522,2026-06-04 10:00:00+00:00,2,100.17,0.06,0.93,61.44,0.17,1.78,1.94,0.38
Paris,FR,48.8566,2.3522,2026-06-04 11:00:00+00:00,2,99.91,0.06,0.8,62.87,0.14,1.17,1.28,0.36
Paris,FR,48.8566,2.3522,2026-06-04 12:00:00+00:00,2,99.83,0.06,0.68,65.14,0.13,0.74,0.83,0.37
Paris,FR,48.8566,2.3522,2026-06-04 13:00:00+00:00,2,100.32,0.07,0.54,68.79,0.13,0.56,0.66,0.41
Paris,FR,48.8566,2.3522,2026-06-04 14:00:00+00:00,2,100.04,0.08,0.45,72.69,0.13,0.54,0.66,0.46
Paris,FR,48.8566,2.3522,2026-06-04 15:00:00+00:00,2,99.76,0.09,0.44,76.81,0.14,0.55,0.72,0.49
Paris,FR,48.8566,2.3522,2026-06-04 16:00:00+00:00,2,100.28,0.1,0.5,80.38,0.15,0.57,0.83,0.54
Paris,FR,48.8566,2.3522,2026-06-04 17:00:00+00:00,2,100.98,0.09,0.56,81.51,0.18,0.62,1.04,0.62
Paris,FR,48.8566,2.3522,2026-06-04 18:00:00+00:00,2,101.78,0.06,0.63,80.87,0.21,0.67,1.29,0.69
Paris,FR,48.8566,2.3522,2026-06-04 19:00:00+00:00,2,101.58,0.03,0.75,78.29,0.22,0.7,1.55,0.8
Paris,FR,48.8566,2.3522,2026-06-04 20:00:00+00:00,2,102.07,0.0,0.91,75.9,0.24,0.77,1.83,1.0
Paris,FR,48.8566,2.3522,2026-06-04 21:00:00+00:00,2,102.3,0.0,0.99,74.42,0.25,0.85,2.13,1.17
Paris,FR,48.8566,2.3522,2026-06-04 22:00:00+00:00,2,101.3,0.0,1.01,72.5,0.25,0.93,2.44,1.32
Paris,FR,48.8566,2.3522,2026-06-04 23:00:00+00:00,2,101.42,0.0,0.98,71.08,0.25,1.04,2.81,1.46
Paris,FR,48.8566,2.3522,2026-06-05 00:00:00+00:00,2,101.73,0.0,0.93,69.26,0.25,1.17,3.2,1.5
Paris,FR,48.8566,2.3522,2026-06-05 01:00:00+00:00,2,100.71,0.0,0.88,67.12,0.25,1.29,3.58,1.42
Paris,FR,48.8566,2.3522,2026-06-05 02:00:00+00:00,2,101.04,0.0,0.85,65.42,0.24,1.41,3.92,1.26
Paris,FR,48.8566,2.3522,2026-06-05 03:00:00+00:00,2,101.08,0.0,0.86,63.6,0.23,1.52,4.17,1.08
Paris,FR,48.8566,2.3522,2026-06-05 04:00:00+00:00,2,100.44,0.0,0.92,61.37,0.22,1.59,4.3,0.97
Paris,FR,48.8566,2.3522,2026-06-05 05:00:00+00:00,1,100.4,0.01,1.18,59.69,0.22,1.65,4.46,0.96
Paris,FR,48.8566,2.3522,2026-06-05 06:00:00+00:00,1,100.82,0.08,1.52,59.07,0.24,1.7,4.59,1.0
Paris,FR,48.8566,2.3522,2026-06-05 07:00:00+00:00,2,100.88,0.16,1.52,62.37,0.3,1.72,4.49,1.08
Paris,FR,48.8566,2.3522,2026-06-05 08:00:00+00:00,2,100.65,0.18,1.42,65.33,0.33,1.72,4.25,1.17
Paris,FR,48.8566,2.3522,2026-06-05 09:00:00+00:00,2,100.16,0.17,1.36,67.26,0.34,1.72,4.12,1.24
Paris,FR,48.8566,2.3522,2026-06-05 10:00:00+00:00,2,100.92,0.11,0.85,78.17,0.29,1.34,3.31,0.84
Paris,FR,48.8566,2.3522,2026-06-05 11:00:00+00:00,2,100.41,0.08,0.6,83.58,0.24,0.97,2.51,0.68
Paris,FR,48.8566,2.3522,2026-06-05 12:00:00+00:00,2,99.71,0.08,0.55,85.54,0.21,0.83,2.09,0.74
Paris,FR,48.8566,2.3522,2026-06-05 13:00:00+00:00,2,99.91,0.09,0.47,88.42,0.19,0.76,1.79,0.81
Paris,FR,48.8566,2.3522,2026-06-05 14:00:00+00:00,2,99.73,0.09,0.45,90.5,0.17,0.72,1.55,0.86
Paris,FR,48.8566,2.3522,2026-06-05 15:00:00+00:00,2,99.64,0.08,0.49,91.97,0.15,0.69,1.39,0.89
Paris,FR,48.8566,2.3522,2026-06-05 16:00:00+00:00,2,99.84,0.06,0.68,91.82,0.15,0.68,1.28,0.96
Paris,FR,48.8566,2.3522,2026-06-05 17:00:00+00:00,2,99.69,0.05,0.94,89.0,0.15,0.66,1.23,1.1
Paris,FR,48.8566,2.3522,2026-06-05 18:00:00+00:00,2,99.72,0.03,1.14,86.4,0.15,0.65,1.19,1.26
Paris,FR,48.8566,2.3522,2026-06-05 19:00:00+00:00,2,100.2,0.01,1.98,74.08,0.15,0.71,1.3,1.93
Paris,FR,48.8566,2.3522,2026-06-05 20:00:00+00:00,1,100.84,0.0,3.07,57.42,0.15,0.83,1.53,2.81
Paris,FR,48.8566,2.3522,2026-06-05 21:00:00+00:00,1,100.49,0.0,3.88,44.85,0.13,0.94,1.71,3.37
Paris,FR,48.8566,2.3522,2026-06-05 22:00:00+00:00,1,97.81,0.0,4.17,35.42,0.1,0.98,1.73,3.18
Paris,FR,48.8566,2.3522,2026-06-05 23:00:00+00:00,1,95.6,0.0,3.83,29.99,0.08,0.98,1.66,2.69
Paris,FR,48.8566,2.3522,2026-06-06 00:00:00+00:00,1,94.29,0.0,3.35,28.71,0.07,0.97,1.57,2.23
Paris,FR,48.8566,2.3522,2026-06-06 01:00:00+00:00,1,95.04,0.0,2.5,38.62,0.07,0.89,1.44,2.03
Paris,FR,48.8566,2.3522,2026-06-06 02:00:00+00:00,1,94.67,0.0,2.14,39.59,0.06,0.85,1.42,2.21
Paris,FR,48.8566,2.3522,2026-06-06 03:00:00+00:00,1,94.56,0.0,1.91,40.22,0.05,0.81,1.4,2.54
Paris,FR,48.8566,2.3522,2026-06-06 04:00:00+00:00,1,96.09,0.0,1.24,57.26,0.08,0.7,1.32,2.61
Paris,FR,48.8566,2.3522,2026-06-06 05:00:00+00:00,2,96.15,0.0,1.28,60.3,0.09,0.68,1.33,2.52
Paris,FR,48.8566,2.3522,2026-06-06 06:00:00+00:00,1,96.02,0.04,1.55,59.52,0.1,0.72,1.4,2.42
Paris,FR,48.8566,2.3522,2026-06-06 07:00:00+00:00,2,95.66,0.07,1.62,60.13,0.1,0.78,1.51,2.2
Paris,FR,48.8566,2.3522,2026-06-06 08:00:00+00:00,2,94.8,0.1,1.46,61.5,0.1,0.81,1.55,2.07
Paris,FR,48.8566,2.3522,2026-06-06 09:00:00+00:00,2,94.3,0.1,1.18,65.63,0.1,0.83,1.56,1.93
Paris,FR,48.8566,2.3522,2026-06-06 10:00:00+00:00,2,96.21,0.08,0.73,77.0,0.11,0.88,1.39,1.24
Paris,FR,48.8566,2.3522,2026-06-06 11:00:00+00:00,2,96.66,0.09,0.53,79.16,0.11,0.98,1.27,0.83
Paris,FR,48.8566,2.3522,2026-06-06 12:00:00+00:00,2,97.2,0.09,0.44,78.86,0.13,1.34,1.58,0.71
Paris,FR,48.8566,2.3522,2026-06-06 13:00:00+00:00,2,98.16,0.08,0.37,81.15,0.18,1.93,2.43,0.68
Paris,FR,48.8566,2.3522,2026-06-06 14:00:00+00:00,2,98.56,0.07,0.33,86.78,0.22,2.06,3.14,0.67
Paris,FR,48.8566,2.3522,2026-06-06 15:00:00+00:00,2,98.51,0.07,0.36,91.4,0.26,1.86,3.59,0.7
Paris,FR,48.8566,2.3522,2026-06-06 16:00:00+00:00,2,98.55,0.07,0.39,93.73,0.28,1.64,3.84,0.74
Paris,FR,48.8566,2.3522,2026-06-06 17:00:00+00:00,2,98.23,0.07,0.44,92.94,0.3,1.59,4.12,0.83
Paris,FR,48.8566,2.3522,2026-06-06 18:00:00+00:00,2,98.17,0.05,0.49,90.98,0.33,1.68,4.58,0.93
Paris,FR,48.8566,2.3522,2026-06-06 19:00:00+00:00,2,97.99,0.02,0.6,87.46,0.36,1.79,5.15,1.06
Paris,FR,48.8566,2.3522,2026-06-06 20:00:00+00:00,2,98.95,0.0,0.74,83.73,0.39,1.9,5.75,1.28
Paris,FR,48.8566,2.3522,2026-06-06 21:00:00+00:00,2,100.01,0.0,0.83,80.89,0.41,1.97,6.33,1.51
Paris,FR,48.8566,2.3522,2026-06-06 22:00:00+00:00,2,99.55,0.0,0.86,76.95,0.4,1.97,6.58,1.72
Paris,FR,48.8566,2.3522,2026-06-06 23:00:00+00:00,2,100.39,0.0,0.87,74.1,0.38,1.97,6.66,1.97
Paris,FR,48.8566,2.3522,2026-06-07 00:00:00+00:00,2,101.32,0.0,0.85,71.55,0.35,1.98,6.63,2.12
Paris,FR,48.8566,2.3522,2026-06-07 01:00:00+00:00,2,100.9,0.0,0.83,68.05,0.32,1.97,6.5,2.07
Paris,FR,48.8566,2.3522,2026-06-07 02:00:00+00:00,2,101.16,0.0,0.83,64.89,0.28,2.0,6.44,1.84
Paris,FR,48.8566,2.3522,2026-06-07 03:00:00+00:00,2,101.13,0.0,0.87,61.55,0.24,2.05,6.41,1.49
Paris,FR,48.8566,2.3522,2026-06-07 04:00:00+00:00,1,99.93,0.0,0.93,57.79,0.21,2.08,6.37,1.23
Paris,FR,48.8566,2.3522,2026-06-07 05:00:00+00:00,1,99.7,0.01,1.18,55.02,0.21,2.13,6.48,1.19
Paris,FR,48.8566,2.3522,2026-06-07 06:00:00+00:00,1,99.74,0.13,1.38,54.59,0.24,2.17,6.71,1.23
Paris,FR,48.8566,2.3522,2026-06-07 07:00:00+00:00,2,100.21,0.2,1.03,66.23,0.36,2.04,6.82,1.06
Paris,FR,48.8566,2.3522,2026-06-07 08:00:00+00:00,2,99.18,0.21,0.87,69.98,0.36,1.94,6.57,1.03
Paris,FR,48.8566,2.3522,2026-06-07 09:00:00+00:00,2,98.16,0.19,0.76,71.49,0.35,1.94,6.54,1.07
Paris,FR,48.8566,2.3522,2026-06-07 10:00:00+00:00,2,98.77,0.11,0.5,78.79,0.36,1.88,6.52,0.85
Paris,FR,48.8566,2.3522,2026-06-07 11:00:00+00:00,2,98.0,0.09,0.37,81.2,0.32,1.71,5.8,0.72
Paris,FR,48.8566,2.3522,2026-06-07 12:00:00+00:00,2,97.15,0.08,0.32,81.48,0.28,1.61,5.3,0.69
Paris,FR,48.8566,2.3522,2026-06-07 13:00:00+00:00,2,97.33,0.07,0.3,82.11,0.25,1.57,4.96,0.68
Paris,FR,48.8566,2.3522,2026-06-07 14:00:00+00:00,2,96.65,0.07,0.3,81.68,0.22,1.56,4.76,0.7
Paris,FR,48.8566,2.3522,2026-06-07 15:00:00+00:00,2,96.15,0.08,0.35,81.1,0.21,1.56,4.65,0.74
Paris,FR,48.8566,2.3522,2026-06-07 16:00:00+00:00,2,95.56,0.19,0.8,74.28,0.19,1.65,4.71,1.05
Paris,FR,48.8566,2.3522,2026-06-07 17:00:00+00:00,2,94.34,0.32,1.4,65.0,0.17,1.76,4.87,1.53
Paris,FR,48.8566,2.3522,2026-06-07 18:00:00+00:00,1,93.21,0.32,1.86,59.27,0.18,1.84,5.0,2.04
Paris,FR,48.8566,2.3522,2026-06-07 19:00:00+00:00,1,93.09,0.16,2.47,54.5,0.19,1.92,5.14,2.81
Paris,FR,48.8566,2.3522,2026-06-07 20:00:00+00:00,1,93.44,0.01,3.04,48.21,0.19,2.0,5.27,3.55
Paris,FR,48.8566,2.3522,2026-06-07 21:00:00+00:00,1,93.97,0.0,3.36,43.5,0.19,2.08,5.37,4.13
Paris,FR,48.8566,2.3522,2026-06-07 22:00:00+00:00,1,92.87,0.0,3.47,39.14,0.17,2.12,5.34,4.24
Paris,FR,48.8566,2.3522,2026-06-07 23:00:00+00:00,1,92.5,0.0,3.34,34.26,0.14,2.18,5.34,3.66
Paris,FR,48.8566,2.3522,2026-06-08 00:00:00+00:00,1,91.4,0.0,3.1,28.77,0.11,2.26,5.34,2.68
Paris,FR,48.8566,2.3522,2026-06-08 01:00:00+00:00,1,89.04,0.0,2.82,23.05,0.08,2.31,5.25,1.87
Paris,FR,48.8566,2.3522,2026-06-08 02:00:00+00:00,1,86.44,0.0,2.59,18.4,0.06,2.35,5.15,1.54
Paris,FR,48.8566,2.3522,2026-06-08 03:00:00+00:00,1,84.01,0.01,2.44,15.22,0.04,2.37,5.04,1.37
Paris,FR,48.8566,2.3522,2026-06-08 04:00:00+00:00,1,82.14,0.02,2.47,13.4,0.04,2.38,4.92,1.33
Paris,FR,48.8566,2.3522,2026-06-08 05:00:00+00:00,1,82.59,0.09,3.19,12.19,0.06,2.43,4.92,1.45
Paris,FR,48.8566,2.3522,2026-06-08 06:00:00+00:00,1,84.31,0.45,4.24,11.78,0.08,2.51,5.0,1.66
Paris,FR,48.8566,2.3522,2026-06-08 07:00:00+00:00,1,87.41,0.72,3.98,20.5,0.12,2.45,4.95,2.01
Paris,FR,48.8566,2.3522,2026-06-08 08:00:00+00:00,1,89.25,1.01,3.51,25.75,0.14,2.39,4.64,2.05
Paris,FR,48.8566,2.3522,2026-06-08 09:00:00+00:00,1,90.44,1.15,3.01,29.44,0.14,2.38,4.41,2.08
Paris,FR,48.8566,2.3522,2026-06-08 10:00:00+00:00,1,93.49,0.63,2.19,45.44,0.15,2.42,4.7,2.29
Paris,FR,48.8566,2.3522,2026-06-08 11:00:00+00:00,1,95.14,0.41,1.55,55.22,0.19,2.84,5.74,2.58
Paris,FR,48.8566,2.3522,2026-06-08 12:00:00+00:00,2,96.33,0.27,1.15,63.27,0.26,3.56,7.14,2.61
Paris,FR,48.8566,2.3522,2026-06-08 13:00:00+00:00,2,96.97,0.11,0.67,76.39,0.32,3.14,6.68,1.83
Paris,FR,48.8566,2.3522,2026-06-08 14:00:00+00:00,2,96.1,0.07,0.51,81.38,0.33,2.29,5.15,1.35
Paris,FR,48.8566,2.3522,2026-06-08 15:00:00+00:00,2,95.22,0.07,0.55,82.92,0.36,1.9,4.5,1.25
Paris,FR,48.8566,2.3522,2026-06-08 16:00:00+00:00,2,95.11,0.07,0.62,83.36,0.38,1.67,4.17,1.22
Paris,FR,48.8566,2.3522,2026-06-08 17:00:00+00:00,2,95.05,0.05,0.72,82.39,0.38,1.4,3.56,1.18
Paris,FR,48.8566,2.3522,2026-06-08 18:00:00+00:00,2,95.17,0.03,0.82,81.12,0.34,1.13,2.81,1.12
Paris,FR,48.8566,2.3522,2026-06-08 19:00:00+00:00,2,95.56,0.01,0.93,79.45,0.29,0.95,2.13,1.04
Paris,FR,48.8566,2.3522,2026-06-08 20:00:00+00:00,2,96.66,0.0,1.03,77.61,0.24,0.94,1.75,0.96
Paris,FR,48.8566,2.3522,2026-06-08 21:00:00+00:00,2,97.86,0.0,1.09,75.2,0.19,1.0,1.57,0.9
Paris,FR,48.8566,2.3522,2026-06-08 22:00:00+00:00,2,97.06,0.0,1.09,71.61,0.17,1.06,1.46,0.84
Paris,FR,48.8566,2.3522,2026-06-08 23:00:00+00:00,2,97.8,0.0,1.08,68.46,0.15,1.13,1.42,0.81
Paris,FR,48.8566,2.3522,2026-06-09 00:00:00+00:00,2,98.81,0.0,1.03,65.93,0.14,1.15,1.44,0.77
Paris,FR,48.8566,2.3522,2026-06-09 01:00:00+00:00,2,99.36,0.0,0.95,63.9,0.16,1.14,1.58,0.75
Paris,FR,48.8566,2.3522,2026-06-09 02:00:00+00:00,2,100.65,0.0,0.88,63.24,0.18,1.16,1.86,0.76
Paris,FR,48.8566,2.3522,2026-06-09 03:00:00+00:00,2,102.12,0.0,0.83,63.61,0.21,1.2,2.26,0.78
Paris,FR,48.8566,2.3522,2026-06-09 04:00:00+00:00,2,101.44,0.0,0.81,64.08,0.26,1.22,2.71,0.77
Paris,FR,48.8566,2.3522,2026-06-09 05:00:00+00:00,2,101.75,0.0,1.01,65.29,0.32,1.26,3.19,0.74
Paris,FR,48.8566,2.3522,2026-06-09 06:00:00+00:00,2,102.14,0.05,1.38,66.02,0.37,1.3,3.59,0.74
Paris,FR,48.8566,2.3522,2026-06-09 07:00:00+00:00,2,101.86,0.12,1.52,66.93,0.41,1.31,3.8,0.81
Paris,FR,48.8566,2.3522,2026-06-09 08:00:00+00:00,2,101.07,0.16,1.39,69.26,0.42,1.24,3.68,0.95
Paris,FR,48.8566,2.3522,2026-06-09 09:00:00+00:00,2,99.74,0.14,1.13,72.6,0.4,1.13,3.32,1.03
Paris,FR,48.8566,2.3522,2026-06-09 10:00:00+00:00,2,99.49,0.08,0.76,78.93,0.3,0.79,2.21,0.78
Paris,FR,48.8566,2.3522,2026-06-09 11:00:00+00:00,2,98.31,0.07,0.57,79.57,0.21,0.58,1.52,0.65
Paris,FR,48.8566,2.3522,2026-06-09 12:00:00+00:00,2,97.22,0.07,0.53,78.34,0.19,0.52,1.24,0.67
Paris,FR,48.8566,2.3522,2026-06-09 13:00:00+00:00,2,97.37,0.06,0.57,77.39,0.18,0.5,1.04,0.73
Paris,FR,48.8566,2.3522,2026-06-09 14:00:00+00:00,2,97.21,0.06,0.63,76.18,0.18,0.5,0.87,0.78
Paris,FR,48.8566,2.3522,2026-06-09 15:00:00+00:00,2,97.05,0.06,0.72,75.43,0.17,0.5,0.77,0.83
Paris,FR,48.8566,2.3522,2026-06-09 16:00:00+00:00,2,97.8,0.06,0.87,74.92,0.16,0.5,0.68,0.9
Paris,FR,48.8566,2.3522,2026-06-09 17:00:00+00:00,2,98.03,0.05,1.04,73.33,0.14,0.5,0.59,0.98
Paris,FR,48.8566,2.3522,2026-06-09 18:00:00+00:00,2,98.17,0.03,1.12,71.82,0.12,0.5,0.5,1.04
Paris,FR,48.8566,2.3522,2026-06-09 19:00:00+00:00,2,98.27,0.01,1.34,67.52,0.11,0.5,0.5,1.27
Paris,FR,48.8566,2.3522,2026-06-09 20:00:00+00:00,2,98.41,0.0,1.72,60.54,0.11,0.5,0.5,1.67
Paris,FR,48.8566,2.3522,2026-06-09 21:00:00+00:00,1,98.28,0.0,2.06,54.13,0.1,0.5,0.5,1.91
Paris,FR,48.8566,2.3522,2026-06-09 22:00:00+00:00,1,96.79,0.0,2.22,48.31,0.08,0.5,0.5,1.82
Paris,FR,48.8566,2.3522,2026-06-09 23:00:00+00:00,1,96.06,0.0,2.14,44.39,0.06,0.5,0.52,1.61
Paris,FR,48.8566,2.3522,2026-06-10 00:00:00+00:00,1,95.51,0.0,1.98,41.44,0.06,0.5,0.54,1.35
Paris,FR,48.8566,2.3522,2026-06-10 01:00:00+00:00,1,94.63,0.0,1.86,38.55,0.05,0.5,0.58,1.15
Paris,FR,48.8566,2.3522,2026-06-10 02:00:00+00:00,1,94.55,0.0,1.79,36.3,0.05,0.5,0.64,1.07
Paris,FR,48.8566,2.3522,2026-06-10 03:00:00+00:00,1,94.84,0.0,1.73,35.83,0.06,0.5,0.68,1.1
Paris,FR,48.8566,2.3522,2026-06-10 04:00:00+00:00,1,94.89,0.0,1.6,38.79,0.08,0.5,0.73,1.22
Paris,FR,48.8566,2.3522,2026-06-10 05:00:00+00:00,1,95.26,0.01,1.84,39.86,0.1,0.52,0.81,1.2
Paris,FR,48.8566,2.3522,2026-06-10 06:00:00+00:00,1,96.18,0.04,2.27,41.95,0.12,0.55,0.93,1.16
Paris,FR,48.8566,2.3522,2026-06-10 07:00:00+00:00,1,96.57,0.08,2.01,50.38,0.15,0.56,1.01,1.16
Paris,FR,48.8566,2.3522,2026-06-10 08:00:00+00:00,1,96.15,0.18,1.81,53.16,0.15,0.6,1.06,1.19
Paris,FR,48.8566,2.3522,2026-06-10 09:00:00+00:00,1,95.37,0.24,1.58,54.86,0.15,0.62,1.05,1.23
Paris,FR,48.8566,2.3522,2026-06-10 10:00:00+00:00,2,96.3,0.13,0.82,68.86,0.1,0.5,0.63,0.87
Paris,FR,48.8566,2.3522,2026-06-10 11:00:00+00:00,2,96.02,0.09,0.47,76.61,0.07,0.5,0.5,0.66
Paris,FR,48.8566,2.3522,2026-06-10 12:00:00+00:00,2,95.82,0.08,0.35,80.03,0.06,0.5,0.5,0.6
Paris,FR,48.8566,2.3522,2026-06-10 13:00:00+00:00,2,96.08,0.07,0.33,82.04,0.07,0.5,0.54,0.6
Paris,FR,48.8566,2.3522,2026-06-10 14:00:00+00:00,2,95.5,0.06,0.37,82.32,0.09,0.5,0.57,0.64
Paris,FR,48.8566,2.3522,2026-06-10 15:00:00+00:00,2,95.02,0.05,0.46,82.14,0.09,0.5,0.52,0.68
Paris,FR,48.8566,2.3522,2026-06-10 16:00:00+00:00,2,95.22,0.04,0.59,82.39,0.09,0.5,0.5,0.75
Paris,FR,48.8566,2.3522,2026-06-10 17:00:00+00:00,2,95.2,0.03,0.71,81.98,0.09,0.5,0.5,0.9
Paris,FR,48.8566,2.3522,2026-06-10 18:00:00+00:00,2,95.36,0.01,0.78,81.58,0.1,0.5,0.5,1.06
Paris,FR,48.8566,2.3522,2026-06-10 19:00:00+00:00,2,95.93,0.0,0.9,79.82,0.11,0.5,0.5,1.29
Paris,FR,48.8566,2.3522,2026-06-10 20:00:00+00:00,2,97.19,0.0,1.08,76.61,0.11,0.5,0.51,1.62
Paris,FR,48.8566,2.3522,2026-06-10 21:00:00+00:00,2,98.37,0.0,1.25,73.38,0.11,0.5,0.51,1.97
Paris,FR,48.8566,2.3522,2026-06-10 22:00:00+00:00,2,97.99,0.0,1.37,68.77,0.1,0.5,0.5,2.26
Paris,FR,48.8566,2.3522,2026-06-10 23:00:00+00:00,2,98.05,0.0,1.41,63.98,0.1,0.5,0.5,2.38
Paris,FR,48.8566,2.3522,2026-06-11 00:00:00+00:00,1,97.93,0.0,1.36,59.7,0.09,0.5,0.54,2.04
Paris,FR,48.8566,2.3522,2026-06-11 01:00:00+00:00,1,96.74,0.0,1.29,54.57,0.08,0.5,0.59,1.46
Paris,FR,48.8566,2.3522,2026-06-11 02:00:00+00:00,1,96.06,0.0,1.27,49.39,0.08,0.5,0.68,1.08
Paris,FR,48.8566,2.3522,2026-06-11 03:00:00+00:00,1,95.46,0.0,1.31,44.89,0.08,0.5,0.79,0.92
Paris,FR,48.8566,2.3522,2026-06-11 04:00:00+00:00,1,94.35,0.0,1.43,40.87,0.08,0.5,0.91,0.87
Paris,FR,48.8566,2.3522,2026-06-11 05:00:00+00:00,1,95.03,0.02,1.92,38.74,0.1,0.52,1.09,0.92
Paris,FR,48.8566,2.3522,2026-06-11 06:00:00+00:00,1,96.55,0.23,2.34,40.62,0.15,0.56,1.34,1.08
Paris,FR,48.8566,2.3522,2026-06-11 07:00:00+00:00,1,99.47,0.26,1.53,56.68,0.29,0.62,1.64,1.04
Paris,FR,48.8566,2.3522,2026-06-11 08:00:00+00:00,2,99.06,0.25,1.24,60.71,0.31,0.66,1.71,0.97
Paris,FR,48.8566,2.3522,2026-06-11 09:00:00+00:00,2,98.37,0.21,1.02,63.61,0.29,0.68,1.67,0.91
Paris,FR,48.8566,2.3522,2026-06-11 10:00:00+00:00,2,98.9,0.1,0.78,69.54,0.26,0.61,1.4,0.73
Paris,FR,48.8566,2.3522,2026-06-11 11:00:00+00:00,2,98.17,0.09,0.65,72.0,0.23,0.6,1.31,0.71
Paris,FR,48.8566,2.3522,2026-06-11 12:00:00+00:00,2,97.63,0.09,0.59,73.52,0.23,0.67,1.45,0.81
Paris,FR,48.8566,2.3522,2026-06-11 13:00:00+00:00,2,97.26,0.08,0.55,75.49,0.23,0.76,1.6,0.95
Paris,FR,48.8566,2.3522,2026-06-11 14:00:00+00:00,2,96.43,0.07,0.53,76.89,0.22,0.82,1.67,1.09
Paris,FR,48.8566,2.3522,2026-06-11 15:00:00+00:00,2,95.88,0.07,0.59,77.67,0.21,0.83,1.65,1.24
Paris,FR,48.8566,2.3522,2026-06-11 16:00:00+00:00,2,96.19,0.08,0.67,78.41,0.18,0.87,1.66,1.42
Paris,FR,48.8566,2.3522,2026-06-11 17:00:00+00:00,2,95.91,0.07,0.77,77.94,0.18,0.97,1.76,1.63
Paris,FR,48.8566,2.3522,2026-06-11 18:00:00+00:00,2,95.99,0.06,0.85,77.16,0.22,1.13,1.94,1.78
Paris,FR,48.8566,2.3522,2026-06-11 19:00:00+00:00,2,96.55,0.03,1.04,76.09,0.28,1.32,2.17,1.96
Paris,FR,48.8566,2.3522,2026-06-11 20:00:00+00:00,2,97.51,0.0,1.3,74.4,0.36,1.53,2.43,2.23
Paris,FR,48.8566,2.3522,2026-06-11 21:00:00+00:00,2,98.65,0.0,1.46,73.55,0.42,1.69,2.67,2.51
Paris,FR,48.8566,2.3522,2026-06-11 22:00:00+00:00,2,98.93,0.0,1.47,72.51,0.45,1.72,2.82,2.66
Paris,FR,48.8566,2.3522,2026-06-11 23:00:00+00:00,2,99.71,0.0,1.35,72.36,0.46,1.69,3.02,2.69
Paris,FR,48.8566,2.3522,2026-06-12 00:00:00+00:00,2,100.13,0.0,1.19,72.22,0.48,1.68,3.33,2.62
Paris,FR,48.8566,2.3522,2026-06-12 01:00:00+00:00,2,99.76,0.0,1.03,71.96,0.49,1.72,3.73,2.37
Paris,FR,48.8566,2.3522,2026-06-12 02:00:00+00:00,2,99.72,0.0,0.94,71.35,0.48,1.82,4.18,2.03
Paris,FR,48.8566,2.3522,2026-06-12 03:00:00+00:00,2,99.67,0.0,0.91,69.55,0.45,1.93,4.56,1.64
Paris,FR,48.8566,2.3522,2026-06-12 04:00:00+00:00,2,98.93,0.0,0.93,67.1,0.41,2.01,4.78,1.33
Paris,FR,48.8566,2.3522,2026-06-12 05:00:00+00:00,2,98.33,0.0,1.16,64.32,0.38,2.06,4.87,1.22
Paris,FR,48.8566,2.3522,2026-06-12 06:00:00+00:00,2,97.74,0.03,1.49,61.95,0.36,2.07,4.86,1.18
Paris,FR,48.8566,2.3522,2026-06-12 07:00:00+00:00,2,97.01,0.06,1.55,60.3,0.34,1.98,4.54,1.13
Paris,FR,48.8566,2.3522,2026-06-12 08:00:00+00:00,1,95.68,0.11,1.45,57.8,0.31,1.84,4.13,1.15
Paris,FR,48.8566,2.3522,2026-06-12 09:00:00+00:00,1,94.36,0.15,1.26,56.49,0.29,1.7,3.77,1.2
Paris,FR,48.8566,2.3522,2026-06-12 10:00:00+00:00,1,93.5,0.17,0.99,57.55,0.27,1.56,3.41,1.22
Paris,FR,48.8566,2.3522,2026-06-12 11:00:00+00:00,1,92.1,0.15,0.78,59.05,0.24,1.45,3.07,1.24
Paris,FR,48.8566,2.3522,2026-06-12 12:00:00+00:00,2,90.52,0.12,0.62,60.49,0.2,1.35,2.67,1.25
Paris,FR,48.8566,2.3522,2026-06-12 13:00:00+00:00,2,89.27,0.12,0.44,61.92,0.17,1.24,2.3,1.17
Paris,FR,48.8566,2.3522,2026-06-12 14:00:00+00:00,2,87.09,0.11,0.39,61.67,0.15,1.21,2.11,1.12
Paris,FR,48.8566,2.3522,2026-06-12 15:00:00+00:00,2,85.9,0.11,0.43,62.19,0.14,1.22,2.02,1.18
Paris,FR,48.8566,2.3522,2026-06-12 16:00:00+00:00,2,86.28,0.13,0.5,63.64,0.13,1.26,1.98,1.3
Paris,FR,48.8566,2.3522,2026-06-12 17:00:00+00:00,2,86.26,0.12,0.57,64.81,0.14,1.32,1.99,1.47
Paris,FR,48.8566,2.3522,2026-06-12 18:00:00+00:00,2,86.51,0.1,0.67,65.45,0.14,1.37,2.01,1.65
Paris,FR,48.8566,2.3522,2026-06-12 19:00:00+00:00,2,86.85,0.07,1.07,60.82,0.14,1.45,2.12,1.98
Paris,FR,48.8566,2.3522,2026-06-12 20:00:00+00:00,1,87.27,0.01,1.73,52.76,0.14,1.58,2.3,2.39
Paris,FR,48.8566,2.3522,2026-06-12 21:00:00+00:00,1,87.79,0.0,2.22,46.68,0.13,1.72,2.5,2.56
Paris,FR,48.8566,2.3522,2026-06-12 22:00:00+00:00,1,86.63,0.0,2.43,42.23,0.11,1.82,2.65,2.2
Paris,FR,48.8566,2.3522,2026-06-12 23:00:00+00:00,1,86.33,0.0,2.22,40.41,0.1,1.92,2.82,1.73
Paris,FR,48.8566,2.3522,2026-06-13 00:00:00+00:00,1,86.3,0.0,1.94,39.32,0.1,2.05,3.08,1.37
Paris,FR,48.8566,2.3522,2026-06-13 01:00:00+00:00,1,85.52,0.0,1.7,37.98,0.11,2.18,3.39,1.1
Paris,FR,48.8566,2.3522,2026-06-13 02:00:00+00:00,1,85.45,0.0,1.54,35.49,0.11,2.29,3.66,0.91
Paris,FR,48.8566,2.3522,2026-06-13 03:00:00+00:00,1,85.29,0.0,1.42,32.56,0.1,2.33,3.81,0.83
Paris,FR,48.8566,2.3522,2026-06-13 04:00:00+00:00,1,84.48,0.0,1.37,29.77,0.1,2.28,3.79,0.78
Paris,FR,48.8566,2.3522,2026-06-13 05:00:00+00:00,1,84.66,0.01,1.56,27.91,0.11,2.18,3.71,0.77
Paris,FR,48.8566,2.3522,2026-06-13 06:00:00+00:00,1,85.67,0.09,1.88,27.59,0.12,2.03,3.58,0.82
Paris,FR,48.8566,2.3522,2026-06-13 07:00:00+00:00,1,86.3,0.21,1.72,29.47,0.14,1.8,3.28,0.9
Paris,FR,48.8566,2.3522,2026-06-13 08:00:00+00:00,1,85.74,0.41,1.43,29.27,0.13,1.67,3.03,0.96
Paris,FR,48.8566,2.3522,2026-06-13 09:00:00+00:00,1,85.01,0.46,1.11,31.04,0.12,1.58,2.81,1.07
Paris,FR,48.8566,2.3522,2026-06-13 10:00:00+00:00,1,85.07,0.31,0.63,39.66,0.1,1.28,2.14,1.01
Paris,FR,48.8566,2.3522,2026-06-13 11:00:00+00:00,1,83.76,0.19,0.46,44.86,0.08,1.22,1.87,1.0
Paris,FR,48.8566,2.3522,2026-06-13 12:00:00+00:00,1,82.73,0.15,0.38,47.86,0.07,1.21,1.74,0.99
Paris,FR,48.8566,2.3522,2026-06-13 13:00:00+00:00,1,83.8,0.12,0.33,51.09,0.05,1.07,1.5,0.94
Paris,FR,48.8566,2.3522,2026-06-13 14:00:00+00:00,1,83.7,0.11,0.31,52.85,0.05,0.95,1.31,0.97
Paris,FR,48.8566,2.3522,2026-06-13 15:00:00+00:00,1,83.34,0.1,0.33,54.29,0.04,0.88,1.2,1.04
Paris,FR,48.8566,2.3522,2026-06-13 16:00:00+00:00,1,83.59,0.1,0.37,56.78,0.04,0.8,1.09,1.08
Paris,FR,48.8566,2.3522,2026-06-13 17:00:00+00:00,1,83.41,0.08,0.42,58.34,0.05,0.78,1.06,1.18
Paris,FR,48.8566,2.3522,2026-06-13 18:00:00+00:00,1,83.76,0.05,0.5,58.02,0.05,0.79,1.07,1.35
Paris,FR,48.8566,2.3522,2026-06-13 19:00:00+00:00,1,84.18,0.03,0.88,53.48,0.07,0.86,1.21,1.85
Paris,FR,48.8566,2.3522,2026-06-13 20:00:00+00:00,1,85.3,0.0,1.46,46.65,0.09,1.0,1.45,2.52
Paris,FR,48.8566,2.3522,2026-06-13 21:00:00+00:00,1,85.9,0.0,1.9,41.16,0.1,1.15,1.68,2.92
Paris,FR,48.8566,2.3522,2026-06-13 22:00:00+00:00,1,84.5,0.0,2.1,36.18,0.09,1.27,1.87,2.77
Paris,FR,48.8566,2.3522,2026-06-13 23:00:00+00:00,1,84.3,0.0,2.04,33.06,0.09,1.39,2.06,2.13
Paris,FR,48.8566,2.3522,2026-06-14 00:00:00+00:00,1,84.38,0.0,1.89,30.87,0.09,1.53,2.28,1.51
Paris,FR,48.8566,2.3522,2026-06-14 01:00:00+00:00,1,83.69,0.0,1.76,28.97,0.1,1.69,2.52,1.14
Paris,FR,48.8566,2.3522,2026-06-14 02:00:00+00:00,1,84.06,0.0,1.72,28.33,0.12,1.92,2.9,1.0
Paris,FR,48.8566,2.3522,2026-06-14 03:00:00+00:00,1,85.16,0.0,1.73,29.75,0.18,2.24,3.44,0.98
Paris,FR,48.8566,2.3522,2026-06-14 04:00:00+00:00,1,86.2,0.0,1.81,33.43,0.31,2.62,4.17,1.04
Paris,FR,48.8566,2.3522,2026-06-14 05:00:00+00:00,1,87.34,0.03,2.14,35.13,0.43,2.95,4.91,1.18
Paris,FR,48.8566,2.3522,2026-06-14 06:00:00+00:00,1,88.67,0.34,2.28,36.44,0.52,3.22,5.59,1.4
Paris,FR,48.8566,2.3522,2026-06-14 07:00:00+00:00,1,89.54,0.7,2.07,40.01,0.61,3.41,6.2,1.6
Paris,FR,48.8566,2.3522,2026-06-14 08:00:00+00:00,1,89.69,0.81,1.83,45.16,0.68,3.63,6.85,1.7
Paris,FR,48.8566,2.3522,2026-06-14 09:00:00+00:00,1,89.74,0.69,1.55,53.28,0.74,4.1,7.79,1.75
Paris,FR,48.8566,2.3522,2026-06-14 10:00:00+00:00,2,90.28,0.25,0.83,72.8,0.61,3.42,6.84,1.22
Paris,FR,48.8566,2.3522,2026-06-14 11:00:00+00:00,2,89.08,0.14,0.51,78.4,0.47,3.02,5.95,1.0
Paris,FR,48.8566,2.3522,2026-06-14 12:00:00+00:00,2,88.24,0.11,0.44,81.3,0.43,3.19,6.15,0.99
Paris,FR,48.8566,2.3522,2026-06-14 13:00:00+00:00,2,87.26,0.09,0.36,80.59,0.33,2.97,5.55,0.84
Paris,FR,48.8566,2.3522,2026-06-14 14:00:00+00:00,2,84.92,0.08,0.33,79.01,0.25,2.74,4.94,0.73
Paris,FR,48.8566,2.3522,2026-06-14 15:00:00+00:00,2,83.98,0.08,0.35,78.79,0.22,2.69,4.77,0.7
Paris,FR,48.8566,2.3522,2026-06-14 16:00:00+00:00,2,84.18,0.09,0.43,79.25,0.22,2.76,4.92,0.74
Paris,FR,48.8566,2.3522,2026-06-14 17:00:00+00:00,2,84.8,0.1,0.54,79.04,0.24,2.95,5.26,0.84
Paris,FR,48.8566,2.3522,2026-06-14 18:00:00+00:00,2,85.43,0.08,0.65,78.76,0.27,3.13,5.59,0.96
Paris,FR,48.8566,2.3522,2026-06-14 19:00:00+00:00,2,86.86,0.05,1.02,75.28,0.32,3.44,6.22,1.35
Paris,FR,48.8566,2.3522,2026-06-14 20:00:00+00:00,2,89.37,0.01,1.54,69.96,0.38,3.88,7.04,1.88
Paris,FR,48.8566,2.3522,2026-06-14 21:00:00+00:00,2,92.17,0.0,1.89,65.79,0.41,4.22,7.61,2.29
Paris,FR,48.8566,2.3522,2026-06-14 22:00:00+00:00,2,93.76,0.0,2.11,61.97,0.44,4.35,7.74,2.56
Paris,FR,48.8566,2.3522,2026-06-14 23:00:00+00:00,1,97.78,0.0,2.46,59.1,0.53,4.47,7.78,2.81
Paris,FR,48.8566,2.3522,2026-06-15 00:00:00+00:00,1,102.81,0.0,3.01,55.67,0.62,4.6,7.76,3.07
Paris,FR,48.8566,2.3522,2026-06-15 01:00:00+00:00,1,104.87,0.0,3.44,49.42,0.61,4.75,7.72,3.31
Paris,FR,48.8566,2.3522,2026-06-15 02:00:00+00:00,1,104.67,0.0,3.56,42.46,0.5,4.99,7.83,3.47
Paris,FR,48.8566,2.3522,2026-06-15 03:00:00+00:00,1,102.57,0.0,3.41,36.93,0.38,5.28,8.03,3.21
Paris,FR,48.8566,2.3522,2026-06-15 04:00:00+00:00,1,98.53,0.0,3.21,31.92,0.28,5.46,8.1,2.8
Paris,FR,48.8566,2.3522,2026-06-15 05:00:00+00:00,1,96.19,0.07,3.44,27.74,0.23,5.65,8.23,2.78
Paris,FR,48.8566,2.3522,2026-06-15 06:00:00+00:00,1,95.04,0.67,3.29,26.17,0.2,5.84,8.42,2.91
Paris,FR,48.8566,2.3522,2026-06-15 07:00:00+00:00,1,94.5,1.04,2.57,31.77,0.21,6.04,8.78,3.15
Paris,FR,48.8566,2.3522,2026-06-15 08:00:00+00:00,1,92.15,1.12,2.14,35.17,0.21,6.12,8.93,3.28
Paris,FR,48.8566,2.3522,2026-06-15 09:00:00+00:00,1,89.74,0.91,1.77,41.46,0.22,6.4,9.27,3.36
Paris,FR,48.8566,2.3522,2026-06-15 10:00:00+00:00,2,91.85,0.25,0.86,77.29,0.4,5.66,8.57,2.28
Paris,FR,48.8566,2.3522,2026-06-15 11:00:00+00:00,2,89.91,0.14,0.57,82.92,0.38,5.23,7.81,1.9
Paris,FR,48.8566,2.3522,2026-06-15 12:00:00+00:00,2,88.5,0.12,0.51,84.52,0.35,5.29,7.75,1.84
Paris,FR,48.8566,2.3522,2026-06-15 13:00:00+00:00,2,86.36,0.1,0.38,79.3,0.26,4.19,6.08,1.41
Paris,FR,48.8566,2.3522,2026-06-15 14:00:00+00:00,2,83.39,0.08,0.33,73.18,0.18,3.29,4.66,1.15
Paris,FR,48.8566,2.3522,2026-06-15 15:00:00+00:00,2,82.07,0.09,0.37,72.12,0.16,3.04,4.25,1.11
Paris,FR,48.8566,2.3522,2026-06-15 16:00:00+00:00,2,82.43,0.14,0.74,69.91,0.15,3.03,4.18,1.25
Paris,FR,48.8566,2.3522,2026-06-15 17:00:00+00:00,2,82.99,0.22,1.27,66.03,0.17,3.11,4.25,1.54
Paris,FR,48.8566,2.3522,2026-06-15 18:00:00+00:00,2,83.9,0.2,1.65,63.32,0.19,3.17,4.33,1.85
Paris,FR,48.8566,2.3522,2026-06-15 19:00:00+00:00,1,84.67,0.09,2.1,59.35,0.21,3.22,4.41,2.21
Paris,FR,48.8566,2.3522,2026-06-15 20:00:00+00:00,1,85.38,0.01,2.42,53.58,0.21,3.27,4.5,2.52
Paris,FR,48.8566,2.3522,2026-06-15 21:00:00+00:00,1,85.48,0.0,2.56,48.72,0.2,3.27,4.51,2.87
Paris,FR,48.8566,2.3522,2026-06-15 22:00:00+00:00,1,83.43,0.0,2.51,44.12,0.18,3.17,4.38,3.23
Paris,FR,48.8566,2.3522,2026-06-15 23:00:00+00:00,1,82.56,0.0,2.3,41.69,0.16,3.11,4.31,3.6
Paris,FR,48.8566,2.3522,2026-06-16 00:00:00+00:00,1,82.3,0.0,2.03,41.1,0.16,3.03,4.2,3.89
Paris,FR,48.8566,2.3522,2026-06-16 01:00:00+00:00,1,81.96,0.0,1.77,42.26,0.15,2.89,4.0,4.15
Paris,FR,48.8566,2.3522,2026-06-16 02:00:00+00:00,1,81.72,0.0,1.65,41.41,0.15,2.76,3.79,4.47
Paris,FR,48.8566,2.3522,2026-06-16 03:00:00+00:00,1,81.57,0.0,1.57,40.94,0.14,2.61,3.57,4.74
Paris,FR,48.8566,2.3522,2026-06-16 04:00:00+00:00,1,80.8,0.0,1.55,40.62,0.13,2.45,3.35,4.86
Paris,FR,48.8566,2.3522,2026-06-16 05:00:00+00:00,1,81.12,0.01,1.92,39.2,0.13,2.38,3.25,5.06
Paris,FR,48.8566,2.3522,2026-06-16 06:00:00+00:00,1,82.15,0.13,2.61,37.08,0.13,2.41,3.26,5.41
Paris,FR,48.8566,2.3522,2026-06-16 07:00:00+00:00,1,83.29,0.32,3.09,36.17,0.15,2.56,3.44,5.67
Paris,FR,48.8566,2.3522,2026-06-16 08:00:00+00:00,1,84.17,0.56,3.09,36.53,0.18,2.84,3.85,5.59
Paris,FR,48.8566,2.3522,2026-06-16 09:00:00+00:00,1,84.88,0.71,2.79,38.14,0.19,3.26,4.43,5.2
Paris,FR,48.8566,2.3522,2026-06-16 10:00:00+00:00,1,85.12,0.49,1.84,51.3,0.2,3.93,5.2,4.34
Paris,FR,48.8566,2.3522,2026-06-16 11:00:00+00:00,2,84.55,0.31,1.16,61.47,0.18,4.95,6.29,3.74
Paris,FR,48.8566,2.3522,2026-06-16 12:00:00+00:00,2,83.98,0.21,0.78,68.3,0.17,6.02,7.51,3.42
Paris,FR,48.8566,2.3522,2026-06-16 13:00:00+00:00,2,82.37,0.11,0.45,77.56,0.14,5.09,6.44,2.56
Paris,FR,48.8566,2.3522,2026-06-16 14:00:00+00:00,2,81.29,0.09,0.39,80.0,0.13,4.68,6.14,2.25
Paris,FR,48.8566,2.3522,2026-06-16 15:00:00+00:00,2,81.44,0.09,0.44,80.93,0.13,4.83,6.53,2.32
Paris,FR,48.8566,2.3522,2026-06-16 16:00:00+00:00,2,82.21,0.1,0.52,82.25,0.13,4.85,6.69,2.46
Paris,FR,48.8566,2.3522,2026-06-16 17:00:00+00:00,2,82.8,0.09,0.59,82.48,0.14,4.66,6.49,2.6
Paris,FR,48.8566,2.3522,2026-06-16 18:00:00+00:00,2,83.23,0.07,0.68,81.81,0.14,4.36,6.14,2.72
Paris,FR,48.8566,2.3522,2026-06-16 19:00:00+00:00,2,83.82,0.05,1.12,74.55,0.15,4.14,5.85,2.89
Paris,FR,48.8566,2.3522,2026-06-16 20:00:00+00:00,2,84.66,0.01,1.79,63.87,0.17,4.02,5.69,3.15
Paris,FR,48.8566,2.3522,2026-06-16 21:00:00+00:00,1,85.51,0.0,2.26,55.92,0.17,3.89,5.52,3.41
Paris,FR,48.8566,2.3522,2026-06-16 22:00:00+00:00,1,84.17,0.0,2.63,47.06,0.16,3.77,5.35,3.56
Paris,FR,48.8566,2.3522,2026-06-16 23:00:00+00:00,1,83.56,0.0,2.79,39.09,0.15,3.73,5.29,3.57
Paris,FR,48.8566,2.3522,2026-06-17 00:00:00+00:00,1,83.12,0.0,2.77,33.29,0.16,3.7,5.24,3.4
Paris,FR,48.8566,2.3522,2026-06-17 01:00:00+00:00,1,82.23,0.0,2.7,28.33,0.16,3.65,5.18,3.02
Paris,FR,48.8566,2.3522,2026-06-17 02:00:00+00:00,1,82.04,0.0,2.67,23.96,0.14,3.68,5.24,2.85
Paris,FR,48.8566,2.3522,2026-06-17 03:00:00+00:00,1,82.49,0.0,2.76,20.57,0.14,3.79,5.43,3.08
Paris,FR,48.8566,2.3522,2026-06-17 04:00:00+00:00,1,82.48,0.01,3.04,17.52,0.15,3.9,5.6,3.11
Paris,FR,48.8566,2.3522,2026-06-17 05:00:00+00:00,1,84.45,0.18,3.74,14.5,0.19,4.07,5.87,2.35
Paris,FR,48.8566,2.3522,2026-06-17 06:00:00+00:00,1,86.87,1.39,3.67,14.08,0.23,4.27,6.16,2.05
Paris,FR,48.8566,2.3522,2026-06-17 07:00:00+00:00,1,89.86,1.95,3.13,21.04,0.28,4.41,6.31,2.39
Paris,FR,48.8566,2.3522,2026-06-17 08:00:00+00:00,1,90.18,2.0,2.75,26.27,0.29,4.64,6.54,2.76
Paris,FR,48.8566,2.3522,2026-06-17 09:00:00+00:00,1,89.25,1.42,2.39,36.5,0.32,5.37,7.28,3.04
Paris,FR,48.8566,2.3522,2026-06-17 10:00:00+00:00,2,86.76,0.21,0.78,74.67,0.35,4.92,6.83,2.9
Paris,FR,48.8566,2.3522,2026-06-17 11:00:00+00:00,2,84.39,0.1,0.43,80.53,0.26,4.67,6.75,2.69
Paris,FR,48.8566,2.3522,2026-06-17 12:00:00+00:00,2,83.18,0.09,0.38,81.64,0.22,4.69,6.88,2.62
Paris,FR,48.8566,2.3522,2026-06-17 13:00:00+00:00,2,83.0,0.08,0.35,83.32,0.18,4.44,6.71,2.34
Paris,FR,48.8566,2.3522,2026-06-17 14:00:00+00:00,2,81.93,0.07,0.33,83.64,0.14,4.01,6.31,1.94
Paris,FR,48.8566,2.3522,2026-06-17 15:00:00+00:00,2,81.3,0.08,0.37,83.51,0.12,3.86,6.2,1.8
Paris,FR,48.8566,2.3522,2026-06-17 16:00:00+00:00,2,81.73,0.08,0.44,84.45,0.11,3.87,6.23,1.78
Paris,FR,48.8566,2.3522,2026-06-17 17:00:00+00:00,2,81.91,0.08,0.51,84.83,0.12,3.95,6.31,1.85
Paris,FR,48.8566,2.3522,2026-06-17 18:00:00+00:00,2,82.18,0.07,0.59,84.77,0.12,4.01,6.35,1.94
Paris,FR,48.8566,2.3522,2026-06-17 19:00:00+00:00,2,82.99,0.07,1.39,72.77,0.15,4.14,6.44,2.38
Paris,FR,48.8566,2.3522,2026-06-17 20:00:00+00:00,1,84.52,0.01,2.63,56.07,0.18,4.36,6.61,3.0
Paris,FR,48.8566,2.3522,2026-06-17 21:00:00+00:00,1,85.88,0.0,3.52,44.06,0.18,4.55,6.76,3.43
Paris,FR,48.8566,2.3522,2026-06-17 22:00:00+00:00,1,84.65,0.0,3.87,35.75,0.15,4.58,6.68,3.56
Paris,FR,48.8566,2.3522,2026-06-17 23:00:00+00:00,1,84.32,0.0,3.59,31.94,0.13,4.58,6.56,3.55
Paris,FR,48.8566,2.3522,2026-06-18 00:00:00+00:00,1,84.16,0.0,3.09,30.74,0.11,4.51,6.35,3.5
Paris,FR,48.8566,2.3522,2026-06-18 01:00:00+00:00,1,83.62,0.0,2.66,29.59,0.11,4.39,6.06,3.29
Paris,FR,48.8566,2.3522,2026-06-18 02:00:00+00:00,1,83.94,0.0,2.47,25.97,0.11,4.39,5.97,2.92
Paris,FR,48.8566,2.3522,2026-06-18 03:00:00+00:00,1,85.07,0.0,2.45,22.96,0.13,4.47,6.01,2.4
Paris,FR,48.8566,2.3522,2026-06-18 04:00:00+00:00,1,86.99,0.0,2.69,22.13,0.22,4.57,6.16,2.1
Paris,FR,48.8566,2.3522,2026-06-18 05:00:00+00:00,1,90.58,0.09,3.64,20.31,0.29,4.8,6.5,2.3
Paris,FR,48.8566,2.3522,2026-06-18 06:00:00+00:00,1,94.96,0.96,4.17,20.31,0.36,5.09,6.92,2.67
Paris,FR,48.8566,2.3522,2026-06-18 07:00:00+00:00,1,98.42,1.76,3.85,26.08,0.4,5.35,7.29,3.19
Paris,FR,48.8566,2.3522,2026-06-18 08:00:00+00:00,1,96.35,1.99,3.45,28.96,0.38,5.55,7.49,3.52
Paris,FR,48.8566,2.3522,2026-06-18 09:00:00+00:00,1,92.04,1.42,2.84,38.74,0.34,6.04,8.0,3.68
Paris,FR,48.8566,2.3522,2026-06-18 10:00:00+00:00,2,82.39,0.14,0.64,81.41,0.17,3.94,5.96,2.13
Paris,FR,48.8566,2.3522,2026-06-18 11:00:00+00:00,2,78.79,0.07,0.36,85.48,0.13,3.17,4.86,1.7
Paris,FR,48.8566,2.3522,2026-06-18 12:00:00+00:00,2,77.44,0.06,0.35,85.99,0.13,2.97,4.52,1.61
Paris,FR,48.8566,2.3522,2026-06-18 13:00:00+00:00,2,78.57,0.07,0.42,87.22,0.13,2.96,4.43,1.69
Paris,FR,48.8566,2.3522,2026-06-18 14:00:00+00:00,2,79.13,0.08,0.54,86.4,0.13,2.98,4.35,1.8
Paris,FR,48.8566,2.3522,2026-06-18 15:00:00+00:00,2,80.02,0.08,0.74,85.66,0.13,3.08,4.31,1.91
Paris,FR,48.8566,2.3522,2026-06-18 16:00:00+00:00,2,81.93,0.17,1.44,80.89,0.15,3.46,4.55,2.14
Paris,FR,48.8566,2.3522,2026-06-18 17:00:00+00:00,2,84.19,0.28,2.11,74.09,0.16,3.87,4.9,2.39
Paris,FR,48.8566,2.3522,2026-06-18 18:00:00+00:00,2,85.61,0.28,2.43,67.8,0.16,4.04,5.08,2.44
Paris,FR,48.8566,2.3522,2026-06-18 19:00:00+00:00,1,84.85,0.17,2.75,58.48,0.15,3.98,5.04,2.31
Paris,FR,48.8566,2.3522,2026-06-18 20:00:00+00:00,1,84.71,0.02,3.17,49.6,0.14,3.89,4.97,2.3
Paris,FR,48.8566,2.3522,2026-06-18 21:00:00+00:00,1,84.23,0.0,3.33,43.32,0.13,3.73,4.81,2.39
Paris,FR,48.8566,2.3522,2026-06-18 22:00:00+00:00,1,82.63,0.0,3.26,39.48,0.1,3.5,4.53,2.64
Paris,FR,48.8566,2.3522,2026-06-18 23:00:00+00:00,1,81.41,0.0,2.91,38.5,0.09,3.29,4.28,2.9
Paris,FR,48.8566,2.3522,2026-06-19 00:00:00+00:00,1,80.81,0.0,2.53,38.58,0.08,3.14,4.08,3.14
Paris,FR,48.8566,2.3522,2026-06-19 01:00:00+00:00,1,79.89,0.0,2.23,37.86,0.07,3.02,3.9,3.33
Paris,FR,48.8566,2.3522,2026-06-19 02:00:00+00:00,1,79.56,0.0,2.04,35.59,0.06,2.97,3.8,3.18
Paris,FR,48.8566,2.3522,2026-06-19 03:00:00+00:00,1,78.96,0.0,1.9,34.11,0.06,2.95,3.74,2.67
Paris,FR,48.8566,2.3522,2026-06-19 04:00:00+00:00,1,77.25,0.0,1.83,33.49,0.05,2.88,3.65,2.51
Paris,FR,48.8566,2.3522,2026-06-19 05:00:00+00:00,1,77.0,0.03,2.19,34.41,0.07,2.83,3.61,3.19
Paris,FR,48.8566,2.3522,2026-06-19 06:00:00+00:00,1,77.74,0.33,2.53,37.33,0.09,2.78,3.58,3.7
Paris,FR,48.8566,2.3522,2026-06-19 07:00:00+00:00,1,78.16,0.58,2.2,44.6,0.1,2.72,3.53,4.17
Paris,FR,48.8566,2.3522,2026-06-19 08:00:00+00:00,1,77.5,0.66,1.9,48.96,0.11,2.7,3.53,4.29
Paris,FR,48.8566,2.3522,2026-06-19 09:00:00+00:00,1,77.01,0.5,1.47,57.19,0.12,2.85,3.71,4.31
Paris,FR,48.8566,2.3522,2026-06-19 10:00:00+00:00,2,77.62,0.23,0.84,74.94,0.11,3.06,4.06,3.73
Paris,FR,48.8566,2.3522,2026-06-19 11:00:00+00:00,2,77.25,0.15,0.61,83.12,0.11,3.22,4.28,3.29
Paris,FR,48.8566,2.3522,2026-06-19 12:00:00+00:00,2,76.96,0.12,0.53,87.31,0.11,3.37,4.46,3.07
Paris,FR,48.8566,2.3522,2026-06-19 13:00:00+00:00,2,76.99,0.08,0.36,94.94,0.09,2.92,3.99,2.19
Paris,FR,48.8566,2.3522,2026-06-19 14:00:00+00:00,2,76.23,0.07,0.33,98.86,0.07,2.51,3.47,1.7
Paris,FR,48.8566,2.3522,2026-06-19 15:00:00+00:00,2,75.64,0.07,0.37,99.89,0.07,2.39,3.31,1.57
Paris,FR,48.8566,2.3522,2026-06-19 16:00:00+00:00,2,76.17,0.08,0.48,99.28,0.07,2.42,3.35,1.57
Paris,FR,48.8566,2.3522,2026-06-19 17:00:00+00:00,2,76.61,0.08,0.67,96.08,0.08,2.51,3.49,1.68
Paris,FR,48.8566,2.3522,2026-06-19 18:00:00+00:00,2,77.13,0.06,0.87,92.28,0.1,2.61,3.62,1.85
Paris,FR,48.8566,2.3522,2026-06-19 19:00:00+00:00,2,78.22,0.04,1.66,80.09,0.13,2.74,3.76,2.33
Paris,FR,48.8566,2.3522,2026-06-19 20:00:00+00:00,2,79.97,0.01,2.69,64.6,0.15,2.91,3.95,2.96
Paris,FR,48.8566,2.3522,2026-06-19 21:00:00+00:00,1,81.21,0.0,3.39,53.59,0.15,3.08,4.11,3.22
Paris,FR,48.8566,2.3522,2026-06-19 22:00:00+00:00,1,78.69,0.0,3.66,43.06,0.12,3.1,4.09,3.11
Paris,FR,48.8566,2.3522,2026-06-19 23:00:00+00:00,1,77.61,0.0,3.44,35.5,0.09,3.14,4.12,3.17
Paris,FR,48.8566,2.3522,2026-06-20 00:00:00+00:00,1,76.62,0.0,3.0,30.22,0.07,3.17,4.15,3.03
Paris,FR,48.8566,2.3522,2026-06-20 01:00:00+00:00,1,75.52,0.0,2.66,26.01,0.05,3.18,4.16,2.72
Paris,FR,48.8566,2.3522,2026-06-20 02:00:00+00:00,1,74.76,0.0,2.44,22.34,0.05,3.21,4.19,2.33
Paris,FR,48.8566,2.3522,2026-06-20 03:00:00+00:00,1,74.26,0.0,2.34,19.48,0.04,3.25,4.22,2.26
Paris,FR,48.8566,2.3522,2026-06-20 04:00:00+00:00,1,73.86,0.01,2.34,17.87,0.04,3.27,4.26,2.33
Paris,FR,48.8566,2.3522,2026-06-20 05:00:00+00:00,1,74.8,0.11,2.7,16.89,0.06,3.36,4.4,2.39
Paris,FR,48.8566,2.3522,2026-06-20 06:00:00+00:00,1,76.37,0.88,2.72,17.34,0.08,3.46,4.57,2.57
Paris,FR,48.8566,2.3522,2026-06-20 07:00:00+00:00,1,77.88,1.11,2.34,25.79,0.09,3.49,4.64,2.95
Paris,FR,48.8566,2.3522,2026-06-20 08:00:00+00:00,1,77.64,1.05,2.05,32.01,0.1,3.59,4.77,3.2
Paris,FR,48.8566,2.3522,2026-06-20 09:00:00+00:00,1,77.22,0.74,1.73,40.19,0.1,4.02,5.21,3.43
Paris,FR,48.8566,2.3522,2026-06-20 10:00:00+00:00,2,79.96,0.19,0.8,73.54,0.12,4.26,5.7,3.28
Paris,FR,48.8566,2.3522,2026-06-20 11:00:00+00:00,2,79.65,0.11,0.49,81.88,0.11,4.23,5.61,3.01
Paris,FR,48.8566,2.3522,2026-06-20 12:00:00+00:00,2,79.25,0.09,0.4,85.19,0.1,4.16,5.42,2.81
Paris,FR,48.8566,2.3522,2026-06-20 13:00:00+00:00,2,79.38,0.1,0.47,85.49,0.08,3.72,4.78,2.52
Paris,FR,48.8566,2.3522,2026-06-20 14:00:00+00:00,2,79.17,0.14,0.75,81.11,0.07,3.35,4.23,2.37
Paris,FR,48.8566,2.3522,2026-06-20 15:00:00+00:00,2,79.14,0.16,1.24,77.83,0.07,3.23,4.02,2.5
Paris,FR,48.8566,2.3522,2026-06-20 16:00:00+00:00,2,79.06,0.18,1.76,75.02,0.08,3.24,4.0,2.73
Paris,FR,48.8566,2.3522,2026-06-20 17:00:00+00:00,2,79.36,0.17,1.82,72.84,0.09,3.27,4.03,2.75
Paris,FR,48.8566,2.3522,2026-06-20 18:00:00+00:00,2,79.67,0.1,1.57,74.65,0.09,3.07,3.78,2.68
Paris,FR,48.8566,2.3522,2026-06-20 19:00:00+00:00,2,80.19,0.04,1.53,74.52,0.09,2.81,3.47,2.73
Paris,FR,48.8566,2.3522,2026-06-20 20:00:00+00:00,2,80.86,0.01,1.88,65.88,0.11,2.85,3.54,3.02
Paris,FR,48.8566,2.3522,2026-06-20 21:00:00+00:00,1,81.53,0.0,2.12,58.46,0.11,2.84,3.53,3.28
Paris,FR,48.8566,2.3522,2026-06-20 22:00:00+00:00,1,79.94,0.0,2.25,50.47,0.09,2.72,3.38,3.48
Paris,FR,48.8566,2.3522,2026-06-20 23:00:00+00:00,1,78.98,0.0,2.22,43.06,0.08,2.62,3.27,3.71
Paris,FR,48.8566,2.3522,2026-06-21 00:00:00+00:00,1,77.92,0.0,2.12,36.61,0.07,2.55,3.19,3.85
Paris,FR,48.8566,2.3522,2026-06-21 01:00:00+00:00,1,76.25,0.0,2.01,30.7,0.06,2.48,3.12,3.47
Paris,FR,48.8566,2.3522,2026-06-21 02:00:00+00:00,1,75.92,0.0,1.97,25.57,0.05,2.47,3.12,2.48
Paris,FR,48.8566,2.3522,2026-06-21 03:00:00+00:00,1,76.11,0.0,2.02,21.0,0.05,2.52,3.2,1.77
Paris,FR,48.8566,2.3522,2026-06-21 04:00:00+00:00,1,76.07,0.01,2.16,17.09,0.06,2.65,3.36,1.47
Paris,FR,48.8566,2.3522,2026-06-21 05:00:00+00:00,1,77.76,0.09,2.59,14.2,0.07,2.87,3.64,1.3
Paris,FR,48.8566,2.3522,2026-06-21 06:00:00+00:00,1,80.35,0.92,2.57,13.25,0.09,3.12,3.98,1.22
Paris,FR,48.8566,2.3522,2026-06-21 07:00:00+00:00,1,82.83,1.9,2.21,14.37,0.12,3.31,4.27,1.17
Paris,FR,48.8566,2.3522,2026-06-21 08:00:00+00:00,1,84.73,2.26,2.14,17.47,0.14,3.51,4.56,1.5
Paris,FR,48.8566,2.3522,2026-06-21 09:00:00+00:00,1,86.59,1.86,2.25,27.6,0.17,4.06,5.22,2.06
Paris,FR,48.8566,2.3522,2026-06-21 10:00:00+00:00,2,85.9,0.32,1.2,74.53,0.32,4.25,5.78,2.59
Paris,FR,48.8566,2.3522,2026-06-21 11:00:00+00:00,2,83.4,0.14,0.69,84.41,0.29,4.59,6.24,2.56
Paris,FR,48.8566,2.3522,2026-06-21 12:00:00+00:00,2,81.44,0.12,0.57,86.56,0.25,4.77,6.46,2.55
Paris,FR,48.8566,2.3522,2026-06-21 13:00:00+00:00,2,80.2,0.07,0.33,89.16,0.13,3.24,5.22,1.86
Paris,FR,48.8566,2.3522,2026-06-21 14:00:00+00:00,2,79.06,0.05,0.27,88.65,0.07,2.52,4.62,1.39
Paris,FR,48.8566,2.3522,2026-06-21 15:00:00+00:00,2,78.36,0.05,0.3,88.29,0.06,2.38,4.46,1.28
Paris,FR,48.8566,2.3522,2026-06-21 16:00:00+00:00,2,78.74,0.06,0.36,88.6,0.06,2.35,4.41,1.27
Paris,FR,48.8566,2.3522,2026-06-21 17:00:00+00:00,2,78.85,0.06,0.43,88.14,0.07,2.33,4.35,1.34
Paris,FR,48.8566,2.3522,2026-06-21 18:00:00+00:00,2,78.87,0.05,0.5,87.16,0.07,2.32,4.3,1.44
Paris,FR,48.8566,2.3522,2026-06-21 19:00:00+00:00,2,78.98,0.03,0.76,81.96,0.09,2.32,4.24,1.73
Paris,FR,48.8566,2.3522,2026-06-21 20:00:00+00:00,2,79.69,0.0,1.18,74.51,0.12,2.38,4.19,2.16
Paris,FR,48.8566,2.3522,2026-06-21 21:00:00+00:00,2,81.18,0.0,1.56,68.99,0.16,2.44,4.1,2.56
Paris,FR,48.8566,2.3522,2026-06-21 22:00:00+00:00,2,81.64,0.0,1.87,63.7,0.19,2.43,3.9,2.87
Paris,FR,48.8566,2.3522,2026-06-21 23:00:00+00:00,2,82.88,0.0,2.03,60.18,0.22,2.41,3.73,3.16
Paris,FR,48.8566,2.3522,2026-06-22 00:00:00+00:00,1,83.61,0.0,2.01,57.11,0.23,2.34,3.53,3.36
Paris,FR,48.8566,2.3522,2026-06-22 01:00:00+00:00,1,82.65,0.0,1.86,54.11,0.23,2.19,3.27,3.45
Paris,FR,48.8566,2.3522,2026-06-22 02:00:00+00:00,1,81.95,0.0,1.74,51.16,0.2,2.07,3.05,3.55
Paris,FR,48.8566,2.3522,2026-06-22 03:00:00+00:00,1,81.16,0.0,1.63,48.87,0.17,1.97,2.87,3.64
Paris,FR,48.8566,2.3522,2026-06-22 04:00:00+00:00,1,80.22,0.0,1.6,46.85,0.14,1.9,2.73,3.7
Paris,FR,48.8566,2.3522,2026-06-22 05:00:00+00:00,1,80.26,0.03,1.92,44.89,0.14,1.89,2.71,3.76
Paris,FR,48.8566,2.3522,2026-06-22 06:00:00+00:00,1,81.1,0.26,2.38,43.4,0.17,1.96,2.79,3.84
Paris,FR,48.8566,2.3522,2026-06-22 07:00:00+00:00,1,81.83,0.63,2.42,43.75,0.21,2.05,2.93,3.93
Paris,FR,48.8566,2.3522,2026-06-22 08:00:00+00:00,1,82.28,0.79,2.24,46.68,0.25,2.22,3.18,3.91
Paris,FR,48.8566,2.3522,2026-06-22 09:00:00+00:00,1,82.37,0.63,1.88,55.64,0.29,2.65,3.73,3.74
Paris,FR,48.8566,2.3522,2026-06-22 10:00:00+00:00,2,83.42,0.23,0.95,81.44,0.27,3.28,5.26,2.58
Paris,FR,48.8566,2.3522,2026-06-22 11:00:00+00:00,2,82.26,0.13,0.61,86.19,0.22,3.81,6.44,2.24
Paris,FR,48.8566,2.3522,2026-06-22 12:00:00+00:00,2,80.6,0.1,0.48,87.17,0.18,3.8,6.61,2.06
Paris,FR,48.8566,2.3522,2026-06-22 13:00:00+00:00,2,78.9,0.06,0.32,88.65,0.1,3.1,6.25,1.61
Paris,FR,48.8566,2.3522,2026-06-22 14:00:00+00:00,2,77.93,0.06,0.3,88.07,0.08,2.97,6.37,1.44
Paris,FR,48.8566,2.3522,2026-06-22 15:00:00+00:00,2,77.56,0.06,0.35,88.01,0.07,2.92,6.27,1.38
Paris,FR,48.8566,2.3522,2026-06-22 16:00:00+00:00,2,78.05,0.07,0.43,89.01,0.08,2.92,6.17,1.37
Paris,FR,48.8566,2.3522,2026-06-22 17:00:00+00:00,2,78.74,0.07,0.53,89.63,0.1,2.96,6.04,1.41
Paris,FR,48.8566,2.3522,2026-06-22 18:00:00+00:00,2,79.51,0.06,0.66,90.32,0.14,3.03,5.9,1.48
Paris,FR,48.8566,2.3522,2026-06-22 19:00:00+00:00,2,80.59,0.03,0.99,88.47,0.2,3.15,5.74,1.68
Paris,FR,48.8566,2.3522,2026-06-22 20:00:00+00:00,2,82.39,0.0,1.44,84.79,0.27,3.25,5.52,1.98
Paris,FR,48.8566,2.3522,2026-06-22 21:00:00+00:00,2,84.39,0.0,1.69,81.2,0.32,3.25,5.19,2.26
Paris,FR,48.8566,2.3522,2026-06-22 22:00:00+00:00,2,83.94,0.0,1.72,75.88,0.32,3.1,4.68,2.49
Paris,FR,48.8566,2.3522,2026-06-22 23:00:00+00:00,2,84.5,0.0,1.69,71.09,0.3,3.03,4.34,2.75
Paris,FR,48.8566,2.3522,2026-06-23 00:00:00+00:00,2,84.53,0.0,1.6,66.62,0.29,3.0,4.13,2.99
Paris,FR,48.8566,2.3522,2026-06-23 01:00:00+00:00,2,83.53,0.0,1.5,62.3,0.28,2.98,3.99,3.15
Paris,FR,48.8566,2.3522,2026-06-23 02:00:00+00:00,1,83.24,0.0,1.39,59.41,0.25,3.04,3.96,3.3
Paris,FR,48.8566,2.3522,2026-06-23 03:00:00+00:00,1,82.94,0.0,1.28,57.44,0.22,3.14,4.0,3.41
Paris,FR,48.8566,2.3522,2026-06-23 04:00:00+00:00,1,82.39,0.0,1.25,55.33,0.2,3.26,4.07,3.45
Paris,FR,48.8566,2.3522,2026-06-23 05:00:00+00:00,1,82.62,0.01,1.58,52.04,0.19,3.41,4.2,3.51
Paris,FR,48.8566,2.3522,2026-06-23 06:00:00+00:00,1,83.46,0.19,2.09,48.52,0.21,3.58,4.37,3.57
Paris,FR,48.8566,2.3522,2026-06-23 07:00:00+00:00,1,84.02,0.53,2.26,46.24,0.23,3.76,4.57,3.62
Paris,FR,48.8566,2.3522,2026-06-23 08:00:00+00:00,1,85.42,0.78,2.32,46.8,0.3,4.08,4.92,3.65
Paris,FR,48.8566,2.3522,2026-06-23 09:00:00+00:00,1,87.91,0.8,2.33,52.82,0.4,4.84,5.74,3.6
Paris,FR,48.8566,2.3522,2026-06-23 10:00:00+00:00,2,89.21,0.28,1.26,87.93,0.49,4.99,6.2,2.15
Paris,FR,48.8566,2.3522,2026-06-23 11:00:00+00:00,2,88.14,0.14,0.8,97.41,0.45,5.3,6.87,1.76
Paris,FR,48.8566,2.3522,2026-06-23 12:00:00+00:00,3,87.09,0.1,0.61,100.11,0.39,5.23,6.82,1.63
Paris,FR,48.8566,2.3522,2026-06-23 13:00:00+00:00,2,83.28,0.05,0.42,97.3,0.22,3.76,5.34,1.38
Paris,FR,48.8566,2.3522,2026-06-23 14:00:00+00:00,2,81.0,0.04,0.4,94.54,0.15,3.13,4.97,1.22
Paris,FR,48.8566,2.3522,2026-06-23 15:00:00+00:00,2,80.34,0.04,0.45,94.05,0.14,3.2,5.31,1.16
Paris,FR,48.8566,2.3522,2026-06-23 16:00:00+00:00,2,81.28,0.04,0.63,94.32,0.16,3.38,5.58,1.21
Paris,FR,48.8566,2.3522,2026-06-23 17:00:00+00:00,2,81.87,0.05,0.9,92.16,0.18,3.48,5.47,1.37
Paris,FR,48.8566,2.3522,2026-06-23 18:00:00+00:00,2,82.46,0.04,1.08,90.07,0.21,3.59,5.37,1.54
Paris,FR,48.8566,2.3522,2026-06-23 19:00:00+00:00,2,83.27,0.03,1.35,85.94,0.25,3.71,5.32,1.81
Paris,FR,48.8566,2.3522,2026-06-23 20:00:00+00:00,2,84.4,0.0,1.68,79.88,0.28,3.87,5.35,2.18
Paris,FR,48.8566,2.3522,2026-06-23 21:00:00+00:00,2,85.2,0.0,1.87,74.13,0.29,4.0,5.41,2.48
Paris,FR,48.8566,2.3522,2026-06-23 22:00:00+00:00,2,83.58,0.0,1.89,68.1,0.27,3.98,5.39,2.68
Paris,FR,48.8566,2.3522,2026-06-23 23:00:00+00:00,2,82.73,0.0,1.74,63.65,0.24,3.95,5.43,2.87
Paris,FR,48.8566,2.3522,2026-06-24 00:00:00+00:00,2,82.04,0.0,1.54,60.05,0.22,3.94,5.46,3.04
Paris,FR,48.8566,2.3522,2026-06-24 01:00:00+00:00,1,80.83,0.0,1.38,56.44,0.2,3.9,5.39,3.18
Paris,FR,48.8566,2.3522,2026-06-24 02:00:00+00:00,1,81.01,0.0,1.33,52.86,0.18,3.93,5.35,3.4
Paris,FR,48.8566,2.3522,2026-06-24 03:00:00+00:00,1,81.37,0.0,1.36,48.86,0.17,3.96,5.31,3.65
Paris,FR,48.8566,2.3522,2026-06-24 04:00:00+00:00,1,80.93,0.0,1.51,44.55,0.16,3.96,5.25,3.86
Paris,FR,48.8566,2.3522,2026-06-24 05:00:00+00:00,1,81.6,0.01,2.01,41.09,0.17,3.99,5.27,3.96
Paris,FR,48.8566,2.3522,2026-06-24 06:00:00+00:00,1,82.7,0.24,2.65,39.42,0.2,4.03,5.32,3.97
Paris,FR,48.8566,2.3522,2026-06-24 07:00:00+00:00,1,83.33,0.61,2.66,41.09,0.23,4.04,5.33,3.93
Paris,FR,48.8566,2.3522,2026-06-24 08:00:00+00:00,1,82.79,0.72,2.27,45.49,0.25,4.07,5.34,3.81
Paris,FR,48.8566,2.3522,2026-06-24 09:00:00+00:00,1,81.98,0.55,1.77,54.27,0.27,4.36,5.61,3.63
Paris,FR,48.8566,2.3522,2026-06-24 10:00:00+00:00,2,83.69,0.14,0.67,86.36,0.3,4.29,6.16,1.88
Paris,FR,48.8566,2.3522,2026-06-24 11:00:00+00:00,2,82.44,0.08,0.46,91.04,0.25,4.36,7.25,1.59
Paris,FR,48.8566,2.3522,2026-06-24 12:00:00+00:00,2,81.46,0.07,0.42,91.55,0.23,4.47,7.91,1.53
Paris,FR,48.8566,2.3522,2026-06-24 13:00:00+00:00,2,80.98,0.05,0.36,92.45,0.19,4.3,8.21,1.38
Paris,FR,48.8566,2.3522,2026-06-24 14:00:00+00:00,2,79.99,0.04,0.38,91.44,0.16,4.12,8.28,1.34
Paris,FR,48.8566,2.3522,2026-06-24 15:00:00+00:00,2,79.26,0.03,0.48,90.43,0.15,4.02,8.21,1.33
Paris,FR,48.8566,2.3522,2026-06-24 16:00:00+00:00,2,79.23,0.03,0.89,87.56,0.18,3.94,7.97,1.48
Paris,FR,48.8566,2.3522,2026-06-24 17:00:00+00:00,2,80.0,0.03,1.34,83.74,0.23,3.84,7.48,1.68
Paris,FR,48.8566,2.3522,2026-06-24 18:00:00+00:00,2,80.69,0.03,1.6,80.68,0.26,3.72,6.82,1.79
Paris,FR,48.8566,2.3522,2026-06-24 19:00:00+00:00,2,81.23,0.03,2.12,70.94,0.27,3.69,6.41,2.12
Paris,FR,48.8566,2.3522,2026-06-24 20:00:00+00:00,1,82.98,0.0,2.81,59.69,0.28,3.81,6.48,2.65
Paris,FR,48.8566,2.3522,2026-06-24 21:00:00+00:00,1,84.4,0.0,3.23,51.83,0.28,3.93,6.67,3.04
Paris,FR,48.8566,2.3522,2026-06-24 22:00:00+00:00,1,83.66,0.0,3.25,46.91,0.25,4.01,6.89,3.28
Paris,FR,48.8566,2.3522,2026-06-24 23:00:00+00:00,1,83.16,0.0,2.88,45.39,0.24,4.15,7.29,3.42
Paris,FR,48.8566,2.3522,2026-06-25 00:00:00+00:00,1,83.27,0.0,2.43,46.27,0.24,4.33,7.81,3.49
Paris,FR,48.8566,2.3522,2026-06-25 01:00:00+00:00,1,83.08,0.0,1.96,49.23,0.26,4.46,8.18,3.51
Paris,FR,48.8566,2.3522,2026-06-25 02:00:00+00:00,1,82.85,0.0,1.75,46.61,0.24,4.51,7.92,3.66
Paris,FR,48.8566,2.3522,2026-06-25 03:00:00+00:00,1,82.36,0.0,1.68,43.37,0.21,4.48,7.48,3.85
Paris,FR,48.8566,2.3522,2026-06-25 04:00:00+00:00,1,81.11,0.0,1.75,39.63,0.2,4.35,6.87,3.99
Paris,FR,48.8566,2.3522,2026-06-25 05:00:00+00:00,1,81.45,0.01,2.27,36.71,0.2,4.25,6.37,4.11
Paris,FR,48.8566,2.3522,2026-06-25 06:00:00+00:00,1,82.59,0.21,3.05,34.57,0.22,4.16,5.94,4.23
Paris,FR,48.8566,2.3522,2026-06-25 07:00:00+00:00,1,82.91,0.66,3.17,33.67,0.24,4.06,5.53,4.33
Paris,FR,48.8566,2.3522,2026-06-25 08:00:00+00:00,1,82.15,0.99,2.85,34.06,0.25,3.99,5.24,4.37
Paris,FR,48.8566,2.3522,2026-06-25 09:00:00+00:00,1,81.65,0.88,2.37,40.29,0.26,4.11,5.18,4.42
Paris,FR,48.8566,2.3522,2026-06-25 10:00:00+00:00,2,85.95,0.08,0.86,88.82,0.33,4.03,4.8,2.23
Paris,FR,48.8566,2.3522,2026-06-25 11:00:00+00:00,2,85.3,0.04,0.62,94.23,0.32,3.84,4.67,1.67
Paris,FR,48.8566,2.3522,2026-06-25 12:00:00+00:00,2,84.39,0.04,0.59,92.85,0.28,3.45,4.12,1.62
Paris,FR,48.8566,2.3522,2026-06-25 13:00:00+00:00,2,85.09,0.04,0.6,93.18,0.25,3.13,3.64,1.68
Paris,FR,48.8566,2.3522,2026-06-25 14:00:00+00:00,2,84.96,0.04,0.65,92.9,0.22,2.78,3.16,1.77
Paris,FR,48.8566,2.3522,2026-06-25 15:00:00+00:00,2,84.73,0.03,0.73,93.2,0.2,2.51,2.83,1.85
Paris,FR,48.8566,2.3522,2026-06-25 16:00:00+00:00,2,84.9,0.04,0.93,92.98,0.2,2.42,2.74,1.97
Paris,FR,48.8566,2.3522,2026-06-25 17:00:00+00:00,2,85.11,0.05,1.14,91.66,0.21,2.53,2.87,2.13
Paris,FR,48.8566,2.3522,2026-06-25 18:00:00+00:00,2,85.74,0.05,1.24,91.13,0.23,2.76,3.15,2.29
Paris,FR,48.8566,2.3522,2026-06-25 19:00:00+00:00,2,87.2,0.02,1.47,88.69,0.26,3.01,3.44,2.54
Paris,FR,48.8566,2.3522,2026-06-25 20:00:00+00:00,2,89.41,0.0,1.79,84.63,0.27,3.22,3.67,2.83
Paris,FR,48.8566,2.3522,2026-06-25 21:00:00+00:00,2,92.09,0.0,1.98,81.82,0.27,3.37,3.83,3.04
Paris,FR,48.8566,2.3522,2026-06-25 22:00:00+00:00,2,90.44,0.0,2.28,69.14,0.22,3.38,3.81,3.19
Paris,FR,48.8566,2.3522,2026-06-25 23:00:00+00:00,1,89.3,0.0,2.49,54.98,0.17,3.43,3.88,3.5
Paris,FR,48.8566,2.3522,2026-06-26 00:00:00+00:00,1,88.16,0.0,2.49,44.55,0.14,3.49,4.0,3.84
Paris,FR,48.8566,2.3522,2026-06-26 01:00:00+00:00,1,86.78,0.0,2.49,37.15,0.14,3.51,4.06,4.35
Paris,FR,48.8566,2.3522,2026-06-26 02:00:00+00:00,1,86.46,0.0,2.49,31.52,0.14,3.49,4.06,4.71
Paris,FR,48.8566,2.3522,2026-06-26 03:00:00+00:00,1,86.85,0.0,2.6,27.8,0.13,3.41,3.96,4.84
Paris,FR,48.8566,2.3522,2026-06-26 04:00:00+00:00,1,89.11,0.0,2.32,43.15,0.16,3.09,3.62,4.43
Paris,FR,48.8566,2.3522,2026-06-26 05:00:00+00:00,1,91.66,0.05,2.83,45.42,0.17,2.97,3.52,4.15
Paris,FR,48.8566,2.3522,2026-06-26 06:00:00+00:00,1,93.7,0.54,3.33,43.2,0.18,3.01,3.59,4.06
Paris,FR,48.8566,2.3522,2026-06-26 07:00:00+00:00,1,91.74,0.54,2.58,53.9,0.17,2.9,3.45,3.77
Paris,FR,48.8566,2.3522,2026-06-26 08:00:00+00:00,2,90.43,0.51,2.02,60.67,0.16,3.14,3.84,3.64
Paris,FR,48.8566,2.3522,2026-06-26 09:00:00+00:00,2,89.56,0.38,1.53,68.32,0.17,3.77,4.69,3.63
Paris,FR,48.8566,2.3522,2026-06-26 10:00:00+00:00,2,89.37,0.22,1.0,81.69,0.16,4.26,5.39,3.36
Paris,FR,48.8566,2.3522,2026-06-26 11:00:00+00:00,2,87.98,0.15,0.77,88.85,0.15,4.46,5.68,3.05
Paris,FR,48.8566,2.3522,2026-06-26 12:00:00+00:00,2,87.19,0.13,0.68,91.92,0.15,4.73,6.03,2.98
Paris,FR,48.8566,2.3522,2026-06-26 13:00:00+00:00,2,85.33,0.07,0.46,95.01,0.1,3.38,4.4,2.35
Paris,FR,48.8566,2.3522,2026-06-26 14:00:00+00:00,2,83.5,0.05,0.42,93.92,0.08,2.59,3.46,1.99
Paris,FR,48.8566,2.3522,2026-06-26 15:00:00+00:00,2,82.95,0.05,0.5,92.83,0.07,2.43,3.34,1.92
Paris,FR,48.8566,2.3522,2026-06-26 16:00:00+00:00,2,82.91,0.1,1.23,86.61,0.08,2.43,3.38,2.02
Paris,FR,48.8566,2.3522,2026-06-26 17:00:00+00:00,2,83.04,0.17,2.19,77.79,0.11,2.49,3.47,2.31
Paris,FR,48.8566,2.3522,2026-06-26 18:00:00+00:00,2,83.26,0.17,2.73,71.88,0.14,2.54,3.55,2.64
Paris,FR,48.8566,2.3522,2026-06-26 19:00:00+00:00,2,83.64,0.09,3.04,68.34,0.17,2.57,3.59,2.98
Paris,FR,48.8566,2.3522,2026-06-26 20:00:00+00:00,2,85.2,0.01,3.19,65.12,0.22,2.64,3.65,3.08
Paris,FR,48.8566,2.3522,2026-06-26 21:00:00+00:00,2,87.81,0.0,3.39,63.35,0.31,2.9,3.89,3.2
Paris,FR,48.8566,2.3522,2026-06-26 22:00:00+00:00,2,89.43,0.0,3.45,61.0,0.39,3.41,4.34,3.36
Paris,FR,48.8566,2.3522,2026-06-26 23:00:00+00:00,1,91.7,0.0,3.08,59.41,0.42,4.16,5.04,3.57
Paris,FR,48.8566,2.3522,2026-06-27 00:00:00+00:00,1,93.29,0.0,2.56,57.97,0.41,4.91,5.71,3.77
Paris,FR,48.8566,2.3522,2026-06-27 01:00:00+00:00,1,93.1,0.0,2.16,55.41,0.36,5.33,6.05,3.91
Paris,FR,48.8566,2.3522,2026-06-27 02:00:00+00:00,1,93.98,0.0,1.98,54.05,0.33,5.52,6.2,4.05
Paris,FR,48.8566,2.3522,2026-06-27 03:00:00+00:00,1,95.21,0.0,1.97,55.16,0.35,5.55,6.24,3.99
Paris,FR,48.8566,2.3522,2026-06-27 04:00:00+00:00,1,95.6,0.0,2.12,55.43,0.4,5.51,6.29,3.75
Paris,FR,48.8566,2.3522,2026-06-27 05:00:00+00:00,1,96.11,0.02,2.68,52.0,0.45,5.55,6.48,3.65
Paris,FR,48.8566,2.3522,2026-06-27 06:00:00+00:00,1,96.79,0.25,3.2,48.5,0.48,5.61,6.71,3.62
Paris,FR,48.8566,2.3522,2026-06-27 07:00:00+00:00,1,96.61,0.65,3.08,47.24,0.5,5.62,6.85,3.67
Paris,FR,48.8566,2.3522,2026-06-27 08:00:00+00:00,1,96.09,0.79,2.66,50.25,0.52,5.79,7.12,3.6
Paris,FR,48.8566,2.3522,2026-06-27 09:00:00+00:00,1,96.01,0.59,2.06,59.61,0.53,6.59,8.0,3.51
Paris,FR,48.8566,2.3522,2026-06-27 10:00:00+00:00,2,97.04,0.23,1.3,78.72,0.55,7.31,8.68,3.72
Paris,FR,48.8566,2.3522,2026-06-27 11:00:00+00:00,2,96.24,0.12,1.04,86.33,0.53,7.78,9.12,3.64
Paris,FR,48.8566,2.3522,2026-06-27 12:00:00+00:00,2,94.92,0.07,1.02,88.94,0.5,7.8,9.08,3.45
Paris,FR,48.8566,2.3522,2026-06-27 13:00:00+00:00,2,91.46,0.04,0.75,91.47,0.35,6.1,7.2,2.91
Paris,FR,48.8566,2.3522,2026-06-27 14:00:00+00:00,2,88.84,0.04,0.58,92.35,0.22,4.95,6.05,2.38
Paris,FR,48.8566,2.3522,2026-06-27 15:00:00+00:00,2,87.49,0.04,0.52,92.78,0.16,4.41,5.48,2.04
Paris,FR,48.8566,2.3522,2026-06-27 16:00:00+00:00,2,85.9,0.06,0.56,91.13,0.12,4.14,5.18,1.82
Paris,FR,48.8566,2.3522,2026-06-27 17:00:00+00:00,2,85.63,0.07,0.73,88.37,0.11,4.12,5.17,1.83
Paris,FR,48.8566,2.3522,2026-06-27 18:00:00+00:00,2,86.22,0.06,0.86,86.28,0.11,4.12,5.16,1.92
Paris,FR,48.8566,2.3522,2026-06-27 19:00:00+00:00,2,87.28,0.04,1.17,80.12,0.11,4.1,5.13,2.25
Paris,FR,48.8566,2.3522,2026-06-27 20:00:00+00:00,2,87.68,0.01,1.6,70.57,0.11,3.99,4.99,2.71
Paris,FR,48.8566,2.3522,2026-06-27 21:00:00+00:00,2,87.4,0.0,1.87,63.1,0.11,3.72,4.66,3.12
Paris,FR,48.8566,2.3522,2026-06-27 22:00:00+00:00,1,85.63,0.0,2.02,55.64,0.09,3.37,4.24,3.34
Paris,FR,48.8566,2.3522,2026-06-27 23:00:00+00:00,1,85.32,0.0,1.96,50.68,0.08,3.14,3.95,3.52
Paris,FR,48.8566,2.3522,2026-06-28 00:00:00+00:00,1,85.63,0.0,1.76,49.17,0.07,2.94,3.7,3.69
Paris,FR,48.8566,2.3522,2026-06-28 01:00:00+00:00,1,85.47,0.0,1.55,48.74,0.07,2.76,3.48,3.6
Paris,FR,48.8566,2.3522,2026-06-28 02:00:00+00:00,1,85.37,0.0,1.47,44.66,0.06,2.71,3.44,2.77
Paris,FR,48.8566,2.3522,2026-06-28 03:00:00+00:00,1,85.35,0.0,1.44,40.66,0.05,2.75,3.53,1.93
Paris,FR,48.8566,2.3522,2026-06-28 04:00:00+00:00,1,83.76,0.0,1.47,37.69,0.06,2.83,3.67,1.63
Paris,FR,48.8566,2.3522,2026-06-28 05:00:00+00:00,1,84.35,0.01,1.87,37.56,0.09,3.04,3.92,1.7
Paris,FR,48.8566,2.3522,2026-06-28 06:00:00+00:00,1,85.65,0.07,2.45,39.49,0.13,3.27,4.15,1.91
Paris,FR,48.8566,2.3522,2026-06-28 07:00:00+00:00,1,86.5,0.19,2.25,45.61,0.18,3.33,4.07,2.3
Paris,FR,48.8566,2.3522,2026-06-28 08:00:00+00:00,1,86.37,0.38,1.8,48.26,0.19,3.27,3.85,2.19
Paris,FR,48.8566,2.3522,2026-06-28 09:00:00+00:00,1,86.14,0.38,1.3,52.77,0.18,3.29,3.8,2.18
Paris,FR,48.8566,2.3522,2026-06-28 10:00:00+00:00,2,85.53,0.23,0.78,61.65,0.16,3.24,3.72,2.07
Paris,FR,48.8566,2.3522,2026-06-28 11:00:00+00:00,2,84.27,0.15,0.56,67.4,0.15,3.2,3.72,2.06
Paris,FR,48.8566,2.3522,2026-06-28 12:00:00+00:00,2,83.45,0.12,0.48,71.16,0.15,3.2,3.8,2.1
Paris,FR,48.8566,2.3522,2026-06-28 13:00:00+00:00,2,83.58,0.07,0.38,75.38,0.12,2.43,3.01,1.66
Paris,FR,48.8566,2.3522,2026-06-28 14:00:00+00:00,2,82.71,0.06,0.37,75.75,0.11,1.89,2.44,1.39
Paris,FR,48.8566,2.3522,2026-06-28 15:00:00+00:00,2,82.2,0.06,0.45,75.46,0.12,1.83,2.45,1.38
Paris,FR,48.8566,2.3522,2026-06-28 16:00:00+00:00,2,82.7,0.06,0.65,74.99,0.14,1.9,2.66,1.47
Paris,FR,48.8566,2.3522,2026-06-28 17:00:00+00:00,2,83.07,0.05,0.9,72.7,0.16,1.98,2.81,1.61
Paris,FR,48.8566,2.3522,2026-06-28 18:00:00+00:00,2,83.44,0.03,1.1,70.1,0.18,1.98,2.8,1.75
Paris,FR,48.8566,2.3522,2026-06-28 19:00:00+00:00,2,82.99,0.01,1.48,62.31,0.19,1.92,2.65,2.02
Paris,FR,48.8566,2.3522,2026-06-28 20:00:00+00:00,1,83.21,0.0,1.94,52.91,0.18,1.89,2.55,2.12
Paris,FR,48.8566,2.3522,2026-06-28 21:00:00+00:00,1,83.61,0.0,2.28,45.92,0.16,1.86,2.46,1.9
Paris,FR,48.8566,2.3522,2026-06-28 22:00:00+00:00,1,82.17,0.0,2.41,40.14,0.13,1.81,2.39,1.7
Paris,FR,48.8566,2.3522,2026-06-28 23:00:00+00:00,1,81.94,0.0,2.41,36.04,0.12,1.82,2.44,1.62
Paris,FR,48.8566,2.3522,2026-06-29 00:00:00+00:00,1,81.88,0.0,2.35,33.06,0.14,1.87,2.61,1.53
Paris,FR,48.8566,2.3522,2026-06-29 01:00:00+00:00,1,82.08,0.0,2.25,31.88,0.19,1.98,2.89,1.38
Paris,FR,48.8566,2.3522,2026-06-29 02:00:00+00:00,1,83.35,0.0,2.18,32.41,0.25,2.15,3.24,1.24
Paris,FR,48.8566,2.3522,2026-06-29 03:00:00+00:00,1,85.16,0.0,2.21,34.45,0.34,2.35,3.66,1.23
Paris,FR,48.8566,2.3522,2026-06-29 04:00:00+00:00,1,90.9,0.0,2.31,48.07,0.64,2.78,4.73,1.58
Paris,FR,48.8566,2.3522,2026-06-29 05:00:00+00:00,1,91.7,0.01,2.6,52.27,0.81,2.97,5.34,1.6
Paris,FR,48.8566,2.3522,2026-06-29 06:00:00+00:00,1,91.15,0.1,2.89,54.74,0.9,2.85,5.39,1.63
Paris,FR,48.8566,2.3522,2026-06-29 07:00:00+00:00,1,89.26,0.28,2.84,56.53,0.95,2.61,5.2,1.62
Paris,FR,48.8566,2.3522,2026-06-29 08:00:00+00:00,1,87.87,0.42,2.62,59.04,0.99,2.42,5.05,1.57
Paris,FR,48.8566,2.3522,2026-06-29 09:00:00+00:00,2,87.2,0.49,2.31,62.77,1.04,2.4,5.12,1.54
Paris,FR,48.8566,2.3522,2026-06-29 10:00:00+00:00,2,87.6,0.4,1.72,69.77,0.96,2.46,5.06,1.38
Paris,FR,48.8566,2.3522,2026-06-29 11:00:00+00:00,2,86.9,0.27,1.17,76.55,0.87,2.8,5.3,1.23
Paris,FR,48.8566,2.3522,2026-06-29 12:00:00+00:00,2,86.82,0.19,0.85,82.51,0.86,3.55,6.19,1.2
Paris,FR,48.8566,2.3522,2026-06-29 13:00:00+00:00,2,86.63,0.11,0.68,84.91,0.71,3.55,5.97,1.13
Paris,FR,48.8566,2.3522,2026-06-29 14:00:00+00:00,2,85.0,0.09,0.59,83.33,0.53,3.07,5.11,1.08
Paris,FR,48.8566,2.3522,2026-06-29 15:00:00+00:00,2,84.16,0.08,0.61,82.66,0.45,2.86,4.76,1.07
Paris,FR,48.8566,2.3522,2026-06-29 16:00:00+00:00,2,84.25,0.08,0.63,82.95,0.42,2.73,4.57,1.06
Paris,FR,48.8566,2.3522,2026-06-29 17:00:00+00:00,2,84.12,0.08,0.64,83.45,0.39,2.67,4.51,1.04
Paris,FR,48.8566,2.3522,2026-06-29 18:00:00+00:00,2,83.99,0.07,0.67,84.33,0.39,2.64,4.5,1.03
Paris,FR,48.8566,2.3522,2026-06-29 19:00:00+00:00,2,84.43,0.05,1.06,79.35,0.39,2.72,4.67,1.3
Paris,FR,48.8566,2.3522,2026-06-29 20:00:00+00:00,2,85.61,0.01,1.68,71.41,0.4,2.89,4.97,1.74
Paris,FR,48.8566,2.3522,2026-06-29 21:00:00+00:00,2,86.36,0.0,2.14,65.54,0.4,3.05,5.29,2.13
Paris,FR,48.8566,2.3522,2026-06-29 22:00:00+00:00,2,85.82,0.0,2.41,60.84,0.4,3.17,5.56,2.41
Paris,FR,48.8566,2.3522,2026-06-29 23:00:00+00:00,1,86.31,0.0,2.45,58.62,0.43,3.37,5.96,2.57
Paris,FR,48.8566,2.3522,2026-06-30 00:00:00+00:00,1,87.53,0.0,2.49,57.54,0.51,3.62,6.48,2.63
Paris,FR,48.8566,2.3522,2026-06-30 01:00:00+00:00,1,88.66,0.0,2.66,56.69,0.64,3.82,6.94,2.57
Paris,FR,48.8566,2.3522,2026-06-30 02:00:00+00:00,1,90.43,0.0,2.89,54.9,0.69,3.99,7.29,2.46
Paris,FR,48.8566,2.3522,2026-06-30 03:00:00+00:00,1,92.21,0.0,3.16,52.72,0.68,4.11,7.48,2.26
Paris,FR,48.8566,2.3522,2026-06-30 04:00:00+00:00,1,92.94,0.0,3.48,49.93,0.67,4.1,7.47,2.11
Paris,FR,48.8566,2.3522,2026-06-30 05:00:00+00:00,1,93.79,0.02,4.25,47.19,0.69,4.03,7.45,2.21
Paris,FR,48.8566,2.3522,2026-06-30 06:00:00+00:00,1,94.82,0.25,5.06,45.49,0.76,3.98,7.48,2.43
Paris,FR,48.8566,2.3522,2026-06-30 07:00:00+00:00,1,95.24,0.74,4.93,46.7,0.86,3.98,7.54,2.76
Paris,FR,48.8566,2.3522,2026-06-30 08:00:00+00:00,1,95.39,1.18,4.24,50.38,0.93,4.14,7.77,3.03
Paris,FR,48.8566,2.3522,2026-06-30 09:00:00+00:00,2,95.98,1.12,3.45,60.55,0.97,4.76,8.45,3.12
Paris,FR,48.8566,2.3522,2026-06-30 10:00:00+00:00,2,94.31,0.47,1.82,85.17,0.8,5.19,8.24,2.55
Paris,FR,48.8566,2.3522,2026-06-30 11:00:00+00:00,2,92.63,0.19,0.97,94.83,0.68,5.74,8.4,2.18
Paris,FR,48.8566,2.3522,2026-06-30 12:00:00+00:00,2,92.01,0.12,0.7,98.67,0.62,6.36,8.89,2.06
Paris,FR,48.8566,2.3522,2026-06-30 13:00:00+00:00,2,89.95,0.1,0.55,98.19,0.46,5.73,7.91,1.81
Paris,FR,48.8566,2.3522,2026-06-30 14:00:00+00:00,2,87.41,0.09,0.51,96.2,0.35,5.12,7.05,1.63
Paris,FR,48.8566,2.3522,2026-06-30 15:00:00+00:00,2,86.37,0.09,0.55,95.64,0.31,4.99,6.86,1.61
Paris,FR,48.8566,2.3522,2026-06-30 16:00:00+00:00,2,86.64,0.09,0.64,96.0,0.29,5.05,6.95,1.68
Paris,FR,48.8566,2.3522,2026-06-30 17:00:00+00:00,2,86.56,0.08,0.77,95.49,0.29,5.19,7.15,1.78
Paris,FR,48.8566,2.3522,2026-06-30 18:00:00+00:00,2,86.48,0.06,0.91,94.38,0.3,5.24,7.29,1.89
Paris,FR,48.8566,2.3522,2026-06-30 19:00:00+00:00,2,86.42,0.04,1.47,85.09,0.3,5.3,7.41,2.19
Paris,FR,48.8566,2.3522,2026-06-30 20:00:00+00:00,2,87.26,0.01,2.25,73.14,0.32,5.42,7.62,2.59
Paris,FR,48.8566,2.3522,2026-06-30 21:00:00+00:00,2,88.8,0.0,2.9,65.31,0.36,5.48,7.76,2.93
Paris,FR,48.8566,2.3522,2026-06-30 22:00:00+00:00,1,90.26,0.0,3.47,59.22,0.46,5.46,7.76,3.17
Paris,FR,48.8566,2.3522,2026-06-30 23:00:00+00:00,1,93.42,0.0,3.72,56.21,0.58,5.42,7.72,3.3
Paris,FR,48.8566,2.3522,2026-07-01 00:00:00+00:00,1,96.52,0.0,3.7,55.92,0.68,5.27,7.48,3.35
Paris,FR,48.8566,2.3522,2026-07-01 01:00:00+00:00,2,100.5,0.0,3.48,63.84,0.88,4.92,7.06,3.51
Paris,FR,48.8566,2.3522,2026-07-01 02:00:00+00:00,2,102.59,0.0,3.43,63.07,0.92,4.45,6.36,3.79
Paris,FR,48.8566,2.3522,2026-07-01 03:00:00+00:00,2,102.42,0.0,3.33,61.37,0.92,3.87,5.52,3.94
Paris,FR,48.8566,2.3522,2026-07-01 04:00:00+00:00,2,98.67,0.0,3.05,60.07,0.89,3.23,4.62,3.8
Paris,FR,48.8566,2.3522,2026-07-01 05:00:00+00:00,1,94.87,0.01,3.01,59.2,0.83,2.93,4.22,3.54
Paris,FR,48.8566,2.3522,2026-07-01 06:00:00+00:00,1,92.14,0.22,2.99,59.06,0.8,2.91,4.32,3.26
Paris,FR,48.8566,2.3522,2026-07-01 07:00:00+00:00,2,89.37,0.5,2.57,60.21,0.79,3.02,4.7,2.96
Paris,FR,48.8566,2.3522,2026-07-01 08:00:00+00:00,2,87.01,0.55,1.98,63.52,0.78,3.25,5.27,2.69
Paris,FR,48.8566,2.3522,2026-07-01 09:00:00+00:00,2,84.5,0.41,1.36,68.65,0.75,3.62,6.0,2.35
Paris,FR,48.8566,2.3522,2026-07-01 10:00:00+00:00,2,81.76,0.16,0.6,77.91,0.52,2.99,5.09,1.6
Paris,FR,48.8566,2.3522,2026-07-01 11:00:00+00:00,2,80.14,0.1,0.4,78.33,0.37,2.44,4.18,1.38
Paris,FR,48.8566,2.3522,2026-07-01 12:00:00+00:00,2,79.69,0.09,0.37,75.78,0.29,2.06,3.53,1.27
Paris,FR,48.8566,2.3522,2026-07-01 13:00:00+00:00,2,80.46,0.09,0.37,74.06,0.24,1.73,2.91,1.19
Paris,FR,48.8566,2.3522,2026-07-01 14:00:00+00:00,2,80.86,0.1,0.39,72.34,0.21,1.44,2.36,1.14
Paris,FR,48.8566,2.3522,2026-07-01 15:00:00+00:00,2,81.16,0.1,0.45,71.01,0.19,1.25,1.98,1.15
Paris,FR,48.8566,2.3522,2026-07-01 16:00:00+00:00,2,81.83,0.11,0.52,70.45,0.21,1.14,1.74,1.21
Paris,FR,48.8566,2.3522,2026-07-01 17:00:00+00:00,2,82.26,0.1,0.58,69.97,0.23,1.09,1.62,1.33
Paris,FR,48.8566,2.3522,2026-07-01 18:00:00+00:00,2,82.32,0.07,0.65,69.43,0.28,1.07,1.6,1.44
Paris,FR,48.8566,2.3522,2026-07-01 19:00:00+00:00,2,82.54,0.04,0.85,67.63,0.33,1.11,1.69,1.69
Paris,FR,48.8566,2.3522,2026-07-01 20:00:00+00:00,2,82.74,0.01,1.15,65.19,0.38,1.19,1.87,2.1
Paris,FR,48.8566,2.3522,2026-07-01 21:00:00+00:00,2,82.93,0.0,1.34,63.33,0.43,1.29,2.07,2.47
Paris,FR,48.8566,2.3522,2026-07-01 22:00:00+00:00,2,81.64,0.0,1.45,61.42,0.46,1.39,2.26,2.74
Paris,FR,48.8566,2.3522,2026-07-01 23:00:00+00:00,2,81.75,0.0,1.45,60.79,0.5,1.54,2.49,3.01
Paris,FR,48.8566,2.3522,2026-07-02 00:00:00+00:00,2,81.67,0.0,1.4,60.22,0.53,1.7,2.73,3.2
Paris,FR,48.8566,2.3522,2026-07-02 01:00:00+00:00,1,80.58,0.0,1.35,57.7,0.51,1.84,2.92,3.28
Paris,FR,48.8566,2.3522,2026-07-02 02:00:00+00:00,1,80.3,0.0,1.35,53.79,0.43,1.98,3.1,3.13
Paris,FR,48.8566,2.3522,2026-07-02 03:00:00+00:00,1,79.92,0.0,1.39,49.38,0.35,2.11,3.28,2.49
Paris,FR,48.8566,2.3522,2026-07-02 04:00:00+00:00,1,78.38,0.0,1.51,44.54,0.3,2.21,3.44,1.98
Paris,FR,48.8566,2.3522,2026-07-02 05:00:00+00:00,1,78.33,0.02,1.96,41.02,0.29,2.33,3.67,1.96
Paris,FR,48.8566,2.3522,2026-07-02 06:00:00+00:00,1,78.65,0.28,2.26,40.41,0.34,2.46,4.02,2.13
Paris,FR,48.8566,2.3522,2026-07-02 07:00:00+00:00,1,78.35,0.51,1.85,44.37,0.41,2.61,4.53,2.41
Paris,FR,48.8566,2.3522,2026-07-02 08:00:00+00:00,1,77.63,0.6,1.56,45.88,0.38,2.78,5.0,2.71
Paris,FR,48.8566,2.3522,2026-07-02 09:00:00+00:00,1,76.9,0.54,1.29,49.07,0.34,3.15,5.75,2.91
Paris,FR,48.8566,2.3522,2026-07-02 10:00:00+00:00,2,77.66,0.21,0.68,65.4,0.36,2.75,5.04,2.04
Paris,FR,48.8566,2.3522,2026-07-02 11:00:00+00:00,2,77.98,0.13,0.47,69.84,0.29,2.35,4.35,1.67
Paris,FR,48.8566,2.3522,2026-07-02 12:00:00+00:00,2,78.39,0.12,0.43,68.65,0.24,2.2,4.18,1.64
Paris,FR,48.8566,2.3522,2026-07-02 13:00:00+00:00,2,79.96,0.12,0.42,64.65,0.2,1.98,3.88,1.67
Paris,FR,48.8566,2.3522,2026-07-02 14:00:00+00:00,1,80.82,0.12,0.43,58.26,0.16,1.66,3.3,1.7
Paris,FR,48.8566,2.3522,2026-07-02 15:00:00+00:00,1,81.23,0.13,0.5,53.53,0.13,1.39,2.72,1.77
Paris,FR,48.8566,2.3522,2026-07-02 16:00:00+00:00,1,82.08,0.14,0.61,51.11,0.12,1.19,2.18,1.85
Paris,FR,48.8566,2.3522,2026-07-02 17:00:00+00:00,1,82.3,0.12,0.68,50.41,0.11,1.05,1.75,1.87
Paris,FR,48.8566,2.3522,2026-07-02 18:00:00+00:00,1,82.7,0.09,0.75,50.78,0.11,0.97,1.46,1.87
Paris,FR,48.8566,2.3522,2026-07-02 19:00:00+00:00,1,83.22,0.05,0.89,50.93,0.13,0.96,1.37,1.98
Paris,FR,48.8566,2.3522,2026-07-02 20:00:00+00:00,1,84.32,0.01,1.14,50.72,0.17,1.09,1.58,2.29
Paris,FR,48.8566,2.3522,2026-07-02 21:00:00+00:00,1,85.43,0.0,1.32,50.64,0.24,1.35,2.1,2.64
Paris,FR,48.8566,2.3522,2026-07-02 22:00:00+00:00,1,85.3,0.0,1.47,49.7,0.31,1.7,2.83,2.99
Paris,FR,48.8566,2.3522,2026-07-02 23:00:00+00:00,1,85.71,0.0,1.58,48.42,0.36,2.1,3.63,3.32
Paris,FR,48.8566,2.3522,2026-07-03 00:00:00+00:00,1,85.86,0.0,1.62,47.33,0.41,2.51,4.44,3.27
Paris,FR,48.8566,2.3522,2026-07-03 01:00:00+00:00,1,84.62,0.0,1.6,45.85,0.43,2.85,5.13,2.91
Paris,FR,48.8566,2.3522,2026-07-03 02:00:00+00:00,1,84.17,0.0,1.6,45.51,0.45,3.17,5.76,2.62
Paris,FR,48.8566,2.3522,2026-07-03 03:00:00+00:00,1,84.09,0.0,1.59,46.35,0.48,3.43,6.32,2.31
Paris,FR,48.8566,2.3522,2026-07-03 04:00:00+00:00,1,84.14,0.0,1.62,48.76,0.53,3.62,6.8,2.0
Paris,FR,48.8566,2.3522,2026-07-03 05:00:00+00:00,1,84.78,0.01,2.0,50.05,0.61,3.81,7.34,1.88
Paris,FR,48.8566,2.3522,2026-07-03 06:00:00+00:00,1,85.87,0.17,2.58,49.85,0.69,4.04,7.93,1.91
Paris,FR,48.8566,2.3522,2026-07-03 07:00:00+00:00,1,86.73,0.51,2.78,49.41,0.77,4.28,8.5,2.05
Paris,FR,48.8566,2.3522,2026-07-03 08:00:00+00:00,1,87.46,0.76,2.66,51.05,0.86,4.57,9.04,2.23
Paris,FR,48.8566,2.3522,2026-07-03 09:00:00+00:00,1,87.9,0.76,2.27,57.49,0.97,5.02,9.67,2.31
Paris,FR,48.8566,2.3522,2026-07-03 10:00:00+00:00,2,86.58,0.26,1.11,76.29,0.83,4.77,8.51,1.53
Paris,FR,48.8566,2.3522,2026-07-03 11:00:00+00:00,2,85.42,0.14,0.64,83.92,0.66,4.49,7.45,1.2
Paris,FR,48.8566,2.3522,2026-07-03 12:00:00+00:00,2,85.51,0.11,0.54,88.97,0.62,4.73,7.49,1.17
Paris,FR,48.8566,2.3522,2026-07-03 13:00:00+00:00,2,86.91,0.11,0.51,94.67,0.58,4.89,7.47,1.16
Paris,FR,48.8566,2.3522,2026-07-03 14:00:00+00:00,2,86.87,0.1,0.53,98.38,0.51,4.73,7.02,1.1
Paris,FR,48.8566,2.3522,2026-07-03 15:00:00+00:00,3,86.76,0.11,0.6,101.69,0.48,4.74,6.9,1.1
Paris,FR,48.8566,2.3522,2026-07-03 16:00:00+00:00,3,87.56,0.11,0.69,105.59,0.49,4.91,7.09,1.15
Paris,FR,48.8566,2.3522,2026-07-03 17:00:00+00:00,3,88.04,0.1,0.77,108.29,0.52,5.16,7.42,1.24
Paris,FR,48.8566,2.3522,2026-07-03 18:00:00+00:00,3,88.53,0.08,0.87,109.79,0.56,5.35,7.7,1.34
Paris,FR,48.8566,2.3522,2026-07-03 19:00:00+00:00,3,89.03,0.04,1.23,105.46,0.6,5.47,7.89,1.75
Paris,FR,48.8566,2.3522,2026-07-03 20:00:00+00:00,2,90.07,0.01,1.73,97.66,0.63,5.5,7.93,2.38
Paris,FR,48.8566,2.3522,2026-07-03 21:00:00+00:00,2,91.11,0.0,2.08,91.31,0.66,5.3,7.68,2.89
Paris,FR,48.8566,2.3522,2026-07-03 22:00:00+00:00,2,90.63,0.0,2.27,85.05,0.68,4.88,7.1,3.28
Paris,FR,48.8566,2.3522,2026-07-03 23:00:00+00:00,2,91.5,0.0,2.18,80.74,0.7,4.42,6.47,3.64
Paris,FR,48.8566,2.3522,2026-07-04 00:00:00+00:00,2,92.73,0.0,2.05,77.62,0.77,3.85,5.74,3.87
Paris,FR,48.8566,2.3522,2026-07-04 01:00:00+00:00,2,92.77,0.0,2.03,74.23,0.84,3.31,5.04,3.99
Paris,FR,48.8566,2.3522,2026-07-04 02:00:00+00:00,2,93.69,0.0,2.14,67.65,0.79,3.08,4.73,4.48
Paris,FR,48.8566,2.3522,2026-07-04 03:00:00+00:00,2,94.44,0.0,2.29,61.89,0.72,2.98,4.58,4.9
Paris,FR,48.8566,2.3522,2026-07-04 04:00:00+00:00,1,93.44,0.0,2.49,55.92,0.66,2.9,4.47,5.12
Paris,FR,48.8566,2.3522,2026-07-04 05:00:00+00:00,1,93.71,0.02,3.11,51.17,0.65,2.88,4.46,5.23
Paris,FR,48.8566,2.3522,2026-07-04 06:00:00+00:00,1,94.17,0.37,3.6,47.55,0.65,2.92,4.53,5.26
Paris,FR,48.8566,2.3522,2026-07-04 07:00:00+00:00,1,94.08,0.96,3.46,45.76,0.67,2.99,4.65,5.22
Paris,FR,48.8566,2.3522,2026-07-04 08:00:00+00:00,1,93.18,1.22,3.12,47.28,0.71,3.11,4.81,5.09
Paris,FR,48.8566,2.3522,2026-07-04 09:00:00+00:00,1,92.1,1.05,2.65,54.27,0.78,3.55,5.29,4.89
Paris,FR,48.8566,2.3522,2026-07-04 10:00:00+00:00,2,91.06,0.27,1.13,90.99,0.96,4.26,6.08,3.16
Paris,FR,48.8566,2.3522,2026-07-04 11:00:00+00:00,2,89.44,0.14,0.64,97.69,0.71,3.85,5.25,2.3
Paris,FR,48.8566,2.3522,2026-07-04 12:00:00+00:00,2,88.27,0.11,0.53,98.4,0.56,3.45,4.54,1.93
Paris,FR,48.8566,2.3522,2026-07-04 13:00:00+00:00,2,88.45,0.1,0.47,99.15,0.43,2.97,3.79,1.67
Paris,FR,48.8566,2.3522,2026-07-04 14:00:00+00:00,2,87.0,0.09,0.42,96.71,0.31,2.32,2.87,1.41
Paris,FR,48.8566,2.3522,2026-07-04 15:00:00+00:00,2,85.81,0.09,0.43,93.53,0.25,1.94,2.33,1.34
Paris,FR,48.8566,2.3522,2026-07-04 16:00:00+00:00,2,85.7,0.09,0.48,90.94,0.22,1.72,2.03,1.44
Paris,FR,48.8566,2.3522,2026-07-04 17:00:00+00:00,2,85.62,0.09,0.55,88.25,0.21,1.64,1.94,1.69
Paris,FR,48.8566,2.3522,2026-07-04 18:00:00+00:00,2,85.37,0.07,0.62,85.03,0.22,1.68,2.04,1.98
Paris,FR,48.8566,2.3522,2026-07-04 19:00:00+00:00,2,85.14,0.04,0.89,78.77,0.24,1.86,2.36,2.53
Paris,FR,48.8566,2.3522,2026-07-04 20:00:00+00:00,2,85.21,0.01,1.29,70.92,0.27,2.15,2.85,3.28
Paris,FR,48.8566,2.3522,2026-07-04 21:00:00+00:00,2,85.26,0.0,1.57,65.18,0.31,2.5,3.46,3.94
Paris,FR,48.8566,2.3522,2026-07-04 22:00:00+00:00,2,83.86,0.0,1.69,60.13,0.33,2.8,4.01,4.4
Paris,FR,48.8566,2.3522,2026-07-04 23:00:00+00:00,1,83.67,0.0,1.62,57.46,0.37,3.11,4.57,4.69
Paris,FR,48.8566,2.3522,2026-07-05 00:00:00+00:00,1,83.64,0.0,1.47,55.89,0.41,3.37,5.06,4.66
Paris,FR,48.8566,2.3522,2026-07-05 01:00:00+00:00,1,82.86,0.0,1.37,53.23,0.44,3.5,5.35,4.24
Paris,FR,48.8566,2.3522,2026-07-05 02:00:00+00:00,1,82.85,0.0,1.35,49.1,0.42,3.58,5.53,3.51
Paris,FR,48.8566,2.3522,2026-07-05 03:00:00+00:00,1,83.02,0.0,1.39,44.94,0.37,3.6,5.62,2.54
Paris,FR,48.8566,2.3522,2026-07-05 04:00:00+00:00,1,82.26,0.0,1.49,40.54,0.33,3.54,5.57,1.88
Paris,FR,48.8566,2.3522,2026-07-05 05:00:00+00:00,1,82.55,0.02,1.81,37.25,0.33,3.49,5.57,1.75
Paris,FR,48.8566,2.3522,2026-07-05 06:00:00+00:00,1,83.39,0.25,2.01,36.21,0.37,3.42,5.56,1.78
Paris,FR,48.8566,2.3522,2026-07-05 07:00:00+00:00,1,83.34,0.49,1.66,39.72,0.47,3.22,5.39,1.83
Paris,FR,48.8566,2.3522,2026-07-05 08:00:00+00:00,1,82.58,0.57,1.4,41.84,0.46,3.21,5.38,2.02
Paris,FR,48.8566,2.3522,2026-07-05 09:00:00+00:00,1,81.64,0.47,1.14,46.19,0.43,3.43,5.6,2.21
Paris,FR,48.8566,2.3522,2026-07-05 10:00:00+00:00,1,80.54,0.23,0.62,51.64,0.33,2.56,4.11,1.6
Paris,FR,48.8566,2.3522,2026-07-05 11:00:00+00:00,1,78.92,0.15,0.44,53.2,0.26,2.16,3.41,1.38
Paris,FR,48.8566,2.3522,2026-07-05 12:00:00+00:00,1,77.93,0.13,0.4,55.26,0.24,2.24,3.46,1.46
Paris,FR,48.8566,2.3522,2026-07-05 13:00:00+00:00,1,77.86,0.11,0.35,56.6,0.21,1.99,3.05,1.4
Paris,FR,48.8566,2.3522,2026-07-05 14:00:00+00:00,1,76.77,0.1,0.33,56.37,0.18,1.68,2.54,1.32
Paris,FR,48.8566,2.3522,2026-07-05 15:00:00+00:00,1,76.21,0.11,0.36,57.86,0.19,1.6,2.41,1.36
Paris,FR,48.8566,2.3522,2026-07-05 16:00:00+00:00,2,76.73,0.11,0.42,60.47,0.21,1.58,2.38,1.43
Paris,FR,48.8566,2.3522,2026-07-05 17:00:00+00:00,2,76.85,0.1,0.47,62.66,0.25,1.62,2.43,1.53
Paris,FR,48.8566,2.3522,2026-07-05 18:00:00+00:00,2,77.14,0.08,0.53,64.63,0.31,1.68,2.52,1.62
Paris,FR,48.8566,2.3522,2026-07-05 19:00:00+00:00,2,77.78,0.05,0.79,64.05,0.38,1.78,2.66,1.96
Paris,FR,48.8566,2.3522,2026-07-05 20:00:00+00:00,2,78.95,0.01,1.19,61.51,0.45,1.93,2.88,2.51
Paris,FR,48.8566,2.3522,2026-07-05 21:00:00+00:00,1,80.13,0.0,1.49,59.31,0.52,2.08,3.11,3.0
Paris,FR,48.8566,2.3522,2026-07-05 22:00:00+00:00,1,80.23,0.0,1.67,56.32,0.57,2.19,3.29,3.4
Paris,FR,48.8566,2.3522,2026-07-05 23:00:00+00:00,1,81.3,0.0,1.79,54.06,0.6,2.33,3.51,3.83
Paris,FR,48.8566,2.3522,2026-07-06 00:00:00+00:00,1,82.64,0.0,1.83,51.73,0.61,2.47,3.73,4.2
Paris,FR,48.8566,2.3522,2026-07-06 01:00:00+00:00,1,82.51,0.0,1.86,47.47,0.56,2.55,3.85,4.51
Paris,FR,48.8566,2.3522,2026-07-06 02:00:00+00:00,1,83.13,0.0,1.94,42.45,0.47,2.64,4.0,4.84
Paris,FR,48.8566,2.3522,2026-07-06 03:00:00+00:00,1,83.48,0.0,2.06,37.83,0.39,2.75,4.16,4.7
Paris,FR,48.8566,2.3522,2026-07-06 04:00:00+00:00,1,83.14,0.0,2.26,33.5,0.34,2.83,4.29,4.15
Paris,FR,48.8566,2.3522,2026-07-06 05:00:00+00:00,1,83.92,0.03,2.88,30.0,0.34,2.96,4.51,3.95
Paris,FR,48.8566,2.3522,2026-07-06 06:00:00+00:00,1,85.42,0.56,3.38,27.82,0.39,3.13,4.8,3.91
Paris,FR,48.8566,2.3522,2026-07-06 07:00:00+00:00,1,86.85,1.38,3.23,28.36,0.47,3.32,5.14,4.01
Paris,FR,48.8566,2.3522,2026-07-06 08:00:00+00:00,1,87.38,1.64,2.97,32.37,0.57,3.57,5.51,4.09
Paris,FR,48.8566,2.3522,2026-07-06 09:00:00+00:00,1,87.54,1.23,2.59,42.97,0.68,4.19,6.22,4.03
Paris,FR,48.8566,2.3522,2026-07-06 10:00:00+00:00,2,83.94,0.3,1.02,65.25,0.58,3.24,4.53,2.04
Paris,FR,48.8566,2.3522,2026-07-06 11:00:00+00:00,2,80.77,0.16,0.6,68.93,0.41,2.79,3.71,1.58
Paris,FR,48.8566,2.3522,2026-07-06 12:00:00+00:00,2,79.37,0.14,0.53,71.3,0.33,2.78,3.55,1.53
Paris,FR,48.8566,2.3522,2026-07-06 13:00:00+00:00,2,76.34,0.1,0.37,73.59,0.18,1.85,2.31,1.03
Paris,FR,48.8566,2.3522,2026-07-06 14:00:00+00:00,2,73.6,0.08,0.31,76.61,0.1,1.26,1.52,0.76
Paris,FR,48.8566,2.3522,2026-07-06 15:00:00+00:00,2,72.51,0.08,0.35,78.28,0.07,1.1,1.3,0.73
Paris,FR,48.8566,2.3522,2026-07-06 16:00:00+00:00,2,72.65,0.09,0.42,79.77,0.06,1.02,1.19,0.8
Paris,FR,48.8566,2.3522,2026-07-06 17:00:00+00:00,2,72.55,0.09,0.51,79.9,0.06,0.97,1.13,0.96
Paris,FR,48.8566,2.3522,2026-07-06 18:00:00+00:00,2,72.54,0.07,0.59,79.6,0.06,0.94,1.1,1.14
Paris,FR,48.8566,2.3522,2026-07-06 19:00:00+00:00,2,73.75,0.08,1.52,69.11,0.1,1.0,1.2,2.59
Paris,FR,48.8566,2.3522,2026-07-06 20:00:00+00:00,1,75.75,0.02,2.92,54.82,0.16,1.11,1.41,4.5
Paris,FR,48.8566,2.3522,2026-07-06 21:00:00+00:00,1,77.07,0.0,3.87,44.97,0.19,1.2,1.58,5.92
Paris,FR,48.8566,2.3522,2026-07-06 22:00:00+00:00,1,75.83,0.0,4.26,37.62,0.18,1.25,1.68,6.85
Paris,FR,48.8566,2.3522,2026-07-06 23:00:00+00:00,1,75.06,0.0,4.1,32.92,0.16,1.31,1.78,7.46
Paris,FR,48.8566,2.3522,2026-07-07 00:00:00+00:00,1,74.56,0.0,3.72,29.62,0.14,1.38,1.88,7.97
Paris,FR,48.8566,2.3522,2026-07-07 01:00:00+00:00,1,73.76,0.0,3.38,27.68,0.13,1.45,1.96,8.44
Paris,FR,48.8566,2.3522,2026-07-07 02:00:00+00:00,1,74.44,0.0,3.16,27.89,0.13,1.55,2.06,9.18
Paris,FR,48.8566,2.3522,2026-07-07 03:00:00+00:00,1,75.82,0.0,3.08,30.18,0.12,1.63,2.14,9.92
Paris,FR,48.8566,2.3522,2026-07-07 04:00:00+00:00,1,76.4,0.0,2.97,34.36,0.12,1.66,2.15,9.56
Paris,FR,48.8566,2.3522,2026-07-07 05:00:00+00:00,1,77.56,0.04,3.69,32.14,0.13,1.72,2.21,8.71
Paris,FR,48.8566,2.3522,2026-07-07 06:00:00+00:00,1,79.26,0.63,4.55,29.11,0.15,1.81,2.3,8.05
Paris,FR,48.8566,2.3522,2026-07-07 07:00:00+00:00,1,78.91,1.47,4.24,29.99,0.16,1.82,2.29,7.24
Paris,FR,48.8566,2.3522,2026-07-07 08:00:00+00:00,1,78.29,1.98,3.74,30.81,0.17,1.84,2.31,6.97
Paris,FR,48.8566,2.3522,2026-07-07 09:00:00+00:00,1,77.14,1.7,3.18,37.94,0.18,1.98,2.44,6.63
Paris,FR,48.8566,2.3522,2026-07-07 10:00:00+00:00,2,74.28,0.16,0.72,84.45,0.12,1.64,1.92,2.26
Paris,FR,48.8566,2.3522,2026-07-07 11:00:00+00:00,2,72.83,0.08,0.4,91.28,0.1,1.52,1.76,1.67
Paris,FR,48.8566,2.3522,2026-07-07 12:00:00+00:00,2,72.5,0.07,0.36,93.5,0.09,1.56,1.79,1.61
Paris,FR,48.8566,2.3522,2026-07-07 13:00:00+00:00,2,73.3,0.07,0.36,96.59,0.09,1.66,1.9,1.61
Paris,FR,48.8566,2.3522,2026-07-07 14:00:00+00:00,2,73.21,0.07,0.38,98.5,0.09,1.76,2.01,1.64
Paris,FR,48.8566,2.3522,2026-07-07 15:00:00+00:00,2,73.53,0.07,0.44,99.68,0.09,1.9,2.19,1.79
Paris,FR,48.8566,2.3522,2026-07-07 16:00:00+00:00,3,74.28,0.08,0.54,100.46,0.1,2.08,2.4,2.06
Paris,FR,48.8566,2.3522,2026-07-07 17:00:00+00:00,2,74.86,0.08,0.64,99.89,0.12,2.22,2.58,2.37
Paris,FR,48.8566,2.3522,2026-07-07 18:00:00+00:00,2,75.44,0.06,0.74,98.23,0.14,2.32,2.72,2.64
Paris,FR,48.8566,2.3522,2026-07-07 19:00:00+00:00,2,75.81,0.03,1.01,93.11,0.19,2.39,2.82,3.02
Paris,FR,48.8566,2.3522,2026-07-07 20:00:00+00:00,2,77.19,0.0,1.41,86.22,0.26,2.5,2.98,3.55
Paris,FR,48.8566,2.3522,2026-07-07 21:00:00+00:00,2,79.18,0.0,1.75,80.12,0.38,2.7,3.24,4.0
Paris,FR,48.8566,2.3522,2026-07-07 22:00:00+00:00,2,80.0,0.0,2.03,73.58,0.53,2.91,3.51,4.27
Paris,FR,48.8566,2.3522,2026-07-07 23:00:00+00:00,2,81.9,0.0,2.2,68.85,0.72,3.11,3.81,4.55
Paris,FR,48.8566,2.3522,2026-07-08 00:00:00+00:00,2,83.56,0.0,2.29,64.53,0.92,3.24,4.04,4.76
Paris,FR,48.8566,2.3522,2026-07-08 01:00:00+00:00,1,83.6,0.0,2.38,57.93,1.02,3.25,4.11,5.0
Paris,FR,48.8566,2.3522,2026-07-08 02:00:00+00:00,1,84.39,0.0,2.52,51.06,1.0,3.26,4.18,5.45
Paris,FR,48.8566,2.3522,2026-07-08 03:00:00+00:00,1,85.2,0.0,2.73,45.0,0.92,3.27,4.22,5.86
Paris,FR,48.8566,2.3522,2026-07-08 04:00:00+00:00,1,84.69,0.0,3.05,39.48,0.84,3.21,4.2,6.03
Paris,FR,48.8566,2.3522,2026-07-08 05:00:00+00:00,1,85.82,0.02,3.92,35.55,0.83,3.22,4.27,6.01
Paris,FR,48.8566,2.3522,2026-07-08 06:00:00+00:00,1,88.03,0.47,4.76,33.32,0.9,3.28,4.43,5.84
Paris,FR,48.8566,2.3522,2026-07-08 07:00:00+00:00,1,90.06,1.4,4.54,34.66,1.07,3.34,4.64,5.52
Paris,FR,48.8566,2.3522,2026-07-08 08:00:00+00:00,1,91.07,1.99,4.12,36.89,1.17,3.46,4.87,5.38
Paris,FR,48.8566,2.3522,2026-07-08 09:00:00+00:00,1,91.18,1.97,3.72,43.26,1.22,3.83,5.3,5.23
Paris,FR,48.8566,2.3522,2026-07-08 10:00:00+00:00,2,84.17,0.37,1.5,84.81,1.03,3.74,4.86,2.47
Paris,FR,48.8566,2.3522,2026-07-08 11:00:00+00:00,2,81.97,0.16,0.79,95.99,0.72,3.98,4.84,1.92
Paris,FR,48.8566,2.3522,2026-07-08 12:00:00+00:00,3,81.95,0.13,0.67,100.99,0.63,4.41,5.2,1.88
Paris,FR,48.8566,2.3522,2026-07-08 13:00:00+00:00,3,85.48,0.1,0.54,108.35,0.44,4.9,5.54,1.62
Paris,FR,48.8566,2.3522,2026-07-08 14:00:00+00:00,3,86.07,0.09,0.5,110.33,0.33,4.86,5.4,1.44
Paris,FR,48.8566,2.3522,2026-07-08 15:00:00+00:00,3,85.71,0.09,0.57,110.98,0.33,4.79,5.35,1.46
Paris,FR,48.8566,2.3522,2026-07-08 16:00:00+00:00,3,86.14,0.11,0.75,112.49,0.37,4.9,5.52,1.6
Paris,FR,48.8566,2.3522,2026-07-08 17:00:00+00:00,3,86.85,0.12,1.0,113.54,0.44,5.19,5.91,1.88
Paris,FR,48.8566,2.3522,2026-07-08 18:00:00+00:00,3,87.89,0.1,1.24,115.76,0.57,5.67,6.54,2.15
Paris,FR,48.8566,2.3522,2026-07-08 19:00:00+00:00,3,89.84,0.05,1.99,109.42,0.72,6.36,7.41,2.98
Paris,FR,48.8566,2.3522,2026-07-08 20:00:00+00:00,2,93.06,0.01,2.99,96.9,0.82,7.13,8.33,4.09
Paris,FR,48.8566,2.3522,2026-07-08 21:00:00+00:00,2,96.91,0.0,3.8,86.72,0.86,7.83,9.17,4.98
Paris,FR,48.8566,2.3522,2026-07-08 22:00:00+00:00,2,98.59,0.0,4.25,78.22,0.86,8.34,9.76,5.51
Paris,FR,48.8566,2.3522,2026-07-08 23:00:00+00:00,2,101.77,0.0,4.06,74.84,0.88,8.95,10.43,5.78
Paris,FR,48.8566,2.3522,2026-07-09 00:00:00+00:00,2,104.43,0.0,3.49,74.6,0.91,9.33,10.8,5.87
Paris,FR,48.8566,2.3522,2026-07-09 01:00:00+00:00,2,104.16,0.0,2.76,75.77,0.89,8.95,10.32,5.76
Paris,FR,48.8566,2.3522,2026-07-09 02:00:00+00:00,2,103.15,0.0,2.28,72.15,0.74,8.18,9.4,5.89
Paris,FR,48.8566,2.3522,2026-07-09 03:00:00+00:00,2,102.66,0.0,1.98,68.22,0.6,7.26,8.33,6.07
Paris,FR,48.8566,2.3522,2026-07-09 04:00:00+00:00,2,102.58,0.0,1.88,64.64,0.53,6.4,7.36,6.15
Paris,FR,48.8566,2.3522,2026-07-09 05:00:00+00:00,2,104.58,0.01,2.25,61.28,0.51,5.91,6.8,6.15
Paris,FR,48.8566,2.3522,2026-07-09 06:00:00+00:00,1,107.38,0.16,2.79,59.36,0.53,5.57,6.43,6.0
Paris,FR,48.8566,2.3522,2026-07-09 07:00:00+00:00,2,109.6,0.44,2.7,60.92,0.57,5.18,6.0,5.64
Paris,FR,48.8566,2.3522,2026-07-09 08:00:00+00:00,2,110.96,0.55,2.41,66.41,0.65,4.95,5.78,5.36
Paris,FR,48.8566,2.3522,2026-07-09 09:00:00+00:00,2,112.73,0.51,2.17,76.61,0.76,5.22,6.11,5.25
Paris,FR,48.8566,2.3522,2026-07-09 10:00:00+00:00,2,110.38,0.22,1.1,93.57,0.7,4.65,5.38,3.15
Paris,FR,48.8566,2.3522,2026-07-09 11:00:00+00:00,2,106.81,0.14,0.7,95.1,0.58,4.14,4.75,2.31
Paris,FR,48.8566,2.3522,2026-07-09 12:00:00+00:00,2,105.41,0.12,0.64,95.67,0.56,3.98,4.54,2.07
Paris,FR,48.8566,2.3522,2026-07-09 13:00:00+00:00,2,105.48,0.12,0.63,97.62,0.55,3.92,4.47,1.94
Paris,FR,48.8566,2.3522,2026-07-09 14:00:00+00:00,2,104.59,0.12,0.64,97.88,0.52,3.7,4.21,1.82
Paris,FR,48.8566,2.3522,2026-07-09 15:00:00+00:00,2,103.54,0.12,0.7,97.99,0.49,3.45,3.92,1.74
Paris,FR,48.8566,2.3522,2026-07-09 16:00:00+00:00,2,103.65,0.13,0.8,99.18,0.47,3.29,3.75,1.76
Paris,FR,48.8566,2.3522,2026-07-09 17:00:00+00:00,2,103.63,0.12,0.91,99.61,0.47,3.22,3.69,1.91
Paris,FR,48.8566,2.3522,2026-07-09 18:00:00+00:00,2,103.45,0.1,1.07,98.65,0.46,3.18,3.65,2.13
Paris,FR,48.8566,2.3522,2026-07-09 19:00:00+00:00,2,103.72,0.05,1.41,95.6,0.46,3.18,3.67,2.51
Paris,FR,48.8566,2.3522,2026-07-09 20:00:00+00:00,2,105.13,0.01,1.86,91.59,0.49,3.25,3.78,3.02
Paris,FR,48.8566,2.3522,2026-07-09 21:00:00+00:00,2,106.99,0.0,2.12,88.59,0.54,3.36,3.95,3.51
Paris,FR,48.8566,2.3522,2026-07-09 22:00:00+00:00,2,107.25,0.0,2.21,85.74,0.58,3.49,4.12,3.93
Paris,FR,48.8566,2.3522,2026-07-09 23:00:00+00:00,2,108.69,0.0,2.16,84.48,0.63,3.75,4.44,4.36
Paris,FR,48.8566,2.3522,2026-07-10 00:00:00+00:00,2,110.13,0.0,2.08,83.58,0.69,4.08,4.84,4.77
Paris,FR,48.8566,2.3522,2026-07-11 01:00:00+00:00,2,99.63,0.0,1.87,71.52,0.67,3.94,4.55,5.19
Paris,FR,48.8566,2.3522,2026-07-11 02:00:00+00:00,2,99.46,0.0,1.68,70.43,0.63,3.9,4.49,5.39
Paris,FR,48.8566,2.3522,2026-07-11 03:00:00+00:00,2,98.84,0.0,1.52,70.75,0.59,3.78,4.32,5.64
Paris,FR,48.8566,2.3522,2026-07-11 04:00:00+00:00,2,97.1,0.0,1.45,70.36,0.57,3.58,4.07,5.86
Paris,FR,48.8566,2.3522,2026-07-11 05:00:00+00:00,2,97.05,0.0,1.81,67.6,0.58,3.52,4.02,6.1
Paris,FR,48.8566,2.3522,2026-07-11 06:00:00+00:00,2,98.05,0.06,2.5,64.39,0.63,3.57,4.11,6.34
Paris,FR,48.8566,2.3522,2026-07-11 07:00:00+00:00,2,99.13,0.27,2.79,62.05,0.69,3.63,4.21,6.5
Paris,FR,48.8566,2.3522,2026-07-11 08:00:00+00:00,2,99.31,0.45,2.55,62.33,0.73,3.74,4.34,6.56
Paris,FR,48.8566,2.3522,2026-07-11 09:00:00+00:00,2,99.14,0.45,2.02,66.84,0.74,4.04,4.64,6.48
Paris,FR,48.8566,2.3522,2026-07-11 10:00:00+00:00,2,97.34,0.16,0.95,86.61,0.52,4.13,4.57,5.13
Paris,FR,48.8566,2.3522,2026-07-11 11:00:00+00:00,2,95.12,0.1,0.65,92.57,0.38,3.99,4.36,4.3
Paris,FR,48.8566,2.3522,2026-07-11 12:00:00+00:00,2,93.77,0.09,0.59,93.85,0.35,4.03,4.39,4.1
Paris,FR,48.8566,2.3522,2026-07-11 13:00:00+00:00,2,93.76,0.07,0.49,98.45,0.29,3.71,4.02,3.31
Paris,FR,48.8566,2.3522,2026-07-11 14:00:00+00:00,2,92.1,0.06,0.48,99.39,0.23,3.27,3.55,2.63
Paris,FR,48.8566,2.3522,2026-07-11 15:00:00+00:00,2,90.96,0.06,0.54,99.23,0.22,3.1,3.37,2.4
Paris,FR,48.8566,2.3522,2026-07-11 16:00:00+00:00,3,91.25,0.06,0.63,100.42,0.23,3.05,3.35,2.32
Paris,FR,48.8566,2.3522,2026-07-11 17:00:00+00:00,3,91.62,0.05,0.71,101.42,0.24,3.08,3.4,2.35
Paris,FR,48.8566,2.3522,2026-07-11 18:00:00+00:00,3,91.92,0.04,0.81,101.84,0.27,3.14,3.51,2.42
Paris,FR,48.8566,2.3522,2026-07-11 19:00:00+00:00,2,92.21,0.02,1.09,99.32,0.32,3.28,3.71,2.68
Paris,FR,48.8566,2.3522,2026-07-11 20:00:00+00:00,2,93.44,0.0,1.48,95.56,0.4,3.53,4.07,3.12
Paris,FR,48.8566,2.3522,2026-07-11 21:00:00+00:00,2,95.1,0.0,1.77,93.53,0.5,3.76,4.46,3.53
Paris,FR,48.8566,2.3522,2026-07-11 22:00:00+00:00,2,95.08,0.0,1.89,91.49,0.58,3.85,4.7,3.86
Paris,FR,48.8566,2.3522,2026-07-11 23:00:00+00:00,2,95.7,0.0,1.85,91.09,0.64,3.9,4.88,4.21
Paris,FR,48.8566,2.3522,2026-07-12 00:00:00+00:00,2,95.88,0.0,1.75,90.84,0.68,3.92,4.99,4.55
Paris,FR,48.8566,2.3522,2026-07-12 01:00:00+00:00,2,94.81,0.0,1.63,88.97,0.7,3.88,4.99,4.87
Paris,FR,48.8566,2.3522,2026-07-12 02:00:00+00:00,2,94.31,0.0,1.58,86.17,0.71,3.87,5.01,5.34
Paris,FR,48.8566,2.3522,2026-07-12 03:00:00+00:00,2,93.98,0.0,1.57,82.67,0.71,3.86,4.99,5.82
Paris,FR,48.8566,2.3522,2026-07-12 04:00:00+00:00,2,92.64,0.0,1.63,78.27,0.71,3.8,4.91,6.19
Paris,FR,48.8566,2.3522,2026-07-12 05:00:00+00:00,2,92.3,0.0,2.0,74.89,0.75,3.77,4.87,6.51
Paris,FR,48.8566,2.3522,2026-07-12 06:00:00+00:00,2,92.75,0.08,2.53,72.26,0.82,3.75,4.85,6.77
Paris,FR,48.8566,2.3522,2026-07-12 07:00:00+00:00,2,92.65,0.32,2.42,72.04,0.92,3.73,4.82,7.02
Paris,FR,48.8566,2.3522,2026-07-12 08:00:00+00:00,2,92.16,0.43,2.13,73.09,1.0,3.82,4.91,7.16
Paris,FR,48.8566,2.3522,2026-07-12 09:00:00+00:00,2,91.93,0.39,1.73,77.39,1.05,4.19,5.29,7.15
Paris,FR,48.8566,2.3522,2026-07-12 10:00:00+00:00,2,92.44,0.21,1.08,90.38,0.94,4.72,5.77,6.48
Paris,FR,48.8566,2.3522,2026-07-12 11:00:00+00:00,2,92.21,0.13,0.8,96.37,0.83,5.12,6.09,5.98
Paris,FR,48.8566,2.3522,2026-07-12 12:00:00+00:00,2,93.34,0.1,0.73,99.73,0.71,5.49,6.4,5.61
Paris,FR,48.8566,2.3522,2026-07-12 13:00:00+00:00,3,97.0,0.07,0.59,107.89,0.48,5.54,6.37,4.17
Paris,FR,48.8566,2.3522,2026-07-12 14:00:00+00:00,3,98.43,0.06,0.57,110.17,0.36,5.69,6.48,3.37
Paris,FR,48.8566,2.3522,2026-07-12 15:00:00+00:00,3,100.7,0.06,0.62,110.84,0.33,6.22,7.01,3.23
Paris,FR,48.8566,2.3522,2026-07-12 16:00:00+00:00,3,105.38,0.06,0.73,112.22,0.34,7.19,8.0,3.27
Paris,FR,48.8566,2.3522,2026-07-12 17:00:00+00:00,3,111.22,0.04,0.92,112.59,0.37,8.28,9.12,3.38
Paris,FR,48.8566,2.3522,2026-07-12 18:00:00+00:00,3,110.96,0.02,1.08,111.66,0.4,8.23,9.1,3.4
Paris,FR,48.8566,2.3522,2026-07-12 19:00:00+00:00,3,104.97,0.01,1.21,109.41,0.43,7.13,8.01,3.38
Paris,FR,48.8566,2.3522,2026-07-12 20:00:00+00:00,3,96.49,0.0,1.25,106.55,0.45,5.4,6.26,3.41
Paris,FR,48.8566,2.3522,2026-07-12 21:00:00+00:00,3,89.65,0.0,1.2,103.44,0.47,3.89,4.67,3.46
Paris,FR,48.8566,2.3522,2026-07-12 22:00:00+00:00,2,84.66,0.0,1.12,98.0,0.48,3.08,3.77,3.55
Paris,FR,48.8566,2.3522,2026-07-12 23:00:00+00:00,2,82.57,0.0,1.04,93.93,0.49,2.84,3.49,3.82
Paris,FR,48.8566,2.3522,2026-07-13 00:00:00+00:00,2,82.04,0.0,0.98,90.42,0.51,2.8,3.45,4.25
Paris,FR,48.8566,2.3522,2026-07-13 01:00:00+00:00,2,81.63,0.0,0.96,86.1,0.53,2.8,3.43,4.74
Paris,FR,48.8566,2.3522,2026-07-13 02:00:00+00:00,2,82.39,0.0,0.98,82.69,0.55,2.84,3.44,5.25
Paris,FR,48.8566,2.3522,2026-07-13 03:00:00+00:00,2,83.41,0.0,1.05,79.48,0.59,2.88,3.45,5.73
Paris,FR,48.8566,2.3522,2026-07-13 04:00:00+00:00,2,84.23,0.0,1.18,76.16,0.63,2.88,3.43,6.07
Paris,FR,48.8566,2.3522,2026-07-13 05:00:00+00:00,2,85.53,0.0,1.58,73.53,0.68,2.89,3.42,6.38
Paris,FR,48.8566,2.3522,2026-07-13 06:00:00+00:00,2,87.18,0.05,2.18,71.06,0.71,2.89,3.41,6.68
Paris,FR,48.8566,2.3522,2026-07-13 07:00:00+00:00,2,87.88,0.19,2.46,69.27,0.73,2.88,3.38,6.93
Paris,FR,48.8566,2.3522,2026-07-13 08:00:00+00:00,2,87.78,0.31,2.32,69.59,0.7,2.93,3.42,7.02
Paris,FR,48.8566,2.3522,2026-07-13 09:00:00+00:00,2,87.34,0.33,1.94,73.16,0.65,3.17,3.69,6.95
Paris,FR,48.8566,2.3522,2026-07-13 10:00:00+00:00,2,88.49,0.24,1.36,83.29,0.58,3.93,4.78,6.53
Paris,FR,48.8566,2.3522,2026-07-13 11:00:00+00:00,2,88.46,0.18,0.94,89.91,0.5,4.84,6.09,6.03
Paris,FR,48.8566,2.3522,2026-07-13 12:00:00+00:00,2,88.44,0.14,0.74,94.43,0.44,5.68,7.16,5.85
Paris,FR,48.8566,2.3522,2026-07-13 13:00:00+00:00,2,90.58,0.13,0.75,97.96,0.37,6.38,7.97,5.61
Paris,FR,48.8566,2.3522,2026-07-13 14:00:00+00:00,2,92.43,0.13,0.92,97.32,0.3,6.83,8.49,5.12
Paris,FR,48.8566,2.3522,2026-07-13 15:00:00+00:00,2,93.6,0.12,1.27,94.07,0.26,7.04,8.74,4.73
Paris,FR,48.8566,2.3522,2026-07-13 16:00:00+00:00,2,92.01,0.1,1.62,89.02,0.23,6.88,8.46,4.31
Paris,FR,48.8566,2.3522,2026-07-13 17:00:00+00:00,2,91.35,0.09,1.71,87.46,0.2,6.46,7.87,4.27
Paris,FR,48.8566,2.3522,2026-07-13 18:00:00+00:00,2,90.1,0.06,1.54,88.27,0.16,5.46,6.59,3.99
Paris,FR,48.8566,2.3522,2026-07-13 19:00:00+00:00,2,90.81,0.02,1.39,91.46,0.14,4.28,5.14,3.63
Paris,FR,48.8566,2.3522,2026-07-13 20:00:00+00:00,2,91.77,0.0,1.52,88.78,0.14,3.58,4.28,3.69
Paris,FR,48.8566,2.3522,2026-07-13 21:00:00+00:00,2,92.73,0.0,1.59,86.16,0.13,3.08,3.68,3.86
Paris,FR,48.8566,2.3522,2026-07-13 22:00:00+00:00,2,92.42,0.0,1.74,79.96,0.13,2.81,3.38,4.22
Paris,FR,48.8566,2.3522,2026-07-13 23:00:00+00:00,2,93.8,0.0,1.91,72.71,0.13,2.88,3.51,4.83
Paris,FR,48.8566,2.3522,2026-07-14 00:00:00+00:00,2,95.88,0.0,2.0,66.69,0.16,3.12,3.89,5.4
Paris,FR,48.8566,2.3522,2026-07-14 01:00:00+00:00,1,96.93,0.0,2.07,59.97,0.18,3.4,4.32,5.91
Paris,FR,48.8566,2.3522,2026-07-14 02:00:00+00:00,1,98.18,0.0,2.26,53.1,0.21,3.66,4.71,6.18
Paris,FR,48.8566,2.3522,2026-07-14 03:00:00+00:00,1,99.69,0.0,2.65,47.71,0.26,3.89,5.05,5.93
Paris,FR,48.8566,2.3522,2026-07-14 04:00:00+00:00,1,99.58,0.0,3.21,44.61,0.4,3.99,5.28,5.55
Paris,FR,48.8566,2.3522,2026-07-14 05:00:00+00:00,1,99.87,0.01,4.12,41.29,0.48,4.05,5.42,5.54
Paris,FR,48.8566,2.3522,2026-07-14 06:00:00+00:00,1,100.6,0.27,5.37,38.69,0.54,4.14,5.6,5.74
Paris,FR,48.8566,2.3522,2026-07-14 07:00:00+00:00,1,102.97,0.65,4.92,48.81,0.63,4.23,5.84,5.88
Paris,FR,48.8566,2.3522,2026-07-14 08:00:00+00:00,1,103.55,1.03,4.36,53.04,0.7,4.4,6.17,5.97
Paris,FR,48.8566,2.3522,2026-07-14 09:00:00+00:00,1,104.11,1.07,3.75,59.24,0.75,4.92,6.88,6.12
Paris,FR,48.8566,2.3522,2026-07-14 10:00:00+00:00,2,101.13,0.3,1.9,91.21,0.62,5.03,7.03,4.33
Paris,FR,48.8566,2.3522,2026-07-14 11:00:00+00:00,3,97.14,0.13,1.1,102.29,0.53,5.29,7.1,3.5
Paris,FR,48.8566,2.3522,2026-07-14 12:00:00+00:00,3,95.5,0.08,0.86,107.67,0.48,5.78,7.51,3.27
Paris,FR,48.8566,2.3522,2026-07-14 13:00:00+00:00,3,92.23,0.03,0.69,106.78,0.29,4.7,6.18,2.64
Paris,FR,48.8566,2.3522,2026-07-14 14:00:00+00:00,3,88.02,0.02,0.62,104.29,0.18,3.57,4.82,2.14
Paris,FR,48.8566,2.3522,2026-07-14 15:00:00+00:00,3,85.62,0.03,0.64,103.63,0.14,3.02,4.12,1.93
Paris,FR,48.8566,2.3522,2026-07-14 16:00:00+00:00,3,85.04,0.04,0.68,104.07,0.12,2.74,3.73,1.83
Paris,FR,48.8566,2.3522,2026-07-14 17:00:00+00:00,3,85.01,0.03,0.8,103.19,0.12,2.65,3.6,1.87
Paris,FR,48.8566,2.3522,2026-07-14 18:00:00+00:00,3,85.41,0.01,0.89,102.3,0.13,2.64,3.58,1.96
Paris,FR,48.8566,2.3522,2026-07-14 19:00:00+00:00,2,86.89,0.01,1.79,90.2,0.16,2.74,3.71,3.05
Paris,FR,48.8566,2.3522,2026-07-14 20:00:00+00:00,2,89.99,0.0,3.06,73.96,0.22,2.97,4.01,4.54
Paris,FR,48.8566,2.3522,2026-07-14 21:00:00+00:00,2,93.11,0.0,4.09,62.26,0.26,3.28,4.4,5.57
Paris,FR,48.8566,2.3522,2026-07-14 22:00:00+00:00,1,94.2,0.0,4.6,53.63,0.27,3.59,4.77,6.14
Paris,FR,48.8566,2.3522,2026-07-14 23:00:00+00:00,1,95.95,0.0,4.43,48.8,0.28,3.99,5.24,6.41
Paris,FR,48.8566,2.3522,2026-07-15 00:00:00+00:00,1,98.75,0.0,4.03,46.32,0.32,4.53,5.85,6.56
Paris,FR,48.8566,2.3522,2026-07-15 01:00:00+00:00,1,103.02,0.0,3.48,48.42,0.44,5.36,6.79,6.32
Paris,FR,48.8566,2.3522,2026-07-15 02:00:00+00:00,1,107.97,0.0,3.19,49.74,0.51,6.16,7.64,6.31
Paris,FR,48.8566,2.3522,2026-07-15 03:00:00+00:00,1,112.44,0.0,3.01,53.47,0.56,6.82,8.33,6.37
Paris,FR,48.8566,2.3522,2026-07-15 04:00:00+00:00,2,119.27,0.0,2.67,67.19,0.7,7.62,9.17,6.06
Paris,FR,48.8566,2.3522,2026-07-15 05:00:00+00:00,2,119.52,0.0,3.02,69.61,0.77,7.67,9.19,6.23
Paris,FR,48.8566,2.3522,2026-07-15 06:00:00+00:00,2,116.77,0.09,3.85,69.45,0.82,7.27,8.75,6.5
Paris,FR,48.8566,2.3522,2026-07-15 07:00:00+00:00,2,113.16,0.37,4.1,70.07,0.9,6.71,8.15,6.64
Paris,FR,48.8566,2.3522,2026-07-15 08:00:00+00:00,2,110.56,0.62,3.83,72.57,1.01,6.32,7.72,6.64
Paris,FR,48.8566,2.3522,2026-07-15 09:00:00+00:00,2,108.94,0.63,3.18,80.04,1.12,6.38,7.75,6.55
Paris,FR,48.8566,2.3522,2026-07-15 10:00:00+00:00,3,103.37,0.12,1.39,105.14,0.62,5.16,6.2,4.27
Paris,FR,48.8566,2.3522,2026-07-15 11:00:00+00:00,3,101.83,0.07,0.91,109.0,0.46,4.59,5.48,3.61
Paris,FR,48.8566,2.3522,2026-07-15 12:00:00+00:00,3,101.16,0.07,0.82,110.76,0.45,4.5,5.33,3.5
Paris,FR,48.8566,2.3522,2026-07-15 13:00:00+00:00,3,103.33,0.09,1.2,110.05,0.53,4.94,5.7,3.75
Paris,FR,48.8566,2.3522,2026-07-15 14:00:00+00:00,3,105.61,0.11,1.99,104.35,0.61,5.44,6.11,4.01
Paris,FR,48.8566,2.3522,2026-07-15 15:00:00+00:00,2,108.43,0.1,3.16,98.73,0.65,5.74,6.32,4.14
Paris,FR,48.8566,2.3522,2026-07-15 16:00:00+00:00,2,109.68,0.09,4.83,88.8,0.69,5.86,6.38,4.14
Paris,FR,48.8566,2.3522,2026-07-15 17:00:00+00:00,2,111.43,0.1,6.07,80.95,0.74,6.04,6.55,4.62
Paris,FR,48.8566,2.3522,2026-07-15 18:00:00+00:00,2,112.49,0.09,6.58,78.6,0.8,6.18,6.68,5.63
Paris,FR,48.8566,2.3522,2026-07-15 19:00:00+00:00,2,112.95,0.07,6.81,78.95,0.79,6.3,6.84,7.14
Paris,FR,48.8566,2.3522,2026-07-15 20:00:00+00:00,2,112.97,0.01,6.78,74.94,0.7,6.47,7.07,8.15
Paris,FR,48.8566,2.3522,2026-07-15 21:00:00+00:00,2,112.11,0.0,6.36,67.58,0.58,6.56,7.21,8.09
Paris,FR,48.8566,2.3522,2026-07-15 22:00:00+00:00,1,109.28,0.0,5.73,58.74,0.42,6.51,7.2,7.11
Paris,FR,48.8566,2.3522,2026-07-15 23:00:00+00:00,1,107.48,0.0,5.07,52.43,0.34,6.5,7.25,6.63
Paris,FR,48.8566,2.3522,2026-07-16 00:00:00+00:00,1,106.64,0.0,4.49,47.68,0.3,6.53,7.35,6.43
Paris,FR,48.8566,2.3522,2026-07-16 01:00:00+00:00,1,105.33,0.0,4.05,43.01,0.27,6.55,7.45,6.12
Paris,FR,48.8566,2.3522,2026-07-16 02:00:00+00:00,1,104.9,0.0,3.74,37.81,0.25,6.63,7.59,5.47
Paris,FR,48.8566,2.3522,2026-07-16 03:00:00+00:00,1,104.45,0.0,3.59,32.69,0.22,6.71,7.73,4.83
Paris,FR,48.8566,2.3522,2026-07-16 04:00:00+00:00,1,102.9,0.0,3.68,27.98,0.21,6.68,7.74,4.4
Paris,FR,48.8566,2.3522,2026-07-16 05:00:00+00:00,1,103.63,0.03,4.67,24.41,0.25,6.74,7.88,4.32
Paris,FR,48.8566,2.3522,2026-07-16 06:00:00+00:00,1,106.15,0.3,6.45,22.31,0.31,6.87,8.11,4.26
Paris,FR,48.8566,2.3522,2026-07-16 07:00:00+00:00,1,109.01,1.03,7.05,24.39,0.4,6.93,8.28,4.14
Paris,FR,48.8566,2.3522,2026-07-16 08:00:00+00:00,1,111.53,1.95,6.34,28.06,0.45,6.89,8.32,4.57
Paris,FR,48.8566,2.3522,2026-07-16 09:00:00+00:00,1,113.29,2.32,5.55,36.23,0.54,7.03,8.54,5.01
Paris,FR,48.8566,2.3522,2026-07-16 10:00:00+00:00,2,111.01,0.49,2.89,91.19,0.83,5.8,7.02,4.1
Paris,FR,48.8566,2.3522,2026-07-16 11:00:00+00:00,2,106.12,0.19,2.01,96.99,0.68,5.69,6.7,3.69
Paris,FR,48.8566,2.3522,2026-07-16 12:00:00+00:00,2,103.34,0.1,2.03,95.33,0.6,5.65,6.54,3.66
Paris,FR,48.8566,2.3522,2026-07-16 13:00:00+00:00,2,102.69,0.1,2.17,93.29,0.52,5.57,6.3,3.66
Paris,FR,48.8566,2.3522,2026-07-16 14:00:00+00:00,2,102.68,0.16,2.01,92.19,0.43,5.69,6.3,3.53
Paris,FR,48.8566,2.3522,2026-07-16 15:00:00+00:00,2,103.81,0.18,1.71,94.52,0.32,5.92,6.42,3.05
Paris,FR,48.8566,2.3522,2026-07-16 16:00:00+00:00,2,102.98,0.16,1.5,95.62,0.23,5.85,6.27,2.45
Paris,FR,48.8566,2.3522,2026-07-16 17:00:00+00:00,2,102.65,0.14,1.87,91.43,0.21,5.8,6.24,2.64
Paris,FR,48.8566,2.3522,2026-07-16 18:00:00+00:00,2,101.71,0.1,2.19,86.73,0.2,5.55,5.99,3.05
Paris,FR,48.8566,2.3522,2026-07-16 19:00:00+00:00,2,102.34,0.05,2.69,79.64,0.18,5.36,5.81,3.8
Paris,FR,48.8566,2.3522,2026-07-16 20:00:00+00:00,2,103.33,0.0,3.2,68.89,0.16,5.3,5.77,4.46
Paris,FR,48.8566,2.3522,2026-07-16 21:00:00+00:00,1,104.33,0.0,3.53,59.91,0.13,5.26,5.75,4.05
Paris,FR,48.8566,2.3522,2026-07-16 22:00:00+00:00,1,103.34,0.0,3.62,52.2,0.1,5.2,5.68,2.97
Paris,FR,48.8566,2.3522,2026-07-16 23:00:00+00:00,1,103.1,0.0,3.37,46.69,0.07,5.18,5.66,2.21
Paris,FR,48.8566,2.3522,2026-07-17 00:00:00+00:00,1,102.75,0.0,2.97,42.71,0.06,5.15,5.63,1.74
Paris,FR,48.8566,2.3522,2026-07-17 01:00:00+00:00,1,101.28,0.0,2.56,39.33,0.06,5.01,5.48,1.57
Paris,FR,48.8566,2.3522,2026-07-17 02:00:00+00:00,1,100.29,0.0,2.38,33.97,0.06,4.94,5.44,1.65
Paris,FR,48.8566,2.3522,2026-07-17 03:00:00+00:00,1,99.55,0.0,2.38,29.4,0.07,4.94,5.45,1.93
Paris,FR,48.8566,2.3522,2026-07-17 04:00:00+00:00,1,99.72,0.0,2.68,25.44,0.09,5.0,5.56,2.16
Paris,FR,48.8566,2.3522,2026-07-17 05:00:00+00:00,1,102.04,0.02,3.75,21.85,0.12,5.13,5.8,1.95
Paris,FR,48.8566,2.3522,2026-07-17 06:00:00+00:00,1,105.78,0.33,5.3,19.55,0.14,5.28,6.07,1.8
Paris,FR,48.8566,2.3522,2026-07-17 07:00:00+00:00,1,109.8,0.61,5.19,29.73,0.17,5.35,6.17,2.04
Paris,FR,48.8566,2.3522,2026-07-17 08:00:00+00:00,1,111.11,1.07,4.71,33.74,0.19,5.48,6.36,2.77
Paris,FR,48.8566,2.3522,2026-07-17 09:00:00+00:00,1,111.44,1.29,4.06,39.03,0.21,5.78,6.7,3.58
Paris,FR,48.8566,2.3522,2026-07-17 10:00:00+00:00,2,108.58,0.34,2.06,80.81,0.39,5.72,6.53,3.31
Paris,FR,48.8566,2.3522,2026-07-17 11:00:00+00:00,2,104.68,0.15,1.15,93.32,0.34,5.37,5.99,2.98
Paris,FR,48.8566,2.3522,2026-07-17 12:00:00+00:00,2,102.1,0.11,0.82,97.38,0.31,5.22,5.75,2.75
Paris,FR,48.8566,2.3522,2026-07-17 13:00:00+00:00,3,99.8,0.07,0.59,100.89,0.22,4.26,4.63,2.38
Paris,FR,48.8566,2.3522,2026-07-17 14:00:00+00:00,3,97.31,0.06,0.52,101.29,0.15,3.54,3.81,2.05
Paris,FR,48.8566,2.3522,2026-07-17 15:00:00+00:00,3,96.22,0.05,0.56,101.68,0.13,3.33,3.56,1.94
Paris,FR,48.8566,2.3522,2026-07-17 16:00:00+00:00,3,96.49,0.06,0.91,100.21,0.13,3.28,3.5,2.04
Paris,FR,48.8566,2.3522,2026-07-17 17:00:00+00:00,2,96.55,0.07,1.37,96.72,0.14,3.26,3.49,2.3
Paris,FR,48.8566,2.3522,2026-07-17 18:00:00+00:00,2,96.61,0.06,1.63,94.26,0.15,3.17,3.46,2.6
Paris,FR,48.8566,2.3522,2026-07-17 19:00:00+00:00,2,95.92,0.03,1.95,90.18,0.16,3.1,3.46,3.15
Paris,FR,48.8566,2.3522,2026-07-17 20:00:00+00:00,2,96.41,0.0,2.34,83.54,0.18,3.14,3.61,3.76
Paris,FR,48.8566,2.3522,2026-07-17 21:00:00+00:00,2,96.91,0.0,2.69,77.17,0.2,3.24,3.84,4.08
Paris,FR,48.8566,2.3522,2026-07-17 22:00:00+00:00,2,96.7,0.0,2.88,71.51,0.23,3.36,4.12,3.91
Paris,FR,48.8566,2.3522,2026-07-17 23:00:00+00:00,2,97.65,0.0,2.6,70.0,0.28,3.53,4.48,3.78
Paris,FR,48.8566,2.3522,2026-07-18 00:00:00+00:00,2,98.86,0.0,2.2,71.3,0.35,3.72,4.91,3.71
Paris,FR,48.8566,2.3522,2026-07-18 01:00:00+00:00,2,98.47,0.0,1.97,66.94,0.36,3.91,5.3,3.46
Paris,FR,48.8566,2.3522,2026-07-18 02:00:00+00:00,1,97.98,0.0,1.92,56.4,0.28,4.1,5.58,2.95
Paris,FR,48.8566,2.3522,2026-07-18 03:00:00+00:00,1,97.22,0.0,1.93,46.71,0.21,4.24,5.79,2.5
Paris,FR,48.8566,2.3522,2026-07-18 04:00:00+00:00,1,96.53,0.0,2.09,38.21,0.18,4.31,5.9,2.37
Paris,FR,48.8566,2.3522,2026-07-18 05:00:00+00:00,1,98.91,0.01,2.87,31.94,0.21,4.48,6.17,2.21
Paris,FR,48.8566,2.3522,2026-07-18 06:00:00+00:00,1,103.89,0.42,3.9,28.56,0.29,4.76,6.63,2.27
Paris,FR,48.8566,2.3522,2026-07-18 07:00:00+00:00,1,111.85,1.04,3.98,35.88,0.46,5.11,7.19,2.81
Paris,FR,48.8566,2.3522,2026-07-18 08:00:00+00:00,1,116.09,1.35,3.73,41.55,0.56,5.47,7.63,3.4
Paris,FR,48.8566,2.3522,2026-07-18 09:00:00+00:00,1,117.26,1.12,3.26,52.76,0.65,6.28,8.44,3.76
Paris,FR,48.8566,2.3522,2026-07-18 10:00:00+00:00,3,106.48,0.19,1.05,103.41,0.63,5.11,6.76,2.83
Paris,FR,48.8566,2.3522,2026-07-18 11:00:00+00:00,3,98.86,0.08,0.5,109.93,0.44,4.13,5.37,2.13
Paris,FR,48.8566,2.3522,2026-07-18 12:00:00+00:00,3,96.63,0.06,0.44,109.73,0.38,3.93,5.01,1.92
Paris,FR,48.8566,2.3522,2026-07-18 13:00:00+00:00,3,96.14,0.06,0.44,110.38,0.34,3.89,4.89,1.83
Paris,FR,48.8566,2.3522,2026-07-18 14:00:00+00:00,3,95.04,0.06,0.44,110.66,0.32,3.8,4.73,1.75
Paris,FR,48.8566,2.3522,2026-07-18 15:00:00+00:00,3,94.12,0.07,0.47,111.54,0.3,3.7,4.58,1.69
Paris,FR,48.8566,2.3522,2026-07-18 16:00:00+00:00,3,94.0,0.07,0.53,113.74,0.3,3.64,4.5,1.68
Paris,FR,48.8566,2.3522,2026-07-18 17:00:00+00:00,3,93.89,0.06,0.57,115.61,0.31,3.61,4.46,1.71
Paris,FR,48.8566,2.3522,2026-07-18 18:00:00+00:00,3,93.78,0.04,0.63,117.03,0.33,3.6,4.44,1.75
Paris,FR,48.8566,2.3522,2026-07-18 19:00:00+00:00,3,94.21,0.02,0.94,113.16,0.37,3.72,4.55,2.12
Paris,FR,48.8566,2.3522,2026-07-18 20:00:00+00:00,3,95.45,0.0,1.34,106.03,0.41,3.99,4.82,2.72
Paris,FR,48.8566,2.3522,2026-07-18 21:00:00+00:00,3,97.22,0.0,1.63,101.09,0.46,4.3,5.15,3.24
Paris,FR,48.8566,2.3522,2026-07-18 22:00:00+00:00,2,98.44,0.0,1.82,96.44,0.52,4.55,5.48,3.6
Paris,FR,48.8566,2.3522,2026-07-18 23:00:00+00:00,2,102.1,0.0,1.94,93.84,0.61,4.81,5.94,3.85
Paris,FR,48.8566,2.3522,2026-07-19 00:00:00+00:00,2,107.22,0.0,2.07,92.82,0.76,4.98,6.45,3.99
Paris,FR,48.8566,2.3522,2026-07-19 01:00:00+00:00,2,111.76,0.0,2.17,92.96,0.93,4.88,6.8,3.86
Paris,FR,48.8566,2.3522,2026-07-19 02:00:00+00:00,2,114.46,0.0,2.18,89.4,0.94,4.47,6.71,3.83
Paris,FR,48.8566,2.3522,2026-07-19 03:00:00+00:00,2,114.28,0.0,2.13,84.95,0.88,3.82,6.26,3.71
Paris,FR,48.8566,2.3522,2026-07-19 04:00:00+00:00,2,110.63,0.0,2.03,79.54,0.79,3.02,5.47,3.39
Paris,FR,48.8566,2.3522,2026-07-19 05:00:00+00:00,2,108.38,0.0,2.2,74.86,0.75,2.43,4.89,3.13
Paris,FR,48.8566,2.3522,2026-07-19 06:00:00+00:00,2,107.67,0.13,2.61,70.95,0.76,2.08,4.62,2.94
Paris,FR,48.8566,2.3522,2026-07-19 07:00:00+00:00,2,106.64,0.42,2.55,68.15,0.79,1.89,4.54,2.83
Paris,FR,48.8566,2.3522,2026-07-19 08:00:00+00:00,2,106.75,0.61,2.33,68.41,0.86,1.89,4.7,2.78
Paris,FR,48.8566,2.3522,2026-07-19 09:00:00+00:00,2,107.3,0.61,2.02,72.22,0.91,2.2,5.18,2.71
Paris,FR,48.8566,2.3522,2026-07-19 10:00:00+00:00,2,106.13,0.33,1.21,82.52,0.74,2.33,4.79,2.08
Paris,FR,48.8566,2.3522,2026-07-19 11:00:00+00:00,2,103.63,0.18,0.71,88.06,0.6,2.41,4.43,1.65
Paris,FR,48.8566,2.3522,2026-07-19 12:00:00+00:00,2,102.13,0.13,0.55,90.81,0.57,2.59,4.51,1.51
Paris,FR,48.8566,2.3522,2026-07-19 13:00:00+00:00,2,101.54,0.11,0.49,94.25,0.54,2.56,4.35,1.37
Paris,FR,48.8566,2.3522,2026-07-19 14:00:00+00:00,2,99.47,0.1,0.48,95.87,0.49,2.34,3.94,1.25
Paris,FR,48.8566,2.3522,2026-07-19 15:00:00+00:00,2,98.12,0.1,0.53,96.73,0.49,2.26,3.82,1.25
Paris,FR,48.8566,2.3522,2026-07-19 16:00:00+00:00,2,98.24,0.11,0.6,98.49,0.5,2.24,3.8,1.29
Paris,FR,48.8566,2.3522,2026-07-19 17:00:00+00:00,2,98.25,0.09,0.69,99.42,0.52,2.21,3.77,1.38
Paris,FR,48.8566,2.3522,2026-07-19 18:00:00+00:00,2,98.35,0.07,0.83,99.37,0.55,2.13,3.68,1.47
Paris,FR,48.8566,2.3522,2026-07-19 19:00:00+00:00,2,98.96,0.03,1.13,97.13,0.58,2.01,3.55,1.7
Paris,FR,48.8566,2.3522,2026-07-19 20:00:00+00:00,2,100.9,0.0,1.54,93.35,0.62,1.9,3.44,2.06
Paris,FR,48.8566,2.3522,2026-07-19 21:00:00+00:00,2,102.94,0.0,1.88,88.92,0.67,1.76,3.3,2.39
Paris,FR,48.8566,2.3522,2026-07-19 22:00:00+00:00,2,103.06,0.0,2.06,83.42,0.69,1.64,3.14,2.62
Paris,FR,48.8566,2.3522,2026-07-19 23:00:00+00:00,2,103.3,0.0,2.06,79.6,0.71,1.63,3.19,2.83
Paris,FR,48.8566,2.3522,2026-07-20 00:00:00+00:00,2,102.65,0.0,2.01,76.53,0.74,1.74,3.52,3.08
Paris,FR,48.8566,2.3522,2026-07-20 01:00:00+00:00,2,100.27,0.0,1.96,73.37,0.78,1.84,4.03,3.31
Paris,FR,48.8566,2.3522,2026-07-20 02:00:00+00:00,2,98.81,0.0,1.99,71.13,0.81,1.91,4.58,3.59
Paris,FR,48.8566,2.3522,2026-07-20 03:00:00+00:00,2,98.05,0.0,2.04,69.11,0.84,1.93,5.0,3.87
Paris,FR,48.8566,2.3522,2026-07-20 04:00:00+00:00,2,96.7,0.0,2.14,66.75,0.86,1.89,5.2,4.02
Paris,FR,48.8566,2.3522,2026-07-20 05:00:00+00:00,2,97.22,0.0,2.54,64.75,0.91,1.87,5.4,4.12
Paris,FR,48.8566,2.3522,2026-07-20 06:00:00+00:00,2,98.48,0.17,3.13,63.15,0.99,1.9,5.67,4.09
Paris,FR,48.8566,2.3522,2026-07-20 07:00:00+00:00,2,99.34,0.56,3.12,62.33,1.07,2.0,6.09,3.98
Paris,FR,48.8566,2.3522,2026-07-20 08:00:00+00:00,2,100.07,0.85,2.88,63.05,1.16,2.18,6.72,3.86
Paris,FR,48.8566,2.3522,2026-07-20 09:00:00+00:00,2,100.42,0.89,2.56,66.42,1.22,2.55,7.61,3.75
Paris,FR,48.8566,2.3522,2026-07-20 10:00:00+00:00,2,98.77,0.48,1.53,79.34,1.01,2.94,8.2,2.86
Paris,FR,48.8566,2.3522,2026-07-20 11:00:00+00:00,2,95.93,0.24,0.88,87.21,0.83,3.31,8.43,2.36
Paris,FR,48.8566,2.3522,2026-07-20 12:00:00+00:00,2,94.54,0.17,0.67,91.19,0.76,3.64,8.76,2.23
Paris,FR,48.8566,2.3522,2026-07-20 13:00:00+00:00,2,94.43,0.14,0.57,95.02,0.69,3.6,8.37,2.03
Paris,FR,48.8566,2.3522,2026-07-20 14:00:00+00:00,2,93.01,0.12,0.54,96.52,0.62,3.33,7.6,1.8
Paris,FR,48.8566,2.3522,2026-07-20 15:00:00+00:00,2,91.69,0.13,0.59,97.26,0.59,3.22,7.22,1.71
Paris,FR,48.8566,2.3522,2026-07-20 16:00:00+00:00,2,91.77,0.13,0.69,98.3,0.58,3.15,6.85,1.66
Paris,FR,48.8566,2.3522,2026-07-20 17:00:00+00:00,2,91.99,0.13,0.82,97.62,0.58,3.1,6.46,1.67
Paris,FR,48.8566,2.3522,2026-07-20 18:00:00+00:00,2,92.76,0.11,1.02,95.1,0.58,3.01,6.09,1.75
Paris,FR,48.8566,2.3522,2026-07-20 19:00:00+00:00,2,93.56,0.05,1.38,90.42,0.61,2.91,5.77,1.92
Paris,FR,48.8566,2.3522,2026-07-20 20:00:00+00:00,2,95.57,0.0,1.84,85.21,0.68,2.87,5.59,2.22
Paris,FR,48.8566,2.3522,2026-07-20 21:00:00+00:00,2,97.41,0.0,2.15,80.72,0.76,2.79,5.41,2.53
Paris,FR,48.8566,2.3522,2026-07-20 22:00:00+00:00,2,97.47,0.0,2.34,76.13,0.83,2.69,5.21,2.8
Paris,FR,48.8566,2.3522,2026-07-20 23:00:00+00:00,2,98.53,0.0,2.43,73.62,0.93,2.69,5.27,3.1
Paris,FR,48.8566,2.3522,2026-07-21 00:00:00+00:00,2,99.33,0.0,2.47,72.41,1.04,2.76,5.62,3.37
Paris,FR,48.8566,2.3522,2026-07-21 01:00:00+00:00,2,98.66,0.0,2.54,71.1,1.14,2.83,6.16,3.63
Paris,FR,48.8566,2.3522,2026-07-21 02:00:00+00:00,2,98.6,0.0,2.68,69.94,1.24,2.9,6.78,3.95
Paris,FR,48.8566,2.3522,2026-07-21 03:00:00+00:00,2,98.36,0.0,2.86,67.98,1.31,2.92,7.36,4.25
Paris,FR,48.8566,2.3522,2026-07-21 04:00:00+00:00,2,97.77,0.0,3.12,65.18,1.36,2.89,7.86,4.46
Paris,FR,48.8566,2.3522,2026-07-21 05:00:00+00:00,2,98.57,0.0,3.74,62.02,1.38,2.89,8.36,4.59
Paris,FR,48.8566,2.3522,2026-07-21 06:00:00+00:00,1,100.28,0.25,4.62,59.36,1.38,2.95,8.81,4.69
Paris,FR,48.8566,2.3522,2026-07-21 07:00:00+00:00,1,102.04,0.86,4.53,57.72,1.37,3.04,9.11,4.76
Paris,FR,48.8566,2.3522,2026-07-21 08:00:00+00:00,1,103.89,1.29,4.15,58.94,1.38,3.22,9.38,4.84
Paris,FR,48.8566,2.3522,2026-07-21 09:00:00+00:00,2,105.18,1.28,3.6,64.43,1.39,3.63,9.87,4.85
Paris,FR,48.8566,2.3522,2026-07-21 10:00:00+00:00,2,102.79,0.6,2.03,81.88,1.22,4.0,9.26,3.78
Paris,FR,48.8566,2.3522,2026-07-21 11:00:00+00:00,2,100.17,0.28,1.13,93.14,1.01,4.28,8.7,3.09
Paris,FR,48.8566,2.3522,2026-07-21 12:00:00+00:00,3,98.63,0.18,0.8,100.34,0.9,4.51,8.54,2.84
Paris,FR,48.8566,2.3522,2026-07-21 13:00:00+00:00,3,97.98,0.14,0.67,106.43,0.83,4.6,8.47,2.71
Paris,FR,48.8566,2.3522,2026-07-21 14:00:00+00:00,3,96.53,0.12,0.64,109.31,0.77,4.63,8.48,2.61
Paris,FR,48.8566,2.3522,2026-07-21 15:00:00+00:00,3,95.53,0.12,0.7,111.49,0.74,4.63,8.53,2.51
Paris,FR,48.8566,2.3522,2026-07-21 16:00:00+00:00,3,95.54,0.12,0.8,114.13,0.72,4.61,8.68,2.42
Paris,FR,48.8566,2.3522,2026-07-21 17:00:00+00:00,3,95.59,0.11,0.92,115.86,0.74,4.72,9.1,2.42
Paris,FR,48.8566,2.3522,2026-07-21 18:00:00+00:00,3,95.91,0.08,1.11,116.23,0.78,4.85,9.57,2.44
Paris,FR,48.8566,2.3522,2026-07-21 19:00:00+00:00,3,97.13,0.04,1.58,113.26,0.83,5.03,10.1,2.66
Paris,FR,48.8566,2.3522,2026-07-21 20:00:00+00:00,3,100.26,0.0,2.25,107.76,0.93,5.34,10.73,3.06
Paris,FR,48.8566,2.3522,2026-07-21 21:00:00+00:00,3,104.75,0.0,2.87,102.13,1.05,5.7,11.35,3.47
Paris,FR,48.8566,2.3522,2026-07-21 22:00:00+00:00,2,108.76,0.0,3.35,95.54,1.15,6.02,11.76,3.84
Paris,FR,48.8566,2.3522,2026-07-21 23:00:00+00:00,2,114.19,0.0,3.65,90.0,1.22,6.41,12.18,4.28
Paris,FR,48.8566,2.3522,2026-07-22 00:00:00+00:00,2,119.03,0.0,3.78,85.36,1.25,6.68,12.35,4.7
Paris,FR,48.8566,2.3522,2026-07-22 01:00:00+00:00,2,117.21,0.0,4.14,76.25,1.3,5.6,9.94,5.04
Paris,FR,48.8566,2.3522,2026-07-22 02:00:00+00:00,2,117.27,0.0,4.06,72.96,1.26,5.38,9.38,5.17
Paris,FR,48.8566,2.3522,2026-07-22 03:00:00+00:00,2,116.32,0.0,4.0,70.64,1.23,5.05,8.77,5.01
Paris,FR,48.8566,2.3522,2026-07-22 04:00:00+00:00,2,113.06,0.0,3.94,68.46,1.23,4.56,8.0,4.53
Paris,FR,48.8566,2.3522,2026-07-22 05:00:00+00:00,2,111.33,0.0,4.38,65.3,1.2,4.12,7.34,4.32
Paris,FR,48.8566,2.3522,2026-07-22 06:00:00+00:00,2,110.7,0.26,5.16,62.23,1.17,3.78,6.82,4.17
Paris,FR,48.8566,2.3522,2026-07-22 07:00:00+00:00,2,110.61,0.92,5.04,60.71,1.19,3.53,6.47,4.15
Paris,FR,48.8566,2.3522,2026-07-22 08:00:00+00:00,2,111.33,1.42,4.73,61.74,1.25,3.46,6.34,4.26
Paris,FR,48.8566,2.3522,2026-07-22 09:00:00+00:00,2,112.81,1.5,4.32,67.04,1.31,3.79,6.65,4.29
Paris,FR,48.8566,2.3522,2026-07-22 10:00:00+00:00,2,105.57,0.59,2.1,89.05,1.17,4.1,6.86,3.11
Paris,FR,48.8566,2.3522,2026-07-22 11:00:00+00:00,2,101.34,0.25,1.07,98.45,1.0,4.56,7.01,2.56
Paris,FR,48.8566,2.3522,2026-07-22 12:00:00+00:00,3,99.79,0.17,0.77,102.25,0.92,5.04,7.24,2.38
Paris,FR,48.8566,2.3522,2026-07-22 13:00:00+00:00,3,99.21,0.13,0.65,104.5,0.84,5.15,7.09,2.2
Paris,FR,48.8566,2.3522,2026-07-22 14:00:00+00:00,3,97.22,0.13,0.63,104.23,0.77,4.95,6.62,2.02
Paris,FR,48.8566,2.3522,2026-07-22 15:00:00+00:00,3,95.74,0.13,0.7,104.5,0.73,4.77,6.31,1.94
Paris,FR,48.8566,2.3522,2026-07-22 16:00:00+00:00,3,95.39,0.14,0.82,105.5,0.73,4.56,6.05,1.92
Paris,FR,48.8566,2.3522,2026-07-22 17:00:00+00:00,3,94.61,0.13,0.95,105.39,0.76,4.34,5.83,1.95
Paris,FR,48.8566,2.3522,2026-07-22 18:00:00+00:00,3,94.26,0.1,1.17,104.78,0.81,4.13,5.68,2.04
Paris,FR,48.8566,2.3522,2026-07-22 19:00:00+00:00,3,94.75,0.05,1.66,101.72,0.88,3.91,5.53,2.33
Paris,FR,48.8566,2.3522,2026-07-22 20:00:00+00:00,2,96.11,0.0,2.29,96.46,0.94,3.69,5.39,2.79
Paris,FR,48.8566,2.3522,2026-07-22 21:00:00+00:00,2,97.68,0.0,2.69,91.36,0.98,3.44,5.19,3.22
Paris,FR,48.8566,2.3522,2026-07-22 22:00:00+00:00,2,97.09,0.0,2.82,85.8,0.97,3.16,4.91,3.55
Paris,FR,48.8566,2.3522,2026-07-22 23:00:00+00:00,2,97.2,0.0,2.69,82.65,0.93,2.94,4.72,3.86
Paris,FR,48.8566,2.3522,2026-07-23 00:00:00+00:00,2,96.77,0.0,2.44,80.82,0.88,2.74,4.56,4.13
Paris,FR,48.8566,2.3522,2026-07-23 01:00:00+00:00,2,95.31,0.0,2.21,78.65,0.82,2.53,4.41,4.33
Paris,FR,48.8566,2.3522,2026-07-23 02:00:00+00:00,2,95.09,0.0,2.14,77.11,0.8,2.37,4.29,4.49
Paris,FR,48.8566,2.3522,2026-07-23 03:00:00+00:00,2,95.87,0.0,2.29,74.94,0.81,2.27,4.22,4.55
Paris,FR,48.8566,2.3522,2026-07-23 04:00:00+00:00,2,96.62,0.0,2.65,71.38,0.86,2.2,4.23,4.51
Paris,FR,48.8566,2.3522,2026-07-23 05:00:00+00:00,2,98.86,0.0,3.39,68.02,0.96,2.19,4.39,4.53
Paris,FR,48.8566,2.3522,2026-07-23 06:00:00+00:00,2,101.49,0.2,4.2,65.86,1.05,2.21,4.54,4.44
Paris,FR,48.8566,2.3522,2026-07-23 07:00:00+00:00,2,102.68,0.61,3.82,66.77,1.07,2.14,4.44,3.91
Paris,FR,48.8566,2.3522,2026-07-23 08:00:00+00:00,2,103.4,0.86,3.26,68.87,1.09,2.16,4.47,3.55
Paris,FR,48.8566,2.3522,2026-07-23 09:00:00+00:00,2,104.38,0.87,2.8,73.28,1.13,2.5,4.92,3.33
Paris,FR,48.8566,2.3522,2026-07-23 10:00:00+00:00,2,103.37,0.51,1.73,82.29,0.88,2.58,4.58,2.45
Paris,FR,48.8566,2.3522,2026-07-23 11:00:00+00:00,2,103.79,0.26,1.0,87.95,0.69,2.83,4.51,1.89
Paris,FR,48.8566,2.3522,2026-07-23 12:00:00+00:00,2,106.07,0.18,0.74,91.68,0.68,3.32,5.02,1.71
Paris,FR,48.8566,2.3522,2026-07-23 13:00:00+00:00,2,110.34,0.14,0.64,96.02,0.69,3.72,5.49,1.6
Paris,FR,48.8566,2.3522,2026-07-23 14:00:00+00:00,2,113.11,0.13,0.63,97.71,0.67,3.77,5.49,1.51
Paris,FR,48.8566,2.3522,2026-07-23 15:00:00+00:00,2,115.65,0.14,0.7,98.33,0.65,3.65,5.33,1.48
Paris,FR,48.8566,2.3522,2026-07-23 16:00:00+00:00,2,119.35,0.15,0.82,99.26,0.65,3.45,5.09,1.48
Paris,FR,48.8566,2.3522,2026-07-23 17:00:00+00:00,2,122.17,0.14,0.95,98.78,0.67,3.21,4.82,1.53
Paris,FR,48.8566,2.3522,2026-07-23 18:00:00+00:00,2,124.88,0.11,1.16,97.05,0.7,2.95,4.57,1.61
Paris,FR,48.8566,2.3522,2026-07-23 19:00:00+00:00,2,127.77,0.06,1.65,92.62,0.75,2.71,4.33,1.9
Paris,FR,48.8566,2.3522,2026-07-23 20:00:00+00:00,2,131.28,0.0,2.31,86.56,0.81,2.54,4.18,2.38
Paris,FR,48.8566,2.3522,2026-07-23 21:00:00+00:00,2,134.29,0.0,2.76,80.99,0.86,2.42,4.08,2.83
Paris,FR,48.8566,2.3522,2026-07-23 22:00:00+00:00,2,134.48,0.0,3.01,74.8,0.84,2.3,3.93,3.28
Paris,FR,48.8566,2.3522,2026-07-23 23:00:00+00:00,2,135.63,0.0,3.08,70.05,0.8,2.24,3.87,3.86
Paris,FR,48.8566,2.3522,2026-07-24 00:00:00+00:00,2,136.54,0.0,3.05,66.33,0.75,2.21,3.86,4.38
Paris,FR,48.8566,2.3522,2026-07-24 01:00:00+00:00,2,136.01,0.0,3.06,62.56,0.72,2.19,3.88,4.79
Paris,FR,48.8566,2.3522,2026-07-24 02:00:00+00:00,1,137.01,0.0,3.21,59.92,0.74,2.22,3.98,5.12
Paris,FR,48.8566,2.3522,2026-07-24 03:00:00+00:00,1,137.93,0.0,3.52,57.82,0.79,2.26,4.12,5.23
Paris,FR,48.8566,2.3522,2026-07-24 04:00:00+00:00,1,137.37,0.0,3.94,55.22,0.85,2.29,4.2,5.06
Paris,FR,48.8566,2.3522,2026-07-24 05:00:00+00:00,1,137.87,0.0,4.68,53.03,0.88,2.32,4.26,4.96
Paris,FR,48.8566,2.3522,2026-07-24 06:00:00+00:00,1,138.28,0.17,5.58,52.27,0.94,2.36,4.28,4.78
Paris,FR,48.8566,2.3522,2026-07-24 07:00:00+00:00,1,137.22,0.81,5.1,55.29,1.04,2.35,4.24,4.54
Paris,FR,48.8566,2.3522,2026-07-24 08:00:00+00:00,1,136.9,1.31,4.6,58.05,1.11,2.49,4.39,4.5
Paris,FR,48.8566,2.3522,2026-07-24 09:00:00+00:00,2,136.51,1.39,4.11,63.7,1.14,2.94,4.91,4.47
Paris,FR,48.8566,2.3522,2026-07-24 10:00:00+00:00,2,128.55,0.49,1.81,84.92,0.78,2.99,4.52,2.87
Paris,FR,48.8566,2.3522,2026-07-24 11:00:00+00:00,2,123.92,0.21,0.93,94.72,0.6,3.23,4.53,2.36
Paris,FR,48.8566,2.3522,2026-07-24 12:00:00+00:00,2,121.78,0.16,0.73,99.16,0.56,3.48,4.74,2.3
Paris,FR,48.8566,2.3522,2026-07-24 13:00:00+00:00,3,122.21,0.14,0.67,103.76,0.52,3.59,4.81,2.26
Paris,FR,48.8566,2.3522,2026-07-24 14:00:00+00:00,3,121.01,0.13,0.66,106.01,0.45,3.4,4.51,2.13
Paris,FR,48.8566,2.3522,2026-07-24 15:00:00+00:00,3,119.54,0.13,0.72,107.56,0.42,3.28,4.34,2.1
Paris,FR,48.8566,2.3522,2026-07-24 16:00:00+00:00,3,119.6,0.13,0.83,110.15,0.43,3.3,4.37,2.19
Paris,FR,48.8566,2.3522,2026-07-24 17:00:00+00:00,3,119.01,0.12,0.96,111.13,0.44,3.34,4.44,2.34
Paris,FR,48.8566,2.3522,2026-07-24 18:00:00+00:00,3,118.44,0.09,1.13,110.59,0.46,3.34,4.47,2.5
Paris,FR,48.8566,2.3522,2026-07-24 19:00:00+00:00,3,119.04,0.04,1.53,107.6,0.5,3.35,4.54,2.82
Paris,FR,48.8566,2.3522,2026-07-24 20:00:00+00:00,3,121.23,0.0,2.15,102.39,0.59,3.43,4.72,3.31
Paris,FR,48.8566,2.3522,2026-07-24 21:00:00+00:00,2,124.04,0.0,2.8,97.04,0.72,3.55,4.97,3.79
Paris,FR,48.8566,2.3522,2026-07-24 22:00:00+00:00,2,124.89,0.0,3.32,90.13,0.84,3.63,5.15,4.14
Paris,FR,48.8566,2.3522,2026-07-24 23:00:00+00:00,2,126.35,0.0,3.5,84.72,0.93,3.76,5.37,4.48
Paris,FR,48.8566,2.3522,2026-07-25 00:00:00+00:00,2,126.67,0.0,3.44,80.22,0.96,3.92,5.59,4.74
Paris,FR,48.8566,2.3522,2026-07-25 01:00:00+00:00,2,125.34,0.0,3.3,76.15,0.92,4.08,5.78,4.93
Paris,FR,48.8566,2.3522,2026-07-25 02:00:00+00:00,2,124.68,0.0,3.22,73.23,0.87,4.31,6.05,5.17
Paris,FR,48.8566,2.3522,2026-07-25 03:00:00+00:00,2,124.42,0.0,3.21,70.9,0.82,4.57,6.33,5.4
Paris,FR,48.8566,2.3522,2026-07-25 04:00:00+00:00,2,123.5,0.0,3.31,67.9,0.77,4.82,6.6,5.52
Paris,FR,48.8566,2.3522,2026-07-25 05:00:00+00:00,2,124.23,0.0,3.85,64.28,0.74,5.12,6.95,5.63
Paris,FR,48.8566,2.3522,2026-07-25 06:00:00+00:00,2,125.41,0.1,4.87,60.8,0.74,5.45,7.34,5.66
Paris,FR,48.8566,2.3522,2026-07-25 07:00:00+00:00,1,125.61,0.54,5.09,59.11,0.76,5.69,7.64,5.58
Paris,FR,48.8566,2.3522,2026-07-25 08:00:00+00:00,2,125.16,0.97,4.74,61.11,0.83,5.9,7.92,5.41
Paris,FR,48.8566,2.3522,2026-07-25 09:00:00+00:00,2,124.5,1.05,4.17,68.42,0.91,6.28,8.37,5.17
Paris,FR,48.8566,2.3522,2026-07-25 10:00:00+00:00,2,116.1,0.3,1.61,99.96,0.75,5.64,7.25,3.17
Paris,FR,48.8566,2.3522,2026-07-25 11:00:00+00:00,3,117.12,0.15,0.9,109.51,0.62,6.2,7.55,2.68
Paris,FR,48.8566,2.3522,2026-07-25 12:00:00+00:00,3,119.68,0.12,0.77,113.94,0.58,7.12,8.4,2.57
Paris,FR,48.8566,2.3522,2026-07-25 13:00:00+00:00,3,123.16,0.11,0.74,118.32,0.53,8.12,9.32,2.5
Paris,FR,48.8566,2.3522,2026-07-25 14:00:00+00:00,3,128.21,0.1,0.76,120.31,0.47,9.51,10.59,2.44
Paris,FR,48.8566,2.3522,2026-07-25 15:00:00+00:00,3,132.2,0.09,0.84,121.7,0.43,10.59,11.59,2.44
Paris,FR,48.8566,2.3522,2026-07-25 16:00:00+00:00,3,135.71,0.08,0.94,123.33,0.41,11.34,12.26,2.47
Rome,IT,41.9028,12.4964,2026-04-26 16:00:00+00:00,3,122.28,0.03,0.25,115.18,0.52,5.23,8.42,1.47
Rome,IT,41.9028,12.4964,2026-04-26 17:00:00+00:00,3,122.05,0.02,0.32,113.96,0.53,5.28,8.49,1.5
Rome,IT,41.9028,12.4964,2026-04-26 18:00:00+00:00,3,121.65,0.0,0.39,112.98,0.53,5.3,8.47,1.51
Rome,IT,41.9028,12.4964,2026-04-26 19:00:00+00:00,3,121.74,0.0,0.39,112.43,0.53,5.29,8.4,1.51
Rome,IT,41.9028,12.4964,2026-04-26 20:00:00+00:00,3,121.51,0.0,0.38,112.16,0.53,5.25,8.27,1.48
Rome,IT,41.9028,12.4964,2026-04-26 21:00:00+00:00,3,121.46,0.0,0.37,111.81,0.53,5.22,8.17,1.44
Rome,IT,41.9028,12.4964,2026-04-26 22:00:00+00:00,3,121.31,0.0,0.36,111.13,0.52,5.21,8.13,1.36
Rome,IT,41.9028,12.4964,2026-04-26 23:00:00+00:00,3,121.23,0.0,0.35,110.28,0.5,5.24,8.21,1.27
Rome,IT,41.9028,12.4964,2026-04-27 00:00:00+00:00,3,121.44,0.0,0.35,109.75,0.51,5.31,8.38,1.22
Rome,IT,41.9028,12.4964,2026-04-27 01:00:00+00:00,3,121.58,0.0,0.34,109.8,0.53,5.41,8.59,1.21
Rome,IT,41.9028,12.4964,2026-04-27 02:00:00+00:00,3,121.94,0.0,0.34,110.11,0.54,5.5,8.79,1.17
Rome,IT,41.9028,12.4964,2026-04-27 03:00:00+00:00,3,122.11,0.0,0.33,110.1,0.54,5.59,8.96,1.11
Rome,IT,41.9028,12.4964,2026-04-27 04:00:00+00:00,3,121.99,0.0,0.32,109.76,0.54,5.65,9.07,1.04
Rome,IT,41.9028,12.4964,2026-04-27 05:00:00+00:00,3,121.85,0.0,0.34,109.72,0.54,5.69,9.07,0.98
Rome,IT,41.9028,12.4964,2026-04-27 06:00:00+00:00,3,121.71,0.01,0.38,109.92,0.53,5.71,9.01,0.94
Rome,IT,41.9028,12.4964,2026-04-27 07:00:00+00:00,3,121.54,0.04,0.35,110.41,0.52,5.72,8.87,0.91
Rome,IT,41.9028,12.4964,2026-04-27 08:00:00+00:00,3,121.53,0.04,0.3,111.27,0.49,5.73,8.73,0.87
Rome,IT,41.9028,12.4964,2026-04-27 09:00:00+00:00,3,121.25,0.04,0.24,112.6,0.46,5.72,8.55,0.86
Rome,IT,41.9028,12.4964,2026-04-27 10:00:00+00:00,3,121.11,0.03,0.19,113.82,0.44,5.68,8.37,0.88
Rome,IT,41.9028,12.4964,2026-04-27 11:00:00+00:00,3,120.93,0.03,0.15,113.82,0.41,5.68,8.3,0.86
Rome,IT,41.9028,12.4964,2026-04-27 12:00:00+00:00,3,120.76,0.02,0.14,113.42,0.4,5.68,8.23,0.84
Rome,IT,41.9028,12.4964,2026-04-27 13:00:00+00:00,3,120.56,0.02,0.13,113.64,0.38,5.66,8.12,0.83
Rome,IT,41.9028,12.4964,2026-04-27 14:00:00+00:00,3,120.34,0.02,0.13,113.52,0.37,5.61,8.01,0.83
Rome,IT,41.9028,12.4964,2026-04-27 15:00:00+00:00,3,119.94,0.02,0.15,113.48,0.37,5.58,7.93,0.82
Rome,IT,41.9028,12.4964,2026-04-27 16:00:00+00:00,3,120.04,0.02,0.17,113.71,0.36,5.57,7.9,0.81
Rome,IT,41.9028,12.4964,2026-04-27 17:00:00+00:00,3,119.89,0.01,0.22,112.95,0.37,5.56,7.87,0.79
Rome,IT,41.9028,12.4964,2026-04-27 18:00:00+00:00,3,119.83,0.0,0.27,112.9,0.38,5.55,7.82,0.8
Rome,IT,41.9028,12.4964,2026-04-27 19:00:00+00:00,3,119.92,0.0,0.28,113.05,0.39,5.56,7.79,0.8
Rome,IT,41.9028,12.4964,2026-04-27 20:00:00+00:00,3,119.97,0.0,0.28,112.39,0.4,5.57,7.79,0.77
Rome,IT,41.9028,12.4964,2026-04-27 21:00:00+00:00,3,119.83,0.0,0.27,111.58,0.4,5.58,7.75,0.75
Rome,IT,41.9028,12.4964,2026-04-27 22:00:00+00:00,3,119.68,0.0,0.27,110.66,0.4,5.57,7.67,0.73
Rome,IT,41.9028,12.4964,2026-04-27 23:00:00+00:00,3,119.5,0.0,0.27,109.49,0.4,5.56,7.61,0.7
Rome,IT,41.9028,12.4964,2026-04-28 00:00:00+00:00,3,119.33,0.0,0.26,109.26,0.4,5.55,7.55,0.69
Rome,IT,41.9028,12.4964,2026-04-28 01:00:00+00:00,3,119.08,0.0,0.25,110.23,0.4,5.53,7.46,0.69
Rome,IT,41.9028,12.4964,2026-04-28 02:00:00+00:00,3,118.95,0.0,0.25,110.43,0.41,5.52,7.41,0.67
Rome,IT,41.9028,12.4964,2026-04-28 03:00:00+00:00,3,118.9,0.0,0.26,110.47,0.41,5.52,7.37,0.64
Rome,IT,41.9028,12.4964,2026-04-28 04:00:00+00:00,3,118.48,0.0,0.25,110.43,0.42,5.51,7.32,0.61
Rome,IT,41.9028,12.4964,2026-04-28 05:00:00+00:00,3,118.05,0.0,0.28,110.54,0.42,5.5,7.3,0.58
Rome,IT,41.9028,12.4964,2026-04-28 06:00:00+00:00,3,117.81,0.01,0.32,110.72,0.43,5.51,7.3,0.57
Rome,IT,41.9028,12.4964,2026-04-28 07:00:00+00:00,3,117.73,0.03,0.3,110.97,0.43,5.52,7.31,0.57
Rome,IT,41.9028,12.4964,2026-04-28 08:00:00+00:00,3,117.72,0.04,0.25,111.35,0.43,5.54,7.33,0.58
Rome,IT,41.9028,12.4964,2026-04-28 09:00:00+00:00,3,117.98,0.03,0.2,111.81,0.41,5.54,7.31,0.62
Rome,IT,41.9028,12.4964,2026-04-28 10:00:00+00:00,3,117.93,0.03,0.15,112.47,0.36,5.47,7.14,0.66
Rome,IT,41.9028,12.4964,2026-04-28 11:00:00+00:00,3,117.73,0.02,0.13,111.66,0.34,5.42,7.05,0.66
Rome,IT,41.9028,12.4964,2026-04-28 12:00:00+00:00,3,117.08,0.02,0.12,110.54,0.32,5.4,7.02,0.64
Rome,IT,41.9028,12.4964,2026-04-28 13:00:00+00:00,3,116.87,0.02,0.12,109.5,0.31,5.39,7.02,0.61
Rome,IT,41.9028,12.4964,2026-04-28 14:00:00+00:00,3,116.2,0.02,0.13,108.44,0.3,5.34,6.98,0.61
Rome,IT,41.9028,12.4964,2026-04-28 15:00:00+00:00,3,115.53,0.02,0.14,108.33,0.3,5.24,6.86,0.63
Rome,IT,41.9028,12.4964,2026-04-28 16:00:00+00:00,3,115.72,0.02,0.17,109.89,0.31,5.09,6.64,0.68
Rome,IT,41.9028,12.4964,2026-04-28 17:00:00+00:00,3,115.4,0.01,0.21,110.16,0.3,4.96,6.47,0.71
Rome,IT,41.9028,12.4964,2026-04-28 18:00:00+00:00,3,115.08,0.0,0.25,110.42,0.3,4.82,6.3,0.72
Rome,IT,41.9028,12.4964,2026-04-28 19:00:00+00:00,3,115.09,0.0,0.26,110.59,0.3,4.72,6.16,0.74
Rome,IT,41.9028,12.4964,2026-04-28 20:00:00+00:00,3,115.16,0.0,0.26,110.58,0.31,4.64,6.08,0.73
Rome,IT,41.9028,12.4964,2026-04-28 21:00:00+00:00,3,114.96,0.0,0.27,110.18,0.32,4.59,6.11,0.71
Rome,IT,41.9028,12.4964,2026-04-28 22:00:00+00:00,3,114.63,0.0,0.28,108.65,0.33,4.59,6.28,0.66
Rome,IT,41.9028,12.4964,2026-04-28 23:00:00+00:00,3,114.46,0.0,0.3,106.79,0.35,4.66,6.58,0.6
Rome,IT,41.9028,12.4964,2026-04-29 00:00:00+00:00,3,114.47,0.0,0.31,105.78,0.39,4.76,6.88,0.57
Rome,IT,41.9028,12.4964,2026-04-29 01:00:00+00:00,3,114.47,0.0,0.32,106.09,0.43,4.87,7.17,0.56
Rome,IT,41.9028,12.4964,2026-04-29 02:00:00+00:00,3,114.45,0.0,0.32,105.69,0.45,4.96,7.44,0.54
Rome,IT,41.9028,12.4964,2026-04-29 03:00:00+00:00,3,114.62,0.0,0.32,105.83,0.48,5.06,7.68,0.52
Rome,IT,41.9028,12.4964,2026-04-29 04:00:00+00:00,3,114.72,0.0,0.31,106.62,0.5,5.19,7.87,0.5
Rome,IT,41.9028,12.4964,2026-04-29 05:00:00+00:00,3,114.83,0.0,0.34,107.18,0.52,5.29,8.05,0.49
Rome,IT,41.9028,12.4964,2026-04-29 06:00:00+00:00,3,115.4,0.01,0.41,108.06,0.54,5.38,8.17,0.51
Rome,IT,41.9028,12.4964,2026-04-29 07:00:00+00:00,3,116.22,0.03,0.42,108.92,0.58,5.52,8.3,0.51
Rome,IT,41.9028,12.4964,2026-04-29 08:00:00+00:00,3,116.94,0.04,0.4,109.46,0.64,5.8,8.67,0.47
Rome,IT,41.9028,12.4964,2026-04-29 09:00:00+00:00,3,117.38,0.05,0.35,110.08,0.73,6.23,9.29,0.41
Rome,IT,41.9028,12.4964,2026-04-29 10:00:00+00:00,3,117.34,0.04,0.29,110.43,0.84,6.84,10.14,0.34
Rome,IT,41.9028,12.4964,2026-04-29 11:00:00+00:00,3,116.63,0.04,0.24,110.28,0.93,7.5,11.04,0.31
Rome,IT,41.9028,12.4964,2026-04-29 12:00:00+00:00,3,116.11,0.03,0.21,109.98,0.99,8.15,11.86,0.3
Rome,IT,41.9028,12.4964,2026-04-29 13:00:00+00:00,3,115.95,0.03,0.2,110.39,1.09,8.95,12.82,0.27
Rome,IT,41.9028,12.4964,2026-04-29 14:00:00+00:00,3,115.98,0.03,0.2,110.48,1.18,9.73,13.72,0.22
Rome,IT,41.9028,12.4964,2026-04-29 15:00:00+00:00,3,116.37,0.02,0.21,110.81,1.28,10.5,14.52,0.18
Rome,IT,41.9028,12.4964,2026-04-29 16:00:00+00:00,3,117.32,0.02,0.25,111.62,1.41,11.34,15.38,0.13
Rome,IT,41.9028,12.4964,2026-04-29 17:00:00+00:00,3,118.19,0.01,0.3,112.05,1.59,12.42,16.53,0.04
Rome,IT,41.9028,12.4964,2026-04-29 18:00:00+00:00,3,118.97,0.0,0.33,112.87,1.89,13.88,18.1,0.0
Rome,IT,41.9028,12.4964,2026-04-29 19:00:00+00:00,3,120.35,0.0,0.31,113.9,2.18,15.57,19.55,0.0
Rome,IT,41.9028,12.4964,2026-04-29 20:00:00+00:00,3,121.05,0.0,0.31,113.65,2.17,16.79,20.44,0.0
Rome,IT,41.9028,12.4964,2026-04-29 21:00:00+00:00,3,121.3,0.0,0.31,112.24,2.01,17.37,20.82,0.0
Rome,IT,41.9028,12.4964,2026-04-29 22:00:00+00:00,3,121.31,0.0,0.31,110.85,1.9,17.53,20.62,0.0
Rome,IT,41.9028,12.4964,2026-04-29 23:00:00+00:00,3,121.63,0.0,0.31,111.05,1.89,17.89,20.61,0.0
Rome,IT,41.9028,12.4964,2026-04-30 00:00:00+00:00,3,121.77,0.0,0.3,112.03,1.87,18.29,20.69,0.0
Rome,IT,41.9028,12.4964,2026-04-30 01:00:00+00:00,3,121.25,0.0,0.28,112.61,1.8,18.47,20.76,0.0
Rome,IT,41.9028,12.4964,2026-04-30 02:00:00+00:00,3,120.91,0.0,0.26,113.96,1.7,18.43,20.8,0.0
Rome,IT,41.9028,12.4964,2026-04-30 03:00:00+00:00,3,121.21,0.0,0.28,115.3,1.54,18.11,20.59,0.0
Rome,IT,41.9028,12.4964,2026-04-30 04:00:00+00:00,3,125.54,0.0,0.39,116.12,1.29,17.06,19.34,0.0
Rome,IT,41.9028,12.4964,2026-04-30 05:00:00+00:00,3,131.62,0.0,0.58,115.24,1.07,16.28,18.33,0.0
Rome,IT,41.9028,12.4964,2026-04-30 06:00:00+00:00,3,135.25,0.02,0.8,115.38,0.9,15.31,17.16,0.0
Rome,IT,41.9028,12.4964,2026-04-30 07:00:00+00:00,3,132.49,0.05,0.72,116.46,0.76,14.0,15.79,0.0
Rome,IT,41.9028,12.4964,2026-04-30 08:00:00+00:00,3,131.47,0.06,0.62,116.68,0.68,13.1,14.91,0.0
Rome,IT,41.9028,12.4964,2026-04-30 09:00:00+00:00,3,130.08,0.06,0.46,116.99,0.62,12.35,14.11,0.0
Rome,IT,41.9028,12.4964,2026-04-30 10:00:00+00:00,3,128.29,0.05,0.31,117.48,0.59,11.91,13.67,0.0
Rome,IT,41.9028,12.4964,2026-04-30 11:00:00+00:00,3,126.72,0.03,0.22,117.7,0.58,11.64,13.48,0.0
Rome,IT,41.9028,12.4964,2026-04-30 12:00:00+00:00,3,125.07,0.03,0.2,118.3,0.61,11.49,13.5,0.0
Rome,IT,41.9028,12.4964,2026-04-30 13:00:00+00:00,3,124.09,0.03,0.19,119.41,0.64,11.26,13.46,0.0
Rome,IT,41.9028,12.4964,2026-04-30 14:00:00+00:00,3,123.15,0.03,0.2,119.78,0.66,11.04,13.53,0.05
Rome,IT,41.9028,12.4964,2026-04-30 15:00:00+00:00,3,123.76,0.03,0.22,120.06,0.67,11.02,13.86,0.29
Rome,IT,41.9028,12.4964,2026-04-30 16:00:00+00:00,3,125.56,0.03,0.28,119.65,0.67,10.96,14.2,0.67
Rome,IT,41.9028,12.4964,2026-04-30 17:00:00+00:00,3,127.27,0.02,0.37,118.54,0.65,10.72,14.25,1.03
Rome,IT,41.9028,12.4964,2026-04-30 18:00:00+00:00,3,128.61,0.0,0.47,117.27,0.62,10.18,13.8,1.28
Rome,IT,41.9028,12.4964,2026-04-30 19:00:00+00:00,3,129.89,0.0,0.48,117.26,0.59,9.51,13.07,1.39
Rome,IT,41.9028,12.4964,2026-04-30 20:00:00+00:00,3,130.63,0.0,0.45,116.89,0.53,8.47,11.76,1.4
Rome,IT,41.9028,12.4964,2026-04-30 21:00:00+00:00,3,130.83,0.0,0.45,115.19,0.47,7.13,10.2,1.53
Rome,IT,41.9028,12.4964,2026-04-30 22:00:00+00:00,3,131.4,0.0,0.48,114.03,0.42,5.4,8.07,1.85
Rome,IT,41.9028,12.4964,2026-04-30 23:00:00+00:00,3,133.79,0.0,0.54,113.9,0.45,4.49,7.17,2.28
Rome,IT,41.9028,12.4964,2026-05-01 00:00:00+00:00,3,135.46,0.0,0.57,113.76,0.53,4.21,7.22,2.64
Rome,IT,41.9028,12.4964,2026-05-01 01:00:00+00:00,3,134.83,0.0,0.57,112.75,0.66,4.03,7.48,2.86
Rome,IT,41.9028,12.4964,2026-05-01 02:00:00+00:00,3,134.47,0.0,0.58,111.33,0.81,3.88,7.98,3.03
Rome,IT,41.9028,12.4964,2026-05-01 03:00:00+00:00,3,133.18,0.0,0.54,110.77,0.91,3.63,8.22,3.04
Rome,IT,41.9028,12.4964,2026-05-01 04:00:00+00:00,3,131.39,0.0,0.48,110.34,0.94,3.29,8.03,2.94
Rome,IT,41.9028,12.4964,2026-05-01 05:00:00+00:00,3,130.57,0.0,0.51,110.66,0.94,2.98,7.42,2.89
Rome,IT,41.9028,12.4964,2026-05-01 06:00:00+00:00,3,131.5,0.02,0.65,110.51,0.94,2.87,6.98,2.96
Rome,IT,41.9028,12.4964,2026-05-01 07:00:00+00:00,3,132.52,0.05,0.7,109.95,0.92,2.87,6.51,3.04
Rome,IT,41.9028,12.4964,2026-05-01 08:00:00+00:00,3,133.71,0.07,0.73,110.5,0.88,3.0,6.16,3.1
Rome,IT,41.9028,12.4964,2026-05-01 09:00:00+00:00,3,134.9,0.09,0.71,111.76,0.84,3.29,6.09,3.15
Rome,IT,41.9028,12.4964,2026-05-01 10:00:00+00:00,3,135.6,0.09,0.62,114.17,0.83,3.72,6.25,3.17
Rome,IT,41.9028,12.4964,2026-05-01 11:00:00+00:00,3,136.82,0.08,0.5,117.91,0.84,4.29,6.62,3.17
Rome,IT,41.9028,12.4964,2026-05-01 12:00:00+00:00,3,137.58,0.07,0.4,122.2,0.88,4.79,6.94,3.15
Rome,IT,41.9028,12.4964,2026-05-01 13:00:00+00:00,3,137.11,0.06,0.35,126.22,0.9,4.93,6.86,3.07
Rome,IT,41.9028,12.4964,2026-05-01 14:00:00+00:00,3,135.78,0.05,0.34,128.54,0.87,4.72,6.39,2.98
Rome,IT,41.9028,12.4964,2026-05-01 15:00:00+00:00,3,134.08,0.05,0.35,130.38,0.82,4.42,5.89,2.89
Rome,IT,41.9028,12.4964,2026-05-01 16:00:00+00:00,3,133.66,0.04,0.42,130.24,0.78,4.22,5.61,2.69
Rome,IT,41.9028,12.4964,2026-05-01 17:00:00+00:00,3,132.77,0.03,0.52,128.76,0.77,4.04,5.42,2.53
Rome,IT,41.9028,12.4964,2026-05-01 18:00:00+00:00,3,132.34,0.01,0.62,128.54,0.79,3.84,5.25,2.49
Rome,IT,41.9028,12.4964,2026-05-01 19:00:00+00:00,3,132.81,0.0,0.6,129.81,0.83,3.73,5.18,2.5
Rome,IT,41.9028,12.4964,2026-05-01 20:00:00+00:00,3,133.72,0.0,0.54,129.89,0.84,3.74,5.22,2.51
Rome,IT,41.9028,12.4964,2026-05-01 21:00:00+00:00,3,134.35,0.0,0.48,130.44,0.8,3.75,5.24,2.46
Rome,IT,41.9028,12.4964,2026-05-01 22:00:00+00:00,3,131.23,0.0,0.38,130.54,0.64,3.11,4.43,2.24
Rome,IT,41.9028,12.4964,2026-05-01 23:00:00+00:00,3,127.85,0.0,0.34,128.13,0.54,2.4,3.66,1.95
Rome,IT,41.9028,12.4964,2026-05-02 00:00:00+00:00,3,125.85,0.0,0.32,126.35,0.53,1.87,3.2,1.71
Rome,IT,41.9028,12.4964,2026-05-02 01:00:00+00:00,3,124.37,0.0,0.3,124.6,0.56,1.55,3.06,1.52
Rome,IT,41.9028,12.4964,2026-05-02 02:00:00+00:00,3,123.87,0.0,0.31,123.06,0.6,1.39,2.95,1.39
Rome,IT,41.9028,12.4964,2026-05-02 03:00:00+00:00,3,123.48,0.0,0.31,121.36,0.61,1.31,2.77,1.33
Rome,IT,41.9028,12.4964,2026-05-02 04:00:00+00:00,3,124.0,0.0,0.32,120.55,0.6,1.31,2.57,1.32
Rome,IT,41.9028,12.4964,2026-05-02 05:00:00+00:00,3,124.25,0.0,0.38,120.14,0.56,1.34,2.38,1.35
Rome,IT,41.9028,12.4964,2026-05-02 06:00:00+00:00,3,124.32,0.02,0.47,120.04,0.54,1.4,2.3,1.41
Rome,IT,41.9028,12.4964,2026-05-02 07:00:00+00:00,3,124.76,0.05,0.5,120.11,0.54,1.52,2.36,1.5
Rome,IT,41.9028,12.4964,2026-05-02 08:00:00+00:00,3,125.29,0.07,0.52,121.29,0.55,1.73,2.6,1.58
Rome,IT,41.9028,12.4964,2026-05-02 09:00:00+00:00,3,125.74,0.08,0.49,123.42,0.59,2.06,2.99,1.64
Rome,IT,41.9028,12.4964,2026-05-02 10:00:00+00:00,3,125.76,0.07,0.41,125.5,0.65,2.45,3.41,1.67
Rome,IT,41.9028,12.4964,2026-05-02 11:00:00+00:00,3,125.74,0.06,0.34,127.37,0.69,2.79,3.78,1.67
Rome,IT,41.9028,12.4964,2026-05-02 12:00:00+00:00,3,125.62,0.05,0.29,128.61,0.7,3.03,4.05,1.64
Rome,IT,41.9028,12.4964,2026-05-02 13:00:00+00:00,3,125.09,0.04,0.26,129.17,0.7,3.13,4.18,1.6
Rome,IT,41.9028,12.4964,2026-05-02 14:00:00+00:00,3,124.6,0.04,0.25,129.05,0.68,3.12,4.21,1.56
Rome,IT,41.9028,12.4964,2026-05-02 15:00:00+00:00,3,123.94,0.03,0.25,128.46,0.65,3.05,4.17,1.52
Rome,IT,41.9028,12.4964,2026-05-02 16:00:00+00:00,3,123.65,0.03,0.28,128.03,0.62,2.95,4.14,1.46
Rome,IT,41.9028,12.4964,2026-05-02 17:00:00+00:00,3,123.01,0.02,0.32,127.31,0.6,2.81,4.1,1.4
Rome,IT,41.9028,12.4964,2026-05-02 18:00:00+00:00,3,122.45,0.0,0.36,126.42,0.59,2.64,3.99,1.34
Rome,IT,41.9028,12.4964,2026-05-02 19:00:00+00:00,3,122.33,0.0,0.34,125.61,0.59,2.5,3.88,1.29
Rome,IT,41.9028,12.4964,2026-05-02 20:00:00+00:00,3,122.18,0.0,0.31,124.54,0.6,2.42,3.8,1.25
Rome,IT,41.9028,12.4964,2026-05-02 21:00:00+00:00,3,121.84,0.0,0.3,123.46,0.61,2.37,3.81,1.22
Rome,IT,41.9028,12.4964,2026-05-02 22:00:00+00:00,3,121.67,0.0,0.31,121.6,0.65,2.42,4.05,1.15
Rome,IT,41.9028,12.4964,2026-05-02 23:00:00+00:00,3,121.77,0.0,0.32,119.4,0.65,2.48,4.29,1.08
Rome,IT,41.9028,12.4964,2026-05-03 00:00:00+00:00,3,122.05,0.0,0.32,117.68,0.63,2.52,4.35,1.06
Rome,IT,41.9028,12.4964,2026-05-03 01:00:00+00:00,3,121.89,0.0,0.32,116.75,0.63,2.55,4.35,1.05
Rome,IT,41.9028,12.4964,2026-05-03 02:00:00+00:00,3,122.02,0.0,0.33,116.32,0.64,2.57,4.36,1.06
Rome,IT,41.9028,12.4964,2026-05-03 03:00:00+00:00,3,122.43,0.0,0.32,116.19,0.66,2.61,4.38,1.07
Rome,IT,41.9028,12.4964,2026-05-03 04:00:00+00:00,3,122.46,0.0,0.32,115.99,0.67,2.63,4.4,1.07
Rome,IT,41.9028,12.4964,2026-05-03 05:00:00+00:00,3,122.76,0.0,0.39,115.39,0.65,2.67,4.46,1.03
Rome,IT,41.9028,12.4964,2026-05-03 06:00:00+00:00,3,122.88,0.02,0.4,116.04,0.64,2.72,4.55,1.03
Rome,IT,41.9028,12.4964,2026-05-03 07:00:00+00:00,3,122.89,0.03,0.37,118.1,0.63,2.78,4.59,1.08
Rome,IT,41.9028,12.4964,2026-05-03 08:00:00+00:00,3,122.89,0.04,0.33,118.57,0.6,2.84,4.63,1.09
Rome,IT,41.9028,12.4964,2026-05-03 09:00:00+00:00,3,122.6,0.04,0.28,118.79,0.58,2.9,4.68,1.08
Rome,IT,41.9028,12.4964,2026-05-03 10:00:00+00:00,3,122.28,0.04,0.23,118.99,0.55,2.98,4.72,1.07
Rome,IT,41.9028,12.4964,2026-05-03 11:00:00+00:00,3,121.74,0.03,0.19,118.75,0.52,3.06,4.76,1.06
Rome,IT,41.9028,12.4964,2026-05-03 12:00:00+00:00,3,121.29,0.03,0.17,118.35,0.5,3.12,4.77,1.06
Rome,IT,41.9028,12.4964,2026-05-03 13:00:00+00:00,3,120.84,0.03,0.17,118.12,0.49,3.15,4.76,1.06
Rome,IT,41.9028,12.4964,2026-05-03 14:00:00+00:00,3,120.13,0.03,0.17,117.42,0.47,3.12,4.74,1.04
Rome,IT,41.9028,12.4964,2026-05-03 15:00:00+00:00,3,119.32,0.03,0.19,116.72,0.46,3.07,4.72,1.03
Rome,IT,41.9028,12.4964,2026-05-03 16:00:00+00:00,3,118.9,0.02,0.21,116.51,0.46,3.03,4.76,1.02
Rome,IT,41.9028,12.4964,2026-05-03 17:00:00+00:00,3,118.5,0.01,0.25,116.32,0.5,3.04,4.91,1.0
Rome,IT,41.9028,12.4964,2026-05-03 18:00:00+00:00,3,118.29,0.0,0.29,116.05,0.59,3.15,5.22,0.96
Rome,IT,41.9028,12.4964,2026-05-03 19:00:00+00:00,3,118.56,0.0,0.29,116.13,0.7,3.39,5.7,0.91
Rome,IT,41.9028,12.4964,2026-05-03 20:00:00+00:00,3,118.58,0.0,0.28,115.68,0.83,3.7,6.27,0.84
Rome,IT,41.9028,12.4964,2026-05-03 21:00:00+00:00,3,118.79,0.0,0.27,115.16,0.95,4.04,6.91,0.76
Rome,IT,41.9028,12.4964,2026-05-03 22:00:00+00:00,3,118.9,0.0,0.27,114.39,1.05,4.39,7.58,0.68
Rome,IT,41.9028,12.4964,2026-05-03 23:00:00+00:00,3,119.2,0.0,0.27,113.63,1.12,4.69,8.21,0.61
Rome,IT,41.9028,12.4964,2026-05-04 00:00:00+00:00,3,119.31,0.0,0.27,113.01,1.16,4.91,8.77,0.56
Rome,IT,41.9028,12.4964,2026-05-04 01:00:00+00:00,3,119.7,0.0,0.26,112.8,1.18,5.04,9.27,0.55
Rome,IT,41.9028,12.4964,2026-05-04 02:00:00+00:00,3,119.73,0.0,0.25,112.44,1.15,5.02,9.62,0.56
Rome,IT,41.9028,12.4964,2026-05-04 03:00:00+00:00,3,119.58,0.0,0.25,112.16,1.1,4.92,9.84,0.56
Rome,IT,41.9028,12.4964,2026-05-04 04:00:00+00:00,3,119.3,0.0,0.24,112.08,1.06,4.94,10.1,0.52
Rome,IT,41.9028,12.4964,2026-05-04 05:00:00+00:00,3,119.54,0.0,0.26,112.28,1.06,5.2,10.59,0.46
Rome,IT,41.9028,12.4964,2026-05-04 06:00:00+00:00,3,120.33,0.01,0.32,112.71,1.12,5.53,11.12,0.41
Rome,IT,41.9028,12.4964,2026-05-04 07:00:00+00:00,3,121.23,0.02,0.34,113.33,1.21,5.83,11.44,0.38
Rome,IT,41.9028,12.4964,2026-05-04 08:00:00+00:00,3,121.88,0.03,0.33,113.81,1.27,6.12,11.57,0.35
Rome,IT,41.9028,12.4964,2026-05-04 09:00:00+00:00,3,121.8,0.04,0.29,113.98,1.3,6.51,11.86,0.31
Rome,IT,41.9028,12.4964,2026-05-04 10:00:00+00:00,3,121.31,0.03,0.25,113.63,1.33,7.11,12.51,0.23
Rome,IT,41.9028,12.4964,2026-05-04 11:00:00+00:00,3,120.49,0.03,0.21,113.15,1.38,7.68,13.18,0.16
Rome,IT,41.9028,12.4964,2026-05-04 12:00:00+00:00,3,119.76,0.03,0.19,112.6,1.4,8.03,13.55,0.12
Rome,IT,41.9028,12.4964,2026-05-04 13:00:00+00:00,3,119.37,0.02,0.18,112.73,1.52,8.03,12.16,0.07
Rome,IT,41.9028,12.4964,2026-05-04 14:00:00+00:00,3,118.94,0.01,0.19,112.76,1.44,8.01,10.77,0.01
Rome,IT,41.9028,12.4964,2026-05-04 15:00:00+00:00,3,118.78,0.01,0.21,113.02,1.32,8.15,10.32,0.0
Rome,IT,41.9028,12.4964,2026-05-04 16:00:00+00:00,3,118.67,0.01,0.24,113.0,1.24,8.35,10.62,0.0
Rome,IT,41.9028,12.4964,2026-05-04 17:00:00+00:00,3,118.59,0.0,0.27,112.85,1.2,8.58,11.08,0.0
Rome,IT,41.9028,12.4964,2026-05-04 18:00:00+00:00,3,118.43,0.0,0.29,112.7,1.16,8.43,10.94,0.0
Rome,IT,41.9028,12.4964,2026-05-04 19:00:00+00:00,3,118.59,0.0,0.28,113.16,1.1,8.52,11.3,0.0
Rome,IT,41.9028,12.4964,2026-05-04 20:00:00+00:00,3,118.9,0.0,0.27,113.66,1.13,8.65,12.17,0.0
Rome,IT,41.9028,12.4964,2026-05-04 21:00:00+00:00,3,119.03,0.0,0.26,113.69,1.21,8.82,13.23,0.0
Rome,IT,41.9028,12.4964,2026-05-04 22:00:00+00:00,3,118.84,0.0,0.25,113.22,1.32,8.87,13.66,0.0
Rome,IT,41.9028,12.4964,2026-05-04 23:00:00+00:00,3,118.71,0.0,0.25,112.71,1.48,9.04,13.88,0.0
Rome,IT,41.9028,12.4964,2026-05-05 00:00:00+00:00,3,118.85,0.0,0.25,112.2,1.8,10.26,15.49,0.0
Rome,IT,41.9028,12.4964,2026-05-05 01:00:00+00:00,3,119.72,0.0,0.26,112.55,2.33,12.19,17.44,0.0
Rome,IT,41.9028,12.4964,2026-05-05 02:00:00+00:00,3,120.32,0.0,0.26,112.75,2.6,13.98,19.15,0.0
Rome,IT,41.9028,12.4964,2026-05-05 03:00:00+00:00,3,120.91,0.0,0.27,112.78,2.49,14.09,19.07,0.0
Rome,IT,41.9028,12.4964,2026-05-05 04:00:00+00:00,3,120.87,0.0,0.26,112.67,2.08,13.45,18.72,0.0
Rome,IT,41.9028,12.4964,2026-05-05 05:00:00+00:00,3,120.75,0.0,0.27,112.25,1.77,11.83,18.11,0.0
Rome,IT,41.9028,12.4964,2026-05-05 06:00:00+00:00,3,120.45,0.0,0.33,111.91,1.53,9.95,17.63,0.0
Rome,IT,41.9028,12.4964,2026-05-05 07:00:00+00:00,3,120.25,0.01,0.35,111.74,1.43,8.85,18.34,0.0
Rome,IT,41.9028,12.4964,2026-05-05 08:00:00+00:00,3,119.8,0.01,0.36,111.04,1.4,8.37,19.18,0.0
Rome,IT,41.9028,12.4964,2026-05-05 09:00:00+00:00,3,119.53,0.02,0.36,110.42,1.34,7.99,18.85,0.0
Rome,IT,41.9028,12.4964,2026-05-05 10:00:00+00:00,3,119.06,0.02,0.32,110.33,1.22,7.58,16.9,0.0
Rome,IT,41.9028,12.4964,2026-05-05 11:00:00+00:00,3,118.75,0.02,0.26,111.07,1.11,7.21,14.9,0.0
Rome,IT,41.9028,12.4964,2026-05-05 12:00:00+00:00,3,118.35,0.02,0.22,112.37,1.02,6.87,13.55,0.0
Rome,IT,41.9028,12.4964,2026-05-05 13:00:00+00:00,3,118.15,0.02,0.18,113.91,0.95,6.59,12.89,0.0
Rome,IT,41.9028,12.4964,2026-05-05 14:00:00+00:00,3,118.05,0.02,0.18,115.23,0.88,6.3,12.16,0.0
Rome,IT,41.9028,12.4964,2026-05-05 15:00:00+00:00,3,117.87,0.02,0.19,115.47,0.82,6.03,11.35,0.0
Rome,IT,41.9028,12.4964,2026-05-05 16:00:00+00:00,3,117.68,0.02,0.21,115.15,0.78,5.85,10.8,0.0
Rome,IT,41.9028,12.4964,2026-05-05 17:00:00+00:00,3,117.3,0.01,0.26,114.43,0.78,5.74,10.63,0.0
Rome,IT,41.9028,12.4964,2026-05-05 18:00:00+00:00,3,116.93,0.0,0.31,113.79,0.79,5.69,10.6,0.0
Rome,IT,41.9028,12.4964,2026-05-05 19:00:00+00:00,3,117.03,0.0,0.31,113.41,0.81,5.9,10.73,0.0
Rome,IT,41.9028,12.4964,2026-05-05 20:00:00+00:00,3,117.24,0.0,0.3,112.98,0.87,6.78,11.42,0.0
Rome,IT,41.9028,12.4964,2026-05-05 21:00:00+00:00,3,118.19,0.0,0.3,112.54,0.98,8.57,12.91,0.0
Rome,IT,41.9028,12.4964,2026-05-05 22:00:00+00:00,3,119.01,0.0,0.3,111.92,1.16,11.56,15.7,0.0
Rome,IT,41.9028,12.4964,2026-05-05 23:00:00+00:00,3,119.79,0.0,0.3,110.87,1.4,15.84,20.08,0.0
Rome,IT,41.9028,12.4964,2026-05-06 00:00:00+00:00,3,120.12,0.0,0.3,109.67,1.74,21.1,25.75,0.0
Rome,IT,41.9028,12.4964,2026-05-06 01:00:00+00:00,3,120.15,0.0,0.3,109.06,2.1,26.71,31.45,0.0
Rome,IT,41.9028,12.4964,2026-05-06 02:00:00+00:00,3,120.05,0.0,0.29,108.43,2.57,32.46,37.47,0.0
Rome,IT,41.9028,12.4964,2026-05-06 03:00:00+00:00,3,119.6,0.0,0.29,108.19,3.09,37.54,43.4,0.0
Rome,IT,41.9028,12.4964,2026-05-06 04:00:00+00:00,3,119.63,0.0,0.27,109.15,3.36,38.33,45.23,0.0
Rome,IT,41.9028,12.4964,2026-05-06 05:00:00+00:00,3,119.06,0.0,0.28,108.82,3.21,35.6,43.52,0.0
Rome,IT,41.9028,12.4964,2026-05-06 06:00:00+00:00,3,118.31,0.0,0.34,107.94,2.85,31.91,40.37,0.0
Rome,IT,41.9028,12.4964,2026-05-06 07:00:00+00:00,3,117.48,0.01,0.35,107.61,2.41,27.96,37.33,0.0
Rome,IT,41.9028,12.4964,2026-05-06 08:00:00+00:00,3,116.56,0.01,0.35,107.69,2.02,24.0,34.11,0.0
Rome,IT,41.9028,12.4964,2026-05-06 09:00:00+00:00,3,116.1,0.02,0.33,107.76,1.72,20.92,31.47,0.0
Rome,IT,41.9028,12.4964,2026-05-06 10:00:00+00:00,3,115.63,0.03,0.26,107.2,1.59,19.01,31.17,0.0
Rome,IT,41.9028,12.4964,2026-05-06 11:00:00+00:00,3,115.42,0.02,0.22,106.0,1.56,18.09,32.31,0.0
Rome,IT,41.9028,12.4964,2026-05-06 12:00:00+00:00,3,114.85,0.02,0.19,104.42,1.53,17.7,33.62,0.0
Rome,IT,41.9028,12.4964,2026-05-06 13:00:00+00:00,3,114.46,0.01,0.2,103.08,1.49,17.28,34.62,0.0
Rome,IT,41.9028,12.4964,2026-05-06 14:00:00+00:00,3,113.98,0.01,0.21,102.35,1.47,17.33,35.75,0.0
Rome,IT,41.9028,12.4964,2026-05-06 15:00:00+00:00,3,114.04,0.01,0.23,102.4,1.44,17.72,36.4,0.0
Rome,IT,41.9028,12.4964,2026-05-06 16:00:00+00:00,3,114.5,0.0,0.26,103.04,1.3,17.48,32.05,0.0
Rome,IT,41.9028,12.4964,2026-05-06 17:00:00+00:00,3,114.92,0.0,0.29,103.86,1.03,16.55,25.51,0.0
Rome,IT,41.9028,12.4964,2026-05-06 18:00:00+00:00,3,115.34,0.0,0.31,105.0,0.8,15.17,20.36,0.0
Rome,IT,41.9028,12.4964,2026-05-06 19:00:00+00:00,3,115.59,0.0,0.29,107.32,0.6,13.04,15.86,0.0
Rome,IT,41.9028,12.4964,2026-05-06 20:00:00+00:00,3,116.23,0.0,0.25,110.53,0.46,10.95,12.65,0.0
Rome,IT,41.9028,12.4964,2026-05-06 21:00:00+00:00,3,117.24,0.0,0.22,114.2,0.37,9.23,10.49,0.0
Rome,IT,41.9028,12.4964,2026-05-06 22:00:00+00:00,3,117.56,0.0,0.2,117.21,0.34,8.26,9.48,0.0
Rome,IT,41.9028,12.4964,2026-05-06 23:00:00+00:00,3,117.48,0.0,0.19,118.85,0.33,8.1,9.32,0.0
Rome,IT,41.9028,12.4964,2026-05-07 00:00:00+00:00,3,116.84,0.0,0.19,119.09,0.33,8.64,9.79,0.0
Rome,IT,41.9028,12.4964,2026-05-07 01:00:00+00:00,3,116.16,0.0,0.18,118.74,0.34,9.28,10.36,0.0
Rome,IT,41.9028,12.4964,2026-05-07 02:00:00+00:00,3,115.51,0.0,0.18,118.91,0.34,9.93,10.97,0.0
Rome,IT,41.9028,12.4964,2026-05-07 03:00:00+00:00,3,115.14,0.0,0.17,119.07,0.35,10.4,11.39,0.0
Rome,IT,41.9028,12.4964,2026-05-07 04:00:00+00:00,3,114.72,0.0,0.16,119.35,0.34,10.36,11.28,0.0
Rome,IT,41.9028,12.4964,2026-05-07 05:00:00+00:00,3,114.45,0.0,0.18,119.66,0.33,10.21,11.09,0.0
Rome,IT,41.9028,12.4964,2026-05-07 06:00:00+00:00,3,114.36,0.01,0.2,119.74,0.33,10.27,11.12,0.0
Rome,IT,41.9028,12.4964,2026-05-07 07:00:00+00:00,3,114.28,0.02,0.2,119.52,0.36,11.15,12.02,0.0
Rome,IT,41.9028,12.4964,2026-05-07 08:00:00+00:00,3,114.2,0.02,0.19,119.06,0.42,13.09,14.06,0.0
Rome,IT,41.9028,12.4964,2026-05-07 09:00:00+00:00,3,113.85,0.02,0.17,118.45,0.51,15.42,16.53,0.0
Rome,IT,41.9028,12.4964,2026-05-07 10:00:00+00:00,3,113.65,0.02,0.15,117.49,0.61,17.96,19.23,0.0
Rome,IT,41.9028,12.4964,2026-05-07 11:00:00+00:00,3,113.95,0.02,0.14,115.94,0.69,20.64,22.08,0.0
Rome,IT,41.9028,12.4964,2026-05-07 12:00:00+00:00,3,114.53,0.02,0.14,114.79,0.74,22.91,24.45,0.0
Rome,IT,41.9028,12.4964,2026-05-07 13:00:00+00:00,3,115.35,0.02,0.15,113.77,0.73,24.26,25.85,0.0
Rome,IT,41.9028,12.4964,2026-05-07 14:00:00+00:00,3,115.98,0.03,0.16,112.66,0.7,24.82,26.43,0.0
Rome,IT,41.9028,12.4964,2026-05-07 15:00:00+00:00,3,116.33,0.03,0.19,112.09,0.66,24.68,26.26,0.0
Rome,IT,41.9028,12.4964,2026-05-07 16:00:00+00:00,3,117.07,0.02,0.25,112.63,0.61,24.09,25.62,0.0
Rome,IT,41.9028,12.4964,2026-05-07 17:00:00+00:00,3,117.55,0.01,0.35,113.27,0.6,23.9,25.43,0.0
Rome,IT,41.9028,12.4964,2026-05-07 18:00:00+00:00,3,117.57,0.0,0.44,114.14,0.62,24.05,25.64,0.0
Rome,IT,41.9028,12.4964,2026-05-07 19:00:00+00:00,3,117.91,0.0,0.49,115.28,0.65,23.74,25.43,0.0
Rome,IT,41.9028,12.4964,2026-05-07 20:00:00+00:00,3,117.84,0.0,0.52,115.85,0.71,21.78,23.6,0.0
Rome,IT,41.9028,12.4964,2026-05-07 21:00:00+00:00,3,118.41,0.0,0.6,115.25,0.81,18.38,20.36,0.0
Rome,IT,41.9028,12.4964,2026-05-07 22:00:00+00:00,3,119.75,0.0,0.73,113.29,0.94,14.95,17.17,0.0
Rome,IT,41.9028,12.4964,2026-05-07 23:00:00+00:00,3,121.98,0.0,0.88,109.68,1.04,12.89,15.36,0.0
Rome,IT,41.9028,12.4964,2026-05-08 00:00:00+00:00,3,124.11,0.0,1.02,105.6,1.07,11.6,14.23,0.0
Rome,IT,41.9028,12.4964,2026-05-08 01:00:00+00:00,3,126.69,0.0,1.12,101.6,1.05,10.66,13.36,0.0
Rome,IT,41.9028,12.4964,2026-05-08 02:00:00+00:00,2,130.71,0.0,1.27,97.68,0.99,10.1,12.96,0.0
Rome,IT,41.9028,12.4964,2026-05-08 03:00:00+00:00,2,135.81,0.0,1.4,94.38,0.92,9.8,12.92,0.04
Rome,IT,41.9028,12.4964,2026-05-08 04:00:00+00:00,2,138.48,0.0,1.39,92.79,0.85,9.34,12.05,0.14
Rome,IT,41.9028,12.4964,2026-05-08 05:00:00+00:00,2,135.66,0.0,1.26,91.19,0.78,8.43,10.69,0.23
Rome,IT,41.9028,12.4964,2026-05-08 06:00:00+00:00,2,131.93,0.01,1.28,90.29,0.72,7.49,9.49,0.27
Rome,IT,41.9028,12.4964,2026-05-08 07:00:00+00:00,2,128.86,0.02,1.16,94.03,0.55,6.66,8.07,0.27
Rome,IT,41.9028,12.4964,2026-05-08 08:00:00+00:00,2,128.28,0.04,1.1,95.0,0.52,6.22,7.6,0.25
Rome,IT,41.9028,12.4964,2026-05-08 09:00:00+00:00,2,127.97,0.06,1.02,95.9,0.52,5.76,7.15,0.25
Rome,IT,41.9028,12.4964,2026-05-08 10:00:00+00:00,2,126.08,0.08,0.86,96.77,0.57,5.26,7.04,0.28
Rome,IT,41.9028,12.4964,2026-05-08 11:00:00+00:00,2,124.87,0.08,0.7,97.53,0.64,5.05,7.43,0.3
Rome,IT,41.9028,12.4964,2026-05-08 12:00:00+00:00,2,123.94,0.07,0.57,98.76,0.66,4.99,7.73,0.32
Rome,IT,41.9028,12.4964,2026-05-08 13:00:00+00:00,3,122.92,0.07,0.44,100.76,0.66,4.92,7.89,0.34
Rome,IT,41.9028,12.4964,2026-05-08 14:00:00+00:00,3,121.81,0.06,0.4,102.38,0.68,4.81,8.03,0.37
Rome,IT,41.9028,12.4964,2026-05-08 15:00:00+00:00,3,121.06,0.06,0.4,104.39,0.7,4.67,8.08,0.42
Rome,IT,41.9028,12.4964,2026-05-08 16:00:00+00:00,3,120.43,0.05,0.44,106.89,0.71,4.44,7.91,0.5
Rome,IT,41.9028,12.4964,2026-05-08 17:00:00+00:00,3,120.1,0.03,0.54,107.46,0.73,4.26,7.91,0.53
Rome,IT,41.9028,12.4964,2026-05-08 18:00:00+00:00,3,119.86,0.01,0.64,107.41,0.75,4.11,7.89,0.54
Rome,IT,41.9028,12.4964,2026-05-08 19:00:00+00:00,3,119.91,0.0,0.63,107.3,0.75,4.02,7.85,0.53
Rome,IT,41.9028,12.4964,2026-05-08 20:00:00+00:00,3,120.09,0.0,0.57,107.46,0.75,3.99,7.86,0.52
Rome,IT,41.9028,12.4964,2026-05-08 21:00:00+00:00,3,120.45,0.0,0.53,107.69,0.74,3.98,7.88,0.5
Rome,IT,41.9028,12.4964,2026-05-08 22:00:00+00:00,3,120.23,0.0,0.5,107.35,0.73,3.95,7.82,0.47
Rome,IT,41.9028,12.4964,2026-05-08 23:00:00+00:00,3,120.16,0.0,0.48,106.98,0.71,3.89,7.72,0.44
Rome,IT,41.9028,12.4964,2026-05-09 00:00:00+00:00,3,120.09,0.0,0.47,106.37,0.7,3.82,7.57,0.4
Rome,IT,41.9028,12.4964,2026-05-09 01:00:00+00:00,3,120.22,0.0,0.48,105.39,0.69,3.73,7.36,0.36
Rome,IT,41.9028,12.4964,2026-05-09 02:00:00+00:00,3,120.27,0.0,0.49,103.72,0.68,3.66,7.22,0.32
Rome,IT,41.9028,12.4964,2026-05-09 03:00:00+00:00,3,120.33,0.0,0.49,102.12,0.67,3.63,7.18,0.3
Rome,IT,41.9028,12.4964,2026-05-09 04:00:00+00:00,3,120.09,0.0,0.47,100.43,0.65,3.61,7.28,0.26
Rome,IT,41.9028,12.4964,2026-05-09 05:00:00+00:00,2,120.27,0.0,0.51,99.18,0.63,3.7,7.6,0.22
Rome,IT,41.9028,12.4964,2026-05-09 06:00:00+00:00,2,121.1,0.02,0.54,98.56,0.62,4.06,8.13,0.23
Rome,IT,41.9028,12.4964,2026-05-09 07:00:00+00:00,2,123.47,0.07,0.51,98.72,0.61,4.88,8.95,0.38
Rome,IT,41.9028,12.4964,2026-05-09 08:00:00+00:00,2,126.03,0.08,0.47,98.87,0.59,5.95,9.89,0.6
Rome,IT,41.9028,12.4964,2026-05-09 09:00:00+00:00,2,128.21,0.07,0.4,99.89,0.55,7.01,10.77,0.78
Rome,IT,41.9028,12.4964,2026-05-09 10:00:00+00:00,3,129.54,0.06,0.31,101.89,0.51,7.96,11.35,0.86
Rome,IT,41.9028,12.4964,2026-05-09 11:00:00+00:00,3,130.56,0.05,0.27,102.77,0.49,8.83,12.01,0.87
Rome,IT,41.9028,12.4964,2026-05-09 12:00:00+00:00,3,131.39,0.04,0.24,103.02,0.49,9.58,12.65,0.86
Rome,IT,41.9028,12.4964,2026-05-09 13:00:00+00:00,3,132.13,0.04,0.26,103.58,0.49,10.11,13.12,0.8
Rome,IT,41.9028,12.4964,2026-05-09 14:00:00+00:00,3,132.67,0.03,0.28,103.89,0.49,10.48,13.46,0.69
Rome,IT,41.9028,12.4964,2026-05-09 15:00:00+00:00,3,133.4,0.03,0.32,104.44,0.47,10.89,13.85,0.55
Rome,IT,41.9028,12.4964,2026-05-09 16:00:00+00:00,3,134.51,0.02,0.37,105.4,0.45,11.28,14.27,0.42
Rome,IT,41.9028,12.4964,2026-05-09 17:00:00+00:00,3,135.38,0.01,0.43,105.99,0.44,11.68,14.63,0.31
Rome,IT,41.9028,12.4964,2026-05-09 18:00:00+00:00,3,135.79,0.0,0.47,106.27,0.42,12.05,14.86,0.22
Rome,IT,41.9028,12.4964,2026-05-09 19:00:00+00:00,3,136.33,0.0,0.45,106.5,0.37,12.09,14.18,0.14
Rome,IT,41.9028,12.4964,2026-05-09 20:00:00+00:00,3,136.38,0.0,0.42,105.92,0.3,12.01,13.48,0.09
Rome,IT,41.9028,12.4964,2026-05-09 21:00:00+00:00,3,136.8,0.0,0.4,105.1,0.26,12.0,13.16,0.06
Rome,IT,41.9028,12.4964,2026-05-09 22:00:00+00:00,3,137.09,0.0,0.39,104.18,0.26,12.16,13.33,0.03
Rome,IT,41.9028,12.4964,2026-05-09 23:00:00+00:00,3,136.33,0.0,0.39,103.3,0.33,12.22,13.69,0.02
Rome,IT,41.9028,12.4964,2026-05-10 00:00:00+00:00,3,132.85,0.0,0.39,102.42,0.44,11.89,13.75,0.0
Rome,IT,41.9028,12.4964,2026-05-10 01:00:00+00:00,3,126.47,0.0,0.35,101.7,0.5,10.94,13.1,0.0
Rome,IT,41.9028,12.4964,2026-05-10 02:00:00+00:00,3,121.54,0.0,0.32,100.67,0.55,10.26,12.77,0.0
Rome,IT,41.9028,12.4964,2026-05-10 03:00:00+00:00,2,119.33,0.0,0.31,99.95,0.57,9.88,12.59,0.0
Rome,IT,41.9028,12.4964,2026-05-10 04:00:00+00:00,2,119.21,0.0,0.31,99.93,0.61,10.05,13.08,0.0
Rome,IT,41.9028,12.4964,2026-05-10 05:00:00+00:00,2,120.27,0.0,0.38,99.28,0.79,11.31,15.21,0.0
Rome,IT,41.9028,12.4964,2026-05-10 06:00:00+00:00,2,121.33,0.01,0.46,98.16,1.31,14.3,19.6,0.0
Rome,IT,41.9028,12.4964,2026-05-10 07:00:00+00:00,2,121.36,0.03,0.5,96.56,2.53,20.11,26.37,0.0
Rome,IT,41.9028,12.4964,2026-05-10 08:00:00+00:00,3,119.91,0.03,0.5,94.24,3.91,27.72,34.67,0.0
Rome,IT,41.9028,12.4964,2026-05-10 09:00:00+00:00,3,119.01,0.02,0.49,92.69,4.65,34.53,43.4,0.0
Rome,IT,41.9028,12.4964,2026-05-10 10:00:00+00:00,3,119.95,0.02,0.39,93.5,4.19,35.32,49.04,0.0
Rome,IT,41.9028,12.4964,2026-05-10 11:00:00+00:00,3,120.02,0.03,0.28,95.35,2.85,29.11,45.95,0.0
Rome,IT,41.9028,12.4964,2026-05-10 12:00:00+00:00,2,118.82,0.03,0.21,96.49,1.83,21.61,38.96,0.0
Rome,IT,41.9028,12.4964,2026-05-10 13:00:00+00:00,2,117.05,0.04,0.19,95.91,1.39,16.75,32.87,0.0
Rome,IT,41.9028,12.4964,2026-05-10 14:00:00+00:00,2,115.89,0.03,0.22,94.38,1.24,14.16,28.66,0.0
Rome,IT,41.9028,12.4964,2026-05-10 15:00:00+00:00,2,115.37,0.03,0.27,93.24,1.15,12.41,25.53,0.0
Rome,IT,41.9028,12.4964,2026-05-10 16:00:00+00:00,2,115.97,0.02,0.35,92.28,1.07,11.34,23.51,0.0
Rome,IT,41.9028,12.4964,2026-05-10 17:00:00+00:00,2,116.5,0.01,0.44,90.49,0.98,10.74,22.07,0.0
Rome,IT,41.9028,12.4964,2026-05-10 18:00:00+00:00,2,117.04,0.0,0.55,88.32,0.86,10.6,20.98,0.0
Rome,IT,41.9028,12.4964,2026-05-10 19:00:00+00:00,2,118.08,0.0,0.6,86.88,0.77,11.07,20.48,0.0
Rome,IT,41.9028,12.4964,2026-05-10 20:00:00+00:00,2,119.43,0.0,0.61,86.72,0.81,11.92,20.44,0.0
Rome,IT,41.9028,12.4964,2026-05-10 21:00:00+00:00,2,120.88,0.0,0.62,88.02,0.96,12.44,20.09,0.0
Rome,IT,41.9028,12.4964,2026-05-10 22:00:00+00:00,2,120.18,0.0,0.59,89.81,0.96,9.25,14.79,0.0
Rome,IT,41.9028,12.4964,2026-05-10 23:00:00+00:00,2,119.77,0.0,0.58,89.45,1.01,6.85,12.05,0.0
Rome,IT,41.9028,12.4964,2026-05-11 00:00:00+00:00,2,120.08,0.0,0.55,89.47,1.03,5.98,11.39,0.02
Rome,IT,41.9028,12.4964,2026-05-12 01:00:00+00:00,2,112.19,0.0,0.48,95.62,0.77,4.6,10.69,0.15
Rome,IT,41.9028,12.4964,2026-05-12 02:00:00+00:00,2,111.65,0.0,0.4,95.62,0.73,3.32,8.45,0.3
Rome,IT,41.9028,12.4964,2026-05-12 03:00:00+00:00,2,112.09,0.0,0.34,97.63,0.72,2.73,8.18,0.42
Rome,IT,41.9028,12.4964,2026-05-12 04:00:00+00:00,3,111.84,0.0,0.28,101.98,0.57,2.23,7.0,0.5
Rome,IT,41.9028,12.4964,2026-05-12 05:00:00+00:00,3,111.87,0.0,0.32,103.49,0.54,2.09,6.85,0.54
Rome,IT,41.9028,12.4964,2026-05-12 06:00:00+00:00,3,111.82,0.02,0.33,104.45,0.54,1.99,6.74,0.58
Rome,IT,41.9028,12.4964,2026-05-12 07:00:00+00:00,3,112.02,0.04,0.31,105.48,0.54,1.99,6.76,0.65
Rome,IT,41.9028,12.4964,2026-05-12 08:00:00+00:00,3,112.56,0.04,0.28,107.02,0.56,2.11,6.9,0.76
Rome,IT,41.9028,12.4964,2026-05-12 09:00:00+00:00,3,113.18,0.04,0.25,108.65,0.58,2.29,7.08,0.86
Rome,IT,41.9028,12.4964,2026-05-12 10:00:00+00:00,3,113.5,0.04,0.22,109.54,0.58,2.44,7.21,0.92
Rome,IT,41.9028,12.4964,2026-05-12 11:00:00+00:00,3,113.24,0.03,0.19,109.22,0.58,2.59,7.49,0.92
Rome,IT,41.9028,12.4964,2026-05-12 12:00:00+00:00,3,112.35,0.03,0.17,108.29,0.59,2.76,7.91,0.9
Rome,IT,41.9028,12.4964,2026-05-12 13:00:00+00:00,3,111.37,0.03,0.17,106.6,0.69,3.18,9.37,0.82
Rome,IT,41.9028,12.4964,2026-05-12 14:00:00+00:00,3,110.75,0.03,0.18,104.21,0.82,3.76,11.21,0.7
Rome,IT,41.9028,12.4964,2026-05-12 15:00:00+00:00,3,110.59,0.03,0.2,103.06,0.9,4.18,12.33,0.64
Rome,IT,41.9028,12.4964,2026-05-12 16:00:00+00:00,3,110.98,0.03,0.25,104.08,0.96,4.39,12.95,0.65
Rome,IT,41.9028,12.4964,2026-05-12 17:00:00+00:00,3,111.46,0.03,0.33,105.8,0.96,4.15,12.46,0.71
Rome,IT,41.9028,12.4964,2026-05-12 18:00:00+00:00,3,111.86,0.01,0.43,105.6,0.88,3.41,10.53,0.75
Rome,IT,41.9028,12.4964,2026-05-12 19:00:00+00:00,3,111.74,0.0,0.46,102.95,0.74,2.43,7.8,0.68
Rome,IT,41.9028,12.4964,2026-05-12 20:00:00+00:00,2,111.82,0.0,0.46,99.33,0.78,2.17,7.68,0.56
Rome,IT,41.9028,12.4964,2026-05-12 21:00:00+00:00,2,112.54,0.0,0.47,96.85,0.87,2.39,8.96,0.49
Rome,IT,41.9028,12.4964,2026-05-12 22:00:00+00:00,2,113.03,0.0,0.44,95.34,0.86,2.54,9.06,0.48
Rome,IT,41.9028,12.4964,2026-05-12 23:00:00+00:00,2,113.03,0.0,0.42,95.33,0.77,2.39,7.58,0.48
Rome,IT,41.9028,12.4964,2026-05-13 00:00:00+00:00,2,112.94,0.0,0.38,96.42,0.67,2.07,6.07,0.52
Rome,IT,41.9028,12.4964,2026-05-13 01:00:00+00:00,2,111.73,0.0,0.32,99.11,0.53,1.62,4.69,0.59
Rome,IT,41.9028,12.4964,2026-05-13 02:00:00+00:00,3,110.67,0.0,0.28,102.07,0.45,1.31,3.99,0.66
Rome,IT,41.9028,12.4964,2026-05-13 03:00:00+00:00,3,109.89,0.0,0.25,104.48,0.4,1.15,3.51,0.67
Rome,IT,41.9028,12.4964,2026-05-13 04:00:00+00:00,3,109.02,0.0,0.22,108.06,0.31,0.95,2.73,0.6
Rome,IT,41.9028,12.4964,2026-05-13 05:00:00+00:00,3,108.06,0.0,0.23,109.65,0.27,0.82,2.09,0.46
Rome,IT,41.9028,12.4964,2026-05-13 06:00:00+00:00,3,107.55,0.01,0.24,109.76,0.24,0.78,1.72,0.34
Rome,IT,41.9028,12.4964,2026-05-13 07:00:00+00:00,3,107.05,0.02,0.21,109.72,0.21,0.74,1.45,0.25
Rome,IT,41.9028,12.4964,2026-05-13 08:00:00+00:00,3,106.55,0.02,0.17,109.76,0.19,0.69,1.31,0.21
Rome,IT,41.9028,12.4964,2026-05-13 09:00:00+00:00,3,106.59,0.02,0.14,108.87,0.19,0.65,1.25,0.18
Rome,IT,41.9028,12.4964,2026-05-13 10:00:00+00:00,3,106.89,0.02,0.12,106.73,0.2,0.65,1.31,0.17
Rome,IT,41.9028,12.4964,2026-05-13 11:00:00+00:00,3,107.8,0.02,0.11,103.18,0.23,0.74,1.62,0.15
Rome,IT,41.9028,12.4964,2026-05-13 12:00:00+00:00,2,109.27,0.02,0.13,99.63,0.29,0.98,2.28,0.16
Rome,IT,41.9028,12.4964,2026-05-13 13:00:00+00:00,2,110.79,0.03,0.16,98.76,0.4,1.38,3.49,0.29
Rome,IT,41.9028,12.4964,2026-05-13 14:00:00+00:00,3,112.2,0.04,0.2,102.14,0.52,1.85,5.1,0.62
Rome,IT,41.9028,12.4964,2026-05-13 15:00:00+00:00,3,112.79,0.04,0.23,107.06,0.63,2.24,6.82,1.06
Rome,IT,41.9028,12.4964,2026-05-13 16:00:00+00:00,3,112.64,0.03,0.27,110.57,0.7,2.5,8.35,1.43
Rome,IT,41.9028,12.4964,2026-05-13 17:00:00+00:00,3,111.57,0.02,0.33,112.04,0.74,2.67,9.46,1.53
Rome,IT,41.9028,12.4964,2026-05-13 18:00:00+00:00,3,111.31,0.01,0.39,112.42,0.78,2.84,10.08,1.42
Rome,IT,41.9028,12.4964,2026-05-13 19:00:00+00:00,3,112.4,0.0,0.4,112.58,0.81,3.02,10.17,1.31
Rome,IT,41.9028,12.4964,2026-05-13 20:00:00+00:00,3,113.94,0.0,0.36,111.75,0.81,3.07,9.68,1.21
Rome,IT,41.9028,12.4964,2026-05-13 21:00:00+00:00,3,115.22,0.0,0.34,110.76,0.79,3.03,9.16,1.09
Rome,IT,41.9028,12.4964,2026-05-13 22:00:00+00:00,3,115.84,0.0,0.32,109.99,0.79,3.04,9.22,0.98
Rome,IT,41.9028,12.4964,2026-05-13 23:00:00+00:00,3,116.44,0.0,0.33,109.81,0.84,3.14,10.03,0.92
Rome,IT,41.9028,12.4964,2026-05-14 00:00:00+00:00,3,116.5,0.0,0.32,109.32,0.85,3.05,10.38,0.88
Rome,IT,41.9028,12.4964,2026-05-14 01:00:00+00:00,3,115.53,0.0,0.31,107.49,0.84,2.8,10.32,0.84
Rome,IT,41.9028,12.4964,2026-05-14 02:00:00+00:00,3,114.63,0.0,0.3,104.61,0.82,2.51,9.89,0.77
Rome,IT,41.9028,12.4964,2026-05-14 03:00:00+00:00,3,114.08,0.0,0.3,102.28,0.8,2.29,9.28,0.72
Rome,IT,41.9028,12.4964,2026-05-14 04:00:00+00:00,3,113.82,0.0,0.3,100.27,0.76,2.09,8.42,0.69
Rome,IT,41.9028,12.4964,2026-05-14 05:00:00+00:00,2,113.65,0.0,0.36,98.42,0.74,1.97,8.08,0.65
Rome,IT,41.9028,12.4964,2026-05-14 06:00:00+00:00,2,113.48,0.02,0.39,96.73,0.73,1.91,8.11,0.61
Rome,IT,41.9028,12.4964,2026-05-14 07:00:00+00:00,2,113.49,0.04,0.38,95.96,0.71,1.84,7.98,0.57
Rome,IT,41.9028,12.4964,2026-05-14 08:00:00+00:00,2,113.48,0.05,0.36,96.65,0.66,1.71,7.49,0.54
Rome,IT,41.9028,12.4964,2026-05-14 09:00:00+00:00,2,113.21,0.05,0.31,97.97,0.61,1.56,6.73,0.53
Rome,IT,41.9028,12.4964,2026-05-14 10:00:00+00:00,2,112.6,0.05,0.27,99.7,0.56,1.42,6.02,0.52
Rome,IT,41.9028,12.4964,2026-05-14 11:00:00+00:00,3,111.68,0.04,0.23,101.22,0.53,1.35,5.5,0.49
Rome,IT,41.9028,12.4964,2026-05-14 12:00:00+00:00,3,111.02,0.04,0.2,102.83,0.51,1.29,4.96,0.46
Rome,IT,41.9028,12.4964,2026-05-14 13:00:00+00:00,3,110.76,0.04,0.19,104.6,0.47,1.18,4.31,0.43
Rome,IT,41.9028,12.4964,2026-05-14 14:00:00+00:00,3,110.43,0.03,0.19,105.25,0.42,1.04,3.56,0.42
Rome,IT,41.9028,12.4964,2026-05-14 15:00:00+00:00,3,110.28,0.03,0.2,104.89,0.39,0.97,3.03,0.4
Rome,IT,41.9028,12.4964,2026-05-14 16:00:00+00:00,3,110.26,0.03,0.22,103.93,0.35,0.89,2.55,0.38
Rome,IT,41.9028,12.4964,2026-05-14 17:00:00+00:00,3,109.71,0.02,0.25,102.07,0.32,0.85,2.28,0.37
Rome,IT,41.9028,12.4964,2026-05-14 18:00:00+00:00,3,109.08,0.01,0.29,100.45,0.3,0.87,2.26,0.38
Rome,IT,41.9028,12.4964,2026-05-14 19:00:00+00:00,2,108.55,0.0,0.29,99.69,0.29,0.91,2.41,0.4
Rome,IT,41.9028,12.4964,2026-05-14 20:00:00+00:00,2,108.03,0.0,0.28,99.32,0.3,0.95,2.6,0.41
Rome,IT,41.9028,12.4964,2026-05-14 21:00:00+00:00,2,107.51,0.0,0.27,99.19,0.31,0.97,2.75,0.43
Rome,IT,41.9028,12.4964,2026-05-14 22:00:00+00:00,2,107.23,0.0,0.27,98.86,0.33,0.99,2.93,0.42
Rome,IT,41.9028,12.4964,2026-05-14 23:00:00+00:00,2,107.17,0.0,0.26,98.66,0.33,0.98,2.97,0.41
Rome,IT,41.9028,12.4964,2026-05-15 00:00:00+00:00,2,107.02,0.0,0.25,98.53,0.32,0.94,2.86,0.41
Rome,IT,41.9028,12.4964,2026-05-15 01:00:00+00:00,2,106.76,0.0,0.25,98.61,0.34,0.95,2.88,0.41
Rome,IT,41.9028,12.4964,2026-05-15 02:00:00+00:00,2,106.48,0.0,0.26,98.2,0.41,1.14,3.48,0.43
Rome,IT,41.9028,12.4964,2026-05-15 03:00:00+00:00,2,106.55,0.0,0.26,98.49,0.52,1.52,4.81,0.44
Rome,IT,41.9028,12.4964,2026-05-15 04:00:00+00:00,3,107.42,0.0,0.26,100.54,0.6,1.9,6.08,0.44
Rome,IT,41.9028,12.4964,2026-05-15 05:00:00+00:00,3,108.0,0.0,0.31,102.89,0.6,2.08,6.51,0.45
Rome,IT,41.9028,12.4964,2026-05-15 06:00:00+00:00,3,108.58,0.02,0.33,104.93,0.58,2.1,6.36,0.47
Rome,IT,41.9028,12.4964,2026-05-15 07:00:00+00:00,3,108.61,0.04,0.33,104.88,0.61,2.26,6.73,0.45
Rome,IT,41.9028,12.4964,2026-05-15 08:00:00+00:00,3,108.0,0.05,0.32,103.36,0.73,2.8,8.27,0.38
Rome,IT,41.9028,12.4964,2026-05-15 09:00:00+00:00,3,107.38,0.05,0.28,101.99,0.8,3.34,9.68,0.3
Rome,IT,41.9028,12.4964,2026-05-15 10:00:00+00:00,3,106.64,0.04,0.23,100.73,0.83,3.89,11.17,0.22
Rome,IT,41.9028,12.4964,2026-05-15 11:00:00+00:00,2,105.86,0.04,0.19,99.67,0.86,4.36,12.48,0.15
Rome,IT,41.9028,12.4964,2026-05-15 12:00:00+00:00,2,105.07,0.03,0.17,99.15,0.85,4.63,13.29,0.12
Rome,IT,41.9028,12.4964,2026-05-15 13:00:00+00:00,2,104.65,0.03,0.17,98.7,0.88,4.91,14.23,0.09
Rome,IT,41.9028,12.4964,2026-05-15 14:00:00+00:00,2,104.14,0.03,0.18,97.87,0.95,5.27,15.43,0.05
Rome,IT,41.9028,12.4964,2026-05-15 15:00:00+00:00,2,103.9,0.03,0.2,97.74,0.99,5.47,16.12,0.03
Rome,IT,41.9028,12.4964,2026-05-15 16:00:00+00:00,2,104.31,0.03,0.23,98.93,1.02,5.5,15.99,0.04
Rome,IT,41.9028,12.4964,2026-05-15 17:00:00+00:00,3,104.83,0.02,0.29,100.76,1.06,5.39,15.5,0.08
Rome,IT,41.9028,12.4964,2026-05-15 18:00:00+00:00,3,105.08,0.01,0.36,101.97,1.1,5.25,15.41,0.14
Rome,IT,41.9028,12.4964,2026-05-15 19:00:00+00:00,3,105.27,0.0,0.39,102.61,1.1,4.92,14.61,0.19
Rome,IT,41.9028,12.4964,2026-05-15 20:00:00+00:00,3,106.29,0.0,0.39,102.35,1.05,4.35,13.03,0.18
Rome,IT,41.9028,12.4964,2026-05-15 21:00:00+00:00,2,107.86,0.0,0.41,99.71,0.93,3.34,10.1,0.17
Rome,IT,41.9028,12.4964,2026-05-15 22:00:00+00:00,2,110.28,0.0,0.45,94.76,0.79,2.22,7.22,0.15
Rome,IT,41.9028,12.4964,2026-05-15 23:00:00+00:00,2,113.75,0.0,0.48,90.84,0.74,1.6,6.15,0.16
Rome,IT,41.9028,12.4964,2026-05-16 00:00:00+00:00,2,115.86,0.0,0.46,89.16,0.71,1.4,6.13,0.19
Rome,IT,41.9028,12.4964,2026-05-16 01:00:00+00:00,2,116.14,0.0,0.36,90.17,0.59,1.16,5.02,0.2
Rome,IT,41.9028,12.4964,2026-05-16 02:00:00+00:00,2,116.68,0.0,0.27,92.18,0.46,0.97,4.0,0.15
Rome,IT,41.9028,12.4964,2026-05-16 03:00:00+00:00,2,117.04,0.0,0.22,93.79,0.41,0.9,3.69,0.11
Rome,IT,41.9028,12.4964,2026-05-16 04:00:00+00:00,2,116.17,0.0,0.21,94.06,0.39,0.84,3.44,0.11
Rome,IT,41.9028,12.4964,2026-05-16 05:00:00+00:00,2,114.0,0.0,0.28,94.45,0.42,0.9,4.08,0.16
Rome,IT,41.9028,12.4964,2026-05-16 06:00:00+00:00,2,112.28,0.02,0.34,96.32,0.46,0.99,4.91,0.22
Rome,IT,41.9028,12.4964,2026-05-16 07:00:00+00:00,2,111.64,0.04,0.35,98.25,0.51,1.18,6.12,0.28
Rome,IT,41.9028,12.4964,2026-05-16 08:00:00+00:00,2,111.45,0.05,0.34,99.02,0.56,1.42,7.24,0.31
Rome,IT,41.9028,12.4964,2026-05-16 09:00:00+00:00,2,111.43,0.05,0.31,98.78,0.59,1.66,8.21,0.31
Rome,IT,41.9028,12.4964,2026-05-16 10:00:00+00:00,2,111.71,0.05,0.27,99.41,0.59,1.79,8.54,0.31
Rome,IT,41.9028,12.4964,2026-05-16 11:00:00+00:00,3,112.29,0.05,0.24,101.14,0.56,1.77,8.02,0.3
Rome,IT,41.9028,12.4964,2026-05-16 12:00:00+00:00,3,111.95,0.04,0.22,103.96,0.52,1.72,7.37,0.28
Rome,IT,41.9028,12.4964,2026-05-16 13:00:00+00:00,3,110.7,0.04,0.2,106.77,0.5,1.66,7.04,0.26
Rome,IT,41.9028,12.4964,2026-05-16 14:00:00+00:00,3,108.88,0.03,0.2,108.09,0.51,1.65,7.29,0.24
Rome,IT,41.9028,12.4964,2026-05-16 15:00:00+00:00,3,108.33,0.03,0.21,108.32,0.52,1.68,7.64,0.22
Rome,IT,41.9028,12.4964,2026-05-16 16:00:00+00:00,3,108.89,0.03,0.24,108.8,0.55,1.75,7.81,0.23
Rome,IT,41.9028,12.4964,2026-05-16 17:00:00+00:00,3,110.18,0.02,0.29,108.9,0.58,1.86,7.92,0.25
Rome,IT,41.9028,12.4964,2026-05-16 18:00:00+00:00,3,111.39,0.01,0.34,108.62,0.61,1.94,7.96,0.28
Rome,IT,41.9028,12.4964,2026-05-16 19:00:00+00:00,3,112.81,0.0,0.34,108.05,0.63,2.0,7.86,0.31
Rome,IT,41.9028,12.4964,2026-05-16 20:00:00+00:00,3,114.08,0.0,0.33,107.67,0.64,2.03,7.62,0.33
Rome,IT,41.9028,12.4964,2026-05-16 21:00:00+00:00,3,115.07,0.0,0.32,107.2,0.64,2.01,7.16,0.34
Rome,IT,41.9028,12.4964,2026-05-16 22:00:00+00:00,3,115.57,0.0,0.31,106.47,0.62,1.92,6.44,0.34
Rome,IT,41.9028,12.4964,2026-05-16 23:00:00+00:00,3,116.49,0.0,0.31,105.92,0.58,1.81,5.55,0.36
Rome,IT,41.9028,12.4964,2026-05-17 00:00:00+00:00,3,117.58,0.0,0.31,105.15,0.53,1.69,4.61,0.4
Rome,IT,41.9028,12.4964,2026-05-17 01:00:00+00:00,3,118.67,0.0,0.32,104.21,0.48,1.59,3.82,0.49
Rome,IT,41.9028,12.4964,2026-05-17 02:00:00+00:00,3,119.58,0.0,0.33,103.35,0.44,1.5,3.29,0.59
Rome,IT,41.9028,12.4964,2026-05-17 03:00:00+00:00,3,120.21,0.0,0.33,102.49,0.42,1.41,2.95,0.68
Rome,IT,41.9028,12.4964,2026-05-17 04:00:00+00:00,3,120.51,0.0,0.34,101.58,0.4,1.33,2.7,0.76
Rome,IT,41.9028,12.4964,2026-05-17 05:00:00+00:00,3,120.94,0.0,0.41,100.93,0.39,1.27,2.53,0.82
Rome,IT,41.9028,12.4964,2026-05-17 06:00:00+00:00,3,121.0,0.02,0.46,100.6,0.38,1.23,2.43,0.87
Rome,IT,41.9028,12.4964,2026-05-17 07:00:00+00:00,3,120.6,0.03,0.47,100.33,0.37,1.21,2.34,0.9
Rome,IT,41.9028,12.4964,2026-05-17 08:00:00+00:00,3,120.56,0.05,0.44,100.84,0.36,1.22,2.28,0.92
Rome,IT,41.9028,12.4964,2026-05-17 09:00:00+00:00,3,120.24,0.06,0.39,102.28,0.34,1.28,2.29,0.92
Rome,IT,41.9028,12.4964,2026-05-17 10:00:00+00:00,3,119.63,0.05,0.32,103.63,0.32,1.37,2.35,0.89
Rome,IT,41.9028,12.4964,2026-05-17 11:00:00+00:00,3,118.9,0.05,0.27,104.8,0.31,1.47,2.48,0.86
Rome,IT,41.9028,12.4964,2026-05-17 12:00:00+00:00,3,118.26,0.05,0.24,105.9,0.3,1.57,2.66,0.82
Rome,IT,41.9028,12.4964,2026-05-17 13:00:00+00:00,3,117.33,0.04,0.23,106.82,0.31,1.66,2.86,0.79
Rome,IT,41.9028,12.4964,2026-05-17 14:00:00+00:00,3,116.56,0.04,0.23,107.8,0.32,1.72,3.05,0.75
Rome,IT,41.9028,12.4964,2026-05-17 15:00:00+00:00,3,115.8,0.04,0.24,108.71,0.32,1.76,3.19,0.71
Rome,IT,41.9028,12.4964,2026-05-17 16:00:00+00:00,3,115.42,0.03,0.26,109.94,0.34,1.77,3.31,0.67
Rome,IT,41.9028,12.4964,2026-05-17 17:00:00+00:00,3,114.8,0.03,0.31,111.13,0.37,1.77,3.49,0.65
Rome,IT,41.9028,12.4964,2026-05-17 18:00:00+00:00,3,114.35,0.01,0.35,111.92,0.41,1.76,3.76,0.65
Rome,IT,41.9028,12.4964,2026-05-17 19:00:00+00:00,3,114.04,0.0,0.34,112.6,0.46,1.76,4.1,0.65
Rome,IT,41.9028,12.4964,2026-05-17 20:00:00+00:00,3,113.96,0.0,0.32,112.7,0.53,1.77,4.53,0.66
Rome,IT,41.9028,12.4964,2026-05-17 21:00:00+00:00,3,113.61,0.0,0.31,112.33,0.59,1.75,4.93,0.67
Rome,IT,41.9028,12.4964,2026-05-17 22:00:00+00:00,3,112.77,0.0,0.29,111.15,0.62,1.66,5.03,0.66
Rome,IT,41.9028,12.4964,2026-05-17 23:00:00+00:00,3,112.36,0.0,0.28,110.17,0.6,1.49,4.69,0.65
Rome,IT,41.9028,12.4964,2026-05-18 00:00:00+00:00,3,111.85,0.0,0.27,109.12,0.56,1.3,4.18,0.63
Rome,IT,41.9028,12.4964,2026-05-18 01:00:00+00:00,3,111.35,0.0,0.26,107.99,0.5,1.12,3.54,0.6
Rome,IT,41.9028,12.4964,2026-05-18 02:00:00+00:00,3,110.93,0.0,0.24,107.32,0.44,0.97,3.0,0.57
Rome,IT,41.9028,12.4964,2026-05-18 03:00:00+00:00,3,110.61,0.0,0.23,106.66,0.41,0.87,2.66,0.54
Rome,IT,41.9028,12.4964,2026-05-18 04:00:00+00:00,3,110.28,0.0,0.22,105.91,0.38,0.81,2.47,0.53
Rome,IT,41.9028,12.4964,2026-05-18 05:00:00+00:00,3,110.12,0.0,0.27,105.46,0.37,0.79,2.41,0.52
Rome,IT,41.9028,12.4964,2026-05-18 06:00:00+00:00,3,110.05,0.01,0.3,104.62,0.37,0.79,2.42,0.51
Rome,IT,41.9028,12.4964,2026-05-18 07:00:00+00:00,3,109.9,0.02,0.3,104.1,0.38,0.81,2.49,0.51
Rome,IT,41.9028,12.4964,2026-05-18 08:00:00+00:00,3,110.02,0.03,0.31,103.66,0.4,0.86,2.58,0.5
Rome,IT,41.9028,12.4964,2026-05-18 09:00:00+00:00,3,110.15,0.03,0.3,103.61,0.42,0.93,2.65,0.5
Rome,IT,41.9028,12.4964,2026-05-18 10:00:00+00:00,3,110.14,0.03,0.27,103.92,0.43,1.0,2.67,0.49
Rome,IT,41.9028,12.4964,2026-05-18 11:00:00+00:00,3,110.47,0.03,0.24,104.98,0.42,1.05,2.66,0.48
Rome,IT,41.9028,12.4964,2026-05-18 12:00:00+00:00,3,110.61,0.03,0.21,106.35,0.41,1.11,2.7,0.49
Rome,IT,41.9028,12.4964,2026-05-18 13:00:00+00:00,3,111.11,0.02,0.19,108.11,0.4,1.19,2.84,0.52
Rome,IT,41.9028,12.4964,2026-05-18 14:00:00+00:00,3,111.5,0.02,0.19,109.46,0.4,1.32,3.06,0.56
Rome,IT,41.9028,12.4964,2026-05-18 15:00:00+00:00,3,111.81,0.02,0.21,110.26,0.41,1.44,3.26,0.6
Rome,IT,41.9028,12.4964,2026-05-18 16:00:00+00:00,3,112.4,0.02,0.24,110.85,0.42,1.53,3.41,0.64
Rome,IT,41.9028,12.4964,2026-05-18 17:00:00+00:00,3,112.74,0.01,0.29,110.67,0.44,1.55,3.49,0.67
Rome,IT,41.9028,12.4964,2026-05-18 18:00:00+00:00,3,112.72,0.0,0.33,109.86,0.45,1.5,3.46,0.66
Rome,IT,41.9028,12.4964,2026-05-18 19:00:00+00:00,3,112.44,0.0,0.34,109.07,0.47,1.4,3.35,0.64
Rome,IT,41.9028,12.4964,2026-05-18 20:00:00+00:00,3,112.01,0.0,0.33,107.77,0.47,1.3,3.16,0.6
Rome,IT,41.9028,12.4964,2026-05-18 21:00:00+00:00,3,111.22,0.0,0.31,106.22,0.45,1.2,2.94,0.56
Rome,IT,41.9028,12.4964,2026-05-18 22:00:00+00:00,3,110.21,0.0,0.29,104.35,0.44,1.1,2.59,0.53
Rome,IT,41.9028,12.4964,2026-05-18 23:00:00+00:00,3,109.38,0.0,0.27,102.76,0.43,1.03,2.37,0.5
Rome,IT,41.9028,12.4964,2026-05-19 00:00:00+00:00,3,108.35,0.0,0.26,101.02,0.45,1.03,2.45,0.49
Rome,IT,41.9028,12.4964,2026-05-20 01:00:00+00:00,2,111.13,0.0,0.44,99.57,0.82,1.73,5.09,0.2
Rome,IT,41.9028,12.4964,2026-05-20 02:00:00+00:00,2,110.93,0.0,0.43,98.47,0.87,1.83,5.54,0.21
Rome,IT,41.9028,12.4964,2026-05-20 03:00:00+00:00,2,110.74,0.0,0.42,97.59,0.92,1.92,5.91,0.22
Rome,IT,41.9028,12.4964,2026-05-20 04:00:00+00:00,2,110.44,0.0,0.41,96.94,0.92,1.93,5.87,0.26
Rome,IT,41.9028,12.4964,2026-05-20 05:00:00+00:00,2,110.29,0.01,0.49,96.74,0.87,1.86,5.42,0.31
Rome,IT,41.9028,12.4964,2026-05-20 06:00:00+00:00,2,110.15,0.04,0.52,96.54,0.83,1.78,4.96,0.39
Rome,IT,41.9028,12.4964,2026-05-20 07:00:00+00:00,2,109.53,0.07,0.51,96.4,0.79,1.75,4.65,0.47
Rome,IT,41.9028,12.4964,2026-05-20 08:00:00+00:00,2,108.79,0.08,0.46,96.87,0.79,1.82,4.65,0.55
Rome,IT,41.9028,12.4964,2026-05-20 09:00:00+00:00,2,107.86,0.07,0.38,97.88,0.8,2.0,4.84,0.61
Rome,IT,41.9028,12.4964,2026-05-20 10:00:00+00:00,2,107.2,0.06,0.3,99.28,0.79,2.3,5.24,0.64
Rome,IT,41.9028,12.4964,2026-05-20 11:00:00+00:00,3,107.26,0.05,0.24,100.28,0.78,2.72,5.9,0.66
Rome,IT,41.9028,12.4964,2026-05-20 12:00:00+00:00,3,107.51,0.04,0.21,100.97,0.78,3.11,6.61,0.66
Rome,IT,41.9028,12.4964,2026-05-20 13:00:00+00:00,3,107.75,0.04,0.2,101.49,0.77,3.36,7.13,0.63
Rome,IT,41.9028,12.4964,2026-05-20 14:00:00+00:00,3,107.72,0.04,0.2,101.61,0.76,3.45,7.41,0.57
Rome,IT,41.9028,12.4964,2026-05-20 15:00:00+00:00,3,107.58,0.04,0.21,101.73,0.74,3.39,7.4,0.52
Rome,IT,41.9028,12.4964,2026-05-20 16:00:00+00:00,3,107.91,0.03,0.24,102.16,0.72,3.23,7.12,0.47
Rome,IT,41.9028,12.4964,2026-05-20 17:00:00+00:00,3,108.42,0.03,0.3,102.91,0.72,3.05,6.78,0.42
Rome,IT,41.9028,12.4964,2026-05-20 18:00:00+00:00,3,109.2,0.01,0.38,103.34,0.73,2.97,6.58,0.38
Rome,IT,41.9028,12.4964,2026-05-20 19:00:00+00:00,3,110.48,0.0,0.44,103.8,0.77,3.04,6.73,0.34
Rome,IT,41.9028,12.4964,2026-05-20 20:00:00+00:00,3,111.24,0.0,0.45,103.67,0.83,3.24,7.19,0.3
Rome,IT,41.9028,12.4964,2026-05-20 21:00:00+00:00,3,111.72,0.0,0.46,103.22,0.89,3.48,7.77,0.27
Rome,IT,41.9028,12.4964,2026-05-20 22:00:00+00:00,3,111.45,0.0,0.47,102.2,0.95,3.68,8.32,0.25
Rome,IT,41.9028,12.4964,2026-05-20 23:00:00+00:00,3,110.42,0.0,0.48,100.93,1.02,3.85,8.84,0.23
Rome,IT,41.9028,12.4964,2026-05-21 00:00:00+00:00,2,109.29,0.0,0.51,99.18,1.08,3.97,9.27,0.23
Rome,IT,41.9028,12.4964,2026-05-21 01:00:00+00:00,2,108.73,0.0,0.53,97.75,1.12,4.06,9.59,0.26
Rome,IT,41.9028,12.4964,2026-05-21 02:00:00+00:00,2,108.28,0.0,0.57,95.95,1.14,4.18,9.97,0.32
Rome,IT,41.9028,12.4964,2026-05-21 03:00:00+00:00,2,108.65,0.0,0.63,93.36,1.16,4.35,10.45,0.44
Rome,IT,41.9028,12.4964,2026-05-21 04:00:00+00:00,2,109.39,0.0,0.71,90.15,1.17,4.55,10.89,0.58
Rome,IT,41.9028,12.4964,2026-05-21 05:00:00+00:00,2,111.25,0.01,0.95,86.72,1.16,4.69,11.03,0.76
Rome,IT,41.9028,12.4964,2026-05-21 06:00:00+00:00,2,114.38,0.09,1.13,84.22,1.1,4.73,10.68,1.06
Rome,IT,41.9028,12.4964,2026-05-21 07:00:00+00:00,2,118.26,0.19,1.18,83.37,1.03,4.78,10.27,1.36
Rome,IT,41.9028,12.4964,2026-05-21 08:00:00+00:00,2,121.87,0.23,1.1,84.81,0.94,4.99,10.2,1.52
Rome,IT,41.9028,12.4964,2026-05-21 09:00:00+00:00,2,124.84,0.2,0.89,88.61,0.85,5.49,10.51,1.63
Rome,IT,41.9028,12.4964,2026-05-21 10:00:00+00:00,2,126.75,0.14,0.66,93.23,0.78,6.27,11.24,1.65
Rome,IT,41.9028,12.4964,2026-05-21 11:00:00+00:00,2,127.96,0.1,0.48,97.5,0.74,7.15,12.19,1.55
Rome,IT,41.9028,12.4964,2026-05-21 12:00:00+00:00,3,127.88,0.08,0.39,101.06,0.72,7.83,12.92,1.48
Rome,IT,41.9028,12.4964,2026-05-21 13:00:00+00:00,3,126.5,0.07,0.36,103.64,0.71,8.21,13.44,1.4
Rome,IT,41.9028,12.4964,2026-05-21 14:00:00+00:00,3,124.18,0.06,0.37,104.64,0.71,8.42,13.94,1.26
Rome,IT,41.9028,12.4964,2026-05-21 15:00:00+00:00,3,122.04,0.06,0.4,105.08,0.71,8.63,14.52,1.13
Rome,IT,41.9028,12.4964,2026-05-21 16:00:00+00:00,3,120.93,0.06,0.47,106.16,0.75,8.97,15.43,1.02
Rome,IT,41.9028,12.4964,2026-05-21 17:00:00+00:00,3,119.92,0.05,0.58,106.85,0.86,9.43,16.68,0.89
Rome,IT,41.9028,12.4964,2026-05-21 18:00:00+00:00,3,119.74,0.02,0.73,108.18,1.01,9.85,17.85,0.84
Rome,IT,41.9028,12.4964,2026-05-21 19:00:00+00:00,3,120.64,0.0,0.79,112.14,1.15,9.9,18.15,1.17
Rome,IT,41.9028,12.4964,2026-05-21 20:00:00+00:00,3,121.25,0.0,0.79,114.69,1.3,9.75,18.37,1.54
Rome,IT,41.9028,12.4964,2026-05-21 21:00:00+00:00,3,121.6,0.0,0.96,113.57,1.41,9.11,17.66,1.8
Rome,IT,41.9028,12.4964,2026-05-21 22:00:00+00:00,3,123.46,0.0,1.35,109.17,1.45,7.73,15.5,1.95
Rome,IT,41.9028,12.4964,2026-05-21 23:00:00+00:00,3,126.76,0.0,1.88,102.5,1.41,6.08,12.85,1.91
Rome,IT,41.9028,12.4964,2026-05-22 00:00:00+00:00,2,130.96,0.0,2.35,95.89,1.33,4.6,10.34,1.86
Rome,IT,41.9028,12.4964,2026-05-22 01:00:00+00:00,2,134.32,0.0,2.56,90.42,1.2,3.67,8.68,1.73
Rome,IT,41.9028,12.4964,2026-05-22 02:00:00+00:00,2,136.76,0.0,2.57,85.69,1.06,3.27,7.95,1.52
Rome,IT,41.9028,12.4964,2026-05-22 03:00:00+00:00,2,139.01,0.0,2.49,81.88,0.93,3.22,7.75,1.41
Rome,IT,41.9028,12.4964,2026-05-22 04:00:00+00:00,2,140.33,0.0,2.36,78.76,0.83,3.37,7.89,1.37
Rome,IT,41.9028,12.4964,2026-05-22 05:00:00+00:00,2,141.45,0.04,2.66,76.87,0.77,3.45,7.92,1.33
Rome,IT,41.9028,12.4964,2026-05-22 06:00:00+00:00,2,140.29,0.23,2.56,76.85,0.75,3.32,7.53,1.31
Rome,IT,41.9028,12.4964,2026-05-22 07:00:00+00:00,2,137.45,0.36,2.15,80.27,0.74,3.15,6.97,1.25
Rome,IT,41.9028,12.4964,2026-05-22 08:00:00+00:00,2,134.38,0.34,1.71,87.43,0.72,3.14,6.57,1.19
Rome,IT,41.9028,12.4964,2026-05-22 09:00:00+00:00,2,131.86,0.25,1.24,97.18,0.71,3.44,6.52,1.14
Rome,IT,41.9028,12.4964,2026-05-22 10:00:00+00:00,3,129.43,0.15,0.82,105.93,0.69,3.9,6.69,1.08
Rome,IT,41.9028,12.4964,2026-05-22 11:00:00+00:00,3,126.64,0.1,0.55,111.6,0.66,4.24,6.93,0.95
Rome,IT,41.9028,12.4964,2026-05-22 12:00:00+00:00,3,123.4,0.07,0.42,114.14,0.66,4.33,7.12,0.82
Rome,IT,41.9028,12.4964,2026-05-22 13:00:00+00:00,3,119.45,0.06,0.37,114.42,0.68,4.22,7.36,0.71
Rome,IT,41.9028,12.4964,2026-05-22 14:00:00+00:00,3,115.34,0.06,0.36,112.68,0.72,4.08,7.82,0.64
Rome,IT,41.9028,12.4964,2026-05-22 15:00:00+00:00,3,112.24,0.06,0.37,111.03,0.8,4.06,8.56,0.66
Rome,IT,41.9028,12.4964,2026-05-22 16:00:00+00:00,3,110.68,0.05,0.41,110.62,0.9,4.19,9.44,0.79
Rome,IT,41.9028,12.4964,2026-05-22 17:00:00+00:00,3,110.21,0.04,0.5,110.59,1.03,4.58,10.75,0.96
Rome,IT,41.9028,12.4964,2026-05-22 18:00:00+00:00,3,110.83,0.02,0.68,110.94,1.2,5.15,12.15,1.14
Rome,IT,41.9028,12.4964,2026-05-22 19:00:00+00:00,3,112.28,0.0,0.86,112.33,1.35,5.63,13.03,1.29
Rome,IT,41.9028,12.4964,2026-05-22 20:00:00+00:00,3,113.03,0.0,0.97,112.73,1.45,5.73,13.12,1.37
Rome,IT,41.9028,12.4964,2026-05-22 21:00:00+00:00,3,113.5,0.0,1.08,111.81,1.51,5.35,12.28,1.5
Rome,IT,41.9028,12.4964,2026-05-22 22:00:00+00:00,3,114.71,0.0,1.21,109.98,1.52,4.77,11.03,1.66
Rome,IT,41.9028,12.4964,2026-05-22 23:00:00+00:00,3,117.12,0.0,1.37,106.84,1.49,4.27,10.0,1.76
Rome,IT,41.9028,12.4964,2026-05-23 00:00:00+00:00,3,120.17,0.0,1.52,103.55,1.4,3.94,9.22,1.8
Rome,IT,41.9028,12.4964,2026-05-23 01:00:00+00:00,2,122.49,0.0,1.58,99.54,1.28,3.81,8.87,1.74
Rome,IT,41.9028,12.4964,2026-05-23 02:00:00+00:00,2,124.55,0.0,1.57,96.22,1.14,3.8,8.75,1.63
Rome,IT,41.9028,12.4964,2026-05-23 03:00:00+00:00,2,125.8,0.0,1.5,93.45,1.05,3.8,8.63,1.53
Rome,IT,41.9028,12.4964,2026-05-23 04:00:00+00:00,2,126.18,0.0,1.41,90.41,0.97,3.81,8.55,1.42
Rome,IT,41.9028,12.4964,2026-05-23 05:00:00+00:00,2,127.73,0.02,1.65,87.41,0.88,3.87,8.6,1.25
Rome,IT,41.9028,12.4964,2026-05-23 06:00:00+00:00,2,129.18,0.14,1.61,84.88,0.79,4.0,8.69,1.08
Rome,IT,41.9028,12.4964,2026-05-23 07:00:00+00:00,2,129.74,0.21,1.36,84.19,0.7,4.25,8.87,0.9
Rome,IT,41.9028,12.4964,2026-05-23 08:00:00+00:00,2,130.23,0.2,1.05,85.87,0.62,4.72,9.31,0.76
Rome,IT,41.9028,12.4964,2026-05-23 09:00:00+00:00,2,130.44,0.16,0.77,89.43,0.56,5.47,9.95,0.68
Rome,IT,41.9028,12.4964,2026-05-23 10:00:00+00:00,2,130.38,0.11,0.55,93.22,0.49,6.37,10.7,0.63
Rome,IT,41.9028,12.4964,2026-05-23 11:00:00+00:00,2,130.42,0.08,0.42,95.37,0.42,7.22,11.39,0.56
Rome,IT,41.9028,12.4964,2026-05-23 12:00:00+00:00,2,130.28,0.07,0.35,97.13,0.38,7.83,11.86,0.49
Rome,IT,41.9028,12.4964,2026-05-23 13:00:00+00:00,2,130.0,0.06,0.33,99.17,0.37,8.2,12.11,0.46
Rome,IT,41.9028,12.4964,2026-05-23 14:00:00+00:00,3,129.05,0.06,0.34,101.96,0.39,8.28,12.07,0.47
Rome,IT,41.9028,12.4964,2026-05-23 15:00:00+00:00,3,127.83,0.06,0.37,106.45,0.44,8.13,11.78,0.57
Rome,IT,41.9028,12.4964,2026-05-23 16:00:00+00:00,3,126.01,0.05,0.43,112.99,0.52,7.72,11.15,0.77
Rome,IT,41.9028,12.4964,2026-05-23 17:00:00+00:00,3,124.42,0.04,0.52,116.37,0.57,7.42,10.87,0.85
Rome,IT,41.9028,12.4964,2026-05-23 18:00:00+00:00,3,122.37,0.02,0.65,117.65,0.68,7.26,11.11,0.92
Rome,IT,41.9028,12.4964,2026-05-23 19:00:00+00:00,3,120.43,0.0,0.7,117.54,0.82,7.28,11.91,1.01
Rome,IT,41.9028,12.4964,2026-05-23 20:00:00+00:00,3,118.33,0.0,0.68,115.51,0.93,7.49,13.17,1.0
Rome,IT,41.9028,12.4964,2026-05-23 21:00:00+00:00,3,117.05,0.0,0.7,112.62,1.04,7.86,14.74,0.97
Rome,IT,41.9028,12.4964,2026-05-23 22:00:00+00:00,3,116.33,0.0,0.75,108.03,1.07,8.13,15.84,0.89
Rome,IT,41.9028,12.4964,2026-05-23 23:00:00+00:00,3,115.43,0.0,0.77,101.97,0.97,8.11,16.02,0.78
Rome,IT,41.9028,12.4964,2026-05-24 00:00:00+00:00,2,114.71,0.0,0.77,96.15,0.88,7.91,15.59,0.7
Rome,IT,41.9028,12.4964,2026-05-24 01:00:00+00:00,2,114.34,0.0,0.75,91.23,0.82,7.68,14.99,0.64
Rome,IT,41.9028,12.4964,2026-05-24 02:00:00+00:00,2,114.49,0.0,0.75,87.46,0.76,7.51,14.5,0.58
Rome,IT,41.9028,12.4964,2026-05-24 03:00:00+00:00,2,115.01,0.0,0.76,84.37,0.71,7.4,14.13,0.54
Rome,IT,41.9028,12.4964,2026-05-24 04:00:00+00:00,2,115.03,0.0,0.77,81.25,0.67,7.29,13.77,0.5
Rome,IT,41.9028,12.4964,2026-05-24 05:00:00+00:00,2,115.85,0.01,0.9,78.66,0.63,7.21,13.4,0.47
Rome,IT,41.9028,12.4964,2026-05-24 06:00:00+00:00,2,116.84,0.08,0.92,76.68,0.59,7.14,13.03,0.45
Rome,IT,41.9028,12.4964,2026-05-24 07:00:00+00:00,2,117.53,0.13,0.83,75.77,0.54,7.16,12.78,0.43
Rome,IT,41.9028,12.4964,2026-05-24 08:00:00+00:00,2,118.72,0.14,0.69,76.63,0.5,7.3,12.75,0.41
Rome,IT,41.9028,12.4964,2026-05-24 09:00:00+00:00,2,119.91,0.12,0.54,78.67,0.46,7.61,12.95,0.4
Rome,IT,41.9028,12.4964,2026-05-24 10:00:00+00:00,2,120.89,0.09,0.42,80.93,0.44,8.06,13.34,0.4
Rome,IT,41.9028,12.4964,2026-05-24 11:00:00+00:00,2,121.5,0.08,0.34,83.02,0.44,8.57,13.84,0.42
Rome,IT,41.9028,12.4964,2026-05-24 12:00:00+00:00,2,122.11,0.06,0.3,85.19,0.44,9.08,14.38,0.44
Rome,IT,41.9028,12.4964,2026-05-24 13:00:00+00:00,2,122.77,0.06,0.29,87.88,0.46,9.52,14.87,0.48
Rome,IT,41.9028,12.4964,2026-05-24 14:00:00+00:00,2,123.13,0.06,0.31,91.01,0.49,9.88,15.23,0.54
Rome,IT,41.9028,12.4964,2026-05-24 15:00:00+00:00,2,123.48,0.06,0.34,95.38,0.56,10.16,15.31,0.68
Rome,IT,41.9028,12.4964,2026-05-24 16:00:00+00:00,3,124.21,0.05,0.41,101.55,0.66,10.32,15.03,0.99
Rome,IT,41.9028,12.4964,2026-05-24 17:00:00+00:00,3,124.68,0.04,0.51,105.31,0.69,10.44,14.88,1.07
Rome,IT,41.9028,12.4964,2026-05-24 18:00:00+00:00,3,124.96,0.02,0.65,106.64,0.71,10.5,14.87,1.04
Rome,IT,41.9028,12.4964,2026-05-24 19:00:00+00:00,3,124.58,0.0,0.73,106.71,0.75,10.46,14.87,0.98
Rome,IT,41.9028,12.4964,2026-05-24 20:00:00+00:00,3,123.19,0.0,0.7,105.52,0.74,10.27,14.67,0.9
Rome,IT,41.9028,12.4964,2026-05-24 21:00:00+00:00,3,120.89,0.0,0.68,103.78,0.71,9.99,14.41,0.84
Rome,IT,41.9028,12.4964,2026-05-24 22:00:00+00:00,3,118.56,0.0,0.66,101.08,0.69,9.74,14.27,0.74
Rome,IT,41.9028,12.4964,2026-05-24 23:00:00+00:00,2,116.84,0.0,0.65,97.58,0.64,9.63,14.41,0.57
Rome,IT,41.9028,12.4964,2026-05-25 00:00:00+00:00,2,115.58,0.0,0.65,94.15,0.62,9.59,14.66,0.43
Rome,IT,41.9028,12.4964,2026-05-25 01:00:00+00:00,2,114.51,0.0,0.66,91.2,0.61,9.56,14.92,0.35
Rome,IT,41.9028,12.4964,2026-05-25 02:00:00+00:00,2,114.09,0.0,0.69,88.5,0.61,9.53,15.13,0.32
Rome,IT,41.9028,12.4964,2026-05-25 03:00:00+00:00,2,113.94,0.0,0.72,86.5,0.63,9.5,15.3,0.32
Rome,IT,41.9028,12.4964,2026-05-25 04:00:00+00:00,2,114.09,0.0,0.73,84.98,0.65,9.46,15.4,0.34
Rome,IT,41.9028,12.4964,2026-05-25 05:00:00+00:00,2,114.26,0.01,0.85,83.71,0.67,9.42,15.51,0.34
Rome,IT,41.9028,12.4964,2026-05-25 06:00:00+00:00,2,114.25,0.06,0.88,83.07,0.68,9.4,15.59,0.35
Rome,IT,41.9028,12.4964,2026-05-25 07:00:00+00:00,2,114.03,0.12,0.79,83.03,0.67,9.4,15.64,0.35
Rome,IT,41.9028,12.4964,2026-05-25 08:00:00+00:00,2,114.16,0.12,0.64,84.07,0.65,9.49,15.73,0.35
Rome,IT,41.9028,12.4964,2026-05-25 09:00:00+00:00,2,114.28,0.1,0.49,85.82,0.62,9.67,15.89,0.36
Rome,IT,41.9028,12.4964,2026-05-25 10:00:00+00:00,2,114.27,0.08,0.37,87.69,0.6,9.89,16.06,0.38
Rome,IT,41.9028,12.4964,2026-05-25 11:00:00+00:00,2,113.85,0.06,0.3,89.29,0.59,10.07,16.16,0.42
Rome,IT,41.9028,12.4964,2026-05-25 12:00:00+00:00,2,113.35,0.05,0.26,90.35,0.58,10.23,16.19,0.47
Rome,IT,41.9028,12.4964,2026-05-25 13:00:00+00:00,2,112.9,0.05,0.24,91.22,0.57,10.32,16.15,0.5
Rome,IT,41.9028,12.4964,2026-05-25 14:00:00+00:00,2,112.06,0.05,0.25,91.75,0.55,10.27,15.94,0.54
Rome,IT,41.9028,12.4964,2026-05-25 15:00:00+00:00,2,111.22,0.05,0.26,92.44,0.54,10.13,15.58,0.61
Rome,IT,41.9028,12.4964,2026-05-25 16:00:00+00:00,2,110.86,0.04,0.3,94.71,0.56,9.94,15.16,0.73
Rome,IT,41.9028,12.4964,2026-05-25 17:00:00+00:00,2,110.34,0.03,0.36,95.28,0.57,9.76,14.87,0.75
Rome,IT,41.9028,12.4964,2026-05-25 18:00:00+00:00,2,109.46,0.01,0.46,94.37,0.58,9.68,14.88,0.71
Rome,IT,41.9028,12.4964,2026-05-25 19:00:00+00:00,2,108.82,0.0,0.52,93.66,0.59,9.61,14.96,0.71
Rome,IT,41.9028,12.4964,2026-05-25 20:00:00+00:00,2,107.94,0.0,0.51,92.99,0.61,9.61,15.21,0.74
Rome,IT,41.9028,12.4964,2026-05-25 21:00:00+00:00,2,107.43,0.0,0.54,91.62,0.68,9.93,16.11,0.71
Rome,IT,41.9028,12.4964,2026-05-25 22:00:00+00:00,2,107.92,0.0,0.59,89.47,0.72,10.34,17.1,0.62
Rome,IT,41.9028,12.4964,2026-05-25 23:00:00+00:00,2,108.78,0.0,0.62,87.55,0.68,10.6,17.4,0.53
Rome,IT,41.9028,12.4964,2026-05-26 00:00:00+00:00,2,109.73,0.0,0.63,86.33,0.65,10.74,17.25,0.49
Rome,IT,41.9028,12.4964,2026-05-26 01:00:00+00:00,2,109.93,0.0,0.62,85.8,0.65,10.72,16.77,0.52
Rome,IT,41.9028,12.4964,2026-05-26 02:00:00+00:00,2,110.46,0.0,0.6,85.79,0.65,10.63,16.18,0.56
Rome,IT,41.9028,12.4964,2026-05-26 03:00:00+00:00,2,110.63,0.0,0.58,85.31,0.64,10.49,15.66,0.58
Rome,IT,41.9028,12.4964,2026-05-26 04:00:00+00:00,2,110.74,0.0,0.58,84.31,0.63,10.39,15.3,0.58
Rome,IT,41.9028,12.4964,2026-05-26 05:00:00+00:00,2,110.89,0.01,0.67,83.19,0.64,10.32,15.0,0.58
Rome,IT,41.9028,12.4964,2026-05-26 06:00:00+00:00,2,111.13,0.05,0.71,82.84,0.68,10.27,14.69,0.61
Rome,IT,41.9028,12.4964,2026-05-26 07:00:00+00:00,2,110.97,0.09,0.65,84.03,0.7,10.22,14.4,0.62
Rome,IT,41.9028,12.4964,2026-05-26 08:00:00+00:00,2,111.15,0.1,0.55,85.74,0.69,10.16,14.2,0.62
Rome,IT,41.9028,12.4964,2026-05-26 09:00:00+00:00,2,111.23,0.09,0.45,87.84,0.67,10.12,14.15,0.59
Rome,IT,41.9028,12.4964,2026-05-26 10:00:00+00:00,2,111.08,0.07,0.36,89.91,0.65,10.12,14.27,0.53
Rome,IT,41.9028,12.4964,2026-05-26 11:00:00+00:00,2,110.62,0.06,0.31,91.7,0.65,10.15,14.4,0.5
Rome,IT,41.9028,12.4964,2026-05-26 12:00:00+00:00,2,109.98,0.05,0.28,94.03,0.68,10.17,14.48,0.53
Rome,IT,41.9028,12.4964,2026-05-26 13:00:00+00:00,2,109.15,0.05,0.27,97.68,0.73,10.14,14.43,0.63
Rome,IT,41.9028,12.4964,2026-05-26 14:00:00+00:00,3,108.23,0.05,0.28,101.48,0.75,9.99,14.19,0.75
Rome,IT,41.9028,12.4964,2026-05-26 15:00:00+00:00,3,107.58,0.05,0.3,104.95,0.76,9.82,14.0,0.87
Rome,IT,41.9028,12.4964,2026-05-26 16:00:00+00:00,3,107.41,0.04,0.35,108.06,0.77,9.78,14.1,0.98
Rome,IT,41.9028,12.4964,2026-05-26 17:00:00+00:00,3,107.64,0.04,0.44,108.86,0.79,9.95,14.66,0.93
Rome,IT,41.9028,12.4964,2026-05-26 18:00:00+00:00,3,108.31,0.02,0.59,108.58,0.84,10.3,15.59,0.85
Rome,IT,41.9028,12.4964,2026-05-26 19:00:00+00:00,3,109.14,0.0,0.68,107.67,0.89,10.72,16.73,0.83
Rome,IT,41.9028,12.4964,2026-05-26 20:00:00+00:00,3,110.22,0.0,0.65,106.5,0.91,11.13,17.8,0.87
Rome,IT,41.9028,12.4964,2026-05-26 21:00:00+00:00,3,111.3,0.0,0.63,105.42,0.93,11.51,18.71,0.96
Rome,IT,41.9028,12.4964,2026-05-26 22:00:00+00:00,3,111.94,0.0,0.62,103.64,0.92,11.77,19.33,1.02
Rome,IT,41.9028,12.4964,2026-05-26 23:00:00+00:00,3,112.98,0.0,0.64,101.03,0.87,12.12,20.07,0.92
Rome,IT,41.9028,12.4964,2026-05-27 00:00:00+00:00,2,113.65,0.0,0.65,98.03,0.82,12.38,20.56,0.79
Rome,IT,41.9028,12.4964,2026-05-27 01:00:00+00:00,2,114.23,0.0,0.67,96.05,0.77,12.51,20.73,0.69
Rome,IT,41.9028,12.4964,2026-05-27 02:00:00+00:00,2,114.63,0.0,0.68,94.14,0.75,12.44,20.63,0.64
Rome,IT,41.9028,12.4964,2026-05-27 03:00:00+00:00,2,114.93,0.0,0.69,92.78,0.74,12.29,20.48,0.6
Rome,IT,41.9028,12.4964,2026-05-27 04:00:00+00:00,2,115.45,0.0,0.72,91.13,0.76,12.19,20.51,0.55
Rome,IT,41.9028,12.4964,2026-05-27 05:00:00+00:00,2,116.62,0.01,0.88,89.03,0.77,12.13,20.53,0.46
Rome,IT,41.9028,12.4964,2026-05-27 06:00:00+00:00,2,118.33,0.07,0.99,87.17,0.81,12.12,20.57,0.38
Rome,IT,41.9028,12.4964,2026-05-27 07:00:00+00:00,2,119.95,0.13,0.95,86.93,0.84,12.21,20.75,0.34
Rome,IT,41.9028,12.4964,2026-05-27 08:00:00+00:00,2,121.48,0.14,0.8,88.55,0.85,12.48,21.21,0.31
Rome,IT,41.9028,12.4964,2026-05-27 09:00:00+00:00,2,122.56,0.12,0.63,91.34,0.87,12.92,21.86,0.29
Rome,IT,41.9028,12.4964,2026-05-27 10:00:00+00:00,2,123.07,0.09,0.48,93.72,0.87,13.34,22.44,0.3
Rome,IT,41.9028,12.4964,2026-05-27 11:00:00+00:00,2,122.83,0.07,0.39,94.99,0.86,13.65,22.89,0.31
Rome,IT,41.9028,12.4964,2026-05-27 12:00:00+00:00,2,121.96,0.06,0.33,95.72,0.88,13.81,23.19,0.34
Rome,IT,41.9028,12.4964,2026-05-27 13:00:00+00:00,2,120.62,0.06,0.31,96.89,0.89,13.68,23.03,0.39
Rome,IT,41.9028,12.4964,2026-05-27 14:00:00+00:00,2,118.18,0.05,0.3,98.28,0.88,13.17,22.24,0.5
Rome,IT,41.9028,12.4964,2026-05-27 15:00:00+00:00,2,115.83,0.05,0.31,99.75,0.85,12.46,21.17,0.64
Rome,IT,41.9028,12.4964,2026-05-27 16:00:00+00:00,3,114.23,0.05,0.34,101.07,0.82,11.93,20.34,0.74
Rome,IT,41.9028,12.4964,2026-05-27 17:00:00+00:00,3,113.36,0.04,0.42,100.87,0.8,11.71,20.02,0.75
Rome,IT,41.9028,12.4964,2026-05-27 18:00:00+00:00,2,112.94,0.02,0.55,99.89,0.8,11.56,19.83,0.73
Rome,IT,41.9028,12.4964,2026-05-27 19:00:00+00:00,2,112.58,0.0,0.65,99.04,0.82,11.51,19.83,0.71
Rome,IT,41.9028,12.4964,2026-05-27 20:00:00+00:00,2,112.26,0.0,0.65,98.23,0.86,11.44,19.83,0.69
Rome,IT,41.9028,12.4964,2026-05-27 21:00:00+00:00,2,111.67,0.0,0.64,97.88,0.91,11.31,19.66,0.69
Rome,IT,41.9028,12.4964,2026-05-27 22:00:00+00:00,2,110.6,0.0,0.62,97.8,0.94,10.96,19.1,0.73
Rome,IT,41.9028,12.4964,2026-05-27 23:00:00+00:00,2,109.66,0.0,0.61,97.77,0.95,10.61,18.56,0.71
Rome,IT,41.9028,12.4964,2026-05-28 00:00:00+00:00,2,108.72,0.0,0.61,97.42,0.97,10.27,18.09,0.67
Rome,IT,41.9028,12.4964,2026-05-28 01:00:00+00:00,2,107.63,0.0,0.62,96.72,1.0,9.89,17.63,0.63
Rome,IT,41.9028,12.4964,2026-05-28 02:00:00+00:00,2,106.94,0.0,0.65,94.82,1.07,9.6,17.52,0.58
Rome,IT,41.9028,12.4964,2026-05-28 03:00:00+00:00,2,106.6,0.0,0.71,91.91,1.2,9.51,17.98,0.53
Rome,IT,41.9028,12.4964,2026-05-28 04:00:00+00:00,2,106.43,0.0,0.79,88.91,1.34,9.56,18.82,0.49
Rome,IT,41.9028,12.4964,2026-05-28 05:00:00+00:00,2,106.06,0.01,0.98,87.21,1.42,9.57,19.53,0.47
Rome,IT,41.9028,12.4964,2026-05-28 06:00:00+00:00,2,105.6,0.08,1.04,87.51,1.43,9.45,19.67,0.52
Rome,IT,41.9028,12.4964,2026-05-28 07:00:00+00:00,2,105.33,0.13,0.93,90.05,1.39,9.34,19.47,0.62
Rome,IT,41.9028,12.4964,2026-05-28 08:00:00+00:00,2,104.98,0.12,0.74,93.84,1.33,9.3,19.4,0.69
Rome,IT,41.9028,12.4964,2026-05-28 09:00:00+00:00,2,104.91,0.1,0.55,98.02,1.27,9.33,19.36,0.75
Rome,IT,41.9028,12.4964,2026-05-28 10:00:00+00:00,3,104.9,0.07,0.42,101.55,1.21,9.41,19.33,0.79
Rome,IT,41.9028,12.4964,2026-05-28 11:00:00+00:00,3,105.41,0.06,0.35,103.76,1.15,9.6,19.39,0.8
Rome,IT,41.9028,12.4964,2026-05-28 12:00:00+00:00,3,105.46,0.05,0.31,105.12,1.11,9.75,19.39,0.8
Rome,IT,41.9028,12.4964,2026-05-28 13:00:00+00:00,3,104.55,0.05,0.29,105.87,1.06,9.69,19.23,0.77
Rome,IT,41.9028,12.4964,2026-05-28 14:00:00+00:00,3,103.2,0.05,0.28,105.57,1.0,9.5,19.03,0.69
Rome,IT,41.9028,12.4964,2026-05-28 15:00:00+00:00,3,102.04,0.04,0.29,105.41,0.94,9.27,18.81,0.6
Rome,IT,41.9028,12.4964,2026-05-28 16:00:00+00:00,3,100.96,0.04,0.32,105.26,0.91,9.03,18.57,0.53
Rome,IT,41.9028,12.4964,2026-05-28 17:00:00+00:00,3,100.5,0.03,0.39,104.87,0.87,8.8,18.26,0.47
Rome,IT,41.9028,12.4964,2026-05-28 18:00:00+00:00,3,100.41,0.01,0.5,103.94,0.84,8.64,17.96,0.42
Rome,IT,41.9028,12.4964,2026-05-28 19:00:00+00:00,3,100.25,0.0,0.57,102.89,0.81,8.46,17.48,0.4
Rome,IT,41.9028,12.4964,2026-05-28 20:00:00+00:00,3,100.39,0.0,0.56,101.86,0.79,8.39,17.28,0.37
Rome,IT,41.9028,12.4964,2026-05-28 21:00:00+00:00,3,100.71,0.0,0.56,100.67,0.8,8.44,17.32,0.32
Rome,IT,41.9028,12.4964,2026-05-28 22:00:00+00:00,2,100.83,0.0,0.57,99.01,0.82,8.53,17.49,0.27
Rome,IT,41.9028,12.4964,2026-05-28 23:00:00+00:00,2,101.12,0.0,0.57,97.4,0.86,8.68,17.88,0.21
Rome,IT,41.9028,12.4964,2026-05-29 00:00:00+00:00,2,101.4,0.0,0.58,95.72,0.9,8.91,18.44,0.17
Rome,IT,41.9028,12.4964,2026-05-29 01:00:00+00:00,2,101.6,0.0,0.6,93.73,0.93,9.18,19.12,0.13
Rome,IT,41.9028,12.4964,2026-05-29 02:00:00+00:00,2,102.07,0.0,0.62,91.51,0.91,9.43,19.69,0.1
Rome,IT,41.9028,12.4964,2026-05-29 03:00:00+00:00,2,102.72,0.0,0.64,89.59,0.89,9.65,20.19,0.09
Rome,IT,41.9028,12.4964,2026-05-29 04:00:00+00:00,2,103.36,0.0,0.65,88.06,0.88,9.89,20.7,0.1
Rome,IT,41.9028,12.4964,2026-05-29 05:00:00+00:00,2,104.9,0.01,0.75,87.36,0.93,10.21,21.12,0.21
Rome,IT,41.9028,12.4964,2026-05-29 06:00:00+00:00,2,109.07,0.03,0.85,88.29,1.07,10.51,20.91,0.52
Rome,IT,41.9028,12.4964,2026-05-29 07:00:00+00:00,2,116.03,0.05,0.96,92.93,1.15,10.54,20.3,0.99
Rome,IT,41.9028,12.4964,2026-05-29 08:00:00+00:00,2,122.7,0.07,0.96,98.49,1.08,10.29,19.32,1.25
Rome,IT,41.9028,12.4964,2026-05-29 09:00:00+00:00,3,126.91,0.08,0.81,103.9,0.9,9.9,17.87,1.39
Rome,IT,41.9028,12.4964,2026-05-29 10:00:00+00:00,3,129.33,0.08,0.52,108.76,0.76,9.78,16.94,1.46
Rome,IT,41.9028,12.4964,2026-05-29 11:00:00+00:00,3,130.93,0.06,0.36,113.23,0.65,9.67,15.97,1.58
Rome,IT,41.9028,12.4964,2026-05-29 12:00:00+00:00,3,131.99,0.04,0.3,117.79,0.57,9.34,14.56,1.82
Rome,IT,41.9028,12.4964,2026-05-29 13:00:00+00:00,3,131.47,0.04,0.27,121.6,0.48,8.65,12.69,2.18
Rome,IT,41.9028,12.4964,2026-05-29 14:00:00+00:00,3,129.75,0.03,0.26,122.98,0.38,7.89,11.14,2.33
Rome,IT,41.9028,12.4964,2026-05-29 15:00:00+00:00,3,127.48,0.03,0.28,122.97,0.32,7.22,9.96,2.32
Rome,IT,41.9028,12.4964,2026-05-29 16:00:00+00:00,3,126.5,0.03,0.32,121.97,0.29,6.82,9.35,2.12
Rome,IT,41.9028,12.4964,2026-05-29 17:00:00+00:00,3,125.82,0.02,0.4,120.29,0.29,6.66,9.24,1.83
Rome,IT,41.9028,12.4964,2026-05-29 18:00:00+00:00,3,125.05,0.01,0.51,118.23,0.31,6.55,9.25,1.62
Rome,IT,41.9028,12.4964,2026-05-29 19:00:00+00:00,3,123.86,0.0,0.56,115.67,0.33,6.47,9.3,1.42
Rome,IT,41.9028,12.4964,2026-05-29 20:00:00+00:00,3,122.54,0.0,0.53,112.53,0.35,6.39,9.21,1.28
Rome,IT,41.9028,12.4964,2026-05-29 21:00:00+00:00,3,121.3,0.0,0.52,109.69,0.38,6.34,9.07,1.22
Rome,IT,41.9028,12.4964,2026-05-29 22:00:00+00:00,3,120.42,0.0,0.52,107.39,0.42,6.36,9.05,1.22
Rome,IT,41.9028,12.4964,2026-05-29 23:00:00+00:00,3,120.08,0.0,0.52,105.17,0.45,6.39,9.12,1.19
Rome,IT,41.9028,12.4964,2026-05-30 00:00:00+00:00,3,119.65,0.0,0.53,102.87,0.48,6.47,9.28,1.11
Rome,IT,41.9028,12.4964,2026-05-30 01:00:00+00:00,3,119.38,0.0,0.56,100.47,0.5,6.52,9.49,1.0
Rome,IT,41.9028,12.4964,2026-05-30 02:00:00+00:00,2,119.9,0.0,0.63,96.97,0.52,6.52,9.68,0.88
Rome,IT,41.9028,12.4964,2026-05-30 03:00:00+00:00,2,121.24,0.0,0.75,93.63,0.56,6.45,9.87,0.83
Rome,IT,41.9028,12.4964,2026-05-30 04:00:00+00:00,2,123.15,0.0,0.88,91.09,0.62,6.36,9.95,0.92
Rome,IT,41.9028,12.4964,2026-05-30 05:00:00+00:00,2,125.01,0.01,1.11,89.2,0.66,6.3,9.87,1.03
Rome,IT,41.9028,12.4964,2026-05-30 06:00:00+00:00,2,126.23,0.06,1.25,88.39,0.68,6.31,9.78,1.11
Rome,IT,41.9028,12.4964,2026-05-30 07:00:00+00:00,2,127.15,0.11,1.2,89.4,0.67,6.4,9.75,1.16
Rome,IT,41.9028,12.4964,2026-05-30 08:00:00+00:00,2,128.03,0.13,1.0,92.79,0.66,6.64,9.81,1.23
Rome,IT,41.9028,12.4964,2026-05-30 09:00:00+00:00,2,128.72,0.12,0.75,97.72,0.64,7.09,10.05,1.32
Rome,IT,41.9028,12.4964,2026-05-30 10:00:00+00:00,3,129.32,0.09,0.54,102.34,0.62,7.72,10.53,1.36
Rome,IT,41.9028,12.4964,2026-05-30 11:00:00+00:00,3,129.01,0.07,0.42,105.16,0.59,8.33,11.12,1.32
Rome,IT,41.9028,12.4964,2026-05-30 12:00:00+00:00,3,127.79,0.06,0.37,107.22,0.57,8.8,11.56,1.32
Rome,IT,41.9028,12.4964,2026-05-30 13:00:00+00:00,3,125.19,0.05,0.34,109.47,0.57,8.97,11.66,1.45
Rome,IT,41.9028,12.4964,2026-05-30 14:00:00+00:00,3,122.3,0.05,0.33,110.08,0.55,8.94,11.63,1.5
Rome,IT,41.9028,12.4964,2026-05-30 15:00:00+00:00,3,119.68,0.05,0.35,110.07,0.54,8.81,11.51,1.55
Rome,IT,41.9028,12.4964,2026-05-30 16:00:00+00:00,3,117.44,0.05,0.38,110.06,0.53,8.61,11.38,1.63
Rome,IT,41.9028,12.4964,2026-05-30 17:00:00+00:00,3,114.49,0.04,0.45,109.07,0.52,8.28,11.12,1.68
Rome,IT,41.9028,12.4964,2026-05-30 18:00:00+00:00,3,111.99,0.01,0.52,108.07,0.51,7.87,10.7,1.73
Rome,IT,41.9028,12.4964,2026-05-30 19:00:00+00:00,3,110.71,0.0,0.54,107.59,0.5,7.49,10.27,1.79
Rome,IT,41.9028,12.4964,2026-05-30 20:00:00+00:00,3,109.76,0.0,0.49,107.7,0.49,7.16,9.88,1.85
Rome,IT,41.9028,12.4964,2026-05-30 21:00:00+00:00,3,108.8,0.0,0.46,107.35,0.51,6.9,9.63,1.86
Rome,IT,41.9028,12.4964,2026-05-30 22:00:00+00:00,3,107.94,0.0,0.45,106.31,0.53,6.72,9.52,1.82
Rome,IT,41.9028,12.4964,2026-05-30 23:00:00+00:00,3,107.25,0.0,0.45,104.88,0.54,6.61,9.56,1.72
Rome,IT,41.9028,12.4964,2026-05-31 00:00:00+00:00,3,106.75,0.0,0.46,103.6,0.56,6.54,9.65,1.63
Rome,IT,41.9028,12.4964,2026-05-31 01:00:00+00:00,3,106.4,0.0,0.46,102.53,0.58,6.48,9.71,1.56
Rome,IT,41.9028,12.4964,2026-05-31 02:00:00+00:00,3,106.21,0.0,0.46,101.52,0.61,6.43,9.75,1.55
Rome,IT,41.9028,12.4964,2026-05-31 03:00:00+00:00,3,106.01,0.0,0.45,101.27,0.64,6.4,9.79,1.59
Rome,IT,41.9028,12.4964,2026-05-31 04:00:00+00:00,3,106.02,0.0,0.45,101.75,0.67,6.36,9.83,1.63
Rome,IT,41.9028,12.4964,2026-05-31 05:00:00+00:00,3,106.06,0.01,0.52,101.63,0.67,6.3,9.85,1.65
Rome,IT,41.9028,12.4964,2026-05-31 06:00:00+00:00,3,106.19,0.03,0.52,102.05,0.65,6.21,9.8,1.66
Rome,IT,41.9028,12.4964,2026-05-31 07:00:00+00:00,3,106.3,0.05,0.45,103.69,0.59,6.07,9.53,1.73
Rome,IT,41.9028,12.4964,2026-05-31 08:00:00+00:00,3,106.49,0.05,0.35,105.09,0.54,5.98,9.36,1.76
Rome,IT,41.9028,12.4964,2026-05-31 09:00:00+00:00,3,106.6,0.04,0.25,106.26,0.5,5.94,9.25,1.8
Rome,IT,41.9028,12.4964,2026-05-31 10:00:00+00:00,3,106.4,0.03,0.18,106.63,0.45,5.92,9.15,1.88
Rome,IT,41.9028,12.4964,2026-05-31 11:00:00+00:00,3,106.17,0.03,0.16,105.27,0.42,5.98,9.25,1.87
Rome,IT,41.9028,12.4964,2026-05-31 12:00:00+00:00,3,105.58,0.02,0.15,103.3,0.4,6.07,9.43,1.83
Rome,IT,41.9028,12.4964,2026-05-31 13:00:00+00:00,3,105.24,0.02,0.15,101.61,0.4,6.2,9.68,1.79
Rome,IT,41.9028,12.4964,2026-05-31 14:00:00+00:00,2,104.51,0.02,0.15,99.66,0.39,6.31,9.92,1.78
Rome,IT,41.9028,12.4964,2026-05-31 15:00:00+00:00,2,103.97,0.03,0.16,98.26,0.39,6.41,10.18,1.78
Rome,IT,41.9028,12.4964,2026-05-31 16:00:00+00:00,2,103.71,0.03,0.19,97.58,0.4,6.52,10.54,1.78
Rome,IT,41.9028,12.4964,2026-05-31 17:00:00+00:00,2,103.21,0.02,0.23,96.46,0.42,6.67,11.04,1.75
Rome,IT,41.9028,12.4964,2026-05-31 18:00:00+00:00,2,102.8,0.01,0.29,95.33,0.46,6.85,11.57,1.72
Rome,IT,41.9028,12.4964,2026-05-31 19:00:00+00:00,2,102.44,0.0,0.32,94.94,0.46,6.92,11.73,1.72
Rome,IT,41.9028,12.4964,2026-05-31 20:00:00+00:00,2,102.2,0.0,0.32,93.74,0.48,7.16,12.39,1.63
Rome,IT,41.9028,12.4964,2026-05-31 21:00:00+00:00,2,102.06,0.0,0.33,92.78,0.48,7.39,12.92,1.55
Rome,IT,41.9028,12.4964,2026-05-31 22:00:00+00:00,2,101.81,0.0,0.32,92.26,0.46,7.56,13.24,1.49
Rome,IT,41.9028,12.4964,2026-05-31 23:00:00+00:00,2,101.56,0.0,0.31,92.12,0.44,7.74,13.57,1.42
Rome,IT,41.9028,12.4964,2026-06-01 00:00:00+00:00,2,101.39,0.0,0.3,92.05,0.43,7.97,14.0,1.35
Rome,IT,41.9028,12.4964,2026-06-01 01:00:00+00:00,2,100.86,0.0,0.29,91.98,0.44,8.27,14.61,1.26
Rome,IT,41.9028,12.4964,2026-06-01 02:00:00+00:00,2,100.67,0.0,0.29,91.67,0.47,8.65,15.48,1.14
Rome,IT,41.9028,12.4964,2026-06-01 03:00:00+00:00,2,100.22,0.0,0.29,91.2,0.53,9.07,16.56,1.02
Rome,IT,41.9028,12.4964,2026-06-01 04:00:00+00:00,2,99.68,0.0,0.29,90.59,0.6,9.49,17.75,0.89
Rome,IT,41.9028,12.4964,2026-06-01 05:00:00+00:00,2,99.34,0.0,0.36,89.91,0.69,9.85,18.94,0.75
Rome,IT,41.9028,12.4964,2026-06-01 06:00:00+00:00,2,98.9,0.03,0.39,89.31,0.77,10.08,19.96,0.64
Rome,IT,41.9028,12.4964,2026-06-01 07:00:00+00:00,2,98.36,0.05,0.38,89.0,0.84,10.13,20.59,0.55
Rome,IT,41.9028,12.4964,2026-06-01 08:00:00+00:00,2,97.9,0.06,0.34,89.06,0.86,10.05,20.83,0.5
Rome,IT,41.9028,12.4964,2026-06-01 09:00:00+00:00,2,97.52,0.05,0.28,89.28,0.86,9.93,20.88,0.47
Rome,IT,41.9028,12.4964,2026-06-01 10:00:00+00:00,2,97.14,0.04,0.24,89.26,0.85,9.82,20.85,0.46
Rome,IT,41.9028,12.4964,2026-06-01 11:00:00+00:00,2,97.11,0.04,0.2,88.54,0.83,9.79,20.99,0.44
Rome,IT,41.9028,12.4964,2026-06-01 12:00:00+00:00,2,96.91,0.04,0.19,87.74,0.81,9.82,21.2,0.43
Rome,IT,41.9028,12.4964,2026-06-01 13:00:00+00:00,2,97.12,0.03,0.18,87.16,0.81,9.85,21.42,0.43
Rome,IT,41.9028,12.4964,2026-06-01 14:00:00+00:00,2,97.31,0.03,0.18,86.86,0.81,9.87,21.64,0.45
Rome,IT,41.9028,12.4964,2026-06-01 15:00:00+00:00,2,97.6,0.03,0.2,87.18,0.83,9.86,21.77,0.48
Rome,IT,41.9028,12.4964,2026-06-01 16:00:00+00:00,2,98.09,0.03,0.23,87.83,0.84,9.87,21.88,0.51
Rome,IT,41.9028,12.4964,2026-06-01 17:00:00+00:00,2,98.61,0.03,0.29,87.89,0.82,9.87,21.87,0.51
Rome,IT,41.9028,12.4964,2026-06-01 18:00:00+00:00,2,99.31,0.01,0.37,88.11,0.81,9.79,21.53,0.54
Rome,IT,41.9028,12.4964,2026-06-01 19:00:00+00:00,2,99.86,0.0,0.42,88.74,0.79,9.69,21.1,0.57
Rome,IT,41.9028,12.4964,2026-06-01 20:00:00+00:00,2,100.36,0.0,0.41,89.39,0.78,9.61,20.78,0.6
Rome,IT,41.9028,12.4964,2026-06-01 21:00:00+00:00,2,100.86,0.0,0.4,90.05,0.77,9.56,20.55,0.63
Rome,IT,41.9028,12.4964,2026-06-01 22:00:00+00:00,2,101.16,0.0,0.39,90.23,0.77,9.53,20.42,0.65
Rome,IT,41.9028,12.4964,2026-06-01 23:00:00+00:00,2,101.36,0.0,0.39,90.1,0.77,9.55,20.5,0.66
Rome,IT,41.9028,12.4964,2026-06-02 00:00:00+00:00,2,101.29,0.0,0.38,89.81,0.77,9.6,20.74,0.65
Rome,IT,41.9028,12.4964,2026-06-02 01:00:00+00:00,2,101.12,0.0,0.37,89.82,0.78,9.62,20.9,0.68
Rome,IT,41.9028,12.4964,2026-06-02 02:00:00+00:00,2,100.85,0.0,0.38,88.36,0.79,9.66,21.26,0.67
Rome,IT,41.9028,12.4964,2026-06-02 03:00:00+00:00,2,100.58,0.0,0.39,86.83,0.83,9.7,21.83,0.65
Rome,IT,41.9028,12.4964,2026-06-02 04:00:00+00:00,2,100.15,0.0,0.4,85.53,0.88,9.7,22.34,0.64
Rome,IT,41.9028,12.4964,2026-06-02 05:00:00+00:00,2,99.63,0.0,0.47,84.79,0.9,9.51,22.31,0.67
Rome,IT,41.9028,12.4964,2026-06-02 06:00:00+00:00,2,99.12,0.03,0.49,84.73,0.9,9.14,21.7,0.74
Rome,IT,41.9028,12.4964,2026-06-02 07:00:00+00:00,2,98.24,0.04,0.44,86.59,0.88,8.62,20.21,0.9
Rome,IT,41.9028,12.4964,2026-06-02 08:00:00+00:00,2,97.81,0.04,0.38,86.99,0.82,8.3,18.99,0.96
Rome,IT,41.9028,12.4964,2026-06-02 09:00:00+00:00,2,97.38,0.04,0.31,87.23,0.78,8.1,18.15,1.0
Rome,IT,41.9028,12.4964,2026-06-02 10:00:00+00:00,2,96.86,0.03,0.26,86.86,0.73,7.95,17.54,1.0
Rome,IT,41.9028,12.4964,2026-06-02 11:00:00+00:00,2,96.51,0.03,0.22,86.72,0.68,7.89,17.32,0.97
Rome,IT,41.9028,12.4964,2026-06-02 12:00:00+00:00,2,96.43,0.02,0.2,86.5,0.63,7.85,17.23,0.93
Rome,IT,41.9028,12.4964,2026-06-02 13:00:00+00:00,2,96.42,0.02,0.18,86.1,0.57,7.71,16.81,0.91
Rome,IT,41.9028,12.4964,2026-06-02 14:00:00+00:00,2,96.29,0.02,0.18,85.91,0.53,7.43,16.11,0.9
Rome,IT,41.9028,12.4964,2026-06-02 15:00:00+00:00,2,96.34,0.02,0.18,85.72,0.48,7.06,15.17,0.91
Rome,IT,41.9028,12.4964,2026-06-02 16:00:00+00:00,2,96.38,0.02,0.19,86.06,0.44,6.6,14.05,0.94
Rome,IT,41.9028,12.4964,2026-06-02 17:00:00+00:00,2,96.22,0.02,0.22,86.16,0.4,6.12,12.86,0.98
Rome,IT,41.9028,12.4964,2026-06-02 18:00:00+00:00,2,95.9,0.01,0.24,86.41,0.36,5.67,11.74,1.03
Rome,IT,41.9028,12.4964,2026-06-02 19:00:00+00:00,2,96.04,0.0,0.25,86.76,0.33,5.35,10.93,1.07
Rome,IT,41.9028,12.4964,2026-06-02 20:00:00+00:00,2,95.93,0.0,0.24,86.59,0.33,5.21,10.65,1.08
Rome,IT,41.9028,12.4964,2026-06-02 21:00:00+00:00,2,96.0,0.0,0.23,86.19,0.35,5.27,10.91,1.05
Rome,IT,41.9028,12.4964,2026-06-02 22:00:00+00:00,2,96.25,0.0,0.23,85.64,0.38,5.54,11.69,1.0
Rome,IT,41.9028,12.4964,2026-06-02 23:00:00+00:00,2,95.42,0.0,0.23,84.46,0.43,5.84,12.76,0.95
Rome,IT,41.9028,12.4964,2026-06-03 00:00:00+00:00,2,94.05,0.0,0.24,83.06,0.51,5.95,13.65,0.95
Rome,IT,41.9028,12.4964,2026-06-03 01:00:00+00:00,2,92.66,0.0,0.24,83.17,0.59,5.95,14.07,1.02
Rome,IT,41.9028,12.4964,2026-06-03 02:00:00+00:00,2,93.12,0.0,0.24,86.0,0.64,6.49,14.69,1.11
Rome,IT,41.9028,12.4964,2026-06-03 03:00:00+00:00,2,95.44,0.0,0.24,90.35,0.68,7.89,16.52,1.16
Rome,IT,41.9028,12.4964,2026-06-03 04:00:00+00:00,2,97.45,0.0,0.24,94.97,0.67,9.24,18.15,1.27
Rome,IT,41.9028,12.4964,2026-06-03 05:00:00+00:00,2,98.88,0.0,0.31,96.2,0.68,10.22,19.71,1.28
Rome,IT,41.9028,12.4964,2026-06-03 06:00:00+00:00,2,99.51,0.02,0.35,95.21,0.7,10.49,20.33,1.29
Rome,IT,41.9028,12.4964,2026-06-03 07:00:00+00:00,2,99.18,0.03,0.34,93.71,0.69,9.67,18.81,1.33
Rome,IT,41.9028,12.4964,2026-06-03 08:00:00+00:00,2,97.62,0.04,0.3,90.31,0.67,7.84,15.83,1.25
Rome,IT,41.9028,12.4964,2026-06-03 09:00:00+00:00,2,96.67,0.05,0.27,85.54,0.73,5.96,13.69,1.01
Rome,IT,41.9028,12.4964,2026-06-03 10:00:00+00:00,2,96.98,0.05,0.26,82.75,0.87,4.75,14.05,0.72
Rome,IT,41.9028,12.4964,2026-06-03 11:00:00+00:00,2,98.99,0.06,0.26,83.93,1.03,4.19,16.45,0.5
Rome,IT,41.9028,12.4964,2026-06-03 12:00:00+00:00,2,101.45,0.05,0.25,88.87,1.1,4.02,18.6,0.4
Rome,IT,41.9028,12.4964,2026-06-03 13:00:00+00:00,2,102.67,0.05,0.24,91.6,1.1,3.96,19.31,0.35
Rome,IT,41.9028,12.4964,2026-06-03 14:00:00+00:00,2,103.55,0.05,0.24,91.75,1.19,4.35,21.29,0.3
Rome,IT,41.9028,12.4964,2026-06-03 15:00:00+00:00,2,103.81,0.05,0.25,91.66,1.26,4.71,22.55,0.27
Rome,IT,41.9028,12.4964,2026-06-03 16:00:00+00:00,2,103.87,0.04,0.29,91.57,1.33,5.02,23.41,0.24
Rome,IT,41.9028,12.4964,2026-06-03 17:00:00+00:00,2,103.84,0.03,0.36,91.31,1.43,5.31,24.18,0.22
Rome,IT,41.9028,12.4964,2026-06-03 18:00:00+00:00,2,103.71,0.02,0.46,90.97,1.49,5.5,24.5,0.2
Rome,IT,41.9028,12.4964,2026-06-03 19:00:00+00:00,2,103.95,0.0,0.54,90.56,1.52,5.63,24.46,0.2
Rome,IT,41.9028,12.4964,2026-06-03 20:00:00+00:00,2,104.2,0.0,0.55,90.39,1.55,5.71,24.17,0.19
Rome,IT,41.9028,12.4964,2026-06-03 21:00:00+00:00,2,104.36,0.0,0.56,89.83,1.54,5.69,23.5,0.2
Rome,IT,41.9028,12.4964,2026-06-03 22:00:00+00:00,2,104.4,0.0,0.56,89.1,1.51,5.56,22.51,0.2
Rome,IT,41.9028,12.4964,2026-06-03 23:00:00+00:00,2,104.34,0.0,0.55,88.59,1.49,5.44,21.57,0.19
Rome,IT,41.9028,12.4964,2026-06-04 00:00:00+00:00,2,104.64,0.0,0.54,88.3,1.45,5.3,20.55,0.19
Rome,IT,41.9028,12.4964,2026-06-04 01:00:00+00:00,2,104.75,0.0,0.53,88.09,1.42,5.18,19.51,0.19
Rome,IT,41.9028,12.4964,2026-06-04 02:00:00+00:00,2,104.87,0.0,0.54,87.42,1.4,5.12,18.78,0.19
Rome,IT,41.9028,12.4964,2026-06-04 03:00:00+00:00,2,104.99,0.0,0.54,86.22,1.4,5.1,18.42,0.19
Rome,IT,41.9028,12.4964,2026-06-04 04:00:00+00:00,2,104.65,0.0,0.55,84.77,1.4,5.05,18.11,0.18
Rome,IT,41.9028,12.4964,2026-06-04 05:00:00+00:00,2,104.4,0.01,0.64,83.7,1.38,4.94,17.6,0.17
Rome,IT,41.9028,12.4964,2026-06-04 06:00:00+00:00,2,104.14,0.05,0.63,83.02,1.34,4.81,17.01,0.17
Rome,IT,41.9028,12.4964,2026-06-04 07:00:00+00:00,2,103.89,0.08,0.56,83.5,1.29,4.72,16.48,0.17
Rome,IT,41.9028,12.4964,2026-06-04 08:00:00+00:00,2,103.65,0.09,0.46,84.98,1.26,4.72,16.21,0.17
Rome,IT,41.9028,12.4964,2026-06-04 09:00:00+00:00,2,103.58,0.07,0.36,86.7,1.22,4.75,15.96,0.17
Rome,IT,41.9028,12.4964,2026-06-04 10:00:00+00:00,2,103.22,0.06,0.28,87.78,1.15,4.75,15.59,0.16
Rome,IT,41.9028,12.4964,2026-06-04 11:00:00+00:00,2,102.65,0.05,0.23,88.07,1.05,4.73,15.06,0.16
Rome,IT,41.9028,12.4964,2026-06-04 12:00:00+00:00,2,102.18,0.04,0.2,87.89,0.94,4.71,14.48,0.16
Rome,IT,41.9028,12.4964,2026-06-04 13:00:00+00:00,2,101.5,0.04,0.19,87.54,0.83,4.63,13.83,0.17
Rome,IT,41.9028,12.4964,2026-06-04 14:00:00+00:00,2,100.8,0.03,0.18,87.17,0.74,4.49,13.14,0.18
Rome,IT,41.9028,12.4964,2026-06-04 15:00:00+00:00,2,99.93,0.03,0.19,86.5,0.65,4.32,12.46,0.2
Rome,IT,41.9028,12.4964,2026-06-04 16:00:00+00:00,2,99.61,0.03,0.22,86.22,0.59,4.14,11.8,0.21
Rome,IT,41.9028,12.4964,2026-06-04 17:00:00+00:00,2,99.22,0.02,0.25,85.89,0.53,3.94,11.1,0.22
Rome,IT,41.9028,12.4964,2026-06-04 18:00:00+00:00,2,98.83,0.01,0.29,85.55,0.49,3.72,10.39,0.23
Rome,IT,41.9028,12.4964,2026-06-04 19:00:00+00:00,2,98.73,0.0,0.31,85.32,0.45,3.55,9.8,0.24
Rome,IT,41.9028,12.4964,2026-06-04 20:00:00+00:00,2,98.83,0.0,0.3,85.25,0.43,3.4,9.31,0.24
Rome,IT,41.9028,12.4964,2026-06-04 21:00:00+00:00,2,98.85,0.0,0.28,84.96,0.4,3.24,8.82,0.24
Rome,IT,41.9028,12.4964,2026-06-04 22:00:00+00:00,2,98.68,0.0,0.27,84.96,0.38,3.09,8.41,0.24
Rome,IT,41.9028,12.4964,2026-06-04 23:00:00+00:00,2,98.67,0.0,0.26,85.12,0.37,2.96,8.1,0.24
Rome,IT,41.9028,12.4964,2026-06-05 00:00:00+00:00,2,98.76,0.0,0.25,85.12,0.36,2.88,7.96,0.24
Rome,IT,41.9028,12.4964,2026-06-05 01:00:00+00:00,2,98.85,0.0,0.24,84.88,0.37,2.83,7.96,0.23
Rome,IT,41.9028,12.4964,2026-06-05 02:00:00+00:00,2,98.85,0.0,0.23,84.8,0.38,2.81,8.06,0.23
Rome,IT,41.9028,12.4964,2026-06-05 03:00:00+00:00,2,98.75,0.0,0.22,84.88,0.39,2.82,8.26,0.22
Rome,IT,41.9028,12.4964,2026-06-05 04:00:00+00:00,2,98.67,0.0,0.21,85.26,0.39,2.83,8.29,0.21
Rome,IT,41.9028,12.4964,2026-06-05 05:00:00+00:00,2,98.59,0.0,0.24,85.5,0.37,2.84,8.32,0.2
Rome,IT,41.9028,12.4964,2026-06-05 06:00:00+00:00,2,98.33,0.02,0.24,85.13,0.37,2.87,8.42,0.19
Rome,IT,41.9028,12.4964,2026-06-05 07:00:00+00:00,2,98.07,0.03,0.22,84.91,0.36,2.92,8.5,0.18
Rome,IT,41.9028,12.4964,2026-06-05 08:00:00+00:00,2,97.9,0.03,0.2,84.76,0.36,2.97,8.63,0.17
Rome,IT,41.9028,12.4964,2026-06-05 09:00:00+00:00,2,97.64,0.03,0.17,84.39,0.36,3.05,8.83,0.17
Rome,IT,41.9028,12.4964,2026-06-05 10:00:00+00:00,2,97.47,0.02,0.15,83.77,0.35,3.13,9.02,0.16
Rome,IT,41.9028,12.4964,2026-06-05 11:00:00+00:00,2,97.19,0.02,0.12,83.46,0.34,3.2,9.13,0.16
Rome,IT,41.9028,12.4964,2026-06-05 12:00:00+00:00,2,97.19,0.02,0.11,83.0,0.33,3.26,9.21,0.16
Rome,IT,41.9028,12.4964,2026-06-05 13:00:00+00:00,2,96.99,0.02,0.1,82.52,0.32,3.35,9.31,0.16
Rome,IT,41.9028,12.4964,2026-06-05 14:00:00+00:00,2,96.69,0.02,0.1,81.96,0.31,3.44,9.48,0.16
Rome,IT,41.9028,12.4964,2026-06-05 15:00:00+00:00,2,96.66,0.01,0.11,81.54,0.31,3.53,9.71,0.15
Rome,IT,41.9028,12.4964,2026-06-05 16:00:00+00:00,2,96.46,0.01,0.13,81.45,0.3,3.61,9.94,0.14
Rome,IT,41.9028,12.4964,2026-06-05 17:00:00+00:00,2,96.44,0.01,0.14,81.2,0.3,3.68,10.15,0.14
Rome,IT,41.9028,12.4964,2026-06-05 18:00:00+00:00,2,96.33,0.01,0.17,81.11,0.3,3.73,10.24,0.15
Rome,IT,41.9028,12.4964,2026-06-05 19:00:00+00:00,2,96.42,0.0,0.19,80.96,0.3,3.74,10.18,0.16
Rome,IT,41.9028,12.4964,2026-06-05 20:00:00+00:00,2,96.45,0.0,0.19,80.67,0.3,3.74,10.09,0.17
Rome,IT,41.9028,12.4964,2026-06-05 21:00:00+00:00,2,96.65,0.0,0.19,80.69,0.3,3.71,9.91,0.18
Rome,IT,41.9028,12.4964,2026-06-05 22:00:00+00:00,2,96.67,0.0,0.2,80.32,0.3,3.66,9.73,0.19
Rome,IT,41.9028,12.4964,2026-06-05 23:00:00+00:00,2,96.67,0.0,0.2,79.86,0.31,3.69,9.78,0.17
Rome,IT,41.9028,12.4964,2026-06-06 00:00:00+00:00,2,96.59,0.0,0.2,79.33,0.33,3.74,9.94,0.15
Rome,IT,41.9028,12.4964,2026-06-06 01:00:00+00:00,2,96.43,0.0,0.2,79.12,0.33,3.76,10.0,0.15
Rome,IT,41.9028,12.4964,2026-06-06 02:00:00+00:00,2,96.47,0.0,0.2,79.07,0.33,3.77,10.04,0.15
Rome,IT,41.9028,12.4964,2026-06-06 03:00:00+00:00,2,96.51,0.0,0.2,79.1,0.33,3.82,10.19,0.14
Rome,IT,41.9028,12.4964,2026-06-06 04:00:00+00:00,2,96.73,0.0,0.22,78.52,0.35,3.92,10.51,0.13
Rome,IT,41.9028,12.4964,2026-06-06 05:00:00+00:00,2,97.04,0.0,0.31,77.71,0.39,4.04,10.92,0.13
Rome,IT,41.9028,12.4964,2026-06-06 06:00:00+00:00,2,97.53,0.02,0.36,77.67,0.45,4.14,11.25,0.13
Rome,IT,41.9028,12.4964,2026-06-06 07:00:00+00:00,2,98.03,0.05,0.34,78.78,0.5,4.14,11.3,0.14
Rome,IT,41.9028,12.4964,2026-06-06 08:00:00+00:00,2,98.61,0.05,0.3,80.82,0.54,4.12,11.32,0.16
Rome,IT,41.9028,12.4964,2026-06-06 09:00:00+00:00,2,99.2,0.05,0.25,84.1,0.57,4.03,11.18,0.17
Rome,IT,41.9028,12.4964,2026-06-06 10:00:00+00:00,2,99.44,0.04,0.18,88.55,0.53,3.69,9.99,0.19
Rome,IT,41.9028,12.4964,2026-06-06 11:00:00+00:00,2,99.86,0.03,0.16,91.7,0.54,3.51,9.5,0.21
Rome,IT,41.9028,12.4964,2026-06-06 12:00:00+00:00,2,100.19,0.03,0.15,94.61,0.57,3.37,9.14,0.22
Rome,IT,41.9028,12.4964,2026-06-06 13:00:00+00:00,2,100.48,0.03,0.15,97.26,0.62,3.33,9.07,0.23
Rome,IT,41.9028,12.4964,2026-06-06 14:00:00+00:00,2,100.81,0.03,0.17,99.09,0.68,3.44,9.43,0.23
Rome,IT,41.9028,12.4964,2026-06-06 15:00:00+00:00,2,100.7,0.03,0.19,99.6,0.69,3.67,9.94,0.24
Rome,IT,41.9028,12.4964,2026-06-06 16:00:00+00:00,2,100.6,0.03,0.21,99.13,0.69,4.0,10.7,0.25
Rome,IT,41.9028,12.4964,2026-06-06 17:00:00+00:00,2,100.88,0.03,0.26,97.9,0.7,4.46,11.77,0.27
Rome,IT,41.9028,12.4964,2026-06-06 18:00:00+00:00,2,101.52,0.01,0.33,96.52,0.72,4.92,12.86,0.3
Rome,IT,41.9028,12.4964,2026-06-06 19:00:00+00:00,2,102.26,0.0,0.38,96.0,0.75,5.16,13.47,0.34
Rome,IT,41.9028,12.4964,2026-06-06 20:00:00+00:00,2,102.54,0.0,0.39,96.55,0.79,5.03,13.19,0.37
Rome,IT,41.9028,12.4964,2026-06-06 21:00:00+00:00,2,102.28,0.0,0.41,97.8,0.84,4.59,12.2,0.39
Rome,IT,41.9028,12.4964,2026-06-06 22:00:00+00:00,2,101.58,0.0,0.43,98.36,0.87,4.05,11.0,0.39
Rome,IT,41.9028,12.4964,2026-06-06 23:00:00+00:00,2,100.8,0.0,0.44,97.92,0.92,3.69,10.35,0.38
Rome,IT,41.9028,12.4964,2026-06-07 00:00:00+00:00,2,100.2,0.0,0.45,97.41,0.96,3.43,9.91,0.37
Rome,IT,41.9028,12.4964,2026-06-07 01:00:00+00:00,2,99.69,0.0,0.46,96.82,1.0,3.31,9.83,0.38
Rome,IT,41.9028,12.4964,2026-06-07 02:00:00+00:00,2,99.45,0.0,0.46,96.24,1.05,3.3,9.97,0.41
Rome,IT,41.9028,12.4964,2026-06-07 03:00:00+00:00,2,99.3,0.0,0.44,96.27,1.06,3.32,9.98,0.44
Rome,IT,41.9028,12.4964,2026-06-07 04:00:00+00:00,2,99.53,0.0,0.42,96.47,1.04,3.35,9.85,0.47
Rome,IT,41.9028,12.4964,2026-06-07 05:00:00+00:00,2,100.05,0.01,0.51,96.53,1.03,3.46,9.98,0.47
Rome,IT,41.9028,12.4964,2026-06-07 06:00:00+00:00,2,100.65,0.04,0.52,96.59,1.04,3.65,10.32,0.48
Rome,IT,41.9028,12.4964,2026-06-07 07:00:00+00:00,2,100.88,0.06,0.48,96.71,1.05,3.87,10.77,0.48
Rome,IT,41.9028,12.4964,2026-06-07 08:00:00+00:00,2,101.17,0.07,0.4,97.98,1.05,4.13,11.27,0.48
Rome,IT,41.9028,12.4964,2026-06-07 09:00:00+00:00,2,101.2,0.05,0.31,99.32,1.04,4.39,11.74,0.45
Rome,IT,41.9028,12.4964,2026-06-07 10:00:00+00:00,3,101.03,0.04,0.24,100.27,1.0,4.58,11.99,0.42
Rome,IT,41.9028,12.4964,2026-06-07 11:00:00+00:00,3,100.86,0.04,0.21,100.12,0.98,4.8,12.37,0.39
Rome,IT,41.9028,12.4964,2026-06-07 12:00:00+00:00,2,100.86,0.03,0.19,99.35,0.96,4.98,12.7,0.36
Rome,IT,41.9028,12.4964,2026-06-07 13:00:00+00:00,2,100.56,0.03,0.18,98.77,0.92,5.06,12.78,0.33
Rome,IT,41.9028,12.4964,2026-06-07 14:00:00+00:00,2,100.23,0.03,0.18,98.33,0.88,5.07,12.66,0.31
Rome,IT,41.9028,12.4964,2026-06-07 15:00:00+00:00,2,99.8,0.03,0.19,98.27,0.83,5.0,12.33,0.3
Rome,IT,41.9028,12.4964,2026-06-07 16:00:00+00:00,2,99.93,0.03,0.23,98.53,0.8,4.92,12.03,0.29
Rome,IT,41.9028,12.4964,2026-06-07 17:00:00+00:00,2,99.71,0.02,0.29,98.33,0.79,4.9,11.94,0.27
Rome,IT,41.9028,12.4964,2026-06-07 18:00:00+00:00,2,99.67,0.01,0.38,97.82,0.79,4.9,11.89,0.26
Rome,IT,41.9028,12.4964,2026-06-07 19:00:00+00:00,2,99.65,0.0,0.44,97.42,0.81,4.94,11.92,0.25
Rome,IT,41.9028,12.4964,2026-06-07 20:00:00+00:00,2,99.66,0.0,0.45,97.04,0.83,4.98,11.99,0.24
Rome,IT,41.9028,12.4964,2026-06-07 21:00:00+00:00,2,99.67,0.0,0.46,96.82,0.85,5.02,12.03,0.24
Rome,IT,41.9028,12.4964,2026-06-07 22:00:00+00:00,2,99.76,0.0,0.45,96.43,0.87,5.03,12.09,0.24
Rome,IT,41.9028,12.4964,2026-06-07 23:00:00+00:00,2,99.92,0.0,0.46,95.48,0.9,5.1,12.33,0.22
Rome,IT,41.9028,12.4964,2026-06-08 00:00:00+00:00,2,100.27,0.0,0.47,94.85,0.91,5.12,12.4,0.2
Rome,IT,41.9028,12.4964,2026-06-08 01:00:00+00:00,2,101.06,0.0,0.48,94.06,0.9,5.09,12.28,0.18
Rome,IT,41.9028,12.4964,2026-06-08 02:00:00+00:00,2,101.59,0.0,0.5,93.35,0.9,5.06,12.16,0.16
Rome,IT,41.9028,12.4964,2026-06-08 03:00:00+00:00,2,102.12,0.0,0.53,91.86,0.91,5.04,12.11,0.15
Rome,IT,41.9028,12.4964,2026-06-08 04:00:00+00:00,2,102.39,0.0,0.56,90.39,0.93,5.03,12.16,0.15
Rome,IT,41.9028,12.4964,2026-06-08 05:00:00+00:00,2,102.22,0.01,0.7,88.78,0.96,5.01,12.15,0.17
Rome,IT,41.9028,12.4964,2026-06-08 06:00:00+00:00,2,102.14,0.06,0.74,88.09,0.99,4.95,11.96,0.22
Rome,IT,41.9028,12.4964,2026-06-08 07:00:00+00:00,2,101.95,0.1,0.69,88.39,1.0,4.9,11.69,0.28
Rome,IT,41.9028,12.4964,2026-06-08 08:00:00+00:00,2,101.55,0.1,0.59,89.13,1.01,4.94,11.69,0.33
Rome,IT,41.9028,12.4964,2026-06-08 09:00:00+00:00,2,101.34,0.09,0.47,90.5,1.01,5.02,11.74,0.38
Rome,IT,41.9028,12.4964,2026-06-08 10:00:00+00:00,2,100.94,0.07,0.37,92.09,1.0,5.15,11.79,0.41
Rome,IT,41.9028,12.4964,2026-06-08 11:00:00+00:00,2,100.35,0.06,0.31,92.9,0.96,5.31,11.88,0.41
Rome,IT,41.9028,12.4964,2026-06-08 12:00:00+00:00,2,99.77,0.05,0.27,93.4,0.9,5.38,11.79,0.41
Rome,IT,41.9028,12.4964,2026-06-08 13:00:00+00:00,2,99.17,0.05,0.25,93.88,0.84,5.4,11.58,0.41
Rome,IT,41.9028,12.4964,2026-06-08 14:00:00+00:00,2,98.73,0.05,0.25,94.19,0.79,5.4,11.36,0.41
Rome,IT,41.9028,12.4964,2026-06-08 15:00:00+00:00,2,98.56,0.04,0.26,94.35,0.74,5.39,11.11,0.42
Rome,IT,41.9028,12.4964,2026-06-08 16:00:00+00:00,2,98.6,0.04,0.28,94.76,0.7,5.33,10.75,0.43
Rome,IT,41.9028,12.4964,2026-06-08 17:00:00+00:00,2,98.47,0.03,0.32,94.8,0.65,5.18,10.18,0.45
Rome,IT,41.9028,12.4964,2026-06-08 18:00:00+00:00,2,97.98,0.02,0.39,94.53,0.61,4.99,9.61,0.47
Rome,IT,41.9028,12.4964,2026-06-08 19:00:00+00:00,2,97.88,0.0,0.45,93.44,0.58,4.89,9.37,0.47
Rome,IT,41.9028,12.4964,2026-06-08 20:00:00+00:00,2,97.55,0.0,0.45,91.85,0.58,4.87,9.37,0.45
Rome,IT,41.9028,12.4964,2026-06-08 21:00:00+00:00,2,97.31,0.0,0.45,90.41,0.58,4.8,9.26,0.44
Rome,IT,41.9028,12.4964,2026-06-08 22:00:00+00:00,2,96.88,0.0,0.44,89.28,0.58,4.64,8.95,0.44
Rome,IT,41.9028,12.4964,2026-06-08 23:00:00+00:00,2,96.62,0.0,0.42,88.6,0.56,4.44,8.52,0.43
Rome,IT,41.9028,12.4964,2026-06-09 00:00:00+00:00,2,96.45,0.0,0.4,88.38,0.55,4.28,8.16,0.43
Rome,IT,41.9028,12.4964,2026-06-09 01:00:00+00:00,2,96.46,0.0,0.39,88.3,0.55,4.16,7.88,0.42
Rome,IT,41.9028,12.4964,2026-06-09 02:00:00+00:00,2,96.26,0.0,0.39,88.21,0.56,4.07,7.66,0.41
Rome,IT,41.9028,12.4964,2026-06-09 03:00:00+00:00,2,96.16,0.0,0.39,88.2,0.57,4.0,7.5,0.41
Rome,IT,41.9028,12.4964,2026-06-09 04:00:00+00:00,2,96.16,0.0,0.39,88.43,0.57,3.96,7.39,0.4
Rome,IT,41.9028,12.4964,2026-06-09 05:00:00+00:00,2,96.0,0.01,0.45,88.14,0.58,3.91,7.3,0.39
Rome,IT,41.9028,12.4964,2026-06-09 06:00:00+00:00,2,96.01,0.03,0.43,87.54,0.57,3.86,7.22,0.37
Rome,IT,41.9028,12.4964,2026-06-09 07:00:00+00:00,2,95.74,0.05,0.35,86.54,0.53,3.8,7.21,0.33
Rome,IT,41.9028,12.4964,2026-06-09 08:00:00+00:00,2,95.73,0.05,0.27,85.91,0.47,3.75,7.26,0.28
Rome,IT,41.9028,12.4964,2026-06-09 09:00:00+00:00,2,95.36,0.04,0.2,86.21,0.42,3.69,7.33,0.24
Rome,IT,41.9028,12.4964,2026-06-09 10:00:00+00:00,2,95.06,0.03,0.14,86.95,0.37,3.56,7.21,0.21
Rome,IT,41.9028,12.4964,2026-06-09 11:00:00+00:00,2,94.47,0.02,0.12,86.37,0.34,3.46,7.17,0.17
Rome,IT,41.9028,12.4964,2026-06-09 12:00:00+00:00,2,94.07,0.02,0.11,85.78,0.32,3.4,7.24,0.15
Rome,IT,41.9028,12.4964,2026-06-09 13:00:00+00:00,2,93.73,0.02,0.1,86.1,0.31,3.38,7.37,0.15
Rome,IT,41.9028,12.4964,2026-06-09 14:00:00+00:00,2,93.37,0.02,0.1,86.25,0.31,3.41,7.6,0.14
Rome,IT,41.9028,12.4964,2026-06-09 15:00:00+00:00,2,93.1,0.02,0.11,86.48,0.33,3.47,7.88,0.14
Rome,IT,41.9028,12.4964,2026-06-09 16:00:00+00:00,2,93.13,0.02,0.13,87.19,0.34,3.58,8.21,0.15
Rome,IT,41.9028,12.4964,2026-06-09 17:00:00+00:00,2,93.09,0.02,0.16,87.23,0.36,3.7,8.58,0.16
Rome,IT,41.9028,12.4964,2026-06-09 18:00:00+00:00,2,93.14,0.01,0.22,87.03,0.38,3.81,8.92,0.17
Rome,IT,41.9028,12.4964,2026-06-09 19:00:00+00:00,2,93.32,0.0,0.26,86.65,0.38,3.92,9.19,0.17
Rome,IT,41.9028,12.4964,2026-06-09 20:00:00+00:00,2,93.44,0.0,0.27,85.54,0.38,4.01,9.41,0.17
Rome,IT,41.9028,12.4964,2026-06-09 21:00:00+00:00,2,93.66,0.0,0.28,84.57,0.38,4.07,9.52,0.17
Rome,IT,41.9028,12.4964,2026-06-09 22:00:00+00:00,2,93.51,0.0,0.29,83.53,0.38,4.09,9.47,0.17
Rome,IT,41.9028,12.4964,2026-06-09 23:00:00+00:00,2,93.71,0.0,0.29,82.85,0.38,4.07,9.3,0.17
Rome,IT,41.9028,12.4964,2026-06-10 00:00:00+00:00,2,93.73,0.0,0.29,82.64,0.38,4.02,9.03,0.17
Rome,IT,41.9028,12.4964,2026-06-10 01:00:00+00:00,2,93.56,0.0,0.29,82.73,0.38,3.96,8.76,0.18
Rome,IT,41.9028,12.4964,2026-06-10 02:00:00+00:00,2,93.2,0.0,0.28,82.27,0.38,3.9,8.56,0.19
Rome,IT,41.9028,12.4964,2026-06-10 03:00:00+00:00,2,93.11,0.0,0.29,81.42,0.39,3.82,8.4,0.19
Rome,IT,41.9028,12.4964,2026-06-10 04:00:00+00:00,2,93.12,0.0,0.29,80.28,0.39,3.74,8.28,0.19
Rome,IT,41.9028,12.4964,2026-06-10 05:00:00+00:00,2,93.04,0.01,0.33,79.05,0.38,3.65,8.11,0.2
Rome,IT,41.9028,12.4964,2026-06-10 06:00:00+00:00,2,92.87,0.03,0.31,78.52,0.36,3.55,7.89,0.2
Rome,IT,41.9028,12.4964,2026-06-10 07:00:00+00:00,2,92.59,0.04,0.26,78.98,0.34,3.44,7.62,0.21
Rome,IT,41.9028,12.4964,2026-06-10 08:00:00+00:00,2,92.39,0.04,0.21,78.81,0.33,3.41,7.6,0.22
Rome,IT,41.9028,12.4964,2026-06-10 09:00:00+00:00,2,92.1,0.03,0.17,78.79,0.33,3.42,7.75,0.22
Rome,IT,41.9028,12.4964,2026-06-10 10:00:00+00:00,2,91.89,0.03,0.14,78.69,0.33,3.46,7.9,0.23
Rome,IT,41.9028,12.4964,2026-06-10 11:00:00+00:00,2,91.6,0.02,0.12,78.28,0.31,3.49,7.98,0.24
Rome,IT,41.9028,12.4964,2026-06-10 12:00:00+00:00,2,91.3,0.02,0.11,77.8,0.29,3.52,7.99,0.25
Rome,IT,41.9028,12.4964,2026-06-10 13:00:00+00:00,2,91.25,0.02,0.1,77.37,0.27,3.54,8.02,0.26
Rome,IT,41.9028,12.4964,2026-06-10 14:00:00+00:00,2,90.92,0.02,0.1,76.86,0.27,3.59,8.15,0.26
Rome,IT,41.9028,12.4964,2026-06-10 15:00:00+00:00,2,90.59,0.02,0.11,76.42,0.28,3.7,8.37,0.25
Rome,IT,41.9028,12.4964,2026-06-10 16:00:00+00:00,2,90.54,0.02,0.12,76.46,0.3,3.86,8.64,0.23
Rome,IT,41.9028,12.4964,2026-06-10 17:00:00+00:00,2,90.52,0.02,0.14,76.75,0.31,4.03,8.8,0.22
Rome,IT,41.9028,12.4964,2026-06-10 18:00:00+00:00,2,90.59,0.01,0.18,77.04,0.32,4.16,8.83,0.21
Rome,IT,41.9028,12.4964,2026-06-10 19:00:00+00:00,2,90.87,0.0,0.21,77.05,0.33,4.27,8.9,0.2
Rome,IT,41.9028,12.4964,2026-06-10 20:00:00+00:00,2,91.27,0.0,0.23,76.86,0.35,4.45,9.19,0.21
Rome,IT,41.9028,12.4964,2026-06-10 21:00:00+00:00,2,91.85,0.0,0.25,77.81,0.4,4.75,9.77,0.22
Rome,IT,41.9028,12.4964,2026-06-10 22:00:00+00:00,2,92.53,0.0,0.27,79.16,0.47,4.99,10.34,0.26
Rome,IT,41.9028,12.4964,2026-06-10 23:00:00+00:00,2,93.12,0.0,0.32,80.89,0.59,5.01,11.26,0.33
Rome,IT,41.9028,12.4964,2026-06-11 00:00:00+00:00,2,94.07,0.0,0.38,84.23,0.79,4.8,12.65,0.46
Rome,IT,41.9028,12.4964,2026-06-11 01:00:00+00:00,2,95.03,0.0,0.43,88.36,0.98,4.31,13.79,0.64
Rome,IT,41.9028,12.4964,2026-06-11 02:00:00+00:00,2,95.83,0.0,0.46,90.66,1.1,3.8,14.52,0.78
Rome,IT,41.9028,12.4964,2026-06-11 03:00:00+00:00,2,96.27,0.0,0.46,91.43,1.17,3.45,14.86,0.87
Rome,IT,41.9028,12.4964,2026-06-11 04:00:00+00:00,2,95.87,0.0,0.46,90.09,1.18,3.17,14.54,0.89
Rome,IT,41.9028,12.4964,2026-06-11 05:00:00+00:00,2,95.1,0.01,0.59,88.05,1.14,2.86,13.72,0.85
Rome,IT,41.9028,12.4964,2026-06-11 06:00:00+00:00,2,94.41,0.04,0.61,86.92,1.11,2.61,13.11,0.8
Rome,IT,41.9028,12.4964,2026-06-11 07:00:00+00:00,2,93.92,0.08,0.55,87.66,1.05,2.44,12.6,0.74
Rome,IT,41.9028,12.4964,2026-06-11 08:00:00+00:00,2,93.99,0.08,0.47,89.34,1.02,2.47,12.98,0.73
Rome,IT,41.9028,12.4964,2026-06-11 09:00:00+00:00,2,94.15,0.08,0.4,90.26,1.05,2.73,14.36,0.76
Rome,IT,41.9028,12.4964,2026-06-11 10:00:00+00:00,2,94.44,0.07,0.36,90.36,1.09,3.14,16.03,0.8
Rome,IT,41.9028,12.4964,2026-06-11 11:00:00+00:00,2,95.13,0.06,0.33,91.1,1.14,3.64,17.8,0.82
Rome,IT,41.9028,12.4964,2026-06-11 12:00:00+00:00,2,96.18,0.05,0.31,92.53,1.18,4.16,19.06,0.82
Rome,IT,41.9028,12.4964,2026-06-11 13:00:00+00:00,2,97.23,0.04,0.29,94.27,1.19,4.63,19.42,0.83
Rome,IT,41.9028,12.4964,2026-06-11 14:00:00+00:00,2,97.83,0.04,0.28,96.25,1.2,4.98,19.36,0.8
Rome,IT,41.9028,12.4964,2026-06-11 15:00:00+00:00,2,97.89,0.04,0.28,98.15,1.19,5.19,19.02,0.75
Rome,IT,41.9028,12.4964,2026-06-11 16:00:00+00:00,2,98.31,0.04,0.3,99.81,1.22,5.36,19.06,0.67
Rome,IT,41.9028,12.4964,2026-06-11 17:00:00+00:00,3,98.47,0.03,0.35,100.72,1.28,5.48,19.28,0.57
Rome,IT,41.9028,12.4964,2026-06-11 18:00:00+00:00,3,98.45,0.02,0.43,100.77,1.27,5.4,18.61,0.53
Rome,IT,41.9028,12.4964,2026-06-11 19:00:00+00:00,3,98.72,0.0,0.49,100.77,1.27,5.3,17.94,0.52
Rome,IT,41.9028,12.4964,2026-06-11 20:00:00+00:00,3,99.36,0.0,0.49,100.86,1.32,5.37,17.89,0.51
Rome,IT,41.9028,12.4964,2026-06-11 21:00:00+00:00,3,100.09,0.0,0.53,101.03,1.38,5.54,18.0,0.52
Rome,IT,41.9028,12.4964,2026-06-11 22:00:00+00:00,3,101.08,0.0,0.59,101.34,1.41,5.71,17.89,0.57
Rome,IT,41.9028,12.4964,2026-06-11 23:00:00+00:00,3,102.4,0.0,0.68,101.54,1.41,5.74,17.45,0.7
Rome,IT,41.9028,12.4964,2026-06-12 00:00:00+00:00,3,104.08,0.0,0.81,101.14,1.38,5.45,16.28,0.93
Rome,IT,41.9028,12.4964,2026-06-12 01:00:00+00:00,2,105.78,0.0,0.94,98.74,1.32,4.83,14.31,1.23
Rome,IT,41.9028,12.4964,2026-06-12 02:00:00+00:00,2,106.95,0.0,1.04,95.13,1.26,4.16,12.44,1.49
Rome,IT,41.9028,12.4964,2026-06-12 03:00:00+00:00,2,107.67,0.0,1.1,91.21,1.21,3.61,10.8,1.71
Rome,IT,41.9028,12.4964,2026-06-12 04:00:00+00:00,2,108.39,0.0,1.13,87.9,1.16,3.22,9.46,1.89
Rome,IT,41.9028,12.4964,2026-06-12 05:00:00+00:00,2,109.28,0.01,1.4,85.27,1.11,2.99,8.54,2.04
Rome,IT,41.9028,12.4964,2026-06-12 06:00:00+00:00,2,110.09,0.1,1.5,83.79,1.07,2.92,8.09,2.15
Rome,IT,41.9028,12.4964,2026-06-12 07:00:00+00:00,2,110.48,0.19,1.41,83.87,1.01,2.99,7.96,2.17
Rome,IT,41.9028,12.4964,2026-06-12 08:00:00+00:00,2,111.88,0.22,1.23,87.08,0.97,3.31,8.28,2.15
Rome,IT,41.9028,12.4964,2026-06-12 09:00:00+00:00,2,113.92,0.19,1.02,92.7,0.94,3.97,9.02,2.14
Rome,IT,41.9028,12.4964,2026-06-12 10:00:00+00:00,2,116.07,0.15,0.8,99.18,0.92,4.99,10.11,2.13
Rome,IT,41.9028,12.4964,2026-06-12 11:00:00+00:00,3,118.52,0.11,0.62,105.22,0.9,6.1,11.25,2.11
Rome,IT,41.9028,12.4964,2026-06-12 12:00:00+00:00,3,119.25,0.08,0.51,109.86,0.85,6.87,11.98,2.05
Rome,IT,41.9028,12.4964,2026-06-12 13:00:00+00:00,3,118.37,0.07,0.45,113.12,0.81,7.11,12.14,1.91
Rome,IT,41.9028,12.4964,2026-06-12 14:00:00+00:00,3,115.54,0.07,0.43,114.7,0.79,6.89,11.88,1.69
Rome,IT,41.9028,12.4964,2026-06-12 15:00:00+00:00,3,112.08,0.06,0.42,115.36,0.77,6.37,11.37,1.45
Rome,IT,41.9028,12.4964,2026-06-12 16:00:00+00:00,3,107.79,0.05,0.43,114.99,0.76,5.62,10.62,1.19
Rome,IT,41.9028,12.4964,2026-06-12 17:00:00+00:00,3,102.95,0.04,0.46,113.44,0.75,4.76,9.75,0.91
Rome,IT,41.9028,12.4964,2026-06-12 18:00:00+00:00,3,99.1,0.02,0.53,111.59,0.78,4.16,9.13,0.71
Rome,IT,41.9028,12.4964,2026-06-12 19:00:00+00:00,3,97.91,0.0,0.61,111.1,0.84,3.99,8.99,0.61
Rome,IT,41.9028,12.4964,2026-06-12 20:00:00+00:00,3,98.48,0.0,0.63,111.13,0.91,4.13,9.32,0.6
Rome,IT,41.9028,12.4964,2026-06-12 21:00:00+00:00,3,99.49,0.0,0.65,111.24,0.97,4.4,9.81,0.66
Rome,IT,41.9028,12.4964,2026-06-12 22:00:00+00:00,3,100.56,0.0,0.69,110.69,1.03,4.67,10.4,0.77
Rome,IT,41.9028,12.4964,2026-06-12 23:00:00+00:00,3,102.05,0.0,0.74,109.73,1.11,4.98,11.32,0.91
Rome,IT,41.9028,12.4964,2026-06-13 00:00:00+00:00,3,103.72,0.0,0.82,107.99,1.23,5.28,12.41,1.06
Rome,IT,41.9028,12.4964,2026-06-13 01:00:00+00:00,3,105.81,0.0,0.9,106.09,1.33,5.57,13.51,1.19
Rome,IT,41.9028,12.4964,2026-06-13 02:00:00+00:00,3,107.97,0.0,0.97,103.72,1.37,5.81,14.27,1.28
Rome,IT,41.9028,12.4964,2026-06-13 03:00:00+00:00,3,110.4,0.0,1.01,101.18,1.38,6.02,14.84,1.34
Rome,IT,41.9028,12.4964,2026-06-13 04:00:00+00:00,2,112.55,0.0,1.02,98.87,1.36,6.21,15.21,1.37
Rome,IT,41.9028,12.4964,2026-06-13 05:00:00+00:00,2,114.24,0.02,1.22,97.15,1.29,6.38,15.4,1.39
Rome,IT,41.9028,12.4964,2026-06-13 06:00:00+00:00,2,115.48,0.09,1.22,96.43,1.23,6.51,15.48,1.41
Rome,IT,41.9028,12.4964,2026-06-13 07:00:00+00:00,2,115.98,0.14,1.05,97.48,1.16,6.65,15.49,1.4
Rome,IT,41.9028,12.4964,2026-06-13 08:00:00+00:00,2,116.2,0.13,0.8,99.99,1.1,6.88,15.57,1.37
Rome,IT,41.9028,12.4964,2026-06-13 09:00:00+00:00,3,116.06,0.1,0.58,102.88,1.04,7.22,15.7,1.36
Rome,IT,41.9028,12.4964,2026-06-13 10:00:00+00:00,3,115.61,0.07,0.42,105.05,0.98,7.56,15.73,1.35
Rome,IT,41.9028,12.4964,2026-06-13 11:00:00+00:00,3,115.04,0.06,0.33,106.57,0.92,7.89,15.78,1.34
Rome,IT,41.9028,12.4964,2026-06-13 12:00:00+00:00,3,114.28,0.05,0.29,107.85,0.86,8.08,15.6,1.37
Rome,IT,41.9028,12.4964,2026-06-13 13:00:00+00:00,3,112.78,0.05,0.28,109.26,0.83,8.09,15.2,1.36
Rome,IT,41.9028,12.4964,2026-06-13 14:00:00+00:00,3,110.88,0.04,0.28,110.87,0.82,8.07,14.96,1.29
Rome,IT,41.9028,12.4964,2026-06-13 15:00:00+00:00,3,109.08,0.04,0.3,113.09,0.81,7.96,14.57,1.24
Rome,IT,41.9028,12.4964,2026-06-13 16:00:00+00:00,3,107.64,0.04,0.34,116.08,0.81,7.82,14.1,1.21
Rome,IT,41.9028,12.4964,2026-06-13 17:00:00+00:00,3,106.75,0.03,0.4,118.15,0.8,7.66,13.63,1.17
Rome,IT,41.9028,12.4964,2026-06-13 18:00:00+00:00,3,106.04,0.02,0.51,118.98,0.78,7.45,13.12,1.13
Rome,IT,41.9028,12.4964,2026-06-13 19:00:00+00:00,3,105.93,0.0,0.59,118.73,0.78,7.27,12.75,1.07
Rome,IT,41.9028,12.4964,2026-06-13 20:00:00+00:00,3,105.79,0.0,0.58,117.08,0.77,7.11,12.51,0.99
Rome,IT,41.9028,12.4964,2026-06-13 21:00:00+00:00,3,105.39,0.0,0.56,114.9,0.77,6.91,12.2,0.93
Rome,IT,41.9028,12.4964,2026-06-13 22:00:00+00:00,3,104.68,0.0,0.54,112.37,0.76,6.67,11.8,0.92
Rome,IT,41.9028,12.4964,2026-06-13 23:00:00+00:00,3,104.05,0.0,0.53,110.59,0.76,6.41,11.39,0.92
Rome,IT,41.9028,12.4964,2026-06-14 00:00:00+00:00,3,103.68,0.0,0.53,109.12,0.77,6.24,11.09,0.92
Rome,IT,41.9028,12.4964,2026-06-14 01:00:00+00:00,3,103.95,0.0,0.54,106.97,0.8,6.23,11.1,0.88
Rome,IT,41.9028,12.4964,2026-06-14 02:00:00+00:00,3,104.42,0.0,0.56,104.37,0.81,6.38,11.4,0.8
Rome,IT,41.9028,12.4964,2026-06-14 03:00:00+00:00,3,104.72,0.0,0.58,101.85,0.85,6.54,11.74,0.75
Rome,IT,41.9028,12.4964,2026-06-14 04:00:00+00:00,3,105.09,0.0,0.59,100.25,0.9,6.68,12.04,0.71
Rome,IT,41.9028,12.4964,2026-06-14 05:00:00+00:00,2,105.1,0.01,0.71,99.64,0.93,6.7,12.07,0.71
Rome,IT,41.9028,12.4964,2026-06-14 06:00:00+00:00,3,104.92,0.05,0.69,101.03,0.95,6.6,11.79,0.75
Rome,IT,41.9028,12.4964,2026-06-14 07:00:00+00:00,3,104.45,0.07,0.59,103.48,0.93,6.42,11.33,0.82
Rome,IT,41.9028,12.4964,2026-06-14 08:00:00+00:00,3,103.69,0.07,0.45,105.12,0.86,6.22,10.9,0.87
Rome,IT,41.9028,12.4964,2026-06-14 09:00:00+00:00,3,102.56,0.05,0.32,106.62,0.77,6.0,10.5,0.93
Rome,IT,41.9028,12.4964,2026-06-14 10:00:00+00:00,3,101.33,0.04,0.22,108.24,0.67,5.74,9.98,1.05
Rome,IT,41.9028,12.4964,2026-06-14 11:00:00+00:00,3,100.08,0.03,0.17,108.31,0.58,5.49,9.54,1.14
Rome,IT,41.9028,12.4964,2026-06-14 12:00:00+00:00,3,98.84,0.02,0.14,107.91,0.51,5.27,9.17,1.21
Rome,IT,41.9028,12.4964,2026-06-14 13:00:00+00:00,3,97.76,0.02,0.12,108.89,0.45,4.99,8.61,1.36
Rome,IT,41.9028,12.4964,2026-06-14 14:00:00+00:00,3,97.04,0.02,0.11,108.56,0.42,4.92,8.6,1.4
Rome,IT,41.9028,12.4964,2026-06-14 15:00:00+00:00,3,96.77,0.02,0.12,107.99,0.42,4.98,8.93,1.38
Rome,IT,41.9028,12.4964,2026-06-14 16:00:00+00:00,3,97.34,0.02,0.13,108.16,0.43,5.1,9.36,1.35
Rome,IT,41.9028,12.4964,2026-06-14 17:00:00+00:00,3,97.68,0.01,0.16,107.98,0.43,5.25,9.78,1.31
Rome,IT,41.9028,12.4964,2026-06-14 18:00:00+00:00,3,98.01,0.01,0.2,107.58,0.44,5.44,10.34,1.24
Rome,IT,41.9028,12.4964,2026-06-14 19:00:00+00:00,3,98.74,0.0,0.25,106.67,0.47,5.7,11.08,1.16
Rome,IT,41.9028,12.4964,2026-06-14 20:00:00+00:00,3,99.32,0.0,0.26,105.27,0.51,5.97,11.97,1.05
Rome,IT,41.9028,12.4964,2026-06-14 21:00:00+00:00,3,99.99,0.0,0.25,103.86,0.54,6.23,12.82,0.96
Rome,IT,41.9028,12.4964,2026-06-14 22:00:00+00:00,3,100.64,0.0,0.25,102.04,0.56,6.44,13.47,0.87
Rome,IT,41.9028,12.4964,2026-06-14 23:00:00+00:00,3,101.0,0.0,0.24,100.13,0.58,6.58,13.9,0.79
Rome,IT,41.9028,12.4964,2026-06-15 00:00:00+00:00,2,100.28,0.0,0.23,97.53,0.59,6.67,14.18,0.7
Rome,IT,41.9028,12.4964,2026-06-15 01:00:00+00:00,2,98.13,0.0,0.21,94.53,0.6,6.77,14.51,0.6
Rome,IT,41.9028,12.4964,2026-06-15 02:00:00+00:00,2,95.61,0.0,0.19,92.29,0.57,6.85,14.8,0.53
Rome,IT,41.9028,12.4964,2026-06-15 03:00:00+00:00,2,94.08,0.0,0.19,91.82,0.53,6.96,15.1,0.47
Rome,IT,41.9028,12.4964,2026-06-15 04:00:00+00:00,2,94.61,0.0,0.21,93.73,0.49,7.15,15.49,0.45
Rome,IT,41.9028,12.4964,2026-06-15 05:00:00+00:00,2,97.74,0.0,0.31,98.71,0.46,7.64,16.21,0.44
Rome,IT,41.9028,12.4964,2026-06-15 06:00:00+00:00,3,104.19,0.01,0.42,106.76,0.45,8.62,17.56,0.45
Rome,IT,41.9028,12.4964,2026-06-15 07:00:00+00:00,3,113.2,0.02,0.53,116.56,0.47,10.06,19.57,0.48
Rome,IT,41.9028,12.4964,2026-06-15 08:00:00+00:00,3,122.82,0.04,0.56,126.18,0.5,11.69,21.98,0.53
Rome,IT,41.9028,12.4964,2026-06-15 09:00:00+00:00,3,129.66,0.04,0.5,132.42,0.54,12.91,23.8,0.56
Rome,IT,41.9028,12.4964,2026-06-15 10:00:00+00:00,3,130.8,0.04,0.39,134.69,0.56,13.36,24.55,0.53
Rome,IT,41.9028,12.4964,2026-06-15 11:00:00+00:00,3,126.32,0.03,0.3,131.31,0.6,13.26,24.78,0.4
Rome,IT,41.9028,12.4964,2026-06-15 12:00:00+00:00,3,118.81,0.03,0.25,124.71,0.66,12.98,24.9,0.23
Rome,IT,41.9028,12.4964,2026-06-15 13:00:00+00:00,3,111.19,0.03,0.21,117.03,0.73,12.6,24.9,0.11
Rome,IT,41.9028,12.4964,2026-06-15 14:00:00+00:00,3,105.26,0.02,0.2,110.41,0.78,12.31,24.87,0.03
Rome,IT,41.9028,12.4964,2026-06-15 15:00:00+00:00,3,101.03,0.02,0.2,105.32,0.81,12.12,24.69,0.0
Rome,IT,41.9028,12.4964,2026-06-15 16:00:00+00:00,3,98.25,0.02,0.21,102.02,0.82,12.07,24.42,0.0
Rome,IT,41.9028,12.4964,2026-06-15 17:00:00+00:00,2,95.85,0.02,0.24,98.9,0.81,12.13,24.07,0.0
Rome,IT,41.9028,12.4964,2026-06-15 18:00:00+00:00,2,93.64,0.01,0.28,95.7,0.8,12.44,23.79,0.0
Rome,IT,41.9028,12.4964,2026-06-15 19:00:00+00:00,2,92.33,0.0,0.3,93.28,0.79,12.97,23.74,0.0
Rome,IT,41.9028,12.4964,2026-06-15 20:00:00+00:00,2,92.2,0.0,0.29,91.57,0.78,13.57,24.23,0.0
Rome,IT,41.9028,12.4964,2026-06-15 21:00:00+00:00,2,93.05,0.0,0.28,90.86,0.77,14.12,25.01,0.0
Rome,IT,41.9028,12.4964,2026-06-15 22:00:00+00:00,2,94.08,0.0,0.29,90.06,0.77,14.49,25.64,0.0
Rome,IT,41.9028,12.4964,2026-06-15 23:00:00+00:00,2,94.93,0.0,0.3,89.72,0.78,14.69,25.93,0.0
Rome,IT,41.9028,12.4964,2026-06-16 00:00:00+00:00,2,95.24,0.0,0.3,89.99,0.78,14.69,25.84,0.0
Rome,IT,41.9028,12.4964,2026-06-16 01:00:00+00:00,2,95.1,0.0,0.3,90.1,0.76,14.56,25.61,0.0
Rome,IT,41.9028,12.4964,2026-06-16 02:00:00+00:00,2,94.68,0.0,0.29,90.13,0.75,14.53,25.62,0.0
Rome,IT,41.9028,12.4964,2026-06-16 03:00:00+00:00,2,93.73,0.0,0.27,90.0,0.73,14.67,25.93,0.0
Rome,IT,41.9028,12.4964,2026-06-16 04:00:00+00:00,2,92.69,0.0,0.23,90.27,0.66,14.78,26.21,0.0
Rome,IT,41.9028,12.4964,2026-06-16 05:00:00+00:00,2,92.1,0.0,0.25,90.84,0.62,14.7,26.12,0.0
Rome,IT,41.9028,12.4964,2026-06-16 06:00:00+00:00,2,92.41,0.01,0.26,91.57,0.59,14.65,26.16,0.0
Rome,IT,41.9028,12.4964,2026-06-16 07:00:00+00:00,2,93.5,0.03,0.24,92.44,0.56,14.63,26.3,0.0
Rome,IT,41.9028,12.4964,2026-06-16 08:00:00+00:00,2,95.13,0.03,0.21,93.29,0.54,14.73,26.67,0.0
Rome,IT,41.9028,12.4964,2026-06-16 09:00:00+00:00,2,96.93,0.03,0.18,94.53,0.52,14.9,27.17,0.0
Rome,IT,41.9028,12.4964,2026-06-16 10:00:00+00:00,2,98.17,0.03,0.15,95.29,0.49,15.07,27.78,0.0
Rome,IT,41.9028,12.4964,2026-06-16 11:00:00+00:00,2,99.05,0.02,0.14,94.97,0.46,15.24,28.27,0.0
Rome,IT,41.9028,12.4964,2026-06-16 12:00:00+00:00,2,99.75,0.02,0.13,94.72,0.42,15.38,28.55,0.0
Rome,IT,41.9028,12.4964,2026-06-16 13:00:00+00:00,2,100.27,0.02,0.13,94.32,0.39,15.46,28.6,0.0
Rome,IT,41.9028,12.4964,2026-06-16 14:00:00+00:00,2,100.53,0.02,0.13,93.77,0.36,15.5,28.46,0.0
Rome,IT,41.9028,12.4964,2026-06-16 15:00:00+00:00,2,100.34,0.02,0.14,93.54,0.34,15.46,28.08,0.0
Rome,IT,41.9028,12.4964,2026-06-16 16:00:00+00:00,2,99.99,0.02,0.16,93.46,0.33,15.28,27.3,0.0
Rome,IT,41.9028,12.4964,2026-06-16 17:00:00+00:00,2,99.28,0.02,0.19,93.47,0.33,14.98,26.3,0.0
Rome,IT,41.9028,12.4964,2026-06-16 18:00:00+00:00,2,98.84,0.01,0.23,93.47,0.33,14.58,25.15,0.0
Rome,IT,41.9028,12.4964,2026-06-16 19:00:00+00:00,2,98.34,0.0,0.27,93.51,0.33,14.14,23.97,0.0
Rome,IT,41.9028,12.4964,2026-06-16 20:00:00+00:00,2,97.95,0.0,0.27,93.42,0.34,13.77,22.99,0.0
Rome,IT,41.9028,12.4964,2026-06-16 21:00:00+00:00,2,97.39,0.0,0.27,93.09,0.35,13.39,22.11,0.0
Rome,IT,41.9028,12.4964,2026-06-16 22:00:00+00:00,2,96.63,0.0,0.28,91.75,0.36,13.09,21.43,0.0
Rome,IT,41.9028,12.4964,2026-06-16 23:00:00+00:00,2,96.03,0.0,0.29,90.32,0.38,12.92,21.06,0.0
Rome,IT,41.9028,12.4964,2026-06-17 00:00:00+00:00,2,95.43,0.0,0.3,90.04,0.41,12.72,20.74,0.0
Rome,IT,41.9028,12.4964,2026-06-17 01:00:00+00:00,2,94.83,0.0,0.32,90.14,0.45,12.46,20.42,0.0
Rome,IT,41.9028,12.4964,2026-06-17 02:00:00+00:00,2,94.22,0.0,0.34,89.31,0.49,12.19,20.17,0.0
Rome,IT,41.9028,12.4964,2026-06-17 03:00:00+00:00,2,94.06,0.0,0.37,88.79,0.53,11.89,19.84,0.0
Rome,IT,41.9028,12.4964,2026-06-17 04:00:00+00:00,2,93.72,0.0,0.38,88.12,0.57,11.45,19.31,0.0
Rome,IT,41.9028,12.4964,2026-06-17 05:00:00+00:00,2,93.47,0.01,0.44,86.83,0.58,10.82,18.49,0.0
Rome,IT,41.9028,12.4964,2026-06-17 06:00:00+00:00,2,92.77,0.03,0.42,86.23,0.55,9.93,17.11,0.0
Rome,IT,41.9028,12.4964,2026-06-17 07:00:00+00:00,2,91.42,0.04,0.33,87.08,0.47,8.42,14.33,0.03
Rome,IT,41.9028,12.4964,2026-06-17 08:00:00+00:00,2,90.04,0.04,0.25,87.36,0.44,7.3,12.43,0.07
Rome,IT,41.9028,12.4964,2026-06-17 09:00:00+00:00,2,89.21,0.04,0.21,87.95,0.44,6.7,11.47,0.09
Rome,IT,41.9028,12.4964,2026-06-17 10:00:00+00:00,2,88.63,0.03,0.18,88.76,0.45,6.45,11.07,0.12
Rome,IT,41.9028,12.4964,2026-06-17 11:00:00+00:00,2,88.14,0.03,0.16,89.26,0.45,6.34,10.89,0.14
Rome,IT,41.9028,12.4964,2026-06-17 12:00:00+00:00,2,87.83,0.03,0.15,89.53,0.45,6.24,10.68,0.17
Rome,IT,41.9028,12.4964,2026-06-17 13:00:00+00:00,2,87.78,0.03,0.15,89.47,0.44,6.14,10.45,0.19
Rome,IT,41.9028,12.4964,2026-06-17 14:00:00+00:00,2,87.54,0.03,0.15,88.87,0.42,6.05,10.28,0.2
Rome,IT,41.9028,12.4964,2026-06-17 15:00:00+00:00,2,87.39,0.03,0.16,88.27,0.41,5.91,10.02,0.2
Rome,IT,41.9028,12.4964,2026-06-17 16:00:00+00:00,2,87.24,0.03,0.18,87.83,0.41,5.81,9.87,0.19
Rome,IT,41.9028,12.4964,2026-06-17 17:00:00+00:00,2,86.93,0.02,0.22,86.86,0.41,5.77,9.82,0.18
Rome,IT,41.9028,12.4964,2026-06-17 18:00:00+00:00,2,86.43,0.01,0.28,85.89,0.42,5.74,9.73,0.16
Rome,IT,41.9028,12.4964,2026-06-17 19:00:00+00:00,2,86.15,0.0,0.35,84.96,0.44,5.74,9.73,0.14
Rome,IT,41.9028,12.4964,2026-06-17 20:00:00+00:00,2,85.91,0.0,0.37,84.15,0.46,5.78,9.79,0.13
Rome,IT,41.9028,12.4964,2026-06-17 21:00:00+00:00,2,85.58,0.0,0.4,83.41,0.5,5.82,9.85,0.11
Rome,IT,41.9028,12.4964,2026-06-17 22:00:00+00:00,2,85.51,0.0,0.42,82.43,0.52,5.85,9.88,0.11
Rome,IT,41.9028,12.4964,2026-06-17 23:00:00+00:00,2,85.25,0.0,0.45,81.21,0.53,5.89,9.99,0.1
Rome,IT,41.9028,12.4964,2026-06-18 00:00:00+00:00,2,84.9,0.0,0.47,79.83,0.57,5.95,10.23,0.09
Rome,IT,41.9028,12.4964,2026-06-18 01:00:00+00:00,2,84.47,0.0,0.49,78.54,0.63,6.08,10.62,0.07
Rome,IT,41.9028,12.4964,2026-06-18 02:00:00+00:00,2,84.49,0.0,0.52,77.34,0.68,6.23,10.99,0.06
Rome,IT,41.9028,12.4964,2026-06-18 03:00:00+00:00,2,84.25,0.0,0.53,76.14,0.72,6.37,11.35,0.05
Rome,IT,41.9028,12.4964,2026-06-18 04:00:00+00:00,2,84.1,0.0,0.54,75.08,0.75,6.49,11.76,0.05
Rome,IT,41.9028,12.4964,2026-06-18 05:00:00+00:00,2,84.38,0.01,0.61,74.17,0.76,6.65,12.22,0.05
Rome,IT,41.9028,12.4964,2026-06-18 06:00:00+00:00,2,84.84,0.05,0.6,74.42,0.77,6.82,12.61,0.06
Rome,IT,41.9028,12.4964,2026-06-18 07:00:00+00:00,2,85.75,0.08,0.54,76.11,0.79,7.06,13.03,0.08
Rome,IT,41.9028,12.4964,2026-06-18 08:00:00+00:00,2,87.0,0.09,0.47,79.49,0.8,7.4,13.64,0.1
Rome,IT,41.9028,12.4964,2026-06-18 09:00:00+00:00,2,88.78,0.08,0.4,84.09,0.82,7.89,14.51,0.14
Rome,IT,41.9028,12.4964,2026-06-18 10:00:00+00:00,2,90.65,0.07,0.34,88.31,0.85,8.48,15.46,0.19
Rome,IT,41.9028,12.4964,2026-06-18 11:00:00+00:00,2,92.16,0.06,0.3,90.83,0.83,9.03,16.27,0.23
Rome,IT,41.9028,12.4964,2026-06-18 12:00:00+00:00,2,93.12,0.05,0.27,92.8,0.82,9.35,16.53,0.29
Rome,IT,41.9028,12.4964,2026-06-18 13:00:00+00:00,2,93.53,0.05,0.25,94.07,0.81,9.48,16.54,0.34
Rome,IT,41.9028,12.4964,2026-06-18 14:00:00+00:00,2,93.39,0.04,0.25,94.01,0.77,9.67,16.92,0.34
Rome,IT,41.9028,12.4964,2026-06-18 15:00:00+00:00,2,92.88,0.04,0.26,93.95,0.74,9.65,16.87,0.33
Rome,IT,41.9028,12.4964,2026-06-18 16:00:00+00:00,2,92.55,0.04,0.29,93.97,0.71,9.5,16.51,0.33
Rome,IT,41.9028,12.4964,2026-06-18 17:00:00+00:00,2,92.3,0.04,0.35,94.13,0.71,9.39,16.17,0.33
Rome,IT,41.9028,12.4964,2026-06-18 18:00:00+00:00,2,92.14,0.02,0.44,93.83,0.74,9.25,15.81,0.32
Rome,IT,41.9028,12.4964,2026-06-18 19:00:00+00:00,2,92.03,0.0,0.53,93.19,0.77,9.15,15.59,0.3
Rome,IT,41.9028,12.4964,2026-06-18 20:00:00+00:00,2,91.79,0.0,0.54,91.69,0.76,9.03,15.31,0.27
Rome,IT,41.9028,12.4964,2026-06-18 21:00:00+00:00,2,91.37,0.0,0.55,90.18,0.76,8.86,14.93,0.24
Rome,IT,41.9028,12.4964,2026-06-18 22:00:00+00:00,2,91.21,0.0,0.56,88.44,0.77,8.66,14.53,0.22
Rome,IT,41.9028,12.4964,2026-06-18 23:00:00+00:00,2,91.03,0.0,0.56,86.9,0.77,8.48,14.19,0.19
Rome,IT,41.9028,12.4964,2026-06-19 00:00:00+00:00,2,91.11,0.0,0.57,85.68,0.78,8.37,13.94,0.17
Rome,IT,41.9028,12.4964,2026-06-19 01:00:00+00:00,2,91.74,0.0,0.57,84.76,0.79,8.34,13.76,0.17
Rome,IT,41.9028,12.4964,2026-06-19 02:00:00+00:00,2,92.01,0.0,0.56,84.08,0.79,8.37,13.66,0.16
Rome,IT,41.9028,12.4964,2026-06-19 03:00:00+00:00,2,92.2,0.0,0.54,83.47,0.79,8.45,13.67,0.17
Rome,IT,41.9028,12.4964,2026-06-19 04:00:00+00:00,2,92.29,0.0,0.53,82.86,0.78,8.61,13.82,0.17
Rome,IT,41.9028,12.4964,2026-06-19 05:00:00+00:00,2,92.21,0.01,0.6,82.02,0.77,8.88,14.17,0.16
Rome,IT,41.9028,12.4964,2026-06-19 06:00:00+00:00,2,92.21,0.05,0.6,81.72,0.78,9.19,14.6,0.16
Rome,IT,41.9028,12.4964,2026-06-19 07:00:00+00:00,2,92.31,0.07,0.56,82.64,0.79,9.49,14.99,0.17
Rome,IT,41.9028,12.4964,2026-06-19 08:00:00+00:00,2,92.4,0.08,0.49,84.4,0.79,9.73,15.25,0.17
Rome,IT,41.9028,12.4964,2026-06-19 09:00:00+00:00,2,92.66,0.07,0.41,87.31,0.81,9.9,15.35,0.19
Rome,IT,41.9028,12.4964,2026-06-19 10:00:00+00:00,2,92.64,0.06,0.34,90.13,0.81,9.96,15.22,0.21
Rome,IT,41.9028,12.4964,2026-06-19 11:00:00+00:00,2,92.78,0.05,0.29,91.01,0.77,10.07,15.27,0.21
Rome,IT,41.9028,12.4964,2026-06-19 12:00:00+00:00,2,92.57,0.05,0.26,91.59,0.73,10.12,15.28,0.2
Rome,IT,41.9028,12.4964,2026-06-19 13:00:00+00:00,2,92.6,0.04,0.25,92.14,0.7,10.07,15.13,0.2
Rome,IT,41.9028,12.4964,2026-06-19 14:00:00+00:00,2,92.25,0.04,0.25,92.97,0.7,9.88,14.81,0.22
Rome,IT,41.9028,12.4964,2026-06-19 15:00:00+00:00,2,91.72,0.04,0.26,94.41,0.71,9.54,14.29,0.25
Rome,IT,41.9028,12.4964,2026-06-19 16:00:00+00:00,2,91.13,0.04,0.28,95.96,0.71,8.96,13.44,0.3
Rome,IT,41.9028,12.4964,2026-06-19 17:00:00+00:00,2,90.56,0.03,0.33,95.69,0.69,8.63,13.07,0.3
Rome,IT,41.9028,12.4964,2026-06-19 18:00:00+00:00,2,89.99,0.02,0.41,94.51,0.67,8.29,12.59,0.3
Rome,IT,41.9028,12.4964,2026-06-19 19:00:00+00:00,2,89.47,0.0,0.47,92.77,0.64,8.03,12.18,0.29
Rome,IT,41.9028,12.4964,2026-06-19 20:00:00+00:00,2,89.07,0.0,0.46,90.92,0.62,7.85,11.88,0.27
Rome,IT,41.9028,12.4964,2026-06-19 21:00:00+00:00,2,88.68,0.0,0.45,89.37,0.62,7.69,11.59,0.27
Rome,IT,41.9028,12.4964,2026-06-19 22:00:00+00:00,2,88.09,0.0,0.44,88.25,0.63,7.48,11.27,0.28
Rome,IT,41.9028,12.4964,2026-06-19 23:00:00+00:00,2,87.2,0.0,0.44,87.11,0.62,7.17,10.85,0.3
Rome,IT,41.9028,12.4964,2026-06-20 00:00:00+00:00,2,86.59,0.0,0.45,85.97,0.62,6.78,10.37,0.32
Rome,IT,41.9028,12.4964,2026-06-20 01:00:00+00:00,2,85.62,0.0,0.48,84.62,0.63,6.32,9.92,0.34
Rome,IT,41.9028,12.4964,2026-06-20 02:00:00+00:00,2,85.2,0.0,0.5,83.11,0.64,5.96,9.68,0.35
Rome,IT,41.9028,12.4964,2026-06-20 03:00:00+00:00,2,84.87,0.0,0.51,81.99,0.64,5.69,9.58,0.36
Rome,IT,41.9028,12.4964,2026-06-20 04:00:00+00:00,2,84.45,0.0,0.5,81.18,0.61,5.46,9.42,0.37
Rome,IT,41.9028,12.4964,2026-06-20 05:00:00+00:00,2,83.86,0.01,0.56,80.52,0.57,5.29,9.18,0.38
Rome,IT,41.9028,12.4964,2026-06-20 06:00:00+00:00,2,83.72,0.04,0.56,79.94,0.56,5.2,8.97,0.39
Rome,IT,41.9028,12.4964,2026-06-20 07:00:00+00:00,2,83.46,0.07,0.49,80.03,0.55,5.17,8.84,0.41
Rome,IT,41.9028,12.4964,2026-06-20 08:00:00+00:00,2,83.45,0.07,0.42,81.71,0.55,5.23,8.89,0.42
Rome,IT,41.9028,12.4964,2026-06-20 09:00:00+00:00,2,83.8,0.06,0.35,84.45,0.56,5.36,9.08,0.45
Rome,IT,41.9028,12.4964,2026-06-20 10:00:00+00:00,2,84.59,0.06,0.3,87.34,0.58,5.57,9.37,0.48
Rome,IT,41.9028,12.4964,2026-06-20 11:00:00+00:00,2,85.27,0.05,0.26,88.76,0.59,5.88,9.9,0.48
Rome,IT,41.9028,12.4964,2026-06-20 12:00:00+00:00,2,85.86,0.04,0.24,90.18,0.6,6.25,10.5,0.49
Rome,IT,41.9028,12.4964,2026-06-20 13:00:00+00:00,2,86.53,0.04,0.24,91.89,0.62,6.59,10.99,0.52
Rome,IT,41.9028,12.4964,2026-06-20 14:00:00+00:00,2,86.84,0.04,0.24,92.61,0.63,6.87,11.49,0.51
Rome,IT,41.9028,12.4964,2026-06-20 15:00:00+00:00,2,87.07,0.04,0.25,93.48,0.64,7.03,11.73,0.51
Rome,IT,41.9028,12.4964,2026-06-20 16:00:00+00:00,2,87.29,0.04,0.28,94.58,0.66,7.11,11.79,0.54
Rome,IT,41.9028,12.4964,2026-06-20 17:00:00+00:00,2,87.26,0.03,0.33,95.53,0.68,7.11,11.72,0.56
Rome,IT,41.9028,12.4964,2026-06-20 18:00:00+00:00,2,87.14,0.02,0.42,95.88,0.7,7.01,11.43,0.59
Rome,IT,41.9028,12.4964,2026-06-20 19:00:00+00:00,2,87.33,0.0,0.49,95.97,0.72,6.93,11.15,0.62
Rome,IT,41.9028,12.4964,2026-06-20 20:00:00+00:00,2,87.39,0.0,0.5,95.27,0.72,6.87,10.95,0.62
Rome,IT,41.9028,12.4964,2026-06-20 21:00:00+00:00,2,87.36,0.0,0.5,94.26,0.72,6.8,10.79,0.62
Rome,IT,41.9028,12.4964,2026-06-20 22:00:00+00:00,2,87.04,0.0,0.51,91.71,0.7,6.7,10.64,0.58
Rome,IT,41.9028,12.4964,2026-06-20 23:00:00+00:00,2,87.16,0.0,0.53,88.92,0.68,6.61,10.54,0.55
Rome,IT,41.9028,12.4964,2026-06-21 00:00:00+00:00,2,87.1,0.0,0.54,86.66,0.68,6.52,10.42,0.53
Rome,IT,41.9028,12.4964,2026-06-21 01:00:00+00:00,2,87.02,0.0,0.55,84.68,0.69,6.43,10.27,0.52
Rome,IT,41.9028,12.4964,2026-06-21 02:00:00+00:00,2,87.19,0.0,0.56,83.45,0.69,6.39,10.22,0.5
Rome,IT,41.9028,12.4964,2026-06-21 03:00:00+00:00,2,87.45,0.0,0.57,82.9,0.71,6.45,10.34,0.48
Rome,IT,41.9028,12.4964,2026-06-21 04:00:00+00:00,2,87.98,0.0,0.58,82.98,0.72,6.66,10.7,0.46
Rome,IT,41.9028,12.4964,2026-06-21 05:00:00+00:00,2,88.34,0.01,0.68,83.59,0.74,7.05,11.39,0.41
Rome,IT,41.9028,12.4964,2026-06-21 06:00:00+00:00,2,88.8,0.05,0.72,85.43,0.79,7.57,12.35,0.38
Rome,IT,41.9028,12.4964,2026-06-21 07:00:00+00:00,2,89.89,0.09,0.7,88.36,0.86,8.21,13.53,0.4
Rome,IT,41.9028,12.4964,2026-06-21 08:00:00+00:00,2,91.46,0.1,0.63,91.24,0.89,9.0,15.07,0.39
Rome,IT,41.9028,12.4964,2026-06-21 09:00:00+00:00,2,93.03,0.09,0.53,94.74,0.91,9.86,16.73,0.4
Rome,IT,41.9028,12.4964,2026-06-21 10:00:00+00:00,2,94.22,0.07,0.44,98.06,0.89,10.56,17.98,0.45
Rome,IT,41.9028,12.4964,2026-06-21 11:00:00+00:00,3,95.39,0.06,0.36,100.36,0.85,11.16,19.02,0.49
Rome,IT,41.9028,12.4964,2026-06-21 12:00:00+00:00,3,96.11,0.05,0.32,101.98,0.81,11.62,19.82,0.51
Rome,IT,41.9028,12.4964,2026-06-21 13:00:00+00:00,3,96.51,0.05,0.29,103.16,0.77,11.8,20.12,0.54
Rome,IT,41.9028,12.4964,2026-06-21 14:00:00+00:00,3,96.24,0.04,0.28,104.36,0.77,11.72,19.9,0.58
Rome,IT,41.9028,12.4964,2026-06-21 15:00:00+00:00,3,95.79,0.04,0.29,105.71,0.78,11.46,19.36,0.62
Rome,IT,41.9028,12.4964,2026-06-21 16:00:00+00:00,3,95.53,0.04,0.32,107.06,0.8,11.17,18.73,0.64
Rome,IT,41.9028,12.4964,2026-06-21 17:00:00+00:00,3,95.27,0.03,0.39,106.74,0.8,10.86,18.09,0.6
Rome,IT,41.9028,12.4964,2026-06-21 18:00:00+00:00,3,94.56,0.02,0.5,105.35,0.8,10.5,17.41,0.55
Rome,IT,41.9028,12.4964,2026-06-21 19:00:00+00:00,3,94.09,0.0,0.59,103.8,0.8,10.16,16.77,0.5
Rome,IT,41.9028,12.4964,2026-06-21 20:00:00+00:00,3,93.31,0.0,0.58,102.07,0.81,9.71,15.94,0.48
Rome,IT,41.9028,12.4964,2026-06-21 21:00:00+00:00,3,92.44,0.0,0.57,100.8,0.85,9.23,15.08,0.47
Rome,IT,41.9028,12.4964,2026-06-21 22:00:00+00:00,2,91.3,0.0,0.56,99.67,0.91,8.77,14.36,0.49
Rome,IT,41.9028,12.4964,2026-06-21 23:00:00+00:00,2,90.86,0.0,0.55,98.53,0.97,8.45,14.12,0.51
Rome,IT,41.9028,12.4964,2026-06-22 00:00:00+00:00,2,90.68,0.0,0.54,97.23,1.03,8.26,14.29,0.51
Rome,IT,41.9028,12.4964,2026-06-22 01:00:00+00:00,2,90.68,0.0,0.54,95.93,1.08,8.23,14.77,0.5
Rome,IT,41.9028,12.4964,2026-06-22 02:00:00+00:00,2,90.84,0.0,0.55,95.16,1.1,8.33,15.38,0.48
Rome,IT,41.9028,12.4964,2026-06-22 03:00:00+00:00,2,91.28,0.0,0.55,94.0,1.11,8.52,16.2,0.46
Rome,IT,41.9028,12.4964,2026-06-22 04:00:00+00:00,2,91.64,0.0,0.56,93.02,1.15,8.77,17.29,0.43
Rome,IT,41.9028,12.4964,2026-06-22 05:00:00+00:00,2,92.37,0.01,0.69,91.9,1.18,9.03,18.57,0.4
Rome,IT,41.9028,12.4964,2026-06-22 06:00:00+00:00,2,93.11,0.05,0.77,90.93,1.21,9.25,19.82,0.39
Rome,IT,41.9028,12.4964,2026-06-22 07:00:00+00:00,2,93.85,0.09,0.74,90.66,1.21,9.42,20.83,0.39
Rome,IT,41.9028,12.4964,2026-06-22 08:00:00+00:00,2,94.77,0.1,0.66,91.91,1.16,9.58,21.44,0.47
Rome,IT,41.9028,12.4964,2026-06-22 09:00:00+00:00,2,96.05,0.09,0.54,94.24,1.1,9.82,21.91,0.61
Rome,IT,41.9028,12.4964,2026-06-22 10:00:00+00:00,2,97.04,0.07,0.43,96.46,1.05,10.19,22.39,0.76
Rome,IT,41.9028,12.4964,2026-06-22 11:00:00+00:00,2,97.83,0.06,0.35,97.66,0.98,10.67,23.04,0.82
Rome,IT,41.9028,12.4964,2026-06-22 12:00:00+00:00,2,98.53,0.05,0.31,98.56,0.91,11.09,23.54,0.86
Rome,IT,41.9028,12.4964,2026-06-22 13:00:00+00:00,2,99.2,0.05,0.28,99.14,0.85,11.41,23.85,0.92
Rome,IT,41.9028,12.4964,2026-06-22 14:00:00+00:00,2,99.85,0.04,0.28,99.76,0.81,11.67,24.0,1.0
Rome,IT,41.9028,12.4964,2026-06-22 15:00:00+00:00,3,100.33,0.04,0.29,100.54,0.77,11.85,24.01,1.08
Rome,IT,41.9028,12.4964,2026-06-22 16:00:00+00:00,3,101.26,0.04,0.32,101.41,0.74,12.02,23.94,1.18
Rome,IT,41.9028,12.4964,2026-06-22 17:00:00+00:00,3,101.85,0.03,0.38,101.99,0.72,12.09,23.74,1.26
Rome,IT,41.9028,12.4964,2026-06-22 18:00:00+00:00,3,102.08,0.02,0.47,102.26,0.71,12.1,23.49,1.32
Rome,IT,41.9028,12.4964,2026-06-22 19:00:00+00:00,3,101.99,0.0,0.53,102.41,0.71,12.0,23.12,1.36
Rome,IT,41.9028,12.4964,2026-06-22 20:00:00+00:00,3,101.67,0.0,0.49,101.99,0.7,11.9,22.82,1.38
Rome,IT,41.9028,12.4964,2026-06-22 21:00:00+00:00,3,101.62,0.0,0.47,101.26,0.69,11.85,22.61,1.36
Rome,IT,41.9028,12.4964,2026-06-22 22:00:00+00:00,3,101.09,0.0,0.45,100.05,0.68,11.79,22.47,1.32
Rome,IT,41.9028,12.4964,2026-06-22 23:00:00+00:00,2,100.71,0.0,0.43,98.43,0.66,11.76,22.49,1.23
Rome,IT,41.9028,12.4964,2026-06-23 00:00:00+00:00,2,99.8,0.0,0.4,96.73,0.63,11.68,22.43,1.11
Rome,IT,41.9028,12.4964,2026-06-23 01:00:00+00:00,2,99.33,0.0,0.37,94.81,0.59,11.57,22.22,0.99
Rome,IT,41.9028,12.4964,2026-06-23 02:00:00+00:00,2,98.6,0.0,0.36,92.73,0.57,11.44,21.94,0.89
Rome,IT,41.9028,12.4964,2026-06-23 03:00:00+00:00,2,97.6,0.0,0.35,91.71,0.58,11.28,21.58,0.84
Rome,IT,41.9028,12.4964,2026-06-23 04:00:00+00:00,2,96.89,0.0,0.34,91.49,0.59,11.1,21.17,0.8
Rome,IT,41.9028,12.4964,2026-06-23 05:00:00+00:00,2,95.96,0.0,0.38,90.85,0.57,10.85,20.65,0.74
Rome,IT,41.9028,12.4964,2026-06-23 06:00:00+00:00,2,95.11,0.02,0.36,91.11,0.55,10.55,20.01,0.71
Rome,IT,41.9028,12.4964,2026-06-23 07:00:00+00:00,2,93.97,0.03,0.29,92.95,0.53,10.1,19.08,0.77
Rome,IT,41.9028,12.4964,2026-06-23 08:00:00+00:00,2,93.24,0.03,0.23,93.62,0.5,9.82,18.48,0.75
Rome,IT,41.9028,12.4964,2026-06-23 09:00:00+00:00,2,92.97,0.03,0.17,94.22,0.47,9.68,18.11,0.75
Rome,IT,41.9028,12.4964,2026-06-23 10:00:00+00:00,2,92.76,0.02,0.14,94.34,0.45,9.62,17.87,0.77
Rome,IT,41.9028,12.4964,2026-06-23 11:00:00+00:00,2,92.53,0.02,0.13,93.53,0.43,9.63,17.7,0.8
Rome,IT,41.9028,12.4964,2026-06-23 12:00:00+00:00,2,92.3,0.02,0.12,92.42,0.42,9.67,17.58,0.84
Rome,IT,41.9028,12.4964,2026-06-23 13:00:00+00:00,2,92.16,0.02,0.12,91.3,0.4,9.75,17.56,0.84
Rome,IT,41.9028,12.4964,2026-06-23 14:00:00+00:00,2,92.02,0.02,0.12,89.5,0.38,9.85,17.64,0.79
Rome,IT,41.9028,12.4964,2026-06-23 15:00:00+00:00,2,91.97,0.02,0.13,88.31,0.35,9.94,17.68,0.73
Rome,IT,41.9028,12.4964,2026-06-23 16:00:00+00:00,2,91.92,0.02,0.15,87.59,0.33,9.98,17.54,0.7
Rome,IT,41.9028,12.4964,2026-06-23 17:00:00+00:00,2,91.8,0.01,0.18,86.5,0.31,9.94,17.24,0.64
Rome,IT,41.9028,12.4964,2026-06-23 18:00:00+00:00,2,91.68,0.01,0.22,85.94,0.31,9.87,16.9,0.63
Rome,IT,41.9028,12.4964,2026-06-23 19:00:00+00:00,2,92.02,0.0,0.25,86.68,0.33,9.83,16.62,0.66
Rome,IT,41.9028,12.4964,2026-06-23 20:00:00+00:00,2,92.64,0.0,0.26,88.65,0.38,9.93,16.51,0.73
Rome,IT,41.9028,12.4964,2026-06-23 21:00:00+00:00,2,94.33,0.0,0.29,92.22,0.45,10.17,16.55,0.84
Rome,IT,41.9028,12.4964,2026-06-23 22:00:00+00:00,2,96.27,0.0,0.32,95.4,0.53,10.48,16.68,0.94
Rome,IT,41.9028,12.4964,2026-06-23 23:00:00+00:00,2,97.67,0.0,0.34,96.67,0.58,10.75,16.83,0.98
Rome,IT,41.9028,12.4964,2026-06-24 00:00:00+00:00,2,98.81,0.0,0.34,98.1,0.63,10.93,16.74,1.02
Rome,IT,41.9028,12.4964,2026-06-24 01:00:00+00:00,2,98.96,0.0,0.34,99.13,0.66,10.97,16.54,1.06
Rome,IT,41.9028,12.4964,2026-06-24 02:00:00+00:00,2,98.65,0.0,0.34,98.71,0.66,10.9,16.48,1.07
Rome,IT,41.9028,12.4964,2026-06-24 03:00:00+00:00,2,97.89,0.0,0.34,97.3,0.66,10.71,16.46,1.08
Rome,IT,41.9028,12.4964,2026-06-24 04:00:00+00:00,2,97.11,0.0,0.33,97.31,0.64,10.4,16.23,1.13
Rome,IT,41.9028,12.4964,2026-06-24 05:00:00+00:00,2,96.73,0.0,0.38,97.91,0.63,10.23,16.24,1.12
Rome,IT,41.9028,12.4964,2026-06-24 06:00:00+00:00,2,96.53,0.02,0.38,99.64,0.67,10.14,16.34,1.1
Rome,IT,41.9028,12.4964,2026-06-24 07:00:00+00:00,3,96.65,0.03,0.34,102.1,0.7,9.97,16.07,1.14
Rome,IT,41.9028,12.4964,2026-06-24 08:00:00+00:00,3,96.75,0.03,0.28,103.7,0.69,9.85,15.8,1.12
Rome,IT,41.9028,12.4964,2026-06-24 09:00:00+00:00,3,96.76,0.03,0.23,105.3,0.66,9.7,15.35,1.13
Rome,IT,41.9028,12.4964,2026-06-24 10:00:00+00:00,3,96.57,0.03,0.19,106.65,0.63,9.39,14.52,1.22
Rome,IT,41.9028,12.4964,2026-06-24 11:00:00+00:00,3,96.44,0.03,0.18,106.76,0.59,9.18,14.0,1.3
Rome,IT,41.9028,12.4964,2026-06-24 12:00:00+00:00,3,96.14,0.03,0.17,105.97,0.56,9.07,13.65,1.31
Rome,IT,41.9028,12.4964,2026-06-24 13:00:00+00:00,3,95.74,0.03,0.17,105.0,0.54,8.96,13.37,1.3
Rome,IT,41.9028,12.4964,2026-06-24 14:00:00+00:00,3,95.49,0.03,0.18,103.79,0.53,8.89,13.2,1.27
Rome,IT,41.9028,12.4964,2026-06-24 15:00:00+00:00,3,95.43,0.03,0.19,102.89,0.53,8.83,13.07,1.25
Rome,IT,41.9028,12.4964,2026-06-24 16:00:00+00:00,3,95.39,0.02,0.2,102.77,0.52,8.68,12.77,1.27
Rome,IT,41.9028,12.4964,2026-06-24 17:00:00+00:00,3,95.02,0.02,0.24,102.6,0.52,8.45,12.4,1.27
Rome,IT,41.9028,12.4964,2026-06-24 18:00:00+00:00,3,94.48,0.0,0.29,102.66,0.52,8.12,11.9,1.26
Rome,IT,41.9028,12.4964,2026-06-24 19:00:00+00:00,3,94.04,0.0,0.33,102.59,0.51,7.75,11.33,1.25
Rome,IT,41.9028,12.4964,2026-06-24 20:00:00+00:00,3,93.72,0.0,0.34,101.94,0.5,7.48,10.96,1.22
Rome,IT,41.9028,12.4964,2026-06-24 21:00:00+00:00,3,93.13,0.0,0.35,100.92,0.49,7.23,10.64,1.19
Rome,IT,41.9028,12.4964,2026-06-24 22:00:00+00:00,2,92.35,0.0,0.35,99.27,0.49,7.05,10.49,1.17
Rome,IT,41.9028,12.4964,2026-06-24 23:00:00+00:00,2,91.57,0.0,0.34,97.39,0.51,7.01,10.68,1.11
Rome,IT,41.9028,12.4964,2026-06-25 00:00:00+00:00,2,90.78,0.0,0.33,96.19,0.54,7.07,11.04,1.02
Rome,IT,41.9028,12.4964,2026-06-25 01:00:00+00:00,2,90.26,0.0,0.34,94.98,0.59,7.23,11.66,0.91
Rome,IT,41.9028,12.4964,2026-06-25 02:00:00+00:00,2,90.25,0.0,0.36,93.77,0.64,7.46,12.37,0.81
Rome,IT,41.9028,12.4964,2026-06-25 03:00:00+00:00,2,90.78,0.0,0.37,93.24,0.68,7.7,13.01,0.74
Rome,IT,41.9028,12.4964,2026-06-25 04:00:00+00:00,2,91.95,0.0,0.39,93.41,0.74,7.99,13.63,0.69
Rome,IT,41.9028,12.4964,2026-06-25 05:00:00+00:00,2,93.32,0.01,0.49,93.99,0.78,8.28,14.09,0.63
Rome,IT,41.9028,12.4964,2026-06-25 06:00:00+00:00,2,94.87,0.03,0.51,95.32,0.79,8.51,14.3,0.62
Rome,IT,41.9028,12.4964,2026-06-25 07:00:00+00:00,2,95.96,0.05,0.46,97.62,0.77,8.6,14.09,0.68
Rome,IT,41.9028,12.4964,2026-06-25 08:00:00+00:00,2,96.5,0.05,0.38,98.7,0.71,8.67,13.98,0.69
Rome,IT,41.9028,12.4964,2026-06-25 09:00:00+00:00,2,96.87,0.04,0.3,99.62,0.66,8.75,13.87,0.69
Rome,IT,41.9028,12.4964,2026-06-25 10:00:00+00:00,3,96.5,0.04,0.23,100.21,0.6,8.7,13.41,0.74
Rome,IT,41.9028,12.4964,2026-06-25 11:00:00+00:00,2,96.1,0.03,0.19,99.33,0.56,8.7,13.17,0.76
Rome,IT,41.9028,12.4964,2026-06-25 12:00:00+00:00,2,95.71,0.03,0.18,98.31,0.53,8.73,13.1,0.76
Rome,IT,41.9028,12.4964,2026-06-25 13:00:00+00:00,2,95.67,0.03,0.17,98.04,0.52,8.81,13.11,0.8
Rome,IT,41.9028,12.4964,2026-06-25 14:00:00+00:00,2,95.36,0.03,0.17,97.92,0.51,8.91,13.15,0.86
Rome,IT,41.9028,12.4964,2026-06-25 15:00:00+00:00,2,95.23,0.03,0.18,97.95,0.5,8.97,13.13,0.91
Rome,IT,41.9028,12.4964,2026-06-25 16:00:00+00:00,2,95.38,0.02,0.2,98.76,0.51,9.01,13.08,0.96
Rome,IT,41.9028,12.4964,2026-06-25 17:00:00+00:00,2,95.91,0.02,0.25,99.43,0.52,9.1,13.13,0.98
Rome,IT,41.9028,12.4964,2026-06-25 18:00:00+00:00,2,96.17,0.01,0.32,99.88,0.54,9.16,13.11,1.01
Rome,IT,41.9028,12.4964,2026-06-25 19:00:00+00:00,2,96.63,0.0,0.37,99.98,0.54,9.16,12.96,1.03
Rome,IT,41.9028,12.4964,2026-06-25 20:00:00+00:00,2,96.78,0.0,0.35,99.89,0.52,9.13,12.74,1.04
Rome,IT,41.9028,12.4964,2026-06-25 21:00:00+00:00,2,97.02,0.0,0.32,99.81,0.5,9.06,12.48,1.06
Rome,IT,41.9028,12.4964,2026-06-25 22:00:00+00:00,2,96.79,0.0,0.29,99.02,0.48,8.96,12.21,1.06
Rome,IT,41.9028,12.4964,2026-06-25 23:00:00+00:00,2,96.82,0.0,0.29,98.66,0.49,8.93,12.08,1.06
Rome,IT,41.9028,12.4964,2026-06-26 00:00:00+00:00,2,96.75,0.0,0.29,98.3,0.5,8.89,11.94,1.05
Rome,IT,41.9028,12.4964,2026-06-26 01:00:00+00:00,2,96.59,0.0,0.29,98.02,0.51,8.79,11.76,1.05
Rome,IT,41.9028,12.4964,2026-06-26 02:00:00+00:00,2,96.34,0.0,0.3,97.43,0.52,8.69,11.61,1.05
Rome,IT,41.9028,12.4964,2026-06-26 03:00:00+00:00,2,96.1,0.0,0.3,97.3,0.54,8.57,11.43,1.08
Rome,IT,41.9028,12.4964,2026-06-26 04:00:00+00:00,2,95.85,0.0,0.31,97.01,0.55,8.42,11.24,1.11
Rome,IT,41.9028,12.4964,2026-06-26 05:00:00+00:00,2,95.52,0.0,0.36,95.82,0.55,8.22,10.99,1.12
Rome,IT,41.9028,12.4964,2026-06-26 06:00:00+00:00,2,95.19,0.02,0.36,95.39,0.51,7.87,10.5,1.13
Rome,IT,41.9028,12.4964,2026-06-26 07:00:00+00:00,2,94.23,0.02,0.26,97.98,0.42,6.88,8.88,1.28
Rome,IT,41.9028,12.4964,2026-06-26 08:00:00+00:00,2,93.71,0.02,0.19,98.6,0.38,6.24,7.96,1.3
Rome,IT,41.9028,12.4964,2026-06-26 09:00:00+00:00,2,93.64,0.02,0.16,98.62,0.37,5.97,7.64,1.28
Rome,IT,41.9028,12.4964,2026-06-26 10:00:00+00:00,2,93.55,0.02,0.14,98.09,0.36,5.88,7.58,1.24
Rome,IT,41.9028,12.4964,2026-06-26 11:00:00+00:00,2,93.53,0.02,0.13,97.09,0.35,5.91,7.63,1.2
Rome,IT,41.9028,12.4964,2026-06-26 12:00:00+00:00,2,93.61,0.02,0.12,95.93,0.34,5.97,7.71,1.15
Rome,IT,41.9028,12.4964,2026-06-26 13:00:00+00:00,2,93.76,0.02,0.12,94.84,0.34,6.05,7.81,1.08
Rome,IT,41.9028,12.4964,2026-06-26 14:00:00+00:00,2,93.98,0.02,0.13,93.89,0.34,6.14,7.97,1.02
Rome,IT,41.9028,12.4964,2026-06-26 15:00:00+00:00,2,94.12,0.02,0.15,93.55,0.35,6.22,8.11,0.97
Rome,IT,41.9028,12.4964,2026-06-26 16:00:00+00:00,2,94.69,0.02,0.17,94.27,0.38,6.32,8.3,0.95
Rome,IT,41.9028,12.4964,2026-06-26 17:00:00+00:00,2,95.54,0.02,0.22,95.59,0.41,6.47,8.55,0.92
Rome,IT,41.9028,12.4964,2026-06-26 18:00:00+00:00,2,96.74,0.01,0.28,97.37,0.44,6.63,8.81,0.92
Rome,IT,41.9028,12.4964,2026-06-26 19:00:00+00:00,2,97.88,0.0,0.34,99.17,0.46,6.76,8.98,0.93
Rome,IT,41.9028,12.4964,2026-06-26 20:00:00+00:00,3,99.14,0.0,0.34,100.64,0.48,7.0,9.27,0.94
Rome,IT,41.9028,12.4964,2026-06-26 21:00:00+00:00,3,100.48,0.0,0.35,101.95,0.51,7.35,9.66,0.94
Rome,IT,41.9028,12.4964,2026-06-26 22:00:00+00:00,3,101.57,0.0,0.37,102.21,0.55,7.74,10.14,0.94
Rome,IT,41.9028,12.4964,2026-06-26 23:00:00+00:00,3,102.5,0.0,0.39,101.94,0.59,8.08,10.61,0.93
Rome,IT,41.9028,12.4964,2026-06-27 00:00:00+00:00,3,103.06,0.0,0.39,102.2,0.63,8.28,10.91,0.95
Rome,IT,41.9028,12.4964,2026-06-27 01:00:00+00:00,3,103.35,0.0,0.4,103.06,0.67,8.42,11.12,0.97
Rome,IT,41.9028,12.4964,2026-06-27 02:00:00+00:00,3,103.53,0.0,0.39,103.74,0.7,8.62,11.34,1.0
Rome,IT,41.9028,12.4964,2026-06-27 03:00:00+00:00,3,103.97,0.0,0.4,104.35,0.75,8.89,11.66,1.01
Rome,IT,41.9028,12.4964,2026-06-27 04:00:00+00:00,3,104.62,0.0,0.41,104.3,0.79,9.28,12.23,1.0
Rome,IT,41.9028,12.4964,2026-06-27 05:00:00+00:00,3,105.29,0.0,0.5,103.9,0.82,9.75,12.9,0.97
Rome,IT,41.9028,12.4964,2026-06-27 06:00:00+00:00,3,106.32,0.03,0.53,105.4,0.83,10.22,13.43,0.98
Rome,IT,41.9028,12.4964,2026-06-27 07:00:00+00:00,3,106.97,0.04,0.43,109.52,0.8,10.45,13.27,1.1
Rome,IT,41.9028,12.4964,2026-06-27 08:00:00+00:00,3,107.23,0.04,0.33,111.19,0.76,10.64,13.31,1.13
Rome,IT,41.9028,12.4964,2026-06-27 09:00:00+00:00,3,107.58,0.03,0.26,111.8,0.74,10.82,13.48,1.12
Rome,IT,41.9028,12.4964,2026-06-27 10:00:00+00:00,3,107.37,0.03,0.23,111.38,0.72,10.97,13.64,1.1
Rome,IT,41.9028,12.4964,2026-06-27 11:00:00+00:00,3,107.13,0.03,0.21,110.4,0.72,11.11,13.85,1.08
Rome,IT,41.9028,12.4964,2026-06-27 12:00:00+00:00,3,107.06,0.03,0.2,109.8,0.72,11.3,14.15,1.07
Rome,IT,41.9028,12.4964,2026-06-27 13:00:00+00:00,3,107.1,0.03,0.2,109.6,0.73,11.49,14.5,1.05
Rome,IT,41.9028,12.4964,2026-06-27 14:00:00+00:00,3,106.8,0.03,0.21,109.04,0.73,11.57,14.69,1.05
Rome,IT,41.9028,12.4964,2026-06-27 15:00:00+00:00,3,106.42,0.03,0.22,108.48,0.71,11.49,14.56,1.07
Rome,IT,41.9028,12.4964,2026-06-27 16:00:00+00:00,3,105.6,0.03,0.24,107.77,0.65,11.19,14.05,1.09
Rome,IT,41.9028,12.4964,2026-06-27 17:00:00+00:00,3,105.4,0.02,0.28,106.99,0.64,11.11,14.04,1.05
Rome,IT,41.9028,12.4964,2026-06-27 18:00:00+00:00,3,105.11,0.01,0.35,106.06,0.62,11.0,13.89,1.03
Rome,IT,41.9028,12.4964,2026-06-27 19:00:00+00:00,3,104.93,0.0,0.4,104.54,0.61,10.9,13.78,1.0
Rome,IT,41.9028,12.4964,2026-06-27 20:00:00+00:00,3,104.68,0.0,0.39,102.81,0.61,10.82,13.76,0.96
Rome,IT,41.9028,12.4964,2026-06-27 21:00:00+00:00,3,104.25,0.0,0.38,101.54,0.63,10.66,13.66,0.97
Rome,IT,41.9028,12.4964,2026-06-27 22:00:00+00:00,3,103.55,0.0,0.37,100.41,0.64,10.43,13.44,0.98
Rome,IT,41.9028,12.4964,2026-06-27 23:00:00+00:00,2,102.84,0.0,0.37,99.27,0.67,10.26,13.31,0.98
Rome,IT,41.9028,12.4964,2026-06-28 00:00:00+00:00,2,102.13,0.0,0.38,98.58,0.71,10.14,13.36,0.97
Rome,IT,41.9028,12.4964,2026-06-28 01:00:00+00:00,2,102.04,0.0,0.4,98.66,0.76,10.12,13.61,0.96
Rome,IT,41.9028,12.4964,2026-06-28 02:00:00+00:00,2,101.61,0.0,0.41,97.92,0.8,10.16,14.04,0.93
Rome,IT,41.9028,12.4964,2026-06-28 03:00:00+00:00,2,101.27,0.0,0.43,97.02,0.83,10.21,14.53,0.88
Rome,IT,41.9028,12.4964,2026-06-28 04:00:00+00:00,2,101.04,0.0,0.44,96.0,0.85,10.23,14.96,0.83
Rome,IT,41.9028,12.4964,2026-06-28 05:00:00+00:00,2,100.93,0.01,0.53,95.15,0.86,10.22,15.17,0.79
Rome,IT,41.9028,12.4964,2026-06-28 06:00:00+00:00,2,100.64,0.03,0.54,95.06,0.85,10.05,14.91,0.79
Rome,IT,41.9028,12.4964,2026-06-28 07:00:00+00:00,2,99.98,0.05,0.46,96.01,0.81,9.74,14.22,0.85
Rome,IT,41.9028,12.4964,2026-06-28 08:00:00+00:00,2,99.21,0.05,0.36,97.1,0.76,9.47,13.71,0.87
Rome,IT,41.9028,12.4964,2026-06-28 09:00:00+00:00,2,98.53,0.04,0.28,98.27,0.72,9.24,13.23,0.88
Rome,IT,41.9028,12.4964,2026-06-28 10:00:00+00:00,2,97.63,0.04,0.23,98.56,0.67,8.97,12.68,0.89
Rome,IT,41.9028,12.4964,2026-06-28 11:00:00+00:00,2,97.05,0.03,0.2,97.98,0.63,8.8,12.28,0.89
Rome,IT,41.9028,12.4964,2026-06-28 12:00:00+00:00,2,96.65,0.03,0.19,96.87,0.59,8.67,11.95,0.89
Rome,IT,41.9028,12.4964,2026-06-28 13:00:00+00:00,2,95.88,0.03,0.18,95.59,0.56,8.42,11.49,0.88
Rome,IT,41.9028,12.4964,2026-06-28 14:00:00+00:00,2,94.75,0.03,0.18,94.0,0.53,8.06,10.95,0.86
Rome,IT,41.9028,12.4964,2026-06-28 15:00:00+00:00,2,93.61,0.03,0.18,92.49,0.51,7.65,10.38,0.84
Rome,IT,41.9028,12.4964,2026-06-28 16:00:00+00:00,2,92.76,0.03,0.2,91.6,0.49,7.24,9.83,0.83
Rome,IT,41.9028,12.4964,2026-06-28 17:00:00+00:00,2,91.75,0.02,0.24,90.58,0.49,6.81,9.3,0.81
Rome,IT,41.9028,12.4964,2026-06-28 18:00:00+00:00,2,90.83,0.01,0.29,89.48,0.49,6.33,8.75,0.8
Rome,IT,41.9028,12.4964,2026-06-28 19:00:00+00:00,2,90.03,0.0,0.34,88.72,0.5,5.92,8.4,0.79
Rome,IT,41.9028,12.4964,2026-06-28 20:00:00+00:00,2,89.35,0.0,0.35,87.99,0.56,5.7,8.49,0.75
Rome,IT,41.9028,12.4964,2026-06-28 21:00:00+00:00,2,88.76,0.0,0.38,88.02,0.65,5.65,8.89,0.72
Rome,IT,41.9028,12.4964,2026-06-28 22:00:00+00:00,2,88.78,0.0,0.4,88.42,0.72,5.73,9.38,0.7
Rome,IT,41.9028,12.4964,2026-06-28 23:00:00+00:00,2,89.42,0.0,0.41,89.12,0.78,5.94,9.95,0.69
Rome,IT,41.9028,12.4964,2026-06-29 00:00:00+00:00,2,90.95,0.0,0.42,90.2,0.83,6.35,10.69,0.69
Rome,IT,41.9028,12.4964,2026-06-29 01:00:00+00:00,2,92.87,0.0,0.45,90.71,0.89,6.93,11.74,0.67
Rome,IT,41.9028,12.4964,2026-06-29 02:00:00+00:00,2,94.74,0.0,0.49,89.82,0.94,7.56,12.95,0.64
Rome,IT,41.9028,12.4964,2026-06-29 03:00:00+00:00,2,96.27,0.0,0.53,88.78,0.97,8.07,13.87,0.61
Rome,IT,41.9028,12.4964,2026-06-29 04:00:00+00:00,2,97.84,0.0,0.55,88.16,0.99,8.51,14.62,0.61
Rome,IT,41.9028,12.4964,2026-06-29 05:00:00+00:00,2,99.03,0.01,0.67,87.52,1.0,8.86,15.32,0.61
Rome,IT,41.9028,12.4964,2026-06-29 06:00:00+00:00,2,99.78,0.04,0.7,87.41,1.03,9.15,15.93,0.61
Rome,IT,41.9028,12.4964,2026-06-29 07:00:00+00:00,2,100.08,0.08,0.64,88.51,1.03,9.37,16.41,0.61
Rome,IT,41.9028,12.4964,2026-06-29 08:00:00+00:00,2,100.2,0.08,0.52,90.95,1.0,9.53,16.62,0.62
Rome,IT,41.9028,12.4964,2026-06-29 09:00:00+00:00,2,99.88,0.06,0.4,94.39,0.94,9.5,16.22,0.7
Rome,IT,41.9028,12.4964,2026-06-29 10:00:00+00:00,2,98.72,0.04,0.28,97.63,0.83,8.95,14.57,0.91
Rome,IT,41.9028,12.4964,2026-06-29 11:00:00+00:00,2,97.96,0.04,0.23,98.03,0.75,8.8,14.18,0.95
Rome,IT,41.9028,12.4964,2026-06-29 12:00:00+00:00,2,97.29,0.03,0.21,97.59,0.71,8.88,14.44,0.94
Rome,IT,41.9028,12.4964,2026-06-29 13:00:00+00:00,2,97.33,0.03,0.2,97.02,0.7,9.11,14.96,0.92
Rome,IT,41.9028,12.4964,2026-06-29 14:00:00+00:00,2,97.2,0.03,0.21,96.75,0.7,9.35,15.53,0.89
Rome,IT,41.9028,12.4964,2026-06-29 15:00:00+00:00,2,97.07,0.03,0.21,96.94,0.71,9.51,15.86,0.9
Rome,IT,41.9028,12.4964,2026-06-29 16:00:00+00:00,2,97.31,0.03,0.24,97.59,0.72,9.6,15.98,0.95
Rome,IT,41.9028,12.4964,2026-06-29 17:00:00+00:00,2,97.48,0.02,0.29,98.1,0.74,9.68,16.06,0.98
Rome,IT,41.9028,12.4964,2026-06-29 18:00:00+00:00,2,97.55,0.01,0.34,98.47,0.76,9.66,15.92,1.03
Rome,IT,41.9028,12.4964,2026-06-29 19:00:00+00:00,2,97.47,0.0,0.38,98.55,0.79,9.66,15.96,1.03
Rome,IT,41.9028,12.4964,2026-06-29 20:00:00+00:00,2,97.42,0.0,0.38,98.14,0.82,9.67,16.07,0.98
Rome,IT,41.9028,12.4964,2026-06-29 21:00:00+00:00,2,97.27,0.0,0.37,97.56,0.83,9.5,15.75,0.97
Rome,IT,41.9028,12.4964,2026-06-29 22:00:00+00:00,2,96.85,0.0,0.38,96.22,0.82,9.25,15.36,0.94
Rome,IT,41.9028,12.4964,2026-06-29 23:00:00+00:00,2,96.57,0.0,0.4,93.95,0.82,9.03,15.19,0.89
Rome,IT,41.9028,12.4964,2026-06-30 00:00:00+00:00,2,96.04,0.0,0.41,92.13,0.84,8.83,15.07,0.86
Rome,IT,41.9028,12.4964,2026-06-30 01:00:00+00:00,2,95.52,0.0,0.43,90.55,0.87,8.66,15.05,0.84
Rome,IT,41.9028,12.4964,2026-06-30 02:00:00+00:00,2,95.02,0.0,0.43,89.75,0.9,8.57,15.32,0.78
Rome,IT,41.9028,12.4964,2026-06-30 03:00:00+00:00,2,95.06,0.0,0.42,89.71,0.94,8.61,15.86,0.75
Rome,IT,41.9028,12.4964,2026-06-30 04:00:00+00:00,2,96.17,0.0,0.45,90.22,0.96,8.72,16.25,0.8
Rome,IT,41.9028,12.4964,2026-06-30 05:00:00+00:00,2,97.76,0.0,0.57,89.99,0.95,8.89,16.46,0.86
Rome,IT,41.9028,12.4964,2026-06-30 06:00:00+00:00,2,99.17,0.04,0.64,89.85,0.95,9.05,16.57,0.94
Rome,IT,41.9028,12.4964,2026-06-30 07:00:00+00:00,2,99.92,0.07,0.6,90.72,0.95,9.21,16.6,1.02
Rome,IT,41.9028,12.4964,2026-06-30 08:00:00+00:00,2,100.53,0.07,0.5,92.45,0.93,9.39,16.67,1.06
Rome,IT,41.9028,12.4964,2026-06-30 09:00:00+00:00,2,100.26,0.06,0.4,94.64,0.9,9.55,16.71,1.07
Rome,IT,41.9028,12.4964,2026-06-30 10:00:00+00:00,2,99.52,0.05,0.31,96.5,0.83,9.61,16.45,1.11
Rome,IT,41.9028,12.4964,2026-06-30 11:00:00+00:00,2,98.58,0.04,0.26,96.9,0.77,9.67,16.27,1.12
Rome,IT,41.9028,12.4964,2026-06-30 12:00:00+00:00,2,97.99,0.04,0.23,97.15,0.74,9.74,16.12,1.14
Rome,IT,41.9028,12.4964,2026-06-30 13:00:00+00:00,2,97.4,0.03,0.21,97.69,0.71,9.73,15.75,1.2
Rome,IT,41.9028,12.4964,2026-06-30 14:00:00+00:00,2,96.62,0.03,0.2,97.92,0.68,9.65,15.29,1.26
Rome,IT,41.9028,12.4964,2026-06-30 15:00:00+00:00,2,96.11,0.03,0.2,98.15,0.64,9.56,14.96,1.33
Rome,IT,41.9028,12.4964,2026-06-30 16:00:00+00:00,2,96.06,0.03,0.21,98.25,0.6,9.52,14.81,1.41
Rome,IT,41.9028,12.4964,2026-06-30 17:00:00+00:00,2,95.94,0.02,0.25,98.07,0.58,9.48,14.69,1.45
Rome,IT,41.9028,12.4964,2026-06-30 18:00:00+00:00,2,95.91,0.01,0.3,97.66,0.55,9.42,14.49,1.51
Rome,IT,41.9028,12.4964,2026-06-30 19:00:00+00:00,2,96.1,0.0,0.34,97.59,0.56,9.45,14.43,1.58
Rome,IT,41.9028,12.4964,2026-06-30 20:00:00+00:00,2,95.97,0.0,0.34,97.71,0.58,9.52,14.58,1.63
Rome,IT,41.9028,12.4964,2026-06-30 21:00:00+00:00,2,95.83,0.0,0.34,98.06,0.61,9.6,14.7,1.68
Rome,IT,41.9028,12.4964,2026-06-30 22:00:00+00:00,2,95.78,0.0,0.35,98.02,0.64,9.62,14.74,1.73
Rome,IT,41.9028,12.4964,2026-06-30 23:00:00+00:00,2,95.71,0.0,0.37,97.51,0.66,9.65,14.92,1.75
Rome,IT,41.9028,12.4964,2026-07-01 00:00:00+00:00,2,95.82,0.0,0.37,96.86,0.66,9.64,15.1,1.77
Rome,IT,41.9028,12.4964,2026-07-01 01:00:00+00:00,2,96.06,0.0,0.33,96.38,0.59,9.42,14.77,1.83
Rome,IT,41.9028,12.4964,2026-07-01 02:00:00+00:00,2,95.99,0.0,0.31,95.77,0.55,9.21,14.6,1.8
Rome,IT,41.9028,12.4964,2026-07-01 03:00:00+00:00,2,96.0,0.0,0.32,95.55,0.57,9.03,14.68,1.74
Rome,IT,41.9028,12.4964,2026-07-01 04:00:00+00:00,2,96.24,0.0,0.35,95.15,0.61,8.94,15.16,1.62
Rome,IT,41.9028,12.4964,2026-07-01 05:00:00+00:00,2,96.26,0.0,0.47,93.81,0.65,8.85,15.59,1.48
Rome,IT,41.9028,12.4964,2026-07-01 06:00:00+00:00,2,96.55,0.03,0.52,93.68,0.65,8.68,15.32,1.5
Rome,IT,41.9028,12.4964,2026-07-01 07:00:00+00:00,2,97.17,0.05,0.47,95.65,0.63,8.43,14.49,1.7
Rome,IT,41.9028,12.4964,2026-07-01 08:00:00+00:00,2,97.42,0.05,0.38,97.6,0.62,8.37,14.25,1.77
Rome,IT,41.9028,12.4964,2026-07-01 09:00:00+00:00,2,97.68,0.04,0.3,99.85,0.62,8.44,14.32,1.78
Rome,IT,41.9028,12.4964,2026-07-01 10:00:00+00:00,3,97.83,0.04,0.25,101.63,0.64,8.56,14.32,1.82
Rome,IT,41.9028,12.4964,2026-07-01 11:00:00+00:00,3,98.13,0.03,0.23,101.81,0.65,8.86,14.79,1.79
Rome,IT,41.9028,12.4964,2026-07-01 12:00:00+00:00,3,98.44,0.03,0.22,101.01,0.66,9.32,15.54,1.72
Rome,IT,41.9028,12.4964,2026-07-01 13:00:00+00:00,2,99.0,0.03,0.22,99.83,0.65,9.87,16.42,1.63
Rome,IT,41.9028,12.4964,2026-07-01 14:00:00+00:00,2,99.21,0.03,0.22,98.04,0.63,10.34,17.2,1.54
Rome,IT,41.9028,12.4964,2026-07-01 15:00:00+00:00,2,98.71,0.03,0.23,96.18,0.59,10.61,17.69,1.46
Rome,IT,41.9028,12.4964,2026-07-01 16:00:00+00:00,2,97.96,0.03,0.25,94.71,0.56,10.68,17.86,1.38
Rome,IT,41.9028,12.4964,2026-07-01 17:00:00+00:00,2,96.96,0.03,0.28,93.17,0.54,10.55,17.78,1.31
Rome,IT,41.9028,12.4964,2026-07-01 18:00:00+00:00,2,95.7,0.01,0.33,92.01,0.51,10.25,17.41,1.27
Rome,IT,41.9028,12.4964,2026-07-01 19:00:00+00:00,2,94.63,0.0,0.37,90.65,0.48,9.89,16.95,1.22
Rome,IT,41.9028,12.4964,2026-07-01 20:00:00+00:00,2,93.41,0.0,0.35,89.52,0.46,9.43,16.32,1.2
Rome,IT,41.9028,12.4964,2026-07-01 21:00:00+00:00,2,92.27,0.0,0.34,89.37,0.45,8.73,15.41,1.24
Rome,IT,41.9028,12.4964,2026-07-01 22:00:00+00:00,2,90.77,0.0,0.33,89.74,0.45,7.81,14.78,1.29
Rome,IT,41.9028,12.4964,2026-07-01 23:00:00+00:00,2,89.35,0.0,0.34,91.14,0.51,7.19,16.16,1.36
Rome,IT,41.9028,12.4964,2026-07-02 00:00:00+00:00,2,88.62,0.0,0.37,93.29,0.61,7.0,19.77,1.48
Rome,IT,41.9028,12.4964,2026-07-02 01:00:00+00:00,2,89.2,0.0,0.41,96.21,0.7,7.29,24.67,1.68
Rome,IT,41.9028,12.4964,2026-07-02 02:00:00+00:00,2,90.99,0.0,0.46,96.3,0.81,8.38,31.15,1.65
Rome,IT,41.9028,12.4964,2026-07-02 03:00:00+00:00,2,93.05,0.0,0.5,95.71,0.87,9.31,34.59,1.4
Rome,IT,41.9028,12.4964,2026-07-02 04:00:00+00:00,2,94.27,0.0,0.48,95.12,0.84,9.47,31.91,1.12
Rome,IT,41.9028,12.4964,2026-07-02 05:00:00+00:00,2,95.61,0.0,0.53,95.29,0.77,9.08,26.25,0.95
Rome,IT,41.9028,12.4964,2026-07-02 06:00:00+00:00,2,96.51,0.03,0.57,95.0,0.7,8.54,20.97,0.87
Rome,IT,41.9028,12.4964,2026-07-02 07:00:00+00:00,2,97.02,0.05,0.58,95.06,0.64,8.16,17.57,0.82
Rome,IT,41.9028,12.4964,2026-07-02 08:00:00+00:00,2,97.5,0.07,0.54,95.34,0.61,8.03,15.99,0.77
Rome,IT,41.9028,12.4964,2026-07-02 09:00:00+00:00,2,97.98,0.06,0.43,96.44,0.55,7.88,14.85,0.72
Rome,IT,41.9028,12.4964,2026-07-02 10:00:00+00:00,2,97.97,0.04,0.33,97.37,0.49,7.66,13.81,0.7
Rome,IT,41.9028,12.4964,2026-07-02 11:00:00+00:00,2,97.84,0.03,0.29,97.64,0.44,7.51,12.97,0.68
Rome,IT,41.9028,12.4964,2026-07-02 12:00:00+00:00,2,97.72,0.03,0.29,97.77,0.41,7.38,12.19,0.66
Rome,IT,41.9028,12.4964,2026-07-02 13:00:00+00:00,2,96.99,0.02,0.28,98.21,0.36,6.99,10.89,0.66
Rome,IT,41.9028,12.4964,2026-07-02 14:00:00+00:00,2,96.47,0.02,0.27,98.81,0.31,6.52,9.5,0.68
Rome,IT,41.9028,12.4964,2026-07-02 15:00:00+00:00,2,96.03,0.02,0.27,99.34,0.27,6.21,8.63,0.7
Rome,IT,41.9028,12.4964,2026-07-02 16:00:00+00:00,3,96.07,0.02,0.28,100.12,0.25,6.06,8.25,0.72
Rome,IT,41.9028,12.4964,2026-07-02 17:00:00+00:00,3,96.04,0.02,0.3,100.24,0.24,6.05,8.28,0.72
Rome,IT,41.9028,12.4964,2026-07-02 18:00:00+00:00,3,95.83,0.01,0.34,100.06,0.24,6.07,8.43,0.72
Rome,IT,41.9028,12.4964,2026-07-02 19:00:00+00:00,2,95.82,0.0,0.35,99.52,0.24,6.18,8.75,0.73
Rome,IT,41.9028,12.4964,2026-07-02 20:00:00+00:00,2,95.92,0.0,0.32,98.84,0.25,6.34,9.16,0.74
Rome,IT,41.9028,12.4964,2026-07-02 21:00:00+00:00,2,95.75,0.0,0.29,98.24,0.26,6.48,9.5,0.77
Rome,IT,41.9028,12.4964,2026-07-02 22:00:00+00:00,2,95.63,0.0,0.28,97.7,0.27,6.41,9.35,0.79
Rome,IT,41.9028,12.4964,2026-07-02 23:00:00+00:00,2,95.84,0.0,0.29,96.9,0.28,6.22,8.9,0.81
Rome,IT,41.9028,12.4964,2026-07-03 00:00:00+00:00,2,96.31,0.0,0.32,96.19,0.29,5.99,8.46,0.83
Rome,IT,41.9028,12.4964,2026-07-03 01:00:00+00:00,2,96.98,0.0,0.36,95.1,0.31,5.67,8.0,0.82
Rome,IT,41.9028,12.4964,2026-07-03 02:00:00+00:00,2,97.5,0.0,0.39,93.73,0.35,5.4,7.78,0.8
Rome,IT,41.9028,12.4964,2026-07-03 03:00:00+00:00,2,99.0,0.0,0.44,92.36,0.4,5.12,7.67,0.8
Rome,IT,41.9028,12.4964,2026-07-03 04:00:00+00:00,2,104.46,0.0,0.56,91.22,0.45,4.91,7.65,0.89
Rome,IT,41.9028,12.4964,2026-07-03 05:00:00+00:00,2,111.45,0.01,0.75,90.94,0.48,4.7,7.6,1.01
Rome,IT,41.9028,12.4964,2026-07-03 06:00:00+00:00,2,115.04,0.04,0.83,90.82,0.45,4.48,7.36,1.05
Rome,IT,41.9028,12.4964,2026-07-03 07:00:00+00:00,2,117.13,0.08,0.75,93.23,0.39,4.33,6.86,1.1
Rome,IT,41.9028,12.4964,2026-07-03 08:00:00+00:00,2,115.96,0.08,0.6,95.66,0.37,4.38,6.92,1.1
Rome,IT,41.9028,12.4964,2026-07-03 09:00:00+00:00,2,113.11,0.07,0.45,98.09,0.36,4.54,7.08,1.15
Rome,IT,41.9028,12.4964,2026-07-03 10:00:00+00:00,3,110.47,0.06,0.37,100.24,0.36,4.91,7.57,1.21
Rome,IT,41.9028,12.4964,2026-07-03 11:00:00+00:00,3,109.12,0.05,0.34,101.82,0.37,5.56,8.54,1.28
Rome,IT,41.9028,12.4964,2026-07-03 12:00:00+00:00,3,108.39,0.05,0.32,103.32,0.39,6.15,9.43,1.35
Rome,IT,41.9028,12.4964,2026-07-03 13:00:00+00:00,3,106.92,0.05,0.31,104.03,0.42,6.35,9.81,1.4
Rome,IT,41.9028,12.4964,2026-07-03 14:00:00+00:00,3,104.73,0.04,0.31,103.97,0.43,6.19,9.81,1.41
Rome,IT,41.9028,12.4964,2026-07-03 15:00:00+00:00,3,102.63,0.04,0.31,103.22,0.42,5.8,9.4,1.43
Rome,IT,41.9028,12.4964,2026-07-03 16:00:00+00:00,3,100.98,0.03,0.32,102.63,0.39,5.3,8.7,1.43
Rome,IT,41.9028,12.4964,2026-07-03 17:00:00+00:00,3,99.51,0.03,0.36,101.59,0.38,4.92,8.4,1.41
Rome,IT,41.9028,12.4964,2026-07-03 18:00:00+00:00,3,98.4,0.01,0.42,100.93,0.38,4.63,8.18,1.39
Rome,IT,41.9028,12.4964,2026-07-03 19:00:00+00:00,3,97.87,0.0,0.47,101.16,0.41,4.57,8.42,1.41
Rome,IT,41.9028,12.4964,2026-07-03 20:00:00+00:00,3,97.84,0.0,0.46,102.51,0.47,4.8,9.19,1.44
Rome,IT,41.9028,12.4964,2026-07-03 21:00:00+00:00,3,98.07,0.0,0.45,105.23,0.56,5.25,10.37,1.46
Rome,IT,41.9028,12.4964,2026-07-03 22:00:00+00:00,3,98.27,0.0,0.46,107.9,0.65,5.82,11.84,1.42
Rome,IT,41.9028,12.4964,2026-07-03 23:00:00+00:00,3,97.99,0.0,0.49,109.71,0.72,6.31,13.24,1.33
Rome,IT,41.9028,12.4964,2026-07-04 00:00:00+00:00,3,97.09,0.0,0.51,110.3,0.75,6.57,14.15,1.25
Rome,IT,41.9028,12.4964,2026-07-04 01:00:00+00:00,3,95.46,0.0,0.53,110.11,0.76,6.59,14.59,1.23
Rome,IT,41.9028,12.4964,2026-07-04 02:00:00+00:00,3,93.47,0.0,0.56,108.39,0.8,6.37,14.72,1.34
Rome,IT,41.9028,12.4964,2026-07-04 03:00:00+00:00,3,92.89,0.0,0.64,105.53,0.86,6.01,14.48,1.63
Rome,IT,41.9028,12.4964,2026-07-04 04:00:00+00:00,3,95.38,0.0,0.76,102.44,0.91,5.55,13.53,2.12
Rome,IT,41.9028,12.4964,2026-07-04 05:00:00+00:00,2,98.83,0.01,1.03,99.2,0.91,5.26,12.75,2.42
Rome,IT,41.9028,12.4964,2026-07-04 06:00:00+00:00,2,101.84,0.07,1.15,97.61,0.9,5.13,12.11,2.57
Rome,IT,41.9028,12.4964,2026-07-04 07:00:00+00:00,2,103.85,0.11,1.02,99.04,0.85,5.14,11.54,2.55
Rome,IT,41.9028,12.4964,2026-07-04 08:00:00+00:00,3,104.77,0.1,0.76,102.88,0.79,5.42,11.66,2.35
Rome,IT,41.9028,12.4964,2026-07-04 09:00:00+00:00,3,104.28,0.07,0.51,107.17,0.72,5.84,11.96,2.19
Rome,IT,41.9028,12.4964,2026-07-04 10:00:00+00:00,3,100.61,0.05,0.35,111.09,0.64,5.93,11.0,2.2
Rome,IT,41.9028,12.4964,2026-07-04 11:00:00+00:00,3,96.71,0.04,0.28,112.57,0.58,5.85,10.0,2.12
Rome,IT,41.9028,12.4964,2026-07-04 12:00:00+00:00,3,94.32,0.04,0.25,113.22,0.54,5.7,9.35,1.97
Rome,IT,41.9028,12.4964,2026-07-04 13:00:00+00:00,3,92.92,0.03,0.24,113.36,0.49,5.46,8.7,1.78
Rome,IT,41.9028,12.4964,2026-07-04 14:00:00+00:00,3,91.54,0.03,0.23,112.62,0.45,5.19,8.03,1.61
Rome,IT,41.9028,12.4964,2026-07-04 15:00:00+00:00,3,90.42,0.03,0.23,112.02,0.41,4.92,7.4,1.49
Rome,IT,41.9028,12.4964,2026-07-04 16:00:00+00:00,3,90.05,0.03,0.26,111.76,0.39,4.84,7.2,1.42
Rome,IT,41.9028,12.4964,2026-07-04 17:00:00+00:00,3,90.5,0.03,0.3,111.25,0.4,4.95,7.46,1.37
Rome,IT,41.9028,12.4964,2026-07-04 18:00:00+00:00,3,91.04,0.01,0.37,110.95,0.42,5.16,8.05,1.38
Rome,IT,41.9028,12.4964,2026-07-04 19:00:00+00:00,3,91.77,0.0,0.41,111.06,0.45,5.45,8.87,1.43
Rome,IT,41.9028,12.4964,2026-07-04 20:00:00+00:00,3,93.14,0.0,0.4,111.26,0.51,5.86,10.01,1.48
Rome,IT,41.9028,12.4964,2026-07-04 21:00:00+00:00,3,94.68,0.0,0.39,113.36,0.61,6.37,11.31,1.56
Rome,IT,41.9028,12.4964,2026-07-04 22:00:00+00:00,3,96.2,0.0,0.38,117.32,0.73,6.88,12.51,1.63
Rome,IT,41.9028,12.4964,2026-07-04 23:00:00+00:00,3,97.33,0.0,0.38,121.69,0.85,7.36,13.52,1.61
Rome,IT,41.9028,12.4964,2026-07-05 00:00:00+00:00,3,97.57,0.0,0.42,124.39,0.97,7.79,14.66,1.5
Rome,IT,41.9028,12.4964,2026-07-05 01:00:00+00:00,3,97.48,0.0,0.48,124.39,1.08,8.07,15.8,1.44
Rome,IT,41.9028,12.4964,2026-07-05 02:00:00+00:00,3,97.67,0.0,0.57,121.22,1.13,8.15,16.65,1.53
Rome,IT,41.9028,12.4964,2026-07-05 03:00:00+00:00,3,98.83,0.0,0.68,116.54,1.15,8.03,16.95,1.81
Rome,IT,41.9028,12.4964,2026-07-05 04:00:00+00:00,3,101.36,0.0,0.82,111.3,1.14,7.73,16.56,2.26
Rome,IT,41.9028,12.4964,2026-07-05 05:00:00+00:00,3,103.95,0.01,1.08,107.16,1.12,7.49,16.14,2.62
Rome,IT,41.9028,12.4964,2026-07-05 06:00:00+00:00,3,104.94,0.06,1.12,105.9,1.06,7.24,15.5,2.8
Rome,IT,41.9028,12.4964,2026-07-05 07:00:00+00:00,3,103.2,0.09,0.89,107.46,0.96,6.84,14.34,2.71
Rome,IT,41.9028,12.4964,2026-07-05 08:00:00+00:00,3,100.78,0.08,0.65,109.7,0.85,6.37,13.06,2.47
Rome,IT,41.9028,12.4964,2026-07-05 09:00:00+00:00,3,98.35,0.06,0.46,111.49,0.76,5.91,11.76,2.26
Rome,IT,41.9028,12.4964,2026-07-05 10:00:00+00:00,3,94.05,0.05,0.34,112.57,0.64,5.09,9.71,2.0
Rome,IT,41.9028,12.4964,2026-07-05 11:00:00+00:00,3,90.9,0.04,0.28,112.89,0.56,4.7,8.6,1.77
Rome,IT,41.9028,12.4964,2026-07-05 12:00:00+00:00,3,89.61,0.04,0.24,112.9,0.53,4.63,8.22,1.64
Rome,IT,41.9028,12.4964,2026-07-05 13:00:00+00:00,3,88.93,0.03,0.22,112.9,0.5,4.68,8.21,1.55
Rome,IT,41.9028,12.4964,2026-07-05 14:00:00+00:00,3,88.43,0.03,0.22,112.68,0.49,4.78,8.4,1.48
Rome,IT,41.9028,12.4964,2026-07-05 15:00:00+00:00,3,88.02,0.03,0.22,112.68,0.48,4.87,8.68,1.45
Rome,IT,41.9028,12.4964,2026-07-05 16:00:00+00:00,3,88.61,0.03,0.23,113.18,0.49,5.13,9.36,1.48
Rome,IT,41.9028,12.4964,2026-07-05 17:00:00+00:00,3,89.94,0.02,0.25,112.43,0.52,5.72,10.87,1.54
Rome,IT,41.9028,12.4964,2026-07-05 18:00:00+00:00,3,91.71,0.01,0.3,111.83,0.55,6.35,12.49,1.62
Rome,IT,41.9028,12.4964,2026-07-05 19:00:00+00:00,3,93.34,0.0,0.35,111.64,0.59,6.87,13.8,1.69
Rome,IT,41.9028,12.4964,2026-07-05 20:00:00+00:00,3,94.55,0.0,0.35,111.72,0.63,7.25,14.76,1.76
Rome,IT,41.9028,12.4964,2026-07-05 21:00:00+00:00,3,95.77,0.0,0.35,112.1,0.67,7.51,15.39,1.81
Rome,IT,41.9028,12.4964,2026-07-05 22:00:00+00:00,3,96.16,0.0,0.37,110.86,0.71,7.8,16.22,1.72
Rome,IT,41.9028,12.4964,2026-07-05 23:00:00+00:00,3,96.7,0.0,0.39,108.9,0.73,8.16,17.06,1.55
Rome,IT,41.9028,12.4964,2026-07-06 00:00:00+00:00,3,96.89,0.0,0.4,107.39,0.73,8.35,17.17,1.42
Rome,IT,41.9028,12.4964,2026-07-06 01:00:00+00:00,3,96.99,0.0,0.4,106.2,0.7,8.46,16.86,1.31
Rome,IT,41.9028,12.4964,2026-07-06 02:00:00+00:00,3,97.19,0.0,0.4,105.53,0.69,8.47,16.46,1.23
Rome,IT,41.9028,12.4964,2026-07-06 03:00:00+00:00,3,97.03,0.0,0.39,105.09,0.69,8.46,16.07,1.19
Rome,IT,41.9028,12.4964,2026-07-06 04:00:00+00:00,3,97.05,0.0,0.38,104.66,0.68,8.4,15.66,1.18
Rome,IT,41.9028,12.4964,2026-07-06 05:00:00+00:00,3,96.9,0.0,0.43,104.77,0.66,8.28,15.14,1.16
Rome,IT,41.9028,12.4964,2026-07-06 06:00:00+00:00,3,96.57,0.02,0.43,106.47,0.64,8.03,14.3,1.2
Rome,IT,41.9028,12.4964,2026-07-06 07:00:00+00:00,3,95.71,0.03,0.34,110.44,0.61,7.47,12.69,1.41
Rome,IT,41.9028,12.4964,2026-07-06 08:00:00+00:00,3,95.55,0.03,0.27,111.68,0.6,7.31,12.22,1.45
Rome,IT,41.9028,12.4964,2026-07-06 09:00:00+00:00,3,95.3,0.03,0.21,111.77,0.58,7.32,12.16,1.43
Rome,IT,41.9028,12.4964,2026-07-06 10:00:00+00:00,3,95.02,0.02,0.17,111.38,0.55,7.27,11.85,1.43
Rome,IT,41.9028,12.4964,2026-07-06 11:00:00+00:00,3,94.71,0.02,0.15,110.72,0.52,7.18,11.47,1.45
Rome,IT,41.9028,12.4964,2026-07-06 12:00:00+00:00,3,94.23,0.02,0.13,109.46,0.48,7.15,11.35,1.46
Rome,IT,41.9028,12.4964,2026-07-06 13:00:00+00:00,3,93.91,0.02,0.12,108.26,0.44,7.05,11.14,1.49
Rome,IT,41.9028,12.4964,2026-07-06 14:00:00+00:00,3,93.39,0.02,0.12,106.95,0.42,6.96,11.07,1.51
Rome,IT,41.9028,12.4964,2026-07-06 15:00:00+00:00,3,92.69,0.02,0.13,105.88,0.41,6.91,11.26,1.5
Rome,IT,41.9028,12.4964,2026-07-06 16:00:00+00:00,3,92.37,0.02,0.14,105.29,0.41,6.91,11.61,1.49
Rome,IT,41.9028,12.4964,2026-07-06 17:00:00+00:00,3,91.82,0.01,0.17,104.51,0.41,6.91,11.9,1.46
Rome,IT,41.9028,12.4964,2026-07-06 18:00:00+00:00,3,91.44,0.01,0.22,103.8,0.41,6.91,12.15,1.43
Rome,IT,41.9028,12.4964,2026-07-06 19:00:00+00:00,3,91.1,0.0,0.25,103.28,0.41,6.9,12.36,1.4
Rome,IT,41.9028,12.4964,2026-07-06 20:00:00+00:00,3,90.89,0.0,0.25,103.11,0.41,6.89,12.61,1.36
Rome,IT,41.9028,12.4964,2026-07-06 21:00:00+00:00,3,90.67,0.0,0.23,103.02,0.41,6.92,13.01,1.32
Rome,IT,41.9028,12.4964,2026-07-06 22:00:00+00:00,3,90.44,0.0,0.23,102.3,0.42,6.99,13.57,1.26
Rome,IT,41.9028,12.4964,2026-07-06 23:00:00+00:00,3,90.29,0.0,0.24,101.42,0.44,7.09,14.13,1.18
Rome,IT,41.9028,12.4964,2026-07-07 00:00:00+00:00,3,90.31,0.0,0.24,100.99,0.45,7.15,14.52,1.13
Rome,IT,41.9028,12.4964,2026-07-07 01:00:00+00:00,3,89.97,0.0,0.25,100.92,0.47,7.19,14.81,1.09
Rome,IT,41.9028,12.4964,2026-07-07 02:00:00+00:00,3,89.96,0.0,0.25,100.54,0.47,7.21,15.05,1.04
Rome,IT,41.9028,12.4964,2026-07-07 03:00:00+00:00,3,89.86,0.0,0.24,100.3,0.47,7.21,15.22,1.01
Rome,IT,41.9028,12.4964,2026-07-07 04:00:00+00:00,3,89.89,0.0,0.22,100.56,0.45,7.17,15.25,0.99
Rome,IT,41.9028,12.4964,2026-07-07 05:00:00+00:00,3,89.95,0.0,0.25,100.55,0.43,7.13,15.28,0.97
Rome,IT,41.9028,12.4964,2026-07-07 06:00:00+00:00,3,90.01,0.01,0.25,100.62,0.41,7.1,15.34,0.97
Rome,IT,41.9028,12.4964,2026-07-07 07:00:00+00:00,3,89.78,0.02,0.22,100.81,0.4,7.07,15.35,0.97
Rome,IT,41.9028,12.4964,2026-07-07 08:00:00+00:00,3,89.8,0.02,0.18,100.9,0.39,7.06,15.37,0.95
Rome,IT,41.9028,12.4964,2026-07-07 09:00:00+00:00,3,89.64,0.02,0.14,100.69,0.39,7.1,15.48,0.91
Rome,IT,41.9028,12.4964,2026-07-07 10:00:00+00:00,3,89.02,0.02,0.12,100.24,0.39,7.15,15.76,0.88
Rome,IT,41.9028,12.4964,2026-07-07 11:00:00+00:00,2,88.48,0.02,0.11,99.48,0.39,7.22,16.05,0.85
Rome,IT,41.9028,12.4964,2026-07-07 12:00:00+00:00,2,88.21,0.02,0.1,98.18,0.38,7.28,16.28,0.82
Rome,IT,41.9028,12.4964,2026-07-07 13:00:00+00:00,2,87.93,0.02,0.1,96.79,0.38,7.36,16.51,0.78
Rome,IT,41.9028,12.4964,2026-07-07 14:00:00+00:00,2,87.82,0.01,0.1,95.47,0.37,7.42,16.66,0.75
Rome,IT,41.9028,12.4964,2026-07-07 15:00:00+00:00,2,87.88,0.01,0.1,94.39,0.35,7.44,16.67,0.72
Rome,IT,41.9028,12.4964,2026-07-07 16:00:00+00:00,2,87.86,0.01,0.11,93.07,0.32,7.47,16.69,0.69
Rome,IT,41.9028,12.4964,2026-07-07 17:00:00+00:00,2,87.83,0.01,0.13,91.68,0.31,7.51,16.75,0.64
Rome,IT,41.9028,12.4964,2026-07-07 18:00:00+00:00,2,87.81,0.01,0.17,90.74,0.3,7.54,16.77,0.61
Rome,IT,41.9028,12.4964,2026-07-07 19:00:00+00:00,2,87.81,0.0,0.2,89.76,0.3,7.55,16.69,0.6
Rome,IT,41.9028,12.4964,2026-07-07 20:00:00+00:00,2,87.84,0.0,0.2,89.1,0.3,7.54,16.47,0.6
Rome,IT,41.9028,12.4964,2026-07-07 21:00:00+00:00,2,88.04,0.0,0.21,89.13,0.31,7.52,16.2,0.61
Rome,IT,41.9028,12.4964,2026-07-07 22:00:00+00:00,2,88.06,0.0,0.22,89.07,0.32,7.5,15.96,0.63
Rome,IT,41.9028,12.4964,2026-07-07 23:00:00+00:00,2,88.07,0.0,0.23,89.01,0.33,7.5,15.85,0.63
Rome,IT,41.9028,12.4964,2026-07-08 00:00:00+00:00,2,87.99,0.0,0.24,88.94,0.34,7.5,15.77,0.63
Rome,IT,41.9028,12.4964,2026-07-08 01:00:00+00:00,2,88.15,0.0,0.25,88.7,0.36,7.51,15.67,0.63
Rome,IT,41.9028,12.4964,2026-07-08 02:00:00+00:00,2,88.19,0.0,0.27,88.42,0.37,7.51,15.61,0.63
Rome,IT,41.9028,12.4964,2026-07-08 03:00:00+00:00,2,88.32,0.0,0.27,88.22,0.38,7.53,15.58,0.62
Rome,IT,41.9028,12.4964,2026-07-08 04:00:00+00:00,2,88.66,0.0,0.28,87.97,0.4,7.57,15.64,0.62
Rome,IT,41.9028,12.4964,2026-07-08 05:00:00+00:00,2,88.94,0.0,0.32,86.4,0.39,7.6,15.72,0.59
Rome,IT,41.9028,12.4964,2026-07-08 06:00:00+00:00,2,89.22,0.02,0.31,86.03,0.37,7.64,15.84,0.57
Rome,IT,41.9028,12.4964,2026-07-08 07:00:00+00:00,2,89.22,0.02,0.21,89.3,0.32,7.52,15.51,0.65
Rome,IT,41.9028,12.4964,2026-07-08 08:00:00+00:00,2,89.48,0.02,0.16,90.12,0.3,7.43,15.1,0.7
Rome,IT,41.9028,12.4964,2026-07-08 09:00:00+00:00,2,89.47,0.02,0.12,90.26,0.29,7.4,14.9,0.73
Rome,IT,41.9028,12.4964,2026-07-08 10:00:00+00:00,2,89.71,0.02,0.1,89.93,0.28,7.42,14.84,0.77
Rome,IT,41.9028,12.4964,2026-07-08 11:00:00+00:00,2,89.75,0.02,0.09,88.91,0.27,7.49,14.88,0.8
Rome,IT,41.9028,12.4964,2026-07-08 12:00:00+00:00,2,89.8,0.01,0.09,87.96,0.26,7.58,14.97,0.83
Rome,IT,41.9028,12.4964,2026-07-08 13:00:00+00:00,2,90.01,0.01,0.09,87.14,0.26,7.7,15.12,0.86
Rome,IT,41.9028,12.4964,2026-07-08 14:00:00+00:00,2,90.38,0.01,0.09,86.32,0.26,7.84,15.3,0.87
Rome,IT,41.9028,12.4964,2026-07-08 15:00:00+00:00,2,90.58,0.01,0.09,85.88,0.26,7.94,15.42,0.88
Rome,IT,41.9028,12.4964,2026-07-08 16:00:00+00:00,2,91.22,0.01,0.1,86.34,0.26,8.02,15.44,0.9
Rome,IT,41.9028,12.4964,2026-07-08 17:00:00+00:00,2,91.77,0.01,0.12,87.34,0.27,8.02,15.28,0.93
Rome,IT,41.9028,12.4964,2026-07-08 18:00:00+00:00,2,92.23,0.01,0.16,88.48,0.27,8.0,15.08,0.97
Rome,IT,41.9028,12.4964,2026-07-08 19:00:00+00:00,2,92.64,0.0,0.18,89.44,0.28,8.02,15.07,0.99
Rome,IT,41.9028,12.4964,2026-07-08 20:00:00+00:00,2,92.56,0.0,0.19,88.84,0.29,8.09,15.32,0.96
Rome,IT,41.9028,12.4964,2026-07-08 21:00:00+00:00,2,92.39,0.0,0.19,88.24,0.29,8.14,15.49,0.93
Rome,IT,41.9028,12.4964,2026-07-08 22:00:00+00:00,2,92.13,0.0,0.19,87.79,0.3,8.15,15.56,0.92
Rome,IT,41.9028,12.4964,2026-07-08 23:00:00+00:00,2,92.21,0.0,0.2,87.71,0.3,8.15,15.56,0.91
Rome,IT,41.9028,12.4964,2026-07-09 00:00:00+00:00,2,92.2,0.0,0.21,87.63,0.31,8.17,15.6,0.9
Rome,IT,41.9028,12.4964,2026-07-09 01:00:00+00:00,2,92.27,0.0,0.21,87.76,0.32,8.21,15.67,0.9
Rome,IT,41.9028,12.4964,2026-07-09 02:00:00+00:00,2,92.32,0.0,0.21,88.25,0.33,8.22,15.64,0.91
Rome,IT,41.9028,12.4964,2026-07-09 03:00:00+00:00,2,92.54,0.0,0.21,89.11,0.33,8.2,15.54,0.94
Rome,IT,41.9028,12.4964,2026-07-09 04:00:00+00:00,2,92.8,0.0,0.18,93.18,0.32,7.84,14.49,1.07
Rome,IT,41.9028,12.4964,2026-07-09 05:00:00+00:00,2,93.1,0.0,0.2,97.36,0.31,7.49,13.55,1.18
Rome,IT,41.9028,12.4964,2026-07-09 06:00:00+00:00,2,93.66,0.01,0.21,99.28,0.32,7.46,13.51,1.22
Rome,IT,41.9028,12.4964,2026-07-09 07:00:00+00:00,3,94.04,0.02,0.19,100.21,0.34,7.52,13.7,1.24
Rome,IT,41.9028,12.4964,2026-07-09 08:00:00+00:00,3,94.24,0.02,0.16,100.84,0.35,7.63,14.01,1.24
Rome,IT,41.9028,12.4964,2026-07-09 09:00:00+00:00,3,94.61,0.02,0.14,100.86,0.35,7.79,14.37,1.24
Rome,IT,41.9028,12.4964,2026-07-09 10:00:00+00:00,3,94.52,0.02,0.12,100.18,0.35,7.92,14.68,1.23
Rome,IT,41.9028,12.4964,2026-07-09 11:00:00+00:00,2,94.33,0.02,0.11,99.11,0.33,8.01,14.85,1.21
Rome,IT,41.9028,12.4964,2026-07-09 12:00:00+00:00,2,94.05,0.02,0.1,97.43,0.32,8.05,14.91,1.19
Rome,IT,41.9028,12.4964,2026-07-09 13:00:00+00:00,2,93.67,0.02,0.1,95.14,0.3,8.05,14.86,1.12
Rome,IT,41.9028,12.4964,2026-07-09 14:00:00+00:00,2,92.93,0.02,0.1,92.69,0.28,8.01,14.75,1.05
Rome,IT,41.9028,12.4964,2026-07-09 15:00:00+00:00,2,92.45,0.02,0.1,91.14,0.28,7.94,14.59,1.02
Rome,IT,41.9028,12.4964,2026-07-09 16:00:00+00:00,2,92.24,0.02,0.11,90.81,0.28,7.89,14.48,1.01
Rome,IT,41.9028,12.4964,2026-07-09 17:00:00+00:00,2,91.87,0.01,0.14,90.04,0.27,7.83,14.33,0.99
Rome,IT,41.9028,12.4964,2026-07-09 18:00:00+00:00,2,91.77,0.01,0.16,89.65,0.26,7.74,14.09,0.96
Rome,IT,41.9028,12.4964,2026-07-09 19:00:00+00:00,2,91.7,0.0,0.16,90.12,0.23,7.65,13.79,0.97
Rome,IT,41.9028,12.4964,2026-07-09 20:00:00+00:00,2,91.83,0.0,0.16,89.86,0.22,7.6,13.6,0.96
Rome,IT,41.9028,12.4964,2026-07-09 21:00:00+00:00,2,92.06,0.0,0.16,89.84,0.22,7.59,13.51,0.96
Rome,IT,41.9028,12.4964,2026-07-09 22:00:00+00:00,2,92.01,0.0,0.17,89.2,0.23,7.6,13.49,0.96
Rome,IT,41.9028,12.4964,2026-07-09 23:00:00+00:00,2,92.22,0.0,0.18,88.55,0.25,7.67,13.56,0.96
Rome,IT,41.9028,12.4964,2026-07-10 00:00:00+00:00,2,92.69,0.0,0.2,88.58,0.27,7.75,13.68,0.97
Rome,IT,41.9028,12.4964,2026-07-11 01:00:00+00:00,2,86.47,0.0,0.17,81.0,0.99,11.84,18.34,0.04
Rome,IT,41.9028,12.4964,2026-07-11 02:00:00+00:00,2,86.98,0.0,0.18,82.04,1.12,12.63,19.5,0.02
Rome,IT,41.9028,12.4964,2026-07-11 03:00:00+00:00,2,87.4,0.0,0.18,83.08,1.23,13.44,20.61,0.0
Rome,IT,41.9028,12.4964,2026-07-11 04:00:00+00:00,2,87.66,0.0,0.17,83.92,1.38,14.36,21.67,0.0
Rome,IT,41.9028,12.4964,2026-07-11 05:00:00+00:00,2,88.04,0.0,0.2,85.15,1.62,15.58,22.94,0.0
Rome,IT,41.9028,12.4964,2026-07-11 06:00:00+00:00,2,88.85,0.01,0.21,87.06,1.94,17.19,24.79,0.0
Rome,IT,41.9028,12.4964,2026-07-11 07:00:00+00:00,2,90.62,0.02,0.2,90.17,2.26,18.81,26.92,0.0
Rome,IT,41.9028,12.4964,2026-07-11 08:00:00+00:00,2,92.82,0.02,0.18,93.95,2.44,19.78,28.65,0.0
Rome,IT,41.9028,12.4964,2026-07-11 09:00:00+00:00,2,94.85,0.02,0.16,96.81,2.39,20.01,29.8,0.0
Rome,IT,41.9028,12.4964,2026-07-11 10:00:00+00:00,2,96.16,0.02,0.15,98.24,2.17,19.79,30.57,0.0
Rome,IT,41.9028,12.4964,2026-07-11 11:00:00+00:00,2,96.67,0.02,0.14,98.75,1.89,19.26,30.9,0.0
Rome,IT,41.9028,12.4964,2026-07-11 12:00:00+00:00,2,96.65,0.02,0.13,98.58,1.61,18.45,30.68,0.0
Rome,IT,41.9028,12.4964,2026-07-11 13:00:00+00:00,2,96.46,0.02,0.13,98.27,1.35,17.53,30.28,0.0
Rome,IT,41.9028,12.4964,2026-07-11 14:00:00+00:00,2,96.55,0.02,0.13,97.96,1.2,17.0,30.28,0.0
Rome,IT,41.9028,12.4964,2026-07-11 15:00:00+00:00,2,96.55,0.02,0.15,97.73,1.2,17.21,30.85,0.0
Rome,IT,41.9028,12.4964,2026-07-11 16:00:00+00:00,2,96.72,0.02,0.17,97.65,1.33,18.11,32.04,0.0
Rome,IT,41.9028,12.4964,2026-07-11 17:00:00+00:00,2,97.15,0.02,0.22,97.56,1.52,19.65,33.9,0.0
Rome,IT,41.9028,12.4964,2026-07-11 18:00:00+00:00,2,97.49,0.01,0.27,98.01,1.7,21.35,35.7,0.0
Rome,IT,41.9028,12.4964,2026-07-11 19:00:00+00:00,2,97.68,0.0,0.31,98.78,1.8,22.32,36.2,0.0
Rome,IT,41.9028,12.4964,2026-07-11 20:00:00+00:00,2,97.65,0.0,0.29,99.66,1.79,22.23,35.15,0.0
Rome,IT,41.9028,12.4964,2026-07-11 21:00:00+00:00,3,97.34,0.0,0.26,100.24,1.71,21.5,33.32,0.0
Rome,IT,41.9028,12.4964,2026-07-11 22:00:00+00:00,2,96.3,0.0,0.24,99.96,1.63,20.52,31.16,0.0
Rome,IT,41.9028,12.4964,2026-07-11 23:00:00+00:00,2,94.96,0.0,0.22,98.89,1.62,19.85,29.37,0.0
Rome,IT,41.9028,12.4964,2026-07-12 00:00:00+00:00,2,93.63,0.0,0.21,97.74,1.78,20.0,28.61,0.0
Rome,IT,41.9028,12.4964,2026-07-12 01:00:00+00:00,2,92.87,0.0,0.2,96.63,2.2,21.53,29.49,0.0
Rome,IT,41.9028,12.4964,2026-07-12 02:00:00+00:00,2,92.35,0.0,0.19,95.94,2.93,24.62,32.23,0.0
Rome,IT,41.9028,12.4964,2026-07-12 03:00:00+00:00,3,92.1,0.0,0.19,95.63,3.92,29.03,36.38,0.0
Rome,IT,41.9028,12.4964,2026-07-12 04:00:00+00:00,3,92.07,0.0,0.19,96.89,4.82,32.42,39.29,0.0
Rome,IT,41.9028,12.4964,2026-07-12 05:00:00+00:00,3,92.01,0.0,0.22,97.75,5.33,34.44,40.93,0.0
Rome,IT,41.9028,12.4964,2026-07-12 06:00:00+00:00,3,92.13,0.01,0.25,97.86,5.72,36.65,43.17,0.0
Rome,IT,41.9028,12.4964,2026-07-12 07:00:00+00:00,3,92.4,0.02,0.23,97.19,5.76,37.77,44.63,0.0
Rome,IT,41.9028,12.4964,2026-07-12 08:00:00+00:00,3,92.66,0.02,0.2,96.2,5.44,37.66,45.1,0.0
Rome,IT,41.9028,12.4964,2026-07-12 09:00:00+00:00,3,92.83,0.02,0.17,94.83,4.89,36.58,44.7,0.0
Rome,IT,41.9028,12.4964,2026-07-12 10:00:00+00:00,3,92.72,0.02,0.15,92.93,4.17,34.8,43.67,0.0
Rome,IT,41.9028,12.4964,2026-07-12 11:00:00+00:00,3,92.53,0.02,0.14,91.32,3.58,33.05,42.38,0.0
Rome,IT,41.9028,12.4964,2026-07-12 12:00:00+00:00,3,92.25,0.02,0.13,90.4,3.2,31.92,41.28,0.0
Rome,IT,41.9028,12.4964,2026-07-12 13:00:00+00:00,3,92.14,0.02,0.12,89.7,2.84,30.59,39.87,0.0
Rome,IT,41.9028,12.4964,2026-07-12 14:00:00+00:00,3,91.86,0.02,0.12,88.7,2.41,28.74,38.0,0.0
Rome,IT,41.9028,12.4964,2026-07-12 15:00:00+00:00,3,91.58,0.02,0.13,88.31,2.05,26.93,36.17,0.0
Rome,IT,41.9028,12.4964,2026-07-12 16:00:00+00:00,3,91.49,0.02,0.13,88.54,1.81,25.63,34.82,0.0
Rome,IT,41.9028,12.4964,2026-07-12 17:00:00+00:00,3,91.51,0.01,0.15,87.88,1.65,25.06,34.31,0.0
Rome,IT,41.9028,12.4964,2026-07-12 18:00:00+00:00,2,91.54,0.01,0.19,87.37,1.55,24.75,34.08,0.0
Rome,IT,41.9028,12.4964,2026-07-12 19:00:00+00:00,3,91.57,0.0,0.22,87.1,1.56,25.08,34.34,0.0
Rome,IT,41.9028,12.4964,2026-07-12 20:00:00+00:00,3,91.71,0.0,0.23,87.38,1.64,25.91,35.01,0.0
Rome,IT,41.9028,12.4964,2026-07-12 21:00:00+00:00,3,91.67,0.0,0.24,87.8,1.72,26.77,35.67,0.0
Rome,IT,41.9028,12.4964,2026-07-12 22:00:00+00:00,3,91.45,0.0,0.26,88.14,1.76,27.33,36.02,0.0
Rome,IT,41.9028,12.4964,2026-07-12 23:00:00+00:00,3,91.57,0.0,0.27,88.63,1.78,27.86,36.34,0.0
Rome,IT,41.9028,12.4964,2026-07-13 00:00:00+00:00,3,91.6,0.0,0.28,89.12,1.77,28.28,36.54,0.0
Rome,IT,41.9028,12.4964,2026-07-13 01:00:00+00:00,3,91.35,0.0,0.27,89.28,1.71,28.36,36.41,0.0
Rome,IT,41.9028,12.4964,2026-07-13 02:00:00+00:00,3,91.34,0.0,0.28,89.05,1.63,28.03,35.83,0.0
Rome,IT,41.9028,12.4964,2026-07-13 03:00:00+00:00,3,91.07,0.0,0.31,88.66,1.54,27.38,34.99,0.0
Rome,IT,41.9028,12.4964,2026-07-13 04:00:00+00:00,3,90.83,0.0,0.33,88.0,1.46,26.6,34.05,0.0
Rome,IT,41.9028,12.4964,2026-07-13 05:00:00+00:00,3,90.79,0.0,0.41,87.82,1.39,25.81,33.17,0.0
Rome,IT,41.9028,12.4964,2026-07-13 06:00:00+00:00,3,90.93,0.02,0.45,87.87,1.32,25.21,32.55,0.0
Rome,IT,41.9028,12.4964,2026-07-13 07:00:00+00:00,2,91.23,0.05,0.44,88.51,1.28,24.77,32.09,0.0
Rome,IT,41.9028,12.4964,2026-07-13 08:00:00+00:00,2,91.51,0.05,0.38,89.97,1.24,24.62,31.8,0.0
Rome,IT,41.9028,12.4964,2026-07-13 09:00:00+00:00,2,91.7,0.05,0.31,91.57,1.19,24.59,31.6,0.0
Rome,IT,41.9028,12.4964,2026-07-13 10:00:00+00:00,2,91.69,0.04,0.25,92.47,1.14,24.65,31.51,0.0
Rome,IT,41.9028,12.4964,2026-07-13 11:00:00+00:00,2,91.48,0.03,0.21,92.74,1.08,24.69,31.41,0.0
Rome,IT,41.9028,12.4964,2026-07-13 12:00:00+00:00,2,91.0,0.03,0.18,92.25,1.01,24.65,31.25,0.0
Rome,IT,41.9028,12.4964,2026-07-13 13:00:00+00:00,2,90.78,0.03,0.16,90.84,0.92,24.71,31.26,0.0
Rome,IT,41.9028,12.4964,2026-07-13 14:00:00+00:00,2,90.1,0.02,0.16,88.96,0.85,24.88,31.43,0.0
Rome,IT,41.9028,12.4964,2026-07-13 15:00:00+00:00,2,89.69,0.02,0.16,87.31,0.8,25.0,31.56,0.0
Rome,IT,41.9028,12.4964,2026-07-13 16:00:00+00:00,3,89.45,0.02,0.18,85.97,0.77,25.14,31.71,0.0
Rome,IT,41.9028,12.4964,2026-07-13 17:00:00+00:00,3,88.96,0.02,0.21,84.41,0.75,25.26,31.81,0.0
Rome,IT,41.9028,12.4964,2026-07-13 18:00:00+00:00,3,88.73,0.01,0.27,83.61,0.76,25.3,31.83,0.0
Rome,IT,41.9028,12.4964,2026-07-13 19:00:00+00:00,3,88.8,0.0,0.3,83.36,0.78,25.23,31.71,0.0
Rome,IT,41.9028,12.4964,2026-07-13 20:00:00+00:00,2,88.9,0.0,0.29,83.23,0.78,24.82,31.12,0.0
Rome,IT,41.9028,12.4964,2026-07-13 21:00:00+00:00,2,89.18,0.0,0.28,84.0,0.77,24.05,30.07,0.0
Rome,IT,41.9028,12.4964,2026-07-13 22:00:00+00:00,2,89.56,0.0,0.26,85.6,0.76,22.85,28.45,0.0
Rome,IT,41.9028,12.4964,2026-07-13 23:00:00+00:00,2,90.12,0.0,0.26,85.78,0.73,22.22,27.74,0.0
Rome,IT,41.9028,12.4964,2026-07-14 00:00:00+00:00,2,90.67,0.0,0.26,85.81,0.72,21.75,27.33,0.0
Rome,IT,41.9028,12.4964,2026-07-14 01:00:00+00:00,2,91.04,0.0,0.26,86.2,0.71,21.36,27.12,0.0
Rome,IT,41.9028,12.4964,2026-07-14 02:00:00+00:00,2,91.39,0.0,0.26,86.35,0.7,21.05,27.04,0.0
Rome,IT,41.9028,12.4964,2026-07-14 03:00:00+00:00,2,91.91,0.0,0.26,87.1,0.7,20.8,26.92,0.0
Rome,IT,41.9028,12.4964,2026-07-14 04:00:00+00:00,2,92.37,0.0,0.26,87.56,0.71,20.62,26.83,0.0
Rome,IT,41.9028,12.4964,2026-07-14 05:00:00+00:00,2,92.66,0.0,0.3,87.44,0.7,20.52,26.83,0.0
Rome,IT,41.9028,12.4964,2026-07-14 06:00:00+00:00,2,93.14,0.01,0.31,87.85,0.69,20.47,26.79,0.0
Rome,IT,41.9028,12.4964,2026-07-14 07:00:00+00:00,2,93.6,0.03,0.27,89.92,0.68,20.17,26.23,0.0
Rome,IT,41.9028,12.4964,2026-07-14 08:00:00+00:00,2,94.32,0.03,0.23,90.53,0.65,20.12,26.18,0.03
Rome,IT,41.9028,12.4964,2026-07-14 09:00:00+00:00,2,95.39,0.03,0.19,91.37,0.62,19.86,25.94,0.09
Rome,IT,41.9028,12.4964,2026-07-14 10:00:00+00:00,2,96.33,0.02,0.16,92.18,0.56,18.67,24.53,0.23
Rome,IT,41.9028,12.4964,2026-07-14 11:00:00+00:00,2,96.98,0.02,0.14,92.58,0.49,16.88,22.5,0.42
Rome,IT,41.9028,12.4964,2026-07-14 12:00:00+00:00,2,97.54,0.02,0.12,92.83,0.44,14.53,20.08,0.64
Rome,IT,41.9028,12.4964,2026-07-14 13:00:00+00:00,2,98.9,0.02,0.11,93.23,0.42,12.22,18.08,0.76
Rome,IT,41.9028,12.4964,2026-07-14 14:00:00+00:00,2,101.49,0.02,0.11,93.64,0.4,11.37,17.96,0.62
Rome,IT,41.9028,12.4964,2026-07-14 15:00:00+00:00,2,104.7,0.02,0.13,94.72,0.37,12.29,19.87,0.36
Rome,IT,41.9028,12.4964,2026-07-14 16:00:00+00:00,2,107.48,0.02,0.17,96.66,0.33,14.22,22.74,0.16
Rome,IT,41.9028,12.4964,2026-07-14 17:00:00+00:00,2,108.88,0.02,0.22,98.6,0.37,16.16,25.23,0.05
Rome,IT,41.9028,12.4964,2026-07-14 18:00:00+00:00,2,108.95,0.01,0.29,99.8,0.71,18.46,27.93,0.0
Rome,IT,41.9028,12.4964,2026-07-14 19:00:00+00:00,2,107.91,0.0,0.32,99.74,1.45,22.21,32.12,0.0
Rome,IT,41.9028,12.4964,2026-07-14 20:00:00+00:00,3,106.01,0.0,0.31,98.42,2.32,27.41,37.94,0.0
Rome,IT,41.9028,12.4964,2026-07-14 21:00:00+00:00,3,103.76,0.0,0.3,97.1,3.22,33.66,44.75,0.0
Rome,IT,41.9028,12.4964,2026-07-14 22:00:00+00:00,3,101.23,0.0,0.29,95.3,4.07,40.72,52.3,0.0
Rome,IT,41.9028,12.4964,2026-07-14 23:00:00+00:00,3,99.02,0.0,0.28,93.48,4.74,48.33,60.43,0.0
Rome,IT,41.9028,12.4964,2026-07-15 00:00:00+00:00,4,96.99,0.0,0.28,91.67,5.2,55.72,68.42,0.0
Rome,IT,41.9028,12.4964,2026-07-15 01:00:00+00:00,4,95.4,0.0,0.28,90.0,5.48,62.44,75.85,0.0
Rome,IT,41.9028,12.4964,2026-07-15 02:00:00+00:00,4,93.99,0.0,0.28,88.34,5.65,68.55,82.71,0.0
Rome,IT,41.9028,12.4964,2026-07-15 03:00:00+00:00,4,92.75,0.0,0.28,86.97,5.78,73.22,88.01,0.0
Rome,IT,41.9028,12.4964,2026-07-15 04:00:00+00:00,5,92.06,0.0,0.29,86.08,5.8,75.71,90.85,0.0
Rome,IT,41.9028,12.4964,2026-07-15 05:00:00+00:00,5,92.0,0.0,0.33,85.05,5.61,75.88,91.09,0.0
Rome,IT,41.9028,12.4964,2026-07-15 06:00:00+00:00,4,91.94,0.01,0.36,84.4,5.36,74.8,90.0,0.0
Rome,IT,41.9028,12.4964,2026-07-15 07:00:00+00:00,4,91.88,0.03,0.33,84.12,5.08,72.98,88.12,0.0
Rome,IT,41.9028,12.4964,2026-07-15 08:00:00+00:00,4,92.17,0.04,0.28,84.22,4.72,71.49,86.77,0.0
Rome,IT,41.9028,12.4964,2026-07-15 09:00:00+00:00,4,92.47,0.03,0.23,85.01,4.38,70.38,86.01,0.0
Rome,IT,41.9028,12.4964,2026-07-15 10:00:00+00:00,4,92.74,0.03,0.19,85.7,4.05,69.53,85.63,0.0
Rome,IT,41.9028,12.4964,2026-07-15 11:00:00+00:00,4,92.91,0.03,0.16,85.16,3.63,69.45,85.94,0.0
Rome,IT,41.9028,12.4964,2026-07-15 12:00:00+00:00,4,92.99,0.02,0.14,84.02,3.29,69.86,86.52,0.0
Rome,IT,41.9028,12.4964,2026-07-15 13:00:00+00:00,4,92.88,0.02,0.13,82.64,2.98,70.35,86.91,0.0
Rome,IT,41.9028,12.4964,2026-07-15 14:00:00+00:00,4,92.58,0.02,0.13,81.09,2.69,70.65,86.98,0.0
Rome,IT,41.9028,12.4964,2026-07-15 15:00:00+00:00,4,92.46,0.02,0.13,80.16,2.48,70.78,86.83,0.0
Rome,IT,41.9028,12.4964,2026-07-15 16:00:00+00:00,4,92.26,0.02,0.15,79.83,2.29,71.3,87.12,0.0
Rome,IT,41.9028,12.4964,2026-07-15 17:00:00+00:00,4,92.07,0.02,0.19,78.99,2.09,71.8,87.61,0.0
Rome,IT,41.9028,12.4964,2026-07-15 18:00:00+00:00,4,92.14,0.01,0.25,78.07,1.93,72.08,88.07,0.0
Rome,IT,41.9028,12.4964,2026-07-15 19:00:00+00:00,4,92.24,0.0,0.29,77.33,1.81,72.14,88.39,0.0
Rome,IT,41.9028,12.4964,2026-07-15 20:00:00+00:00,4,92.29,0.0,0.3,77.06,1.76,72.47,89.1,0.0
Rome,IT,41.9028,12.4964,2026-07-15 21:00:00+00:00,4,92.42,0.0,0.31,77.25,1.76,73.05,90.32,0.0
Rome,IT,41.9028,12.4964,2026-07-15 22:00:00+00:00,4,92.54,0.0,0.32,78.18,1.79,71.95,89.84,0.0
Rome,IT,41.9028,12.4964,2026-07-15 23:00:00+00:00,4,92.82,0.0,0.33,78.5,1.72,70.48,88.67,0.0
Rome,IT,41.9028,12.4964,2026-07-16 00:00:00+00:00,4,93.28,0.0,0.35,78.22,1.63,69.29,87.72,0.0
Rome,IT,41.9028,12.4964,2026-07-16 01:00:00+00:00,4,93.47,0.0,0.37,78.3,1.57,67.98,86.49,0.0
Rome,IT,41.9028,12.4964,2026-07-16 02:00:00+00:00,4,94.0,0.0,0.39,78.83,1.52,66.49,85.08,0.0
Rome,IT,41.9028,12.4964,2026-07-16 03:00:00+00:00,4,94.62,0.0,0.41,79.51,1.47,64.75,83.49,0.0
Rome,IT,41.9028,12.4964,2026-07-16 04:00:00+00:00,4,95.24,0.0,0.42,80.27,1.44,62.65,81.75,0.0
Rome,IT,41.9028,12.4964,2026-07-16 05:00:00+00:00,4,95.7,0.0,0.47,80.81,1.39,59.76,79.55,0.0
Rome,IT,41.9028,12.4964,2026-07-16 06:00:00+00:00,4,96.33,0.02,0.49,81.96,1.35,55.08,75.86,0.0
Rome,IT,41.9028,12.4964,2026-07-16 07:00:00+00:00,3,96.61,0.04,0.41,84.25,1.27,47.54,69.3,0.0
Rome,IT,41.9028,12.4964,2026-07-16 08:00:00+00:00,3,96.98,0.05,0.35,85.32,1.13,41.63,63.92,0.0
Rome,IT,41.9028,12.4964,2026-07-16 09:00:00+00:00,3,97.7,0.05,0.3,86.24,1.0,36.9,59.82,0.0
Rome,IT,41.9028,12.4964,2026-07-16 10:00:00+00:00,3,98.24,0.04,0.27,86.93,0.89,33.82,57.34,0.0
Rome,IT,41.9028,12.4964,2026-07-16 11:00:00+00:00,3,98.59,0.04,0.25,87.23,0.83,33.05,56.93,0.0
Rome,IT,41.9028,12.4964,2026-07-16 12:00:00+00:00,3,98.67,0.04,0.23,87.37,0.8,33.7,57.73,0.0
Rome,IT,41.9028,12.4964,2026-07-16 13:00:00+00:00,3,98.63,0.03,0.22,87.12,0.78,35.06,58.93,0.0
Rome,IT,41.9028,12.4964,2026-07-16 14:00:00+00:00,3,98.39,0.03,0.22,86.76,0.77,36.45,60.0,0.0
Rome,IT,41.9028,12.4964,2026-07-16 15:00:00+00:00,3,98.33,0.03,0.23,86.4,0.75,37.33,60.47,0.0
Rome,IT,41.9028,12.4964,2026-07-16 16:00:00+00:00,3,98.26,0.03,0.25,86.27,0.75,38.08,60.77,0.0
Rome,IT,41.9028,12.4964,2026-07-16 17:00:00+00:00,3,97.94,0.02,0.3,85.91,0.75,38.53,60.74,0.0
Rome,IT,41.9028,12.4964,2026-07-16 18:00:00+00:00,3,97.7,0.01,0.39,85.7,0.77,38.37,60.23,0.0
Rome,IT,41.9028,12.4964,2026-07-16 19:00:00+00:00,3,97.68,0.0,0.45,85.84,0.79,37.91,59.64,0.0
Rome,IT,41.9028,12.4964,2026-07-16 20:00:00+00:00,3,97.44,0.0,0.45,86.01,0.82,37.02,58.67,0.0
Rome,IT,41.9028,12.4964,2026-07-16 21:00:00+00:00,3,97.3,0.0,0.45,86.27,0.84,35.59,57.29,0.0
Rome,IT,41.9028,12.4964,2026-07-16 22:00:00+00:00,3,96.96,0.0,0.44,85.45,0.83,33.98,55.89,0.0
Rome,IT,41.9028,12.4964,2026-07-16 23:00:00+00:00,3,96.86,0.0,0.44,83.78,0.79,32.83,55.07,0.0
Rome,IT,41.9028,12.4964,2026-07-17 00:00:00+00:00,3,96.6,0.0,0.43,82.49,0.75,31.77,54.38,0.0
Rome,IT,41.9028,12.4964,2026-07-17 01:00:00+00:00,3,96.32,0.0,0.41,81.43,0.71,30.75,53.81,0.0
Rome,IT,41.9028,12.4964,2026-07-17 02:00:00+00:00,3,96.03,0.0,0.38,79.45,0.64,29.9,53.62,0.0
Rome,IT,41.9028,12.4964,2026-07-17 03:00:00+00:00,3,95.57,0.0,0.33,77.39,0.56,29.06,53.52,0.0
Rome,IT,41.9028,12.4964,2026-07-17 04:00:00+00:00,3,95.29,0.0,0.29,76.1,0.5,28.45,53.73,0.0
Rome,IT,41.9028,12.4964,2026-07-17 05:00:00+00:00,3,94.76,0.0,0.3,75.65,0.46,28.03,54.18,0.0
Rome,IT,41.9028,12.4964,2026-07-17 06:00:00+00:00,3,94.32,0.01,0.29,76.4,0.44,27.75,54.89,0.0
Rome,IT,41.9028,12.4964,2026-07-17 07:00:00+00:00,3,93.36,0.02,0.25,78.52,0.43,27.67,55.75,0.0
Rome,IT,41.9028,12.4964,2026-07-17 08:00:00+00:00,3,93.12,0.03,0.21,78.08,0.42,28.69,57.01,0.0
Rome,IT,41.9028,12.4964,2026-07-17 09:00:00+00:00,3,93.22,0.03,0.19,77.19,0.42,30.24,58.5,0.0
Rome,IT,41.9028,12.4964,2026-07-17 10:00:00+00:00,3,93.19,0.03,0.17,76.18,0.41,31.95,59.97,0.0
Rome,IT,41.9028,12.4964,2026-07-17 11:00:00+00:00,3,92.93,0.03,0.15,74.53,0.41,33.77,61.61,0.0
Rome,IT,41.9028,12.4964,2026-07-17 12:00:00+00:00,3,92.59,0.02,0.14,73.04,0.42,35.39,63.08,0.0
Rome,IT,41.9028,12.4964,2026-07-17 13:00:00+00:00,3,92.6,0.02,0.13,72.22,0.44,36.42,64.16,0.0
Rome,IT,41.9028,12.4964,2026-07-17 14:00:00+00:00,3,92.87,0.02,0.13,71.26,0.46,36.59,64.27,0.0
Rome,IT,41.9028,12.4964,2026-07-17 15:00:00+00:00,3,92.87,0.02,0.13,71.27,0.47,35.77,63.57,0.0
Rome,IT,41.9028,12.4964,2026-07-17 16:00:00+00:00,3,93.34,0.02,0.15,71.83,0.48,34.26,62.43,0.0
Rome,IT,41.9028,12.4964,2026-07-17 17:00:00+00:00,3,93.23,0.02,0.18,72.11,0.48,32.54,60.78,0.0
Rome,IT,41.9028,12.4964,2026-07-17 18:00:00+00:00,3,93.29,0.01,0.23,72.16,0.49,31.01,59.24,0.0
Rome,IT,41.9028,12.4964,2026-07-17 19:00:00+00:00,3,93.65,0.0,0.27,71.87,0.49,29.9,57.95,0.0
Rome,IT,41.9028,12.4964,2026-07-17 20:00:00+00:00,3,93.79,0.0,0.29,71.24,0.49,29.17,56.79,0.0
Rome,IT,41.9028,12.4964,2026-07-17 21:00:00+00:00,3,93.93,0.0,0.31,70.9,0.5,28.8,56.13,0.0
Rome,IT,41.9028,12.4964,2026-07-17 22:00:00+00:00,3,94.06,0.0,0.33,70.78,0.53,28.7,55.83,0.0
Rome,IT,41.9028,12.4964,2026-07-17 23:00:00+00:00,3,94.62,0.0,0.34,70.88,0.57,28.93,56.21,0.0
Rome,IT,41.9028,12.4964,2026-07-18 00:00:00+00:00,3,95.19,0.0,0.35,71.66,0.61,29.32,57.31,0.0
Rome,IT,41.9028,12.4964,2026-07-18 01:00:00+00:00,3,95.79,0.0,0.35,73.16,0.64,29.93,59.71,0.0
Rome,IT,41.9028,12.4964,2026-07-18 02:00:00+00:00,3,97.59,0.0,0.35,74.55,0.66,30.65,63.73,0.0
Rome,IT,41.9028,12.4964,2026-07-18 03:00:00+00:00,3,100.69,0.0,0.38,76.69,0.69,31.44,69.04,0.0
Rome,IT,41.9028,12.4964,2026-07-18 04:00:00+00:00,3,105.26,0.0,0.41,80.31,0.73,31.99,74.01,0.0
Rome,IT,41.9028,12.4964,2026-07-18 05:00:00+00:00,3,108.48,0.0,0.49,82.99,0.76,32.22,76.47,0.0
Rome,IT,41.9028,12.4964,2026-07-18 06:00:00+00:00,3,109.87,0.02,0.56,84.55,0.78,32.25,77.14,0.01
Rome,IT,41.9028,12.4964,2026-07-18 07:00:00+00:00,3,109.49,0.05,0.52,85.72,0.77,32.11,76.98,0.01
Rome,IT,41.9028,12.4964,2026-07-18 08:00:00+00:00,3,108.75,0.05,0.44,87.04,0.75,32.14,76.71,0.01
Rome,IT,41.9028,12.4964,2026-07-18 09:00:00+00:00,3,107.65,0.05,0.35,88.28,0.73,32.27,76.75,0.0
Rome,IT,41.9028,12.4964,2026-07-18 10:00:00+00:00,3,106.52,0.04,0.28,88.81,0.7,32.43,77.12,0.0
Rome,IT,41.9028,12.4964,2026-07-18 11:00:00+00:00,3,105.53,0.04,0.25,88.34,0.67,32.64,76.96,0.0
Rome,IT,41.9028,12.4964,2026-07-18 12:00:00+00:00,3,104.71,0.04,0.23,87.49,0.63,32.84,76.77,0.0
Rome,IT,41.9028,12.4964,2026-07-18 13:00:00+00:00,3,104.4,0.04,0.23,86.55,0.6,33.18,76.63,0.0
Rome,IT,41.9028,12.4964,2026-07-18 14:00:00+00:00,3,104.08,0.04,0.23,85.9,0.58,33.58,76.39,0.0
Rome,IT,41.9028,12.4964,2026-07-18 15:00:00+00:00,3,103.85,0.04,0.25,85.48,0.55,33.81,76.25,0.0
Rome,IT,41.9028,12.4964,2026-07-18 16:00:00+00:00,3,103.78,0.03,0.28,85.43,0.52,33.95,76.42,0.0
Rome,IT,41.9028,12.4964,2026-07-18 17:00:00+00:00,3,103.62,0.03,0.33,85.44,0.51,33.89,76.91,0.0
Rome,IT,41.9028,12.4964,2026-07-18 18:00:00+00:00,3,103.37,0.01,0.4,85.3,0.51,33.51,77.39,0.0
Rome,IT,41.9028,12.4964,2026-07-18 19:00:00+00:00,3,103.44,0.0,0.42,85.21,0.49,32.83,77.01,0.0
Rome,IT,41.9028,12.4964,2026-07-18 20:00:00+00:00,3,103.29,0.0,0.38,84.94,0.47,31.63,74.42,0.0
Rome,IT,41.9028,12.4964,2026-07-18 21:00:00+00:00,3,103.15,0.0,0.36,84.81,0.45,30.08,70.42,0.0
Rome,IT,41.9028,12.4964,2026-07-18 22:00:00+00:00,3,102.89,0.0,0.35,83.84,0.43,28.46,66.34,0.01
Rome,IT,41.9028,12.4964,2026-07-18 23:00:00+00:00,3,102.61,0.0,0.34,82.47,0.42,27.2,63.65,0.01
Rome,IT,41.9028,12.4964,2026-07-19 00:00:00+00:00,3,102.59,0.0,0.35,80.96,0.42,26.35,62.54,0.0
Rome,IT,41.9028,12.4964,2026-07-19 01:00:00+00:00,3,102.59,0.0,0.36,79.3,0.44,25.93,63.14,0.0
Rome,IT,41.9028,12.4964,2026-07-19 02:00:00+00:00,3,102.78,0.0,0.38,78.04,0.47,25.93,64.97,0.0
Rome,IT,41.9028,12.4964,2026-07-19 03:00:00+00:00,3,102.8,0.0,0.39,77.23,0.5,26.23,67.25,0.0
Rome,IT,41.9028,12.4964,2026-07-19 04:00:00+00:00,3,102.98,0.0,0.4,76.71,0.53,26.47,68.55,0.01
Rome,IT,41.9028,12.4964,2026-07-19 05:00:00+00:00,3,103.05,0.0,0.44,76.77,0.56,26.4,68.21,0.03
Rome,IT,41.9028,12.4964,2026-07-19 06:00:00+00:00,3,103.04,0.02,0.48,77.36,0.58,25.87,66.35,0.06
Rome,IT,41.9028,12.4964,2026-07-19 07:00:00+00:00,3,102.6,0.04,0.44,78.41,0.58,25.08,63.94,0.08
Rome,IT,41.9028,12.4964,2026-07-19 08:00:00+00:00,3,102.33,0.05,0.37,79.39,0.57,24.38,62.1,0.1
Rome,IT,41.9028,12.4964,2026-07-19 09:00:00+00:00,3,102.07,0.05,0.31,80.51,0.56,23.72,60.95,0.11
Rome,IT,41.9028,12.4964,2026-07-19 10:00:00+00:00,3,101.89,0.04,0.26,84.04,0.55,22.05,58.07,0.2
Rome,IT,41.9028,12.4964,2026-07-19 11:00:00+00:00,3,101.88,0.04,0.23,85.75,0.54,20.73,54.83,0.26
Rome,IT,41.9028,12.4964,2026-07-19 12:00:00+00:00,3,101.87,0.03,0.21,86.87,0.54,19.56,51.77,0.33
Rome,IT,41.9028,12.4964,2026-07-19 13:00:00+00:00,2,101.48,0.03,0.21,87.36,0.54,18.46,48.95,0.39
Rome,IT,41.9028,12.4964,2026-07-19 14:00:00+00:00,2,100.98,0.03,0.21,87.08,0.52,18.11,48.72,0.4
Rome,IT,41.9028,12.4964,2026-07-19 15:00:00+00:00,2,100.31,0.03,0.21,87.1,0.49,18.04,49.84,0.41
Rome,IT,41.9028,12.4964,2026-07-19 16:00:00+00:00,3,100.17,0.02,0.22,87.36,0.47,18.01,51.12,0.41
Rome,IT,41.9028,12.4964,2026-07-19 17:00:00+00:00,3,100.05,0.02,0.26,86.73,0.46,18.46,52.92,0.38
Rome,IT,41.9028,12.4964,2026-07-19 18:00:00+00:00,3,99.93,0.01,0.31,86.1,0.44,19.11,55.34,0.34
Rome,IT,41.9028,12.4964,2026-07-19 19:00:00+00:00,3,100.11,0.0,0.33,85.29,0.43,19.79,57.63,0.3
Rome,IT,41.9028,12.4964,2026-07-19 20:00:00+00:00,3,100.44,0.0,0.32,84.14,0.42,20.45,59.48,0.26
Rome,IT,41.9028,12.4964,2026-07-19 21:00:00+00:00,3,100.67,0.0,0.32,82.92,0.41,21.0,61.14,0.21
Rome,IT,41.9028,12.4964,2026-07-19 22:00:00+00:00,3,100.74,0.0,0.31,81.48,0.4,21.54,62.78,0.17
Rome,IT,41.9028,12.4964,2026-07-19 23:00:00+00:00,3,100.9,0.0,0.31,79.89,0.39,22.14,64.62,0.13
Rome,IT,41.9028,12.4964,2026-07-20 00:00:00+00:00,3,100.98,0.0,0.32,78.82,0.4,22.7,66.64,0.09
Rome,IT,41.9028,12.4964,2026-07-20 01:00:00+00:00,3,100.57,0.0,0.32,78.09,0.41,23.16,69.04,0.07
Rome,IT,41.9028,12.4964,2026-07-20 02:00:00+00:00,3,100.37,0.0,0.33,77.32,0.43,23.62,71.72,0.04
Rome,IT,41.9028,12.4964,2026-07-20 03:00:00+00:00,3,99.81,0.0,0.33,77.23,0.44,23.96,74.69,0.02
Rome,IT,41.9028,12.4964,2026-07-20 04:00:00+00:00,3,99.3,0.0,0.3,78.74,0.44,23.95,77.06,0.01
Rome,IT,41.9028,12.4964,2026-07-20 05:00:00+00:00,3,99.18,0.0,0.32,79.0,0.42,23.92,77.31,0.01
Rome,IT,41.9028,12.4964,2026-07-20 06:00:00+00:00,3,99.23,0.01,0.34,79.05,0.42,23.99,77.12,0.0
Rome,IT,41.9028,12.4964,2026-07-20 07:00:00+00:00,3,99.1,0.03,0.31,79.45,0.42,24.06,76.73,0.0
Rome,IT,41.9028,12.4964,2026-07-20 08:00:00+00:00,3,99.12,0.03,0.25,80.3,0.42,24.09,76.72,0.0
Rome,IT,41.9028,12.4964,2026-07-20 09:00:00+00:00,3,98.98,0.03,0.2,81.45,0.4,24.0,76.59,0.0
Rome,IT,41.9028,12.4964,2026-07-20 10:00:00+00:00,3,98.27,0.02,0.16,82.35,0.38,23.69,76.06,0.01
Rome,IT,41.9028,12.4964,2026-07-20 11:00:00+00:00,3,97.72,0.02,0.13,82.33,0.36,23.33,75.26,0.02
Rome,IT,41.9028,12.4964,2026-07-20 12:00:00+00:00,3,96.81,0.02,0.11,82.45,0.32,22.14,72.06,0.09
Rome,IT,41.9028,12.4964,2026-07-20 13:00:00+00:00,3,95.95,0.02,0.1,83.52,0.27,19.31,63.05,0.3
Rome,IT,41.9028,12.4964,2026-07-20 14:00:00+00:00,3,95.48,0.02,0.1,83.64,0.24,16.94,54.44,0.47
Rome,IT,41.9028,12.4964,2026-07-20 15:00:00+00:00,2,95.54,0.02,0.11,84.21,0.22,14.97,46.97,0.62
Rome,IT,41.9028,12.4964,2026-07-20 16:00:00+00:00,2,96.25,0.02,0.13,85.5,0.22,13.55,41.47,0.74
Rome,IT,41.9028,12.4964,2026-07-20 17:00:00+00:00,2,96.32,0.01,0.16,86.6,0.23,12.67,37.98,0.81
Rome,IT,41.9028,12.4964,2026-07-20 18:00:00+00:00,2,96.55,0.01,0.2,87.55,0.24,12.28,36.49,0.85
Rome,IT,41.9028,12.4964,2026-07-20 19:00:00+00:00,2,96.65,0.0,0.23,88.16,0.24,12.25,36.13,0.85
Rome,IT,41.9028,12.4964,2026-07-20 20:00:00+00:00,2,96.61,0.0,0.23,86.93,0.26,12.92,37.54,0.77
Rome,IT,41.9028,12.4964,2026-07-20 21:00:00+00:00,2,96.4,0.0,0.24,84.87,0.28,14.11,40.54,0.67
Rome,IT,41.9028,12.4964,2026-07-20 22:00:00+00:00,2,96.01,0.0,0.26,81.92,0.3,15.71,44.77,0.52
Rome,IT,41.9028,12.4964,2026-07-20 23:00:00+00:00,2,95.79,0.0,0.27,79.25,0.33,17.39,49.1,0.37
Rome,IT,41.9028,12.4964,2026-07-21 00:00:00+00:00,3,95.74,0.0,0.28,77.26,0.34,18.72,52.44,0.27
Rome,IT,41.9028,12.4964,2026-07-21 01:00:00+00:00,3,96.1,0.0,0.29,76.29,0.34,19.79,55.12,0.2
Rome,IT,41.9028,12.4964,2026-07-21 02:00:00+00:00,3,96.15,0.0,0.29,75.89,0.36,20.54,56.86,0.15
Rome,IT,41.9028,12.4964,2026-07-21 03:00:00+00:00,3,96.38,0.0,0.28,76.76,0.37,20.81,57.42,0.14
Rome,IT,41.9028,12.4964,2026-07-21 04:00:00+00:00,3,96.84,0.0,0.28,78.14,0.38,20.62,56.62,0.16
Rome,IT,41.9028,12.4964,2026-07-21 05:00:00+00:00,3,97.63,0.0,0.31,78.81,0.38,20.49,55.84,0.17
Rome,IT,41.9028,12.4964,2026-07-21 06:00:00+00:00,3,98.24,0.01,0.35,79.25,0.37,20.45,55.26,0.17
Rome,IT,41.9028,12.4964,2026-07-21 07:00:00+00:00,3,98.48,0.03,0.32,79.97,0.37,20.28,54.43,0.18
Rome,IT,41.9028,12.4964,2026-07-21 08:00:00+00:00,3,98.68,0.04,0.27,81.05,0.36,20.18,54.08,0.18
Rome,IT,41.9028,12.4964,2026-07-21 09:00:00+00:00,3,98.7,0.03,0.22,82.57,0.35,20.11,54.18,0.18
Rome,IT,41.9028,12.4964,2026-07-21 10:00:00+00:00,3,98.6,0.03,0.17,84.36,0.35,19.99,54.48,0.18
Rome,IT,41.9028,12.4964,2026-07-21 11:00:00+00:00,3,98.37,0.02,0.15,84.55,0.35,20.0,54.69,0.16
Rome,IT,41.9028,12.4964,2026-07-21 12:00:00+00:00,3,98.06,0.02,0.14,84.05,0.34,20.22,55.34,0.12
Rome,IT,41.9028,12.4964,2026-07-21 13:00:00+00:00,3,98.25,0.02,0.14,83.24,0.34,20.91,57.19,0.08
Rome,IT,41.9028,12.4964,2026-07-21 14:00:00+00:00,3,98.51,0.02,0.14,82.41,0.38,21.93,60.04,0.04
Rome,IT,41.9028,12.4964,2026-07-21 15:00:00+00:00,3,98.76,0.02,0.16,82.33,0.42,22.82,63.07,0.02
Rome,IT,41.9028,12.4964,2026-07-21 16:00:00+00:00,3,99.41,0.02,0.2,83.11,0.48,23.39,65.39,0.02
Rome,IT,41.9028,12.4964,2026-07-21 17:00:00+00:00,3,99.65,0.01,0.26,83.24,0.51,23.53,65.73,0.03
Rome,IT,41.9028,12.4964,2026-07-21 18:00:00+00:00,3,99.98,0.01,0.34,83.23,0.51,23.35,65.2,0.04
Rome,IT,41.9028,12.4964,2026-07-21 19:00:00+00:00,3,100.17,0.0,0.4,83.69,0.51,22.88,63.88,0.07
Rome,IT,41.9028,12.4964,2026-07-21 20:00:00+00:00,3,99.86,0.0,0.4,84.17,0.51,22.09,62.07,0.11
Rome,IT,41.9028,12.4964,2026-07-21 21:00:00+00:00,3,99.73,0.0,0.41,85.19,0.52,21.05,59.77,0.17
Rome,IT,41.9028,12.4964,2026-07-21 22:00:00+00:00,3,99.25,0.0,0.42,86.49,0.55,19.83,56.84,0.25
Rome,IT,41.9028,12.4964,2026-07-21 23:00:00+00:00,3,98.76,0.0,0.46,87.87,0.62,18.44,53.24,0.31
Rome,IT,41.9028,12.4964,2026-07-22 00:00:00+00:00,3,97.74,0.0,0.52,88.95,0.72,17.17,50.18,0.37
Rome,IT,41.9028,12.4964,2026-07-22 01:00:00+00:00,2,96.54,0.0,0.52,89.12,0.77,16.42,48.66,0.41
Rome,IT,41.9028,12.4964,2026-07-22 02:00:00+00:00,2,96.8,0.0,0.48,88.68,0.78,16.07,47.43,0.47
Rome,IT,41.9028,12.4964,2026-07-22 03:00:00+00:00,2,97.42,0.0,0.45,88.53,0.77,15.57,45.2,0.56
Rome,IT,41.9028,12.4964,2026-07-22 04:00:00+00:00,2,97.71,0.0,0.43,88.78,0.76,14.94,42.58,0.65
Rome,IT,41.9028,12.4964,2026-07-22 05:00:00+00:00,2,97.32,0.0,0.48,88.67,0.76,14.39,40.51,0.69
Rome,IT,41.9028,12.4964,2026-07-22 06:00:00+00:00,2,96.93,0.02,0.53,89.24,0.74,13.88,38.65,0.7
Rome,IT,41.9028,12.4964,2026-07-22 07:00:00+00:00,2,97.58,0.04,0.48,90.55,0.72,13.9,37.94,0.66
Rome,IT,41.9028,12.4964,2026-07-22 08:00:00+00:00,2,99.8,0.06,0.44,92.54,0.72,14.68,38.82,0.62
Rome,IT,41.9028,12.4964,2026-07-22 09:00:00+00:00,2,102.03,0.06,0.4,94.82,0.74,15.59,40.22,0.68
Rome,IT,41.9028,12.4964,2026-07-22 10:00:00+00:00,2,103.02,0.05,0.36,96.58,0.74,16.33,41.47,0.86
Rome,IT,41.9028,12.4964,2026-07-22 11:00:00+00:00,2,103.39,0.05,0.33,98.02,0.72,16.81,42.0,1.03
Rome,IT,41.9028,12.4964,2026-07-22 12:00:00+00:00,2,103.15,0.04,0.3,99.4,0.69,17.04,41.67,1.17
Rome,IT,41.9028,12.4964,2026-07-22 13:00:00+00:00,3,102.18,0.04,0.28,100.83,0.68,16.75,40.14,1.32
Rome,IT,41.9028,12.4964,2026-07-22 14:00:00+00:00,3,102.07,0.04,0.28,102.99,0.68,15.96,37.64,1.53
Rome,IT,41.9028,12.4964,2026-07-22 15:00:00+00:00,3,103.37,0.04,0.3,106.05,0.67,14.83,34.32,1.81
Rome,IT,41.9028,12.4964,2026-07-22 16:00:00+00:00,3,107.54,0.03,0.33,109.85,0.63,13.49,30.19,2.11
Rome,IT,41.9028,12.4964,2026-07-22 17:00:00+00:00,3,113.28,0.03,0.39,113.18,0.57,12.35,26.51,2.35
Rome,IT,41.9028,12.4964,2026-07-22 18:00:00+00:00,3,120.42,0.01,0.48,115.61,0.52,11.6,23.89,2.54
Rome,IT,41.9028,12.4964,2026-07-22 19:00:00+00:00,3,127.44,0.0,0.51,117.64,0.49,11.24,22.35,2.68
Rome,IT,41.9028,12.4964,2026-07-22 20:00:00+00:00,3,133.21,0.0,0.47,118.62,0.47,11.07,21.51,2.75
Rome,IT,41.9028,12.4964,2026-07-22 21:00:00+00:00,3,137.33,0.0,0.43,118.99,0.47,10.95,21.07,2.82
Rome,IT,41.9028,12.4964,2026-07-22 22:00:00+00:00,3,140.31,0.0,0.4,119.82,0.48,10.88,20.93,2.87
Rome,IT,41.9028,12.4964,2026-07-22 23:00:00+00:00,3,143.73,0.0,0.38,121.24,0.5,11.04,21.32,2.86
Rome,IT,41.9028,12.4964,2026-07-23 00:00:00+00:00,3,146.62,0.0,0.37,123.57,0.55,11.42,22.15,2.77
Rome,IT,41.9028,12.4964,2026-07-23 01:00:00+00:00,3,150.36,0.0,0.37,127.38,0.56,11.95,22.81,2.64
Rome,IT,41.9028,12.4964,2026-07-23 02:00:00+00:00,3,150.2,0.0,0.38,129.35,0.6,11.97,22.8,2.47
Rome,IT,41.9028,12.4964,2026-07-23 03:00:00+00:00,3,147.93,0.0,0.37,130.41,0.62,11.56,22.06,2.33
Rome,IT,41.9028,12.4964,2026-07-23 04:00:00+00:00,3,145.51,0.0,0.35,131.66,0.62,10.93,20.74,2.24
Rome,IT,41.9028,12.4964,2026-07-23 05:00:00+00:00,3,142.25,0.0,0.37,131.89,0.61,10.26,19.32,2.17
Rome,IT,41.9028,12.4964,2026-07-23 06:00:00+00:00,3,138.81,0.01,0.41,131.82,0.61,9.68,18.13,2.12
Rome,IT,41.9028,12.4964,2026-07-23 07:00:00+00:00,3,135.85,0.03,0.4,130.79,0.6,9.24,17.23,2.05
Rome,IT,41.9028,12.4964,2026-07-23 08:00:00+00:00,3,133.47,0.03,0.36,130.19,0.59,9.0,16.68,1.97
Rome,IT,41.9028,12.4964,2026-07-23 09:00:00+00:00,3,131.79,0.03,0.3,129.73,0.57,8.92,16.37,1.91
Rome,IT,41.9028,12.4964,2026-07-23 10:00:00+00:00,3,130.97,0.03,0.27,128.8,0.54,8.98,16.22,1.86
Rome,IT,41.9028,12.4964,2026-07-23 11:00:00+00:00,3,130.93,0.03,0.25,127.85,0.51,9.23,16.52,1.83
Rome,IT,41.9028,12.4964,2026-07-23 12:00:00+00:00,3,131.16,0.03,0.25,126.6,0.49,9.54,17.0,1.79
Rome,IT,41.9028,12.4964,2026-07-23 13:00:00+00:00,3,131.54,0.03,0.25,125.34,0.47,9.92,17.67,1.76
Rome,IT,41.9028,12.4964,2026-07-23 14:00:00+00:00,3,131.56,0.03,0.26,124.07,0.46,10.27,18.43,1.72
Rome,IT,41.9028,12.4964,2026-07-23 15:00:00+00:00,3,131.32,0.03,0.27,122.65,0.46,10.5,19.05,1.71
Rome,IT,41.9028,12.4964,2026-07-23 16:00:00+00:00,3,131.3,0.03,0.3,121.2,0.47,10.79,20.04,1.69
Rome,IT,41.9028,12.4964,2026-07-23 17:00:00+00:00,3,131.43,0.02,0.35,119.35,0.48,11.11,21.16,1.68
Rome,IT,41.9028,12.4964,2026-07-23 18:00:00+00:00,3,131.9,0.01,0.42,117.72,0.49,11.44,22.13,1.7
Rome,IT,41.9028,12.4964,2026-07-23 19:00:00+00:00,3,132.96,0.0,0.44,116.97,0.5,11.83,23.08,1.72
Rome,IT,41.9028,12.4964,2026-07-23 20:00:00+00:00,3,133.54,0.0,0.41,115.59,0.52,12.31,24.53,1.68
Rome,IT,41.9028,12.4964,2026-07-23 21:00:00+00:00,3,132.72,0.0,0.38,114.51,0.56,12.95,26.94,1.64
Rome,IT,41.9028,12.4964,2026-07-23 22:00:00+00:00,3,127.1,0.0,0.33,116.37,0.54,12.43,26.27,1.73
Rome,IT,41.9028,12.4964,2026-07-23 23:00:00+00:00,3,121.67,0.0,0.35,116.89,0.6,11.8,25.74,1.68
Rome,IT,41.9028,12.4964,2026-07-24 00:00:00+00:00,3,119.3,0.0,0.39,118.84,0.69,11.13,24.61,1.6
Rome,IT,41.9028,12.4964,2026-07-24 01:00:00+00:00,3,121.24,0.0,0.41,122.0,0.73,10.49,22.5,1.61
Rome,IT,41.9028,12.4964,2026-07-24 02:00:00+00:00,3,124.06,0.0,0.39,124.12,0.72,9.83,19.67,1.69
Rome,IT,41.9028,12.4964,2026-07-24 03:00:00+00:00,3,123.38,0.0,0.37,124.44,0.7,8.97,16.85,1.79
Rome,IT,41.9028,12.4964,2026-07-24 04:00:00+00:00,3,120.07,0.0,0.37,123.71,0.66,7.94,14.05,2.01
Rome,IT,41.9028,12.4964,2026-07-24 05:00:00+00:00,3,115.28,0.0,0.46,122.54,0.63,6.89,12.02,2.25
Rome,IT,41.9028,12.4964,2026-07-24 06:00:00+00:00,3,111.54,0.02,0.6,121.37,0.63,5.97,10.47,2.56
Rome,IT,41.9028,12.4964,2026-07-24 07:00:00+00:00,3,110.36,0.06,0.75,119.92,0.67,5.33,9.45,3.03
Rome,IT,41.9028,12.4964,2026-07-24 08:00:00+00:00,3,112.46,0.1,0.87,119.7,0.77,5.09,9.07,3.59
Rome,IT,41.9028,12.4964,2026-07-24 09:00:00+00:00,3,115.25,0.1,0.79,123.69,0.8,5.22,8.95,3.88
Rome,IT,41.9028,12.4964,2026-07-24 10:00:00+00:00,3,116.87,0.08,0.63,128.1,0.77,5.64,9.13,3.87
Rome,IT,41.9028,12.4964,2026-07-24 11:00:00+00:00,3,117.58,0.07,0.54,132.01,0.77,6.17,9.56,3.75
Rome,IT,41.9028,12.4964,2026-07-24 12:00:00+00:00,3,117.05,0.06,0.48,134.58,0.78,6.56,9.86,3.63
Rome,IT,41.9028,12.4964,2026-07-24 13:00:00+00:00,3,109.37,0.05,0.41,134.68,0.69,5.62,8.3,3.17
Rome,IT,41.9028,12.4964,2026-07-24 14:00:00+00:00,3,101.92,0.05,0.38,133.37,0.59,4.48,6.64,2.62
Rome,IT,41.9028,12.4964,2026-07-24 15:00:00+00:00,3,98.34,0.04,0.38,131.47,0.52,3.73,5.68,2.16
Rome,IT,41.9028,12.4964,2026-07-24 16:00:00+00:00,3,96.67,0.04,0.41,129.4,0.48,3.13,5.04,1.75
Rome,IT,41.9028,12.4964,2026-07-24 17:00:00+00:00,3,96.14,0.03,0.47,126.57,0.44,2.7,4.76,1.45
Rome,IT,41.9028,12.4964,2026-07-24 18:00:00+00:00,3,95.78,0.02,0.56,123.59,0.43,2.45,4.76,1.29
Rome,IT,41.9028,12.4964,2026-07-24 19:00:00+00:00,3,96.18,0.0,0.62,121.45,0.43,2.29,4.81,1.22
Rome,IT,41.9028,12.4964,2026-07-24 20:00:00+00:00,3,95.78,0.0,0.61,120.14,0.44,2.14,4.61,1.19
Rome,IT,41.9028,12.4964,2026-07-24 21:00:00+00:00,3,95.37,0.0,0.64,119.13,0.46,2.01,4.34,1.19
Rome,IT,41.9028,12.4964,2026-07-24 22:00:00+00:00,3,95.07,0.0,0.68,118.44,0.49,1.96,4.49,1.17
Rome,IT,41.9028,12.4964,2026-07-24 23:00:00+00:00,3,95.31,0.0,0.71,117.63,0.53,1.98,4.76,1.18
Rome,IT,41.9028,12.4964,2026-07-25 00:00:00+00:00,3,96.35,0.0,0.72,117.27,0.55,2.02,4.68,1.25
Rome,IT,41.9028,12.4964,2026-07-25 01:00:00+00:00,3,97.03,0.0,0.7,117.12,0.55,2.09,4.57,1.32
Rome,IT,41.9028,12.4964,2026-07-25 02:00:00+00:00,3,97.61,0.0,0.66,117.19,0.56,2.16,4.86,1.3
Rome,IT,41.9028,12.4964,2026-07-25 03:00:00+00:00,3,98.36,0.0,0.59,118.16,0.56,2.18,5.14,1.22
Rome,IT,41.9028,12.4964,2026-07-25 04:00:00+00:00,3,98.77,0.0,0.52,118.52,0.53,2.12,4.87,1.19
Rome,IT,41.9028,12.4964,2026-07-25 05:00:00+00:00,3,98.82,0.0,0.57,116.85,0.53,2.17,5.07,1.2
Rome,IT,41.9028,12.4964,2026-07-25 06:00:00+00:00,3,98.87,0.02,0.64,116.0,0.54,2.27,5.45,1.21
Rome,IT,41.9028,12.4964,2026-07-25 07:00:00+00:00,3,98.85,0.05,0.59,115.63,0.55,2.44,5.93,1.22
Rome,IT,41.9028,12.4964,2026-07-25 08:00:00+00:00,3,98.94,0.06,0.49,115.58,0.54,2.65,6.59,1.21
Rome,IT,41.9028,12.4964,2026-07-25 09:00:00+00:00,3,98.85,0.05,0.37,116.22,0.53,2.91,7.37,1.19
Rome,IT,41.9028,12.4964,2026-07-25 10:00:00+00:00,3,98.61,0.04,0.27,116.92,0.49,3.12,7.71,1.22
Rome,IT,41.9028,12.4964,2026-07-25 11:00:00+00:00,3,98.48,0.03,0.21,116.57,0.46,3.36,8.09,1.23
Rome,IT,41.9028,12.4964,2026-07-25 12:00:00+00:00,3,98.61,0.03,0.18,116.07,0.43,3.61,8.41,1.26
Rome,IT,41.9028,12.4964,2026-07-25 13:00:00+00:00,3,99.15,0.02,0.16,115.68,0.39,3.87,8.66,1.32
Rome,IT,41.9028,12.4964,2026-07-25 14:00:00+00:00,3,99.39,0.02,0.15,115.09,0.36,4.13,8.92,1.38
Rome,IT,41.9028,12.4964,2026-07-25 15:00:00+00:00,3,99.88,0.02,0.14,114.35,0.34,4.34,9.14,1.43
Rome,IT,41.9028,12.4964,2026-07-25 16:00:00+00:00,3,100.69,0.01,0.16,114.27,0.34,4.52,9.49,1.44
